Txn Date,Value Date,Particulars,Instrument ID,Debit,Credit,Balance
01/01/2023,01/01/2023,BIL/INFT/364049235690/OLA/PAYMENT,364049235690,999.0,,107355.0
01/01/2023,01/01/2023,BIL/INFT/757245136640/UBER/PAYMENT,757245136640,5200.0,,102155.0
02/01/2023,02/01/2023,UPI/184242504336/rajeshverm587@paytm/CNRB,184242504336,3499.0,,98656.0
03/01/2023,03/01/2023,NEFT CR-HDFC0977381-TECHNOVA SOLUTIONS-388639544468-SALARY KAVYA REDDY,556285207545,,62500.0,161156.0
03/01/2023,03/01/2023,BY TRANSFER/IMPS/225439387102/RAVI KUMAR/CNRB,225439387102,,7500.0,168656.0
03/01/2023,03/01/2023,BIL/INFT/267333773682/BOOKMYSHOW/PAYMENT,267333773682,850.0,,167806.0
04/01/2023,04/01/2023,UPI/020090395490/reshmakhan911@ybl/CNRB,020090395490,249.0,,167557.0
05/01/2023,05/01/2023,NEFT DR-HDFC0801838-AYESHA KHAN-673266354985-RENT,463457971652,22000.0,,145557.0
05/01/2023,05/01/2023,ATM WDL/4739/PUNE,973331756224,3499.0,,142058.0
06/01/2023,06/01/2023,UPI/966206448633/kavyareddy166@okaxis/CNRB,966206448633,249.0,,141809.0
06/01/2023,06/01/2023,UPI/595170902569/kavyareddy698@oksbi/CNRB,595170902569,120.0,,141689.0
08/01/2023,08/01/2023,UPI/828859943145/rajeshverm332@okaxis/CNRB,828859943145,120.0,,141569.0
09/01/2023,09/01/2023,UPI/201497128199/smitharao366@okhdfcbank/CNRB,201497128199,449.0,,141120.0
10/01/2023,10/01/2023,BIL/INFT/849260185220/BESCOM/PAYMENT,849260185220,1680.0,,139440.0
11/01/2023,11/01/2023,BY TRANSFER/IMPS/007208233218/GANESH KUMAR/CNRB,007208233218,,24000.0,163440.0
11/01/2023,11/01/2023,UPI/967801439885/kavyareddy529@okaxis/CNRB,967801439885,1680.0,,161760.0
11/01/2023,11/01/2023,ATM WDL/4171/SECUNDERABAD,076920493442,2380.0,,159380.0
12/01/2023,12/01/2023,BY TRANSFER/IMPS/573570862945/ROHIT SHARMA/CNRB,573570862945,,24000.0,183380.0
12/01/2023,12/01/2023,UPI/910093580513/priyanair898@paytm/CNRB,910093580513,3499.0,,179881.0
12/01/2023,12/01/2023,ATM WDL/4121/JAYANAGAR,461031081795,7800.0,,172081.0
12/01/2023,12/01/2023,ATM WDL/9483/WHITEFIELD,134802698301,249.0,,171832.0
16/01/2023,16/01/2023,BY TRANSFER/IMPS/058205354388/LAKSHMI VENKAT/CNRB,058205354388,,2500.0,174332.0
16/01/2023,16/01/2023,ATM WDL/1422/PUNE,274390684890,120.0,,174212.0
16/01/2023,16/01/2023,BIL/INFT/113085316164/BESCOM/PAYMENT,113085316164,1680.0,,172532.0
16/01/2023,16/01/2023,BIL/INFT/403602084579/AIRTEL/PAYMENT,403602084579,5200.0,,167332.0
17/01/2023,17/01/2023,POS/0911/OLA/JAYANAGAR,635660925767,5200.0,,162132.0
17/01/2023,17/01/2023,UPI/938280036527/ayeshakhan794@okaxis/CNRB,938280036527,2380.0,,159752.0
17/01/2023,17/01/2023,UPI/015746753546/kiranreddy607@okhdfcbank/CNRB,015746753546,1680.0,,158072.0
18/01/2023,18/01/2023,UPI/541947422575/gopalnaik300@paytm/CNRB,541947422575,999.0,,157073.0
19/01/2023,19/01/2023,BY TRANSFER/IMPS/380252834871/RAVI KUMAR/CNRB,380252834871,,500.0,157573.0
19/01/2023,19/01/2023,ATM WDL/7088/MUMBAI,519059407641,5200.0,,152373.0
19/01/2023,19/01/2023,BY TRANSFER/IMPS/523447931495/NAVEEN KUMAR/CNRB,523447931495,,2500.0,154873.0
19/01/2023,19/01/2023,BIL/INFT/820222853846/JIO/PAYMENT,820222853846,49.0,,154824.0
19/01/2023,19/01/2023,BIL/INFT/553462300609/BPCL/PAYMENT,553462300609,5200.0,,149624.0
20/01/2023,20/01/2023,BIL/INFT/715803456334/PVR CINEMAS/PAYMENT,715803456334,79.0,,149545.0
20/01/2023,20/01/2023,BY TRANSFER/IMPS/066622421686/AYESHA KHAN/CNRB,066622421686,,500.0,150045.0
20/01/2023,20/01/2023,ATM WDL/5944/KUKATPALLY,228656335406,7800.0,,142245.0
21/01/2023,21/01/2023,ATM WDL/5453/MUMBAI,908102108365,1250.0,,140995.0
21/01/2023,21/01/2023,UPI/856704450010/rajeshverm816@ybl/CNRB,856704450010,850.0,,140145.0
22/01/2023,22/01/2023,ATM WDL/7745/KORAMANGALA,628283144226,2380.0,,137765.0
23/01/2023,23/01/2023,POS/1156/IRCTC/WHITEFIELD,560916750547,3499.0,,134266.0
23/01/2023,23/01/2023,BY TRANSFER/IMPS/106499126305/AYESHA KHAN/CNRB,106499126305,,4800.0,139066.0
24/01/2023,24/01/2023,UPI/872927556220/vinaypatil58@okaxis/CNRB,872927556220,5200.0,,133866.0
25/01/2023,25/01/2023,ATM WDL/0195/BANJARA HILLS,481363714773,999.0,,132867.0
26/01/2023,26/01/2023,BY TRANSFER/IMPS/639631168507/SANTOSH KUMAR/CNRB,639631168507,,2500.0,135367.0
26/01/2023,26/01/2023,UPI/240901848352/sunilshett252@oksbi/CNRB,240901848352,5200.0,,130167.0
27/01/2023,27/01/2023,BY TRANSFER/IMPS/919965352481/NADIA HUSSAIN/CNRB,919965352481,,18500.0,148667.0
28/01/2023,28/01/2023,ATM WDL/1405/JAYANAGAR,152466078112,999.0,,147668.0
29/01/2023,29/01/2023,BIL/INFT/297388664487/BPCL/PAYMENT,297388664487,49.0,,147619.0
29/01/2023,29/01/2023,UPI/830920868040/rahulsingh165@oksbi/CNRB,830920868040,120.0,,147499.0
29/01/2023,29/01/2023,ATM WDL/0584/PUNE,863824365346,3499.0,,144000.0
29/01/2023,29/01/2023,BY TRANSFER/IMPS/555008725860/SUNITA DEVI/CNRB,555008725860,,11200.0,155200.0
30/01/2023,30/01/2023,BY TRANSFER/IMPS/114708264257/NADIA HUSSAIN/CNRB,114708264257,,1200.0,156400.0
30/01/2023,30/01/2023,BY TRANSFER/IMPS/082324127147/TANVI RAO/CNRB,082324127147,,500.0,156900.0
31/01/2023,31/01/2023,BIL/INFT/182119392657/IOCL/PAYMENT,182119392657,699.0,,156201.0
01/02/2023,01/02/2023,BIL/INFT/010619102027/AIRTEL/PAYMENT,010619102027,449.0,,155752.0
02/02/2023,02/02/2023,NEFT CR-HDFC0013609-TECHNOVA SOLUTIONS-512919977139-SALARY KAVYA REDDY,748007302018,,62500.0,218252.0
02/02/2023,02/02/2023,POS/1604/HPCL/JAYANAGAR,344521218998,699.0,,217553.0
03/02/2023,03/02/2023,NEFT DR-HDFC0594652-SUNIL SHETTY-861590407136-RENT,514982676842,18000.0,,199553.0
05/02/2023,05/02/2023,UPI/873023006973/ayeshakhan215@oksbi/CNRB,873023006973,3499.0,,196054.0
05/02/2023,05/02/2023,ATM WDL/1900/SECUNDERABAD,860798731570,999.0,,195055.0
06/02/2023,06/02/2023,BY TRANSFER/IMPS/935024858361/KAVYA REDDY/CNRB,935024858361,,500.0,195555.0
06/02/2023,06/02/2023,UPI/424678027068/mohandas746@okaxis/CNRB,424678027068,1680.0,,193875.0
06/02/2023,06/02/2023,POS/5585/BESCOM/SECUNDERABAD,889725980801,5200.0,,188675.0
06/02/2023,06/02/2023,POS/4914/IOCL/SECUNDERABAD,750989050966,999.0,,187676.0
07/02/2023,07/02/2023,BIL/INFT/003391251879/OLA/PAYMENT,003391251879,5200.0,,182476.0
08/02/2023,08/02/2023,BY TRANSFER/IMPS/923372347331/FATIMA SHEIKH/CNRB,923372347331,,18500.0,200976.0
09/02/2023,09/02/2023,BY TRANSFER/IMPS/859838184118/SUNITA DEVI/CNRB,859838184118,,4800.0,205776.0
09/02/2023,09/02/2023,UPI/446619698461/ayeshakhan737@ybl/CNRB,446619698461,449.0,,205327.0
10/02/2023,10/02/2023,POS/7483/BPCL/MUMBAI,166615864504,1250.0,,204077.0
10/02/2023,10/02/2023,ATM WDL/5809/MYSURU,093904297835,1250.0,,202827.0
10/02/2023,10/02/2023,BIL/INFT/087144149112/BOOKMYSHOW/PAYMENT,087144149112,120.0,,202707.0
10/02/2023,10/02/2023,BY TRANSFER/IMPS/318683329029/PRAKASH RAO/CNRB,318683329029,,4800.0,207507.0
11/02/2023,11/02/2023,BY TRANSFER/IMPS/867627299897/NADIA HUSSAIN/CNRB,867627299897,,4800.0,212307.0
12/02/2023,12/02/2023,ATM WDL/7710/KORAMANGALA,880401488491,49.0,,212258.0
13/02/2023,13/02/2023,BIL/INFT/471430234230/BOOKMYSHOW/PAYMENT,471430234230,249.0,,212009.0
13/02/2023,13/02/2023,ATM WDL/5481/MUMBAI,864947868403,999.0,,211010.0
13/02/2023,13/02/2023,POS/3037/BESCOM/MARATHAHALLI,839921960446,850.0,,210160.0
13/02/2023,13/02/2023,UPI/813171454589/rohitsharm950@paytm/CNRB,813171454589,120.0,,210040.0
14/02/2023,14/02/2023,POS/8668/JIO/MYSURU,172142328047,120.0,,209920.0
14/02/2023,14/02/2023,ATM WDL/2678/MANGALURU,279895068122,120.0,,209800.0
16/02/2023,16/02/2023,POS/6768/PVR CINEMAS/PUNE,776130412114,120.0,,209680.0
16/02/2023,16/02/2023,BY TRANSFER/IMPS/567421589997/HARISH MENON/CNRB,567421589997,,11200.0,220880.0
16/02/2023,16/02/2023,ATM WDL/2031/MARATHAHALLI,160091084653,120.0,,220760.0
16/02/2023,16/02/2023,ATM WDL/6975/HYDERABAD,706918642981,3499.0,,217261.0
16/02/2023,16/02/2023,BIL/INFT/821453217938/BPCL/PAYMENT,821453217938,850.0,,216411.0
17/02/2023,17/02/2023,BY TRANSFER/IMPS/118444824420/SUSHMA RAO/CNRB,118444824420,,24000.0,240411.0
17/02/2023,17/02/2023,UPI/088901170345/meerapilla528@okaxis/CNRB,088901170345,999.0,,239412.0
20/02/2023,20/02/2023,POS/1480/RELIANCE FRESH/HSR LAYOUT,366512656149,449.0,,238963.0
20/02/2023,20/02/2023,UPI/147910125809/tarageorge486@oksbi/CNRB,147910125809,5200.0,,233763.0
20/02/2023,20/02/2023,POS/5178/UBER/BTM LAYOUT,823194677060,249.0,,233514.0
20/02/2023,20/02/2023,ATM WDL/9118/MARATHAHALLI,090963342417,449.0,,233065.0
21/02/2023,21/02/2023,BIL/INFT/534616874701/APOLLO PHARMACY/PAYMENT,534616874701,7800.0,,225265.0
21/02/2023,21/02/2023,ATM WDL/8956/JAYANAGAR,544702953615,850.0,,224415.0
22/02/2023,22/02/2023,BY TRANSFER/IMPS/197280436787/HARISH MENON/CNRB,197280436787,,24000.0,248415.0
22/02/2023,22/02/2023,NEFT-228154213523-TECHNOVA SOLUTIONS-REIMB-923959-HDFC0092117,867308004356,,18500.0,266915.0
24/02/2023,24/02/2023,BY TRANSFER/IMPS/582087691702/SHAHID KHAN/CNRB,582087691702,,500.0,267415.0
26/02/2023,26/02/2023,UPI/805543021163/vikramnair826@oksbi/CNRB,805543021163,850.0,,266565.0
27/02/2023,27/02/2023,POS/9632/DMART/HYDERABAD,061668521920,3499.0,,263066.0
27/02/2023,27/02/2023,BIL/INFT/455533891170/PVR CINEMAS/PAYMENT,455533891170,999.0,,262067.0
27/02/2023,27/02/2023,BIL/INFT/693052011818/OLA/PAYMENT,693052011818,2380.0,,259687.0
28/02/2023,28/02/2023,BY TRANSFER/IMPS/570514730456/SUNIL YADAV/CNRB,570514730456,,7500.0,267187.0
28/02/2023,28/02/2023,ATM WDL/7972/PUNE,221807406438,1250.0,,265937.0
01/03/2023,01/03/2023,ATM WDL/4469/MUMBAI,047374542228,449.0,,265488.0
01/03/2023,01/03/2023,NEFT CR-HDFC0268052-TECHNOVA SOLUTIONS-073504070584-SALARY KAVYA REDDY,900050929593,,61250.0,326738.0
01/03/2023,01/03/2023,BY TRANSFER/IMPS/416027069954/VINAY PATIL/CNRB,416027069954,,7500.0,334238.0
01/03/2023,01/03/2023,ATM WDL/1961/INDIRANAGAR,589541562730,1680.0,,332558.0
01/03/2023,01/03/2023,BIL/INFT/704098658322/APOLLO PHARMACY/PAYMENT,704098658322,5200.0,,327358.0
03/03/2023,03/03/2023,BY TRANSFER/IMPS/559138861601/RAMESH GOWDA/CNRB,559138861601,,850.0,328208.0
04/03/2023,04/03/2023,BIL/INFT/731379229528/UBER/PAYMENT,731379229528,999.0,,327209.0
04/03/2023,04/03/2023,BIL/INFT/722070561251/AIRTEL/PAYMENT,722070561251,249.0,,326960.0
06/03/2023,06/03/2023,BIL/INFT/319430615941/ZOMATO/PAYMENT,319430615941,999.0,,325961.0
06/03/2023,06/03/2023,POS/5972/DMART/BANJARA HILLS,342550594108,449.0,,325512.0
06/03/2023,06/03/2023,BY TRANSFER/IMPS/608226514168/USHA RANI/CNRB,608226514168,,11200.0,336712.0
07/03/2023,07/03/2023,NEFT DR-HDFC0229115-VIKRAM NAIR-090514201084-RENT,271170033420,18000.0,,318712.0
09/03/2023,09/03/2023,UPI/445565723161/mohandas399@oksbi/CNRB,445565723161,2380.0,,316332.0
09/03/2023,09/03/2023,BY TRANSFER/IMPS/737429866642/POOJA SHARMA/CNRB,737429866642,,2500.0,318832.0
10/03/2023,10/03/2023,ATM WDL/2664/BTM LAYOUT,748528030081,999.0,,317833.0
10/03/2023,10/03/2023,BY TRANSFER/IMPS/947306691477/SANJANA HEGDE/CNRB,947306691477,,24000.0,341833.0
10/03/2023,10/03/2023,UPI/519599048255/tarageorge475@okaxis/CNRB,519599048255,1680.0,,340153.0
11/03/2023,11/03/2023,BIL/INFT/149055200675/MEDPLUS/PAYMENT,149055200675,1250.0,,338903.0
11/03/2023,11/03/2023,NEFT-762412945795-TECHNOVA SOLUTIONS-REIMB-923959-HDFC0575717,386977071724,,12000.0,350903.0
11/03/2023,11/03/2023,UPI/309736913516/arjunmehta30@okaxis/CNRB,309736913516,120.0,,350783.0
12/03/2023,12/03/2023,BIL/INFT/604535591711/BESCOM/PAYMENT,604535591711,449.0,,350334.0
12/03/2023,12/03/2023,UPI/818057608671/arjunmehta614@okaxis/CNRB,818057608671,5200.0,,345134.0
12/03/2023,12/03/2023,UPI/936543987162/rahulsingh314@okaxis/CNRB,936543987162,79.0,,345055.0
12/03/2023,12/03/2023,NEFT-020846435429-TECHNOVA SOLUTIONS-REIMB-923959-HDFC0842287,113279655302,,18500.0,363555.0
13/03/2023,13/03/2023,POS/9638/APOLLO PHARMACY/MANGALURU,979524314390,999.0,,362556.0
16/03/2023,16/03/2023,ATM WDL/4094/MUMBAI,319727598066,699.0,,361857.0
16/03/2023,16/03/2023,BY TRANSFER/IMPS/389313742385/SURESH BABU/CNRB,389313742385,,1200.0,363057.0
17/03/2023,17/03/2023,POS/1872/DMART/KORAMANGALA,569659255396,2380.0,,360677.0
17/03/2023,17/03/2023,BIL/INFT/910121584661/OLA/PAYMENT,910121584661,2380.0,,358297.0
18/03/2023,18/03/2023,ATM WDL/5527/KUKATPALLY,894899333169,120.0,,358177.0
18/03/2023,18/03/2023,BIL/INFT/440705780146/RELIANCE FRESH/PAYMENT,440705780146,699.0,,357478.0
18/03/2023,18/03/2023,UPI/936837794975/naveenkuma432@okaxis/CNRB,936837794975,699.0,,356779.0
19/03/2023,19/03/2023,BIL/INFT/264600700708/MEDPLUS/PAYMENT,264600700708,699.0,,356080.0
19/03/2023,19/03/2023,BIL/INFT/382853803910/MEDPLUS/PAYMENT,382853803910,2380.0,,353700.0
21/03/2023,21/03/2023,ATM WDL/7814/BANJARA HILLS,458367340272,310.0,,353390.0
25/03/2023,25/03/2023,CREDIT INTEREST CAPITALISED,095332757186,,49.46,353439.46
25/03/2023,25/03/2023,GST ON BANK CHARGES,328954775612,17.7,,353421.76
25/03/2023,25/03/2023,BY TRANSFER/IMPS/200270102874/ANJALI RAO/CNRB,200270102874,,2500.0,355921.76
25/03/2023,25/03/2023,POS/7044/BESCOM/HYDERABAD,915604143225,3499.0,,352422.76
25/03/2023,25/03/2023,UPI/928548818960/reshmakhan957@ybl/CNRB,928548818960,2380.0,,350042.76
26/03/2023,26/03/2023,ATM WDL/9102/BTM LAYOUT,637470300214,999.0,,349043.76
26/03/2023,26/03/2023,UPI/355157246525/harishmeno145@okhdfcbank/CNRB,355157246525,5200.0,,343843.76
26/03/2023,26/03/2023,POS/4265/RELIANCE FRESH/PUNE,005058678804,699.0,,343144.76
27/03/2023,27/03/2023,BY TRANSFER/IMPS/156909810709/DIVYA MENON/CNRB,156909810709,,1200.0,344344.76
27/03/2023,27/03/2023,BIL/INFT/284328042206/SWIGGY/PAYMENT,284328042206,2380.0,,341964.76
28/03/2023,28/03/2023,UPI/328456853161/kavyareddy518@okaxis/CNRB,328456853161,3499.0,,338465.76
29/03/2023,29/03/2023,UPI/080279688284/santoshiye140@oksbi/CNRB,080279688284,3499.0,,334966.76
29/03/2023,29/03/2023,UPI/671964973607/ayeshakhan51@oksbi/CNRB,671964973607,79.0,,334887.76
31/03/2023,31/03/2023,ATM WDL/2978/JAYANAGAR,121369276529,7800.0,,327087.76
02/04/2023,02/04/2023,NEFT CR-HDFC0317649-TECHNOVA SOLUTIONS-567194733660-SALARY KAVYA REDDY,537288244961,,62000.0,389087.76
04/04/2023,04/04/2023,BY TRANSFER/IMPS/688388048493/KAVYA REDDY/CNRB,688388048493,,850.0,389937.76
04/04/2023,04/04/2023,NEFT DR-HDFC0095039-VINAY PATIL-866660300371-RENT,389328818978,22000.0,,367937.76
04/04/2023,04/04/2023,ATM WDL/9237/BTM LAYOUT,237096312577,699.0,,367238.76
05/04/2023,05/04/2023,UPI/085720590722/smitharao816@okaxis/CNRB,085720590722,5200.0,,362038.76
05/04/2023,05/04/2023,BY TRANSFER/IMPS/045359764019/RAMESH PILLAI/CNRB,045359764019,,1200.0,363238.76
06/04/2023,06/04/2023,BY TRANSFER/IMPS/522322571423/SURESH BABU/CNRB,522322571423,,24000.0,387238.76
06/04/2023,06/04/2023,UPI/706647008011/meerapilla253@oksbi/CNRB,706647008011,79.0,,387159.76
07/04/2023,07/04/2023,ATM WDL/7895/BTM LAYOUT,124682558866,449.0,,386710.76
08/04/2023,08/04/2023,UPI/031949156440/meerapilla842@okhdfcbank/CNRB,031949156440,999.0,,385711.76
08/04/2023,08/04/2023,BIL/INFT/733678545021/JIO/PAYMENT,733678545021,2380.0,,383331.76
09/04/2023,09/04/2023,ATM WDL/6161/PUNE,379766649090,850.0,,382481.76
09/04/2023,09/04/2023,NEFT-292138970175-TECHNOVA SOLUTIONS-REIMB-923959-HDFC0077537,301089034912,,18500.0,400981.76
10/04/2023,10/04/2023,BIL/INFT/924898833535/RELIANCE FRESH/PAYMENT,924898833535,850.0,,400131.76
11/04/2023,11/04/2023,BY TRANSFER/IMPS/645023237938/KAVYA REDDY/CNRB,645023237938,,24000.0,424131.76
11/04/2023,11/04/2023,ATM WDL/4084/SECUNDERABAD,629063647215,1680.0,,422451.76
11/04/2023,11/04/2023,BY TRANSFER/IMPS/758758343668/MEERA PILLAI/CNRB,758758343668,,4800.0,427251.76
12/04/2023,12/04/2023,BY TRANSFER/IMPS/498799536810/TARA SINGH/CNRB,498799536810,,24000.0,451251.76
12/04/2023,12/04/2023,BY TRANSFER/IMPS/665125270474/RAJENDRA PRASAD/CNRB,665125270474,,4800.0,456051.76
13/04/2023,13/04/2023,UPI/641981003639/poojasharm839@ybl/CNRB,641981003639,79.0,,455972.76
13/04/2023,13/04/2023,BY TRANSFER/IMPS/129234909810/RAJESH VERMA/CNRB,129234909810,,11200.0,467172.76
16/04/2023,16/04/2023,UPI/829986018278/poojasharm368@okhdfcbank/CNRB,829986018278,699.0,,466473.76
16/04/2023,16/04/2023,BY TRANSFER/IMPS/015036206189/POOJA SHARMA/CNRB,015036206189,,4800.0,471273.76
17/04/2023,17/04/2023,BY TRANSFER/IMPS/871883134483/DEEPAK JOSHI/CNRB,871883134483,,4800.0,476073.76
18/04/2023,18/04/2023,POS/6094/DMART/HSR LAYOUT,238523709262,2380.0,,473693.76
18/04/2023,18/04/2023,POS/5584/AIRTEL/MYSURU,893686231815,249.0,,473444.76
19/04/2023,19/04/2023,BY TRANSFER/IMPS/117494905956/DIVYA MENON/CNRB,117494905956,,24000.0,497444.76
19/04/2023,19/04/2023,BY TRANSFER/IMPS/098544448528/SHAHID KHAN/CNRB,098544448528,,2500.0,499944.76
19/04/2023,19/04/2023,UPI/351356722369/arjunmehta484@okhdfcbank/CNRB,351356722369,999.0,,498945.76
19/04/2023,19/04/2023,ATM WDL/3218/JAYANAGAR,914182173752,120.0,,498825.76
19/04/2023,19/04/2023,UPI/854168801973/gopalnaik185@oksbi/CNRB,854168801973,699.0,,498126.76
20/04/2023,20/04/2023,BY TRANSFER/IMPS/029856001368/SANJANA HEGDE/CNRB,029856001368,,18500.0,516626.76
21/04/2023,21/04/2023,ATM WDL/3963/HSR LAYOUT,636948437111,1250.0,,515376.76
21/04/2023,21/04/2023,POS/3691/MEDPLUS/MARATHAHALLI,091610620625,120.0,,515256.76
22/04/2023,22/04/2023,POS/8089/RELIANCE FRESH/MUMBAI,550901327610,5200.0,,510056.76
22/04/2023,22/04/2023,BIL/INFT/481311001831/IRCTC/PAYMENT,481311001831,5200.0,,504856.76
23/04/2023,23/04/2023,ATM WDL/1580/KUKATPALLY,982245986818,120.0,,504736.76
24/04/2023,24/04/2023,ATM WDL/8053/JAYANAGAR,750736646423,5200.0,,499536.76
24/04/2023,24/04/2023,UPI/007965479892/rohitsharm482@paytm/CNRB,007965479892,3499.0,,496037.76
25/04/2023,25/04/2023,UPI/760881548387/kavyareddy978@paytm/CNRB,760881548387,310.0,,495727.76
25/04/2023,25/04/2023,POS/0342/SWIGGY/WHITEFIELD,489921537837,310.0,,495417.76
27/04/2023,27/04/2023,BY TRANSFER/IMPS/689898630046/PREETHI IYER/CNRB,689898630046,,11200.0,506617.76
27/04/2023,27/04/2023,UPI/192514870357/farhankhan674@okhdfcbank/CNRB,192514870357,5200.0,,501417.76
28/04/2023,28/04/2023,BY TRANSFER/IMPS/521989010802/ARUN SHARMA/CNRB,521989010802,,18500.0,519917.76
01/05/2023,01/05/2023,BIL/INFT/304296937251/ZOMATO/PAYMENT,304296937251,850.0,,519067.76
01/05/2023,01/05/2023,NEFT CR-HDFC0337264-TECHNOVA SOLUTIONS-757427893821-SALARY KAVYA REDDY,375785946801,,62500.0,581567.76
01/05/2023,01/05/2023,ATM WDL/9400/MUMBAI,906187049094,5200.0,,576367.76
01/05/2023,01/05/2023,POS/1898/IRCTC/MANGALURU,445136602216,699.0,,575668.76
02/05/2023,02/05/2023,BIL/INFT/243508165881/MEDPLUS/PAYMENT,243508165881,7800.0,,567868.76
02/05/2023,02/05/2023,POS/6505/FLIPKART/HSR LAYOUT,006876842040,2380.0,,565488.76
02/05/2023,02/05/2023,UPI/397977470114/farhankhan749@okaxis/CNRB,397977470114,1250.0,,564238.76
02/05/2023,02/05/2023,BIL/INFT/085073263421/BOOKMYSHOW/PAYMENT,085073263421,699.0,,563539.76
04/05/2023,04/05/2023,POS/7289/DMART/INDIRANAGAR,030313917371,3499.0,,560040.76
05/05/2023,05/05/2023,UPI/918529350960/rajeshverm788@ybl/CNRB,918529350960,120.0,,559920.76
05/05/2023,05/05/2023,UPI/208988743908/arjunmehta272@ybl/CNRB,208988743908,1680.0,,558240.76
06/05/2023,06/05/2023,NEFT DR-HDFC0174480-SMITHA RAO-686942120704-RENT,480090385445,26500.0,,531740.76
06/05/2023,06/05/2023,ATM WDL/0169/HYDERABAD,416172857207,999.0,,530741.76
07/05/2023,07/05/2023,UPI/059518891989/smitharao985@okaxis/CNRB,059518891989,1680.0,,529061.76
09/05/2023,09/05/2023,ATM WDL/3447/MUMBAI,897277194919,1680.0,,527381.76
09/05/2023,09/05/2023,BIL/INFT/154004735248/FLIPKART/PAYMENT,154004735248,850.0,,526531.76
10/05/2023,10/05/2023,UPI/065971782095/smitharao812@ybl/CNRB,065971782095,999.0,,525532.76
10/05/2023,10/05/2023,ATM WDL/4075/BTM LAYOUT,887416583275,7800.0,,517732.76
12/05/2023,12/05/2023,ATM WDL/5780/MUMBAI,940579362482,1250.0,,516482.76
13/05/2023,13/05/2023,BY TRANSFER/IMPS/831437631559/BABU LAL/CNRB,831437631559,,500.0,516982.76
13/05/2023,13/05/2023,BY TRANSFER/IMPS/577773216494/NIKHIL GUPTA/CNRB,577773216494,,11200.0,528182.76
14/05/2023,14/05/2023,BY TRANSFER/IMPS/840514292681/CHANDAN SHARMA/CNRB,840514292681,,24000.0,552182.76
14/05/2023,14/05/2023,BY TRANSFER/IMPS/121189445913/VENKAT RAO/CNRB,121189445913,,7500.0,559682.76
14/05/2023,14/05/2023,BIL/INFT/965328097272/UBER/PAYMENT,965328097272,7800.0,,551882.76
16/05/2023,16/05/2023,UPI/120928633384/rohitsharm784@okaxis/CNRB,120928633384,449.0,,551433.76
16/05/2023,16/05/2023,UPI/519185622256/rahulsingh443@paytm/CNRB,519185622256,999.0,,550434.76
16/05/2023,16/05/2023,BY TRANSFER/IMPS/286522299292/MOHAN DAS/CNRB,286522299292,,2500.0,552934.76
16/05/2023,16/05/2023,BIL/INFT/951201156449/BOOKMYSHOW/PAYMENT,951201156449,310.0,,552624.76
17/05/2023,17/05/2023,BY TRANSFER/IMPS/012151520391/PRAKASH RAO/CNRB,012151520391,,4800.0,557424.76
17/05/2023,17/05/2023,POS/1838/BOOKMYSHOW/MUMBAI,145342981438,79.0,,557345.76
18/05/2023,18/05/2023,BIL/INFT/228430364536/BPCL/PAYMENT,228430364536,310.0,,557035.76
19/05/2023,19/05/2023,POS/8722/PVR CINEMAS/WHITEFIELD,228263014068,1680.0,,555355.76
22/05/2023,22/05/2023,ATM WDL/1006/HYDERABAD,933171777378,249.0,,555106.76
22/05/2023,22/05/2023,BIL/INFT/740888752645/UBER/PAYMENT,740888752645,5200.0,,549906.76
22/05/2023,22/05/2023,ATM WDL/0459/SECUNDERABAD,560275980672,449.0,,549457.76
23/05/2023,23/05/2023,BY TRANSFER/IMPS/095581413960/PRAKASH RAO/CNRB,095581413960,,7500.0,556957.76
23/05/2023,23/05/2023,BIL/INFT/680281859536/PVR CINEMAS/PAYMENT,680281859536,2380.0,,554577.76
23/05/2023,23/05/2023,POS/6661/SWIGGY/BTM LAYOUT,868815469272,249.0,,554328.76
24/05/2023,24/05/2023,BIL/INFT/818836825980/AMAZON/PAYMENT,818836825980,120.0,,554208.76
24/05/2023,24/05/2023,BIL/INFT/905399561394/APOLLO PHARMACY/PAYMENT,905399561394,449.0,,553759.76
24/05/2023,24/05/2023,POS/7468/ZOMATO/HYDERABAD,826956929679,310.0,,553449.76
24/05/2023,24/05/2023,POS/7622/AMAZON/PUNE,468818048298,449.0,,553000.76
24/05/2023,24/05/2023,POS/3769/DMART/MYSURU,342773678167,49.0,,552951.76
24/05/2023,24/05/2023,ATM WDL/5760/BANJARA HILLS,510232622453,1680.0,,551271.76
24/05/2023,24/05/2023,UPI/317905068330/arjunmehta376@ybl/CNRB,317905068330,79.0,,551192.76
24/05/2023,24/05/2023,ATM WDL/5087/WHITEFIELD,745968454560,3499.0,,547693.76
27/05/2023,27/05/2023,UPI/395027609835/ayeshakhan523@ybl/CNRB,395027609835,3499.0,,544194.76
27/05/2023,27/05/2023,UPI/465853828744/sunilshett439@oksbi/CNRB,465853828744,79.0,,544115.76
27/05/2023,27/05/2023,BIL/INFT/361047269619/OLA/PAYMENT,361047269619,7800.0,,536315.76
28/05/2023,28/05/2023,UPI/103237873595/reshmakhan384@paytm/CNRB,103237873595,1250.0,,535065.76
29/05/2023,29/05/2023,BY TRANSFER/IMPS/090715589471/KAVITHA RAO/CNRB,090715589471,,11200.0,546265.76
30/05/2023,30/05/2023,BY TRANSFER/IMPS/830363021021/SUSHMA RAO/CNRB,830363021021,,24000.0,570265.76
30/05/2023,30/05/2023,BIL/INFT/936078337918/SWIGGY/PAYMENT,936078337918,850.0,,569415.76
01/06/2023,01/06/2023,POS/7035/JIO/MARATHAHALLI,829334568204,3499.0,,565916.76
01/06/2023,01/06/2023,NEFT CR-HDFC0714659-TECHNOVA SOLUTIONS-300643702063-SALARY KAVYA REDDY,175027676440,,62500.0,628416.76
02/06/2023,02/06/2023,BIL/INFT/790396778828/OLA/PAYMENT,790396778828,79.0,,628337.76
02/06/2023,02/06/2023,BY TRANSFER/IMPS/150700352763/PADMA RAO/CNRB,150700352763,,7500.0,635837.76
02/06/2023,02/06/2023,POS/8882/SWIGGY/MANGALURU,695004049420,1680.0,,634157.76
02/06/2023,02/06/2023,POS/7278/BPCL/HYDERABAD,980907230831,1250.0,,632907.76
05/06/2023,05/06/2023,NEFT DR-HDFC0888756-PRIYA NAIR-568918685971-RENT,514389529801,22000.0,,610907.76
05/06/2023,05/06/2023,BIL/INFT/696955828947/PVR CINEMAS/PAYMENT,696955828947,249.0,,610658.76
06/06/2023,06/06/2023,POS/3457/HPCL/BTM LAYOUT,221592489622,310.0,,610348.76
07/06/2023,07/06/2023,POS/3269/OLA/MARATHAHALLI,627883498489,2380.0,,607968.76
07/06/2023,07/06/2023,POS/5728/BPCL/HSR LAYOUT,780119599375,49.0,,607919.76
07/06/2023,07/06/2023,ATM WDL/3813/KORAMANGALA,534581313712,999.0,,606920.76
08/06/2023,08/06/2023,POS/7043/APOLLO PHARMACY/BANJARA HILLS,937858598434,699.0,,606221.76
08/06/2023,08/06/2023,POS/1189/IOCL/MANGALURU,019597388734,310.0,,605911.76
08/06/2023,08/06/2023,ATM WDL/1402/KORAMANGALA,801578295169,120.0,,605791.76
08/06/2023,08/06/2023,BY TRANSFER/IMPS/057812657011/SANTOSH KUMAR/CNRB,057812657011,,11200.0,616991.76
09/06/2023,09/06/2023,ATM WDL/4728/SECUNDERABAD,247593054049,2380.0,,614611.76
09/06/2023,09/06/2023,BY TRANSFER/IMPS/446930606591/RAJENDRA PRASAD/CNRB,446930606591,,4800.0,619411.76
09/06/2023,09/06/2023,POS/8946/IRCTC/MYSURU,318214854066,3499.0,,615912.76
10/06/2023,10/06/2023,POS/0605/APOLLO PHARMACY/JAYANAGAR,165496943183,249.0,,615663.76
10/06/2023,10/06/2023,POS/2223/HPCL/BANJARA HILLS,559501155605,3499.0,,612164.76
13/06/2023,13/06/2023,ATM WDL/7157/HSR LAYOUT,875833186163,1250.0,,610914.76
13/06/2023,13/06/2023,ATM WDL/1178/BANJARA HILLS,332454568395,449.0,,610465.76
14/06/2023,14/06/2023,UPI/931457001646/tarageorge618@ybl/CNRB,931457001646,699.0,,609766.76
14/06/2023,14/06/2023,BIL/INFT/020323242786/BPCL/PAYMENT,020323242786,7800.0,,601966.76
15/06/2023,15/06/2023,UPI/127555205423/santoshiye989@ybl/CNRB,127555205423,120.0,,601846.76
15/06/2023,15/06/2023,BY TRANSFER/IMPS/249230725750/ANAND KUMAR/CNRB,249230725750,,1200.0,603046.76
16/06/2023,16/06/2023,BIL/INFT/804200400485/APOLLO PHARMACY/PAYMENT,804200400485,1250.0,,601796.76
18/06/2023,18/06/2023,BIL/INFT/381158182227/AMAZON/PAYMENT,381158182227,1680.0,,600116.76
20/06/2023,20/06/2023,ATM WDL/6981/MARATHAHALLI,598019205509,699.0,,599417.76
20/06/2023,20/06/2023,BY TRANSFER/IMPS/021809520355/PRIYA NAIR/CNRB,021809520355,,11200.0,610617.76
20/06/2023,20/06/2023,ATM WDL/8924/HSR LAYOUT,401190724834,449.0,,610168.76
21/06/2023,21/06/2023,UPI/628949241529/vinaypatil392@oksbi/CNRB,628949241529,310.0,,609858.76
22/06/2023,22/06/2023,ATM WDL/8666/JAYANAGAR,846533709228,249.0,,609609.76
22/06/2023,22/06/2023,POS/5913/APOLLO PHARMACY/KORAMANGALA,062392300332,1250.0,,608359.76
22/06/2023,22/06/2023,BIL/INFT/798164993677/JIO/PAYMENT,798164993677,3499.0,,604860.76
22/06/2023,22/06/2023,BIL/INFT/284545991028/AIRTEL/PAYMENT,284545991028,1680.0,,603180.76
24/06/2023,24/06/2023,ATM WDL/5167/MANGALURU,774776756287,79.0,,603101.76
25/06/2023,25/06/2023,CREDIT INTEREST CAPITALISED,330336070822,,38.61,603140.37
25/06/2023,25/06/2023,GST ON BANK CHARGES,766097442804,17.7,,603122.67
27/06/2023,27/06/2023,UPI/490792306964/lathadevi792@ybl/CNRB,490792306964,1250.0,,601872.67
28/06/2023,28/06/2023,BIL/INFT/183200143599/OLA/PAYMENT,183200143599,699.0,,601173.67
28/06/2023,28/06/2023,ATM WDL/8121/JAYANAGAR,824337145176,249.0,,600924.67
28/06/2023,28/06/2023,POS/9721/MEDPLUS/MUMBAI,467032852279,1680.0,,599244.67
29/06/2023,29/06/2023,BY TRANSFER/IMPS/909201034031/SURESH NAIR/CNRB,909201034031,,24000.0,623244.67
01/07/2023,01/07/2023,BIL/INFT/204099149709/RELIANCE FRESH/PAYMENT,204099149709,7800.0,,615444.67
01/07/2023,01/07/2023,BIL/INFT/389729675369/SWIGGY/PAYMENT,389729675369,999.0,,614445.67
01/07/2023,01/07/2023,BY TRANSFER/IMPS/532298025885/AYESHA KHAN/CNRB,532298025885,,4800.0,619245.67
02/07/2023,02/07/2023,POS/2819/DMART/WHITEFIELD,245564762575,120.0,,619125.67
02/07/2023,02/07/2023,UPI/514168062503/ayeshakhan203@okhdfcbank/CNRB,514168062503,1250.0,,617875.67
02/07/2023,02/07/2023,BY TRANSFER/IMPS/562841055215/RAMESH PILLAI/CNRB,562841055215,,500.0,618375.67
02/07/2023,02/07/2023,BY TRANSFER/IMPS/745736899520/SUNITA DEVI/CNRB,745736899520,,18500.0,636875.67
03/07/2023,03/07/2023,BY TRANSFER/IMPS/164929398483/RAMESH GOWDA/CNRB,164929398483,,4800.0,641675.67
03/07/2023,03/07/2023,BIL/INFT/726845460187/SWIGGY/PAYMENT,726845460187,1680.0,,639995.67
03/07/2023,03/07/2023,NEFT CR-HDFC0019878-TECHNOVA SOLUTIONS-399108953568-SALARY KAVYA REDDY,850901729832,,62000.0,701995.67
04/07/2023,04/07/2023,NEFT DR-HDFC0654300-FARHAN KHAN-615540805485-RENT,820346530902,18000.0,,683995.67
04/07/2023,04/07/2023,POS/0405/ZOMATO/HSR LAYOUT,195339561398,850.0,,683145.67
05/07/2023,05/07/2023,BIL/INFT/031607075388/FLIPKART/PAYMENT,031607075388,1680.0,,681465.67
06/07/2023,06/07/2023,BIL/INFT/405086252880/BOOKMYSHOW/PAYMENT,405086252880,1250.0,,680215.67
07/07/2023,07/07/2023,POS/9137/OLA/HSR LAYOUT,443804073277,449.0,,679766.67
07/07/2023,07/07/2023,UPI/354805921362/rohitsharm676@oksbi/CNRB,354805921362,449.0,,679317.67
08/07/2023,08/07/2023,BY TRANSFER/IMPS/287458188974/SANTOSH KUMAR/CNRB,287458188974,,2500.0,681817.67
09/07/2023,09/07/2023,BIL/INFT/866891346035/IRCTC/PAYMENT,866891346035,5200.0,,676617.67
09/07/2023,09/07/2023,UPI/664155449713/rajeshverm962@paytm/CNRB,664155449713,1250.0,,675367.67
09/07/2023,09/07/2023,BY TRANSFER/IMPS/337795219735/GANESH KUMAR/CNRB,337795219735,,11200.0,686567.67
09/07/2023,09/07/2023,ATM WDL/9620/BANJARA HILLS,688999668687,1680.0,,684887.67
10/07/2023,10/07/2023,BIL/INFT/340849928486/BESCOM/PAYMENT,340849928486,49.0,,684838.67
10/07/2023,10/07/2023,BY TRANSFER/IMPS/930382443565/SUSHMA RAO/CNRB,930382443565,,11200.0,696038.67
11/07/2023,11/07/2023,ATM WDL/4696/HYDERABAD,851995164359,999.0,,695039.67
12/07/2023,12/07/2023,POS/5701/UBER/JAYANAGAR,580440252864,2380.0,,692659.67
12/07/2023,12/07/2023,UPI/846228571448/mohandas526@okaxis/CNRB,846228571448,2380.0,,690279.67
13/07/2023,13/07/2023,POS/9542/ZOMATO/BTM LAYOUT,756291004724,1250.0,,689029.67
13/07/2023,13/07/2023,ATM WDL/7110/MANGALURU,182830983947,2380.0,,686649.67
14/07/2023,14/07/2023,BY TRANSFER/IMPS/765568356913/PRAKASH RAO/CNRB,765568356913,,1200.0,687849.67
15/07/2023,15/07/2023,POS/6519/DMART/HYDERABAD,927852743166,120.0,,687729.67
16/07/2023,16/07/2023,POS/5620/BOOKMYSHOW/HSR LAYOUT,801405488965,2380.0,,685349.67
16/07/2023,16/07/2023,BIL/INFT/627129370187/AMAZON/PAYMENT,627129370187,5200.0,,680149.67
17/07/2023,17/07/2023,BIL/INFT/194646537027/BPCL/PAYMENT,194646537027,699.0,,679450.67
17/07/2023,17/07/2023,ATM WDL/3338/INDIRANAGAR,596091979552,249.0,,679201.67
18/07/2023,18/07/2023,UPI/701396282380/vinaypatil519@okaxis/CNRB,701396282380,5200.0,,674001.67
18/07/2023,18/07/2023,BIL/INFT/663532507404/PVR CINEMAS/PAYMENT,663532507404,1680.0,,672321.67
18/07/2023,18/07/2023,ATM WDL/8858/BANJARA HILLS,120637387750,1680.0,,670641.67
18/07/2023,18/07/2023,POS/2513/OLA/HSR LAYOUT,638509474854,850.0,,669791.67
19/07/2023,19/07/2023,BIL/INFT/775654271841/RELIANCE FRESH/PAYMENT,775654271841,310.0,,669481.67
19/07/2023,19/07/2023,ATM WDL/9610/BANJARA HILLS,713004723333,5200.0,,664281.67
19/07/2023,19/07/2023,BY TRANSFER/IMPS/552622212265/MOHAN DAS/CNRB,552622212265,,2500.0,666781.67
19/07/2023,19/07/2023,POS/2166/IRCTC/HYDERABAD,067799311353,79.0,,666702.67
20/07/2023,20/07/2023,POS/7718/RELIANCE FRESH/JAYANAGAR,062367967908,699.0,,666003.67
21/07/2023,21/07/2023,BY TRANSFER/IMPS/115793345621/TARA GEORGE/CNRB,115793345621,,4800.0,670803.67
21/07/2023,21/07/2023,BY TRANSFER/IMPS/114601180392/ANAND KUMAR/CNRB,114601180392,,4800.0,675603.67
21/07/2023,21/07/2023,POS/4007/FLIPKART/HYDERABAD,817076301207,5200.0,,670403.67
22/07/2023,22/07/2023,BIL/INFT/414520733320/IRCTC/PAYMENT,414520733320,1680.0,,668723.67
23/07/2023,23/07/2023,POS/7084/HPCL/JAYANAGAR,164167373988,999.0,,667724.67
23/07/2023,23/07/2023,UPI/140023919975/lathadevi372@paytm/CNRB,140023919975,49.0,,667675.67
24/07/2023,24/07/2023,POS/3172/BESCOM/HYDERABAD,589983070621,699.0,,666976.67
25/07/2023,25/07/2023,BY TRANSFER/IMPS/771685669550/PREETHI IYER/CNRB,771685669550,,18500.0,685476.67
26/07/2023,26/07/2023,ATM WDL/6869/MANGALURU,668437567452,249.0,,685227.67
26/07/2023,26/07/2023,BIL/INFT/016802050240/UBER/PAYMENT,016802050240,3499.0,,681728.67
26/07/2023,26/07/2023,BY TRANSFER/IMPS/237291185706/RAMESH GOWDA/CNRB,237291185706,,1200.0,682928.67
27/07/2023,27/07/2023,ATM WDL/6938/KUKATPALLY,436975105931,999.0,,681929.67
27/07/2023,27/07/2023,UPI/533583212690/anjalirao55@paytm/CNRB,533583212690,699.0,,681230.67
28/07/2023,28/07/2023,POS/6667/HPCL/HSR LAYOUT,059535020878,79.0,,681151.67
28/07/2023,28/07/2023,ATM WDL/5964/KUKATPALLY,832362841022,699.0,,680452.67
29/07/2023,29/07/2023,BIL/INFT/032991222276/ZOMATO/PAYMENT,032991222276,249.0,,680203.67
29/07/2023,29/07/2023,UPI/890533757336/naveenkuma181@paytm/CNRB,890533757336,999.0,,679204.67
31/07/2023,31/07/2023,UPI/449581886237/lathadevi444@paytm/CNRB,449581886237,249.0,,678955.67
31/07/2023,31/07/2023,BIL/INFT/930875882442/AIRTEL/PAYMENT,930875882442,249.0,,678706.67
31/07/2023,31/07/2023,BY TRANSFER/IMPS/858019470470/TANVI RAO/CNRB,858019470470,,500.0,679206.67
01/08/2023,01/08/2023,NEFT CR-HDFC0032447-TECHNOVA SOLUTIONS-547470201320-SALARY KAVYA REDDY,319641580619,,62000.0,741206.67
01/08/2023,01/08/2023,UPI/229152928070/rohitsharm217@okaxis/CNRB,229152928070,850.0,,740356.67
02/08/2023,02/08/2023,BIL/INFT/002628365612/RELIANCE FRESH/PAYMENT,002628365612,120.0,,740236.67
02/08/2023,02/08/2023,ATM WDL/4486/HYDERABAD,350072504534,79.0,,740157.67
03/08/2023,03/08/2023,BIL/INFT/478174114539/OLA/PAYMENT,478174114539,1250.0,,738907.67
03/08/2023,03/08/2023,ATM WDL/1750/JAYANAGAR,724712070178,49.0,,738858.67
03/08/2023,03/08/2023,POS/2669/AMAZON/MANGALURU,598889792285,79.0,,738779.67
05/08/2023,05/08/2023,ATM WDL/3859/INDIRANAGAR,474280757938,49.0,,738730.67
05/08/2023,05/08/2023,NEFT DR-HDFC0987562-VINAY PATIL-069377672517-RENT,428944736424,22000.0,,716730.67
05/08/2023,05/08/2023,UPI/027024788094/ayeshakhan501@oksbi/CNRB,027024788094,5200.0,,711530.67
05/08/2023,05/08/2023,BY TRANSFER/IMPS/407707673208/NAVEEN KUMAR/CNRB,407707673208,,2500.0,714030.67
06/08/2023,06/08/2023,ATM WDL/8225/BANJARA HILLS,856907657594,3499.0,,710531.67
07/08/2023,07/08/2023,BY TRANSFER/IMPS/794641829266/VIKRAM NAIR/CNRB,794641829266,,4800.0,715331.67
07/08/2023,07/08/2023,BIL/INFT/220041773506/HPCL/PAYMENT,220041773506,1250.0,,714081.67
08/08/2023,08/08/2023,POS/4353/JIO/MARATHAHALLI,659740426038,310.0,,713771.67
08/08/2023,08/08/2023,UPI/192784375938/gopalnaik84@oksbi/CNRB,192784375938,49.0,,713722.67
09/08/2023,09/08/2023,ATM WDL/4333/MUMBAI,473139369749,2380.0,,711342.67
10/08/2023,10/08/2023,BIL/INFT/224878984873/UBER/PAYMENT,224878984873,1250.0,,710092.67
10/08/2023,10/08/2023,NEFT-365129105574-TECHNOVA SOLUTIONS-REIMB-923959-HDFC0288455,015522671424,,18500.0,728592.67
11/08/2023,11/08/2023,UPI/555413125815/naveenkuma128@okhdfcbank/CNRB,555413125815,249.0,,728343.67
11/08/2023,11/08/2023,BIL/INFT/054538683076/APOLLO PHARMACY/PAYMENT,054538683076,2380.0,,725963.67
12/08/2023,12/08/2023,ATM WDL/8841/MUMBAI,225324495169,5200.0,,720763.67
13/08/2023,13/08/2023,BIL/INFT/497078716400/APOLLO PHARMACY/PAYMENT,497078716400,1250.0,,719513.67
13/08/2023,13/08/2023,ATM WDL/3202/KUKATPALLY,696897039742,1250.0,,718263.67
15/08/2023,15/08/2023,UPI/613538225660/santoshiye28@okhdfcbank/CNRB,613538225660,3499.0,,714764.67
16/08/2023,16/08/2023,UPI/638969504992/vikramnair448@ybl/CNRB,638969504992,7800.0,,706964.67
16/08/2023,16/08/2023,BY TRANSFER/IMPS/041046820654/HARISH MENON/CNRB,041046820654,,11200.0,718164.67
17/08/2023,17/08/2023,BY TRANSFER/IMPS/951249384505/SURESH BABU/CNRB,951249384505,,7500.0,725664.67
17/08/2023,17/08/2023,POS/1930/UBER/BANJARA HILLS,051852451209,310.0,,725354.67
18/08/2023,18/08/2023,UPI/401363394452/vikramnair405@ybl/CNRB,401363394452,1680.0,,723674.67
18/08/2023,18/08/2023,BIL/INFT/329079997049/MEDPLUS/PAYMENT,329079997049,3499.0,,720175.67
20/08/2023,20/08/2023,UPI/460929093117/smitharao575@ybl/CNRB,460929093117,310.0,,719865.67
21/08/2023,21/08/2023,BIL/INFT/622775573102/IOCL/PAYMENT,622775573102,249.0,,719616.67
22/08/2023,22/08/2023,BY TRANSFER/IMPS/952518404824/LALITHA DEVI/CNRB,952518404824,,850.0,720466.67
22/08/2023,22/08/2023,NEFT-496968534025-TECHNOVA SOLUTIONS-REIMB-923959-HDFC0602731,916287751588,,18500.0,738966.67
22/08/2023,22/08/2023,UPI/177333661430/priyanair39@ybl/CNRB,177333661430,1250.0,,737716.67
24/08/2023,24/08/2023,BY TRANSFER/IMPS/864150229111/USHA RANI/CNRB,864150229111,,11200.0,748916.67
24/08/2023,24/08/2023,NEFT-421426388472-TECHNOVA SOLUTIONS-REIMB-923959-HDFC0028385,174951061396,,24000.0,772916.67
24/08/2023,24/08/2023,POS/3822/OLA/KUKATPALLY,066846903130,999.0,,771917.67
25/08/2023,25/08/2023,BY TRANSFER/IMPS/497674624101/SUSHMA RAO/CNRB,497674624101,,11200.0,783117.67
25/08/2023,25/08/2023,NEFT-914519028527-TECHNOVA SOLUTIONS-REIMB-923959-HDFC0956541,603652181978,,24000.0,807117.67
25/08/2023,25/08/2023,BY TRANSFER/IMPS/064225190924/RAHUL SINGH/CNRB,064225190924,,500.0,807617.67
25/08/2023,25/08/2023,BIL/INFT/338474403537/HPCL/PAYMENT,338474403537,5200.0,,802417.67
25/08/2023,25/08/2023,BY TRANSFER/IMPS/896491925830/BINDHU NAIR/CNRB,896491925830,,2500.0,804917.67
26/08/2023,26/08/2023,UPI/925691309007/tarageorge482@okhdfcbank/CNRB,925691309007,249.0,,804668.67
26/08/2023,26/08/2023,UPI/616578293203/kiranreddy292@okhdfcbank/CNRB,616578293203,999.0,,803669.67
26/08/2023,26/08/2023,NEFT-069879764140-TECHNOVA SOLUTIONS-REIMB-923959-HDFC0724761,412004495547,,18500.0,822169.67
27/08/2023,27/08/2023,BY TRANSFER/IMPS/315672829999/GOPAL VERMA/CNRB,315672829999,,500.0,822669.67
27/08/2023,27/08/2023,BY TRANSFER/IMPS/448011730646/KAVYA REDDY/CNRB,448011730646,,11200.0,833869.67
27/08/2023,27/08/2023,BY TRANSFER/IMPS/416660428573/MEERA PILLAI/CNRB,416660428573,,24000.0,857869.67
28/08/2023,28/08/2023,BIL/INFT/889554346167/DMART/PAYMENT,889554346167,1680.0,,856189.67
28/08/2023,28/08/2023,ATM WDL/1831/HYDERABAD,302265966999,850.0,,855339.67
30/08/2023,30/08/2023,ATM WDL/5293/BANJARA HILLS,573212005622,699.0,,854640.67
01/09/2023,01/09/2023,ATM WDL/8934/MUMBAI,964493425088,49.0,,854591.67
01/09/2023,01/09/2023,NEFT CR-HDFC0581324-TECHNOVA SOLUTIONS-053141037149-SALARY KAVYA REDDY,335925690053,,62500.0,917091.67
01/09/2023,01/09/2023,ATM WDL/9784/BTM LAYOUT,478264587088,1250.0,,915841.67
02/09/2023,02/09/2023,ATM WDL/1369/HSR LAYOUT,306396242037,449.0,,915392.67
03/09/2023,03/09/2023,ATM WDL/5077/KORAMANGALA,676174102854,310.0,,915082.67
04/09/2023,04/09/2023,BIL/INFT/283919277830/UBER/PAYMENT,283919277830,999.0,,914083.67
04/09/2023,04/09/2023,BIL/INFT/851068826476/BESCOM/PAYMENT,851068826476,999.0,,913084.67
05/09/2023,05/09/2023,POS/0372/IRCTC/PUNE,952337912163,79.0,,913005.67
05/09/2023,05/09/2023,BY TRANSFER/IMPS/269005474416/SNEHA PATIL/CNRB,269005474416,,850.0,913855.67
06/09/2023,06/09/2023,BY TRANSFER/IMPS/361877982629/NAVEEN KUMAR/CNRB,361877982629,,18500.0,932355.67
06/09/2023,06/09/2023,UPI/064794898003/arjunmehta59@oksbi/CNRB,064794898003,1680.0,,930675.67
07/09/2023,07/09/2023,NEFT DR-HDFC0934735-AYESHA KHAN-725098024257-RENT,795977962927,18000.0,,912675.67
07/09/2023,07/09/2023,UPI/529076150741/poojasharm667@ybl/CNRB,529076150741,449.0,,912226.67
09/09/2023,09/09/2023,UPI/110072173175/reshmakhan802@okaxis/CNRB,110072173175,7800.0,,904426.67
09/09/2023,09/09/2023,BY TRANSFER/IMPS/883602777771/ROHIT SHARMA/CNRB,883602777771,,11200.0,915626.67
10/09/2023,10/09/2023,POS/3458/BOOKMYSHOW/MARATHAHALLI,496689745369,449.0,,915177.67
11/09/2023,11/09/2023,ATM WDL/1374/BANJARA HILLS,208734573952,7800.0,,907377.67
11/09/2023,11/09/2023,BY TRANSFER/IMPS/814141643696/KAVYA REDDY/CNRB,814141643696,,18500.0,925877.67
12/09/2023,12/09/2023,BIL/INFT/353089440827/ZOMATO/PAYMENT,353089440827,1680.0,,924197.67
12/09/2023,12/09/2023,ATM WDL/0827/SECUNDERABAD,095865963542,249.0,,923948.67
13/09/2023,13/09/2023,BY TRANSFER/IMPS/954498362524/RAJESH VERMA/CNRB,954498362524,,18500.0,942448.67
14/09/2023,14/09/2023,POS/8234/APOLLO PHARMACY/MUMBAI,977763076929,999.0,,941449.67
15/09/2023,15/09/2023,BIL/INFT/365813547844/IOCL/PAYMENT,365813547844,310.0,,941139.67
15/09/2023,15/09/2023,ATM WDL/3024/MANGALURU,714367618447,3499.0,,937640.67
16/09/2023,16/09/2023,ATM WDL/2666/HYDERABAD,892970063061,310.0,,937330.67
16/09/2023,16/09/2023,BIL/INFT/903536276565/DMART/PAYMENT,903536276565,120.0,,937210.67
16/09/2023,16/09/2023,BIL/INFT/084778297023/IRCTC/PAYMENT,084778297023,2380.0,,934830.67
16/09/2023,16/09/2023,POS/8071/OLA/MANGALURU,927639150557,310.0,,934520.67
17/09/2023,17/09/2023,UPI/373980233340/arjunmehta489@oksbi/CNRB,373980233340,120.0,,934400.67
17/09/2023,17/09/2023,UPI/509348139685/tarageorge616@okhdfcbank/CNRB,509348139685,5200.0,,929200.67
17/09/2023,17/09/2023,BY TRANSFER/IMPS/045792853400/POOJA SHARMA/CNRB,045792853400,,1200.0,930400.67
17/09/2023,17/09/2023,ATM WDL/2138/KUKATPALLY,498804560742,850.0,,929550.67
17/09/2023,17/09/2023,ATM WDL/5707/PUNE,446526175561,310.0,,929240.67
19/09/2023,19/09/2023,POS/5950/AIRTEL/INDIRANAGAR,502798360908,2380.0,,926860.67
19/09/2023,19/09/2023,BIL/INFT/662983746778/BESCOM/PAYMENT,662983746778,2380.0,,924480.67
20/09/2023,20/09/2023,BY TRANSFER/IMPS/936751990336/SANTOSH KUMAR/CNRB,936751990336,,850.0,925330.67
20/09/2023,20/09/2023,POS/0989/APOLLO PHARMACY/MARATHAHALLI,317014211296,249.0,,925081.67
21/09/2023,21/09/2023,BY TRANSFER/IMPS/037844129521/PADMA RAO/CNRB,037844129521,,2500.0,927581.67
21/09/2023,21/09/2023,BIL/INFT/639016392729/IOCL/PAYMENT,639016392729,249.0,,927332.67
23/09/2023,23/09/2023,ATM WDL/1253/KUKATPALLY,021949655093,999.0,,926333.67
23/09/2023,23/09/2023,ATM WDL/8011/WHITEFIELD,715219358383,3499.0,,922834.67
23/09/2023,23/09/2023,ATM WDL/2650/KORAMANGALA,752508898600,449.0,,922385.67
23/09/2023,23/09/2023,POS/9909/AIRTEL/MANGALURU,346418365361,79.0,,922306.67
24/09/2023,24/09/2023,POS/5652/FLIPKART/WHITEFIELD,317993017226,249.0,,922057.67
25/09/2023,25/09/2023,CREDIT INTEREST CAPITALISED,201051995796,,127.9,922185.57
25/09/2023,25/09/2023,GST ON BANK CHARGES,839772418720,17.7,,922167.87
25/09/2023,25/09/2023,BY TRANSFER/IMPS/508406031658/FARHAN KHAN/CNRB,508406031658,,2500.0,924667.87
25/09/2023,25/09/2023,ATM WDL/1125/MYSURU,884845984582,999.0,,923668.87
25/09/2023,25/09/2023,UPI/707477848137/tarageorge461@oksbi/CNRB,707477848137,2380.0,,921288.87
26/09/2023,26/09/2023,POS/6325/AMAZON/JAYANAGAR,239822221851,249.0,,921039.87
26/09/2023,26/09/2023,BIL/INFT/569192958780/DMART/PAYMENT,569192958780,79.0,,920960.87
27/09/2023,27/09/2023,BIL/INFT/860462901907/BPCL/PAYMENT,860462901907,1250.0,,919710.87
27/09/2023,27/09/2023,ATM WDL/5625/JAYANAGAR,065667792134,310.0,,919400.87
27/09/2023,27/09/2023,BIL/INFT/160903786932/AMAZON/PAYMENT,160903786932,449.0,,918951.87
28/09/2023,28/09/2023,BIL/INFT/848378608202/OLA/PAYMENT,848378608202,5200.0,,913751.87
30/09/2023,30/09/2023,ATM WDL/5632/WHITEFIELD,975365138134,120.0,,913631.87
30/09/2023,30/09/2023,BIL/INFT/058691962772/DMART/PAYMENT,058691962772,7800.0,,905831.87
01/10/2023,01/10/2023,POS/3080/IOCL/MYSURU,308495442470,249.0,,905582.87
01/10/2023,01/10/2023,BIL/INFT/066888589126/FLIPKART/PAYMENT,066888589126,3499.0,,902083.87
01/10/2023,01/10/2023,ATM WDL/7582/MUMBAI,309404256187,249.0,,901834.87
01/10/2023,01/10/2023,BY TRANSFER/IMPS/494966115042/GANESH KUMAR/CNRB,494966115042,,500.0,902334.87
02/10/2023,02/10/2023,ATM WDL/8880/KORAMANGALA,752602670753,449.0,,901885.87
02/10/2023,02/10/2023,ATM WDL/2741/MARATHAHALLI,247070429956,2380.0,,899505.87
02/10/2023,02/10/2023,BIL/INFT/753042631070/PVR CINEMAS/PAYMENT,753042631070,2380.0,,897125.87
03/10/2023,03/10/2023,NEFT CR-HDFC0078157-TECHNOVA SOLUTIONS-588649198905-SALARY KAVYA REDDY,761921290076,,62000.0,959125.87
03/10/2023,03/10/2023,UPI/263532326550/rajeshverm178@paytm/CNRB,263532326550,850.0,,958275.87
04/10/2023,04/10/2023,BY TRANSFER/IMPS/576185249134/MEENA IYER/CNRB,576185249134,,18500.0,976775.87
04/10/2023,04/10/2023,NEFT DR-HDFC0550164-RESHMA KHAN-792122119287-RENT,001417391841,22000.0,,954775.87
04/10/2023,04/10/2023,ATM WDL/1667/MARATHAHALLI,818879808262,7800.0,,946975.87
05/10/2023,05/10/2023,POS/1036/UBER/PUNE,566744605515,999.0,,945976.87
05/10/2023,05/10/2023,NEFT-202747619647-TECHNOVA SOLUTIONS-REIMB-923959-HDFC0664902,833554215000,,12000.0,957976.87
05/10/2023,05/10/2023,UPI/424522001718/rahulsingh144@okhdfcbank/CNRB,424522001718,699.0,,957277.87
06/10/2023,06/10/2023,ATM WDL/3946/MARATHAHALLI,539033977896,3499.0,,953778.87
07/10/2023,07/10/2023,POS/4793/BOOKMYSHOW/MYSURU,455658681882,449.0,,953329.87
08/10/2023,08/10/2023,POS/3846/RELIANCE FRESH/MUMBAI,713849490931,310.0,,953019.87
08/10/2023,08/10/2023,BY TRANSFER/IMPS/378360660002/FATIMA SHEIKH/CNRB,378360660002,,18500.0,971519.87
09/10/2023,09/10/2023,ATM WDL/1813/HYDERABAD,412833622123,999.0,,970520.87
10/10/2023,10/10/2023,ATM WDL/3698/BTM LAYOUT,973284965556,850.0,,969670.87
11/10/2023,11/10/2023,POS/1683/PVR CINEMAS/SECUNDERABAD,863027484431,79.0,,969591.87
12/10/2023,12/10/2023,BY TRANSFER/IMPS/126258809078/HARISH MENON/CNRB,126258809078,,2500.0,972091.87
12/10/2023,12/10/2023,UPI/488417550927/arjunmehta56@okaxis/CNRB,488417550927,49.0,,972042.87
13/10/2023,13/10/2023,ATM WDL/2133/MARATHAHALLI,553086395621,5200.0,,966842.87
13/10/2023,13/10/2023,POS/4945/FLIPKART/KUKATPALLY,023964744744,3499.0,,963343.87
14/10/2023,14/10/2023,UPI/761196293888/ayeshakhan197@okhdfcbank/CNRB,761196293888,310.0,,963033.87
16/10/2023,16/10/2023,POS/4342/IRCTC/KUKATPALLY,407367198053,449.0,,962584.87
16/10/2023,16/10/2023,ATM WDL/0314/PUNE,419908729227,2380.0,,960204.87
16/10/2023,16/10/2023,UPI/559696443891/smitharao247@ybl/CNRB,559696443891,249.0,,959955.87
19/10/2023,19/10/2023,ATM WDL/4449/PUNE,953665250134,999.0,,958956.87
20/10/2023,20/10/2023,BIL/INFT/813807944334/AIRTEL/PAYMENT,813807944334,1250.0,,957706.87
20/10/2023,20/10/2023,ATM WDL/2795/PUNE,678299654596,310.0,,957396.87
20/10/2023,20/10/2023,POS/8354/PVR CINEMAS/SECUNDERABAD,213989465253,79.0,,957317.87
24/10/2023,24/10/2023,ATM WDL/2476/MANGALURU,745521540879,2380.0,,954937.87
24/10/2023,24/10/2023,BY TRANSFER/IMPS/359958613694/HARISH MENON/CNRB,359958613694,,4800.0,959737.87
24/10/2023,24/10/2023,POS/4260/BESCOM/MARATHAHALLI,276159880619,699.0,,959038.87
24/10/2023,24/10/2023,BY TRANSFER/IMPS/212484685428/GEETA DEVI/CNRB,212484685428,,7500.0,966538.87
25/10/2023,25/10/2023,BY TRANSFER/IMPS/161887967999/SUNITA DEVI/CNRB,161887967999,,2500.0,969038.87
25/10/2023,25/10/2023,UPI/501354564484/santoshiye94@oksbi/CNRB,501354564484,310.0,,968728.87
25/10/2023,25/10/2023,BY TRANSFER/IMPS/419375621070/FARHAN KHAN/CNRB,419375621070,,1200.0,969928.87
26/10/2023,26/10/2023,ATM WDL/2905/KUKATPALLY,450096675129,449.0,,969479.87
26/10/2023,26/10/2023,POS/0928/MEDPLUS/INDIRANAGAR,669306766041,449.0,,969030.87
26/10/2023,26/10/2023,BY TRANSFER/IMPS/316444550905/NADIA HUSSAIN/CNRB,316444550905,,11200.0,980230.87
28/10/2023,28/10/2023,BY TRANSFER/IMPS/210320697159/ADITYA KUMAR/CNRB,210320697159,,18500.0,998730.87
28/10/2023,28/10/2023,BY TRANSFER/IMPS/447900910840/SUNITA DEVI/CNRB,447900910840,,11200.0,1009930.87
28/10/2023,28/10/2023,ATM WDL/4562/INDIRANAGAR,251512536769,5200.0,,1004730.87
30/10/2023,30/10/2023,BIL/INFT/890164951296/BOOKMYSHOW/PAYMENT,890164951296,7800.0,,996930.87
01/11/2023,01/11/2023,NEFT CR-HDFC0661587-TECHNOVA SOLUTIONS-070100473454-SALARY KAVYA REDDY,150857189938,,62000.0,1058930.87
01/11/2023,01/11/2023,BY TRANSFER/IMPS/346687499533/PRADEEP SINGH/CNRB,346687499533,,11200.0,1070130.87
02/11/2023,02/11/2023,UPI/344755138851/lathadevi94@paytm/CNRB,344755138851,249.0,,1069881.87
03/11/2023,03/11/2023,NEFT DR-HDFC0825426-ARJUN MEHTA-058761107238-RENT,107256463875,31000.0,,1038881.87
05/11/2023,05/11/2023,UPI/430549617126/mohandas629@oksbi/CNRB,430549617126,249.0,,1038632.87
06/11/2023,06/11/2023,UPI/704082271393/tarageorge475@okaxis/CNRB,704082271393,79.0,,1038553.87
06/11/2023,06/11/2023,BY TRANSFER/IMPS/857526458086/PREETHI IYER/CNRB,857526458086,,2500.0,1041053.87
06/11/2023,06/11/2023,BIL/INFT/818290886810/IRCTC/PAYMENT,818290886810,79.0,,1040974.87
09/11/2023,09/11/2023,UPI/691599318678/meerapilla307@oksbi/CNRB,691599318678,249.0,,1040725.87
09/11/2023,09/11/2023,POS/4622/JIO/HYDERABAD,214874900306,449.0,,1040276.87
11/11/2023,11/11/2023,BY TRANSFER/IMPS/694303690460/VINAY PATIL/CNRB,694303690460,,1200.0,1041476.87
12/11/2023,12/11/2023,POS/4837/BOOKMYSHOW/MANGALURU,890672368582,1250.0,,1040226.87
12/11/2023,12/11/2023,ATM WDL/3970/MARATHAHALLI,818402265353,310.0,,1039916.87
13/11/2023,13/11/2023,BY TRANSFER/IMPS/933191658361/SUNITA DEVI/CNRB,933191658361,,18500.0,1058416.87
14/11/2023,14/11/2023,ATM WDL/4678/KORAMANGALA,792414444431,1250.0,,1057166.87
14/11/2023,14/11/2023,UPI/398636341613/mohandas249@okaxis/CNRB,398636341613,1680.0,,1055486.87
15/11/2023,15/11/2023,POS/5196/AIRTEL/WHITEFIELD,923927902429,5200.0,,1050286.87
15/11/2023,15/11/2023,BIL/INFT/760685208387/OLA/PAYMENT,760685208387,999.0,,1049287.87
16/11/2023,16/11/2023,POS/2758/BPCL/BTM LAYOUT,823777332821,1680.0,,1047607.87
17/11/2023,17/11/2023,BIL/INFT/685691734140/IOCL/PAYMENT,685691734140,3499.0,,1044108.87
17/11/2023,17/11/2023,BY TRANSFER/IMPS/291161599885/ARJUN MEHTA/CNRB,291161599885,,850.0,1044958.87
18/11/2023,18/11/2023,POS/1743/BOOKMYSHOW/INDIRANAGAR,758567053100,449.0,,1044509.87
19/11/2023,19/11/2023,BY TRANSFER/IMPS/758176760589/MOHAN DAS/CNRB,758176760589,,500.0,1045009.87
22/11/2023,22/11/2023,POS/3996/APOLLO PHARMACY/MUMBAI,722166305166,249.0,,1044760.87
23/11/2023,23/11/2023,UPI/929055598984/ayeshakhan42@ybl/CNRB,929055598984,120.0,,1044640.87
23/11/2023,23/11/2023,BY TRANSFER/IMPS/590612562385/NADIA HUSSAIN/CNRB,590612562385,,850.0,1045490.87
24/11/2023,24/11/2023,ATM WDL/5386/HSR LAYOUT,595314581949,1250.0,,1044240.87
24/11/2023,24/11/2023,UPI/158367350563/kavyareddy829@paytm/CNRB,158367350563,120.0,,1044120.87
25/11/2023,25/11/2023,ATM WDL/8079/JAYANAGAR,086961432674,120.0,,1044000.87
25/11/2023,25/11/2023,POS/4171/FLIPKART/MANGALURU,313773650174,5200.0,,1038800.87
27/11/2023,27/11/2023,UPI/476114282398/reshmakhan220@okhdfcbank/CNRB,476114282398,850.0,,1037950.87
01/12/2023,01/12/2023,BY TRANSFER/IMPS/254727448160/NILESH KULKARNI/CNRB,254727448160,,1200.0,1039150.87
01/12/2023,01/12/2023,NEFT CR-HDFC0734462-TECHNOVA SOLUTIONS-891561540678-SALARY KAVYA REDDY,278255294029,,62500.0,1101650.87
01/12/2023,01/12/2023,ATM WDL/5580/JAYANAGAR,264076364627,850.0,,1100800.87
02/12/2023,02/12/2023,ATM WDL/5032/SECUNDERABAD,242528394576,1250.0,,1099550.87
02/12/2023,02/12/2023,ATM WDL/4632/MUMBAI,025838366802,2380.0,,1097170.87
02/12/2023,02/12/2023,UPI/317062326066/anjalirao441@okhdfcbank/CNRB,317062326066,79.0,,1097091.87
04/12/2023,04/12/2023,UPI/403960543520/farhankhan879@paytm/CNRB,403960543520,79.0,,1097012.87
04/12/2023,04/12/2023,BIL/INFT/281230380233/SWIGGY/PAYMENT,281230380233,2380.0,,1094632.87
04/12/2023,04/12/2023,BY TRANSFER/IMPS/655817845136/VENKAT RAO/CNRB,655817845136,,2500.0,1097132.87
04/12/2023,04/12/2023,NEFT DR-HDFC0882092-KAVYA REDDY-940014140929-RENT,074556958787,26500.0,,1070632.87
04/12/2023,04/12/2023,BY TRANSFER/IMPS/755534385928/VENKAT RAO/CNRB,755534385928,,500.0,1071132.87
05/12/2023,05/12/2023,ATM WDL/2784/PUNE,845984121006,699.0,,1070433.87
06/12/2023,06/12/2023,ATM WDL/3423/HYDERABAD,063621124590,1680.0,,1068753.87
06/12/2023,06/12/2023,BIL/INFT/767314789214/JIO/PAYMENT,767314789214,120.0,,1068633.87
07/12/2023,07/12/2023,ATM WDL/6919/MANGALURU,858776764237,3499.0,,1065134.87
08/12/2023,08/12/2023,UPI/209051925228/gopalnaik942@okaxis/CNRB,209051925228,249.0,,1064885.87
08/12/2023,08/12/2023,BIL/INFT/378776745932/BOOKMYSHOW/PAYMENT,378776745932,1250.0,,1063635.87
11/12/2023,11/12/2023,BY TRANSFER/IMPS/186836717374/SANJANA HEGDE/CNRB,186836717374,,500.0,1064135.87
11/12/2023,11/12/2023,BY TRANSFER/IMPS/125245199575/MEENA IYER/CNRB,125245199575,,2500.0,1066635.87
11/12/2023,11/12/2023,POS/6798/OLA/MUMBAI,372618095893,3499.0,,1063136.87
11/12/2023,11/12/2023,ATM WDL/4440/INDIRANAGAR,183417246409,999.0,,1062137.87
12/12/2023,12/12/2023,BY TRANSFER/IMPS/653585325818/ARCHANA PILLAI/CNRB,653585325818,,1200.0,1063337.87
12/12/2023,12/12/2023,BY TRANSFER/IMPS/867549250860/REKHA PILLAI/CNRB,867549250860,,7500.0,1070837.87
13/12/2023,13/12/2023,ATM WDL/0328/HYDERABAD,527696782341,999.0,,1069838.87
15/12/2023,15/12/2023,BIL/INFT/006279191687/RELIANCE FRESH/PAYMENT,006279191687,3499.0,,1066339.87
16/12/2023,16/12/2023,UPI/434569352279/poojasharm953@paytm/CNRB,434569352279,3499.0,,1062840.87
18/12/2023,18/12/2023,POS/2968/FLIPKART/MANGALURU,338674501168,120.0,,1062720.87
18/12/2023,18/12/2023,POS/5402/JIO/MYSURU,001534521261,1680.0,,1061040.87
19/12/2023,19/12/2023,BY TRANSFER/IMPS/723859446058/SURESH NAIR/CNRB,723859446058,,18500.0,1079540.87
20/12/2023,20/12/2023,POS/3666/RELIANCE FRESH/INDIRANAGAR,034011696511,449.0,,1079091.87
21/12/2023,21/12/2023,UPI/194473114650/tarageorge370@okhdfcbank/CNRB,194473114650,3499.0,,1075592.87
21/12/2023,21/12/2023,ATM WDL/4984/BTM LAYOUT,781846896607,699.0,,1074893.87
21/12/2023,21/12/2023,BY TRANSFER/IMPS/867024343105/HARISH MENON/CNRB,867024343105,,1200.0,1076093.87
22/12/2023,22/12/2023,UPI/948947606403/mohandas649@oksbi/CNRB,948947606403,310.0,,1075783.87
22/12/2023,22/12/2023,NEFT-182259807846-TECHNOVA SOLUTIONS-REIMB-923959-HDFC0986349,563104388078,,18500.0,1094283.87
22/12/2023,22/12/2023,UPI/273057990485/tarageorge68@oksbi/CNRB,273057990485,310.0,,1093973.87
23/12/2023,23/12/2023,ATM WDL/3900/JAYANAGAR,944540448078,2380.0,,1091593.87
25/12/2023,25/12/2023,BIL/INFT/325692549946/RELIANCE FRESH/PAYMENT,325692549946,79.0,,1091514.87
25/12/2023,25/12/2023,ATM WDL/5823/PUNE,612222530612,120.0,,1091394.87
26/12/2023,26/12/2023,BIL/INFT/384570099064/BPCL/PAYMENT,384570099064,249.0,,1091145.87
27/12/2023,27/12/2023,UPI/876448443756/poojasharm729@ybl/CNRB,876448443756,310.0,,1090835.87
27/12/2023,27/12/2023,BY TRANSFER/IMPS/862102719781/GANESH KUMAR/CNRB,862102719781,,11200.0,1102035.87
27/12/2023,27/12/2023,UPI/898376668907/arjunmehta625@oksbi/CNRB,898376668907,79.0,,1101956.87
27/12/2023,27/12/2023,UPI/552339700248/smitharao393@okhdfcbank/CNRB,552339700248,449.0,,1101507.87
28/12/2023,28/12/2023,BY TRANSFER/IMPS/542169715508/AYESHA KHAN/CNRB,542169715508,,500.0,1102007.87
28/12/2023,28/12/2023,BIL/INFT/886534241972/SWIGGY/PAYMENT,886534241972,79.0,,1101928.87
29/12/2023,29/12/2023,BY TRANSFER/IMPS/226916570908/SUNITA DEVI/CNRB,226916570908,,7500.0,1109428.87
31/12/2023,31/12/2023,BIL/INFT/974877589306/BOOKMYSHOW/PAYMENT,974877589306,120.0,,1109308.87
31/12/2023,31/12/2023,POS/7482/AMAZON/KORAMANGALA,064217348800,5200.0,,1104108.87
01/01/2024,01/01/2024,NEFT CR-HDFC0653012-TECHNOVA SOLUTIONS-687597104561-SALARY KAVYA REDDY,419407836797,,62000.0,1166108.87
01/01/2024,01/01/2024,ATM WDL/4804/HSR LAYOUT,966311334243,699.0,,1165409.87
01/01/2024,01/01/2024,BY TRANSFER/IMPS/199903929938/KARTHIK MENON/CNRB,199903929938,,18500.0,1183909.87
02/01/2024,02/01/2024,POS/7191/JIO/INDIRANAGAR,123633010383,3499.0,,1180410.87
02/01/2024,02/01/2024,BY TRANSFER/IMPS/911041620163/SNEHA PATIL/CNRB,911041620163,,11200.0,1191610.87
03/01/2024,03/01/2024,UPI/364404753119/rahulsingh436@paytm/CNRB,364404753119,3499.0,,1188111.87
03/01/2024,03/01/2024,UPI/046652599141/vinaypatil625@ybl/CNRB,046652599141,49.0,,1188062.87
03/01/2024,03/01/2024,BY TRANSFER/IMPS/677146979131/IMRAN KHAN/CNRB,677146979131,,4800.0,1192862.87
04/01/2024,04/01/2024,ATM WDL/4804/MUMBAI,452585407106,3499.0,,1189363.87
04/01/2024,04/01/2024,ATM WDL/5940/MARATHAHALLI,698779870143,5200.0,,1184163.87
04/01/2024,04/01/2024,POS/8308/SWIGGY/HSR LAYOUT,512401818578,249.0,,1183914.87
05/01/2024,05/01/2024,POS/8145/PVR CINEMAS/MUMBAI,720371583247,249.0,,1183665.87
05/01/2024,05/01/2024,NEFT DR-HDFC0978959-ARJUN MEHTA-504842816539-RENT,390326034505,22000.0,,1161665.87
05/01/2024,05/01/2024,UPI/597463875234/vikramnair633@okaxis/CNRB,597463875234,79.0,,1161586.87
06/01/2024,06/01/2024,POS/3492/AIRTEL/KORAMANGALA,383265847407,699.0,,1160887.87
08/01/2024,08/01/2024,POS/8063/MEDPLUS/KUKATPALLY,761242007534,5200.0,,1155687.87
08/01/2024,08/01/2024,BIL/INFT/418164714929/HPCL/PAYMENT,418164714929,120.0,,1155567.87
08/01/2024,08/01/2024,POS/5200/BESCOM/BANJARA HILLS,347496318567,449.0,,1155118.87
08/01/2024,08/01/2024,BY TRANSFER/IMPS/907164492039/KARTHIK MENON/CNRB,907164492039,,500.0,1155618.87
10/01/2024,10/01/2024,ATM WDL/8302/SECUNDERABAD,483477725894,79.0,,1155539.87
10/01/2024,10/01/2024,BIL/INFT/309208223797/IOCL/PAYMENT,309208223797,120.0,,1155419.87
11/01/2024,11/01/2024,POS/1966/DMART/MARATHAHALLI,982582067551,3499.0,,1151920.87
12/01/2024,12/01/2024,ATM WDL/0971/PUNE,530659481463,850.0,,1151070.87
12/01/2024,12/01/2024,BY TRANSFER/IMPS/609676260686/NAVEEN KUMAR/CNRB,609676260686,,11200.0,1162270.87
13/01/2024,13/01/2024,BY TRANSFER/IMPS/358393473212/LAKSHMI VENKAT/CNRB,358393473212,,4800.0,1167070.87
13/01/2024,13/01/2024,BIL/INFT/367976764576/BPCL/PAYMENT,367976764576,2380.0,,1164690.87
14/01/2024,14/01/2024,UPI/930174953809/kavyareddy532@ybl/CNRB,930174953809,5200.0,,1159490.87
15/01/2024,15/01/2024,POS/2339/RELIANCE FRESH/MUMBAI,655520451679,310.0,,1159180.87
15/01/2024,15/01/2024,POS/6589/AMAZON/MYSURU,972185628258,310.0,,1158870.87
16/01/2024,16/01/2024,BY TRANSFER/IMPS/400528284332/ANAND KUMAR/CNRB,400528284332,,11200.0,1170070.87
16/01/2024,16/01/2024,ATM WDL/4958/KUKATPALLY,392883288666,449.0,,1169621.87
16/01/2024,16/01/2024,ATM WDL/3045/HYDERABAD,508088142664,5200.0,,1164421.87
17/01/2024,17/01/2024,ATM WDL/6866/HYDERABAD,588147859404,79.0,,1164342.87
17/01/2024,17/01/2024,ATM WDL/3225/MUMBAI,861322451867,449.0,,1163893.87
17/01/2024,17/01/2024,BY TRANSFER/IMPS/294429460313/TARA SINGH/CNRB,294429460313,,7500.0,1171393.87
18/01/2024,18/01/2024,BY TRANSFER/IMPS/189414378444/SHEELA DEVI/CNRB,189414378444,,500.0,1171893.87
19/01/2024,19/01/2024,BIL/INFT/478347998958/HPCL/PAYMENT,478347998958,249.0,,1171644.87
19/01/2024,19/01/2024,ATM WDL/1370/BANJARA HILLS,284051935494,1680.0,,1169964.87
20/01/2024,20/01/2024,BIL/INFT/285163167284/IRCTC/PAYMENT,285163167284,850.0,,1169114.87
21/01/2024,21/01/2024,BIL/INFT/577546404094/BPCL/PAYMENT,577546404094,120.0,,1168994.87
21/01/2024,21/01/2024,UPI/526121808490/harishmeno101@okaxis/CNRB,526121808490,310.0,,1168684.87
22/01/2024,22/01/2024,BY TRANSFER/IMPS/320930007934/POOJA SHARMA/CNRB,320930007934,,24000.0,1192684.87
22/01/2024,22/01/2024,BY TRANSFER/IMPS/503623997526/IMRAN KHAN/CNRB,503623997526,,850.0,1193534.87
22/01/2024,22/01/2024,BY TRANSFER/IMPS/015330988819/RESHMA KHAN/CNRB,015330988819,,7500.0,1201034.87
23/01/2024,23/01/2024,BIL/INFT/198361360704/APOLLO PHARMACY/PAYMENT,198361360704,5200.0,,1195834.87
23/01/2024,23/01/2024,BIL/INFT/838166055883/BPCL/PAYMENT,838166055883,999.0,,1194835.87
23/01/2024,23/01/2024,UPI/433463582090/anjalirao370@paytm/CNRB,433463582090,120.0,,1194715.87
24/01/2024,24/01/2024,ATM WDL/0198/BANJARA HILLS,973596787651,310.0,,1194405.87
24/01/2024,24/01/2024,ATM WDL/9801/BANJARA HILLS,940654076032,310.0,,1194095.87
24/01/2024,24/01/2024,BY TRANSFER/IMPS/342418144525/PRAKASH RAO/CNRB,342418144525,,7500.0,1201595.87
26/01/2024,26/01/2024,POS/1807/SWIGGY/PUNE,623936115122,79.0,,1201516.87
26/01/2024,26/01/2024,UPI/721308528465/gopalnaik712@okhdfcbank/CNRB,721308528465,249.0,,1201267.87
26/01/2024,26/01/2024,BIL/INFT/594900274544/JIO/PAYMENT,594900274544,999.0,,1200268.87
27/01/2024,27/01/2024,UPI/017092757170/kavyareddy342@okhdfcbank/CNRB,017092757170,999.0,,1199269.87
28/01/2024,28/01/2024,POS/6081/ZOMATO/MARATHAHALLI,153160317890,3499.0,,1195770.87
30/01/2024,30/01/2024,UPI/371282711372/naveenkuma381@okaxis/CNRB,371282711372,7800.0,,1187970.87
31/01/2024,31/01/2024,ATM WDL/7709/MUMBAI,056869065621,449.0,,1187521.87
02/02/2024,02/02/2024,BY TRANSFER/IMPS/870540662744/AYESHA KHAN/CNRB,870540662744,,500.0,1188021.87
02/02/2024,02/02/2024,NEFT-300412117231-TECHNOVA SOLUTIONS-REIMB-923959-HDFC0995130,125089417445,,18500.0,1206521.87
02/02/2024,02/02/2024,BIL/INFT/252253516776/OLA/PAYMENT,252253516776,1680.0,,1204841.87
02/02/2024,02/02/2024,BIL/INFT/769696523307/IRCTC/PAYMENT,769696523307,310.0,,1204531.87
03/02/2024,03/02/2024,NEFT CR-HDFC0352806-TECHNOVA SOLUTIONS-312608729967-SALARY KAVYA REDDY,658107989232,,62000.0,1266531.87
03/02/2024,03/02/2024,NEFT DR-HDFC0156124-TARA GEORGE-576200066323-RENT,205323843160,22000.0,,1244531.87
03/02/2024,03/02/2024,BIL/INFT/985732108040/BOOKMYSHOW/PAYMENT,985732108040,1680.0,,1242851.87
03/02/2024,03/02/2024,UPI/812958808927/ayeshakhan90@paytm/CNRB,812958808927,2380.0,,1240471.87
06/02/2024,06/02/2024,ATM WDL/3158/KUKATPALLY,209633509034,5200.0,,1235271.87
06/02/2024,06/02/2024,ATM WDL/1731/MYSURU,906086733240,3499.0,,1231772.87
06/02/2024,06/02/2024,BIL/INFT/969422911060/BESCOM/PAYMENT,969422911060,249.0,,1231523.87
06/02/2024,06/02/2024,POS/9393/APOLLO PHARMACY/MYSURU,577668130062,850.0,,1230673.87
07/02/2024,07/02/2024,BY TRANSFER/IMPS/558656036631/RAJENDRA PRASAD/CNRB,558656036631,,500.0,1231173.87
07/02/2024,07/02/2024,BIL/INFT/395681951436/PVR CINEMAS/PAYMENT,395681951436,1680.0,,1229493.87
09/02/2024,09/02/2024,ATM WDL/2993/PUNE,550288928515,249.0,,1229244.87
11/02/2024,11/02/2024,BIL/INFT/682947277639/JIO/PAYMENT,682947277639,699.0,,1228545.87
13/02/2024,13/02/2024,BY TRANSFER/IMPS/791718553316/IMRAN KHAN/CNRB,791718553316,,24000.0,1252545.87
14/02/2024,14/02/2024,UPI/970354506869/poojasharm436@okhdfcbank/CNRB,970354506869,850.0,,1251695.87
14/02/2024,14/02/2024,BY TRANSFER/IMPS/929619751079/ANITHA KRISHNAN/CNRB,929619751079,,850.0,1252545.87
14/02/2024,14/02/2024,ATM WDL/4534/WHITEFIELD,461599820511,1250.0,,1251295.87
14/02/2024,14/02/2024,BIL/INFT/241842442752/AMAZON/PAYMENT,241842442752,49.0,,1251246.87
16/02/2024,16/02/2024,POS/2779/PVR CINEMAS/MUMBAI,561144996881,120.0,,1251126.87
16/02/2024,16/02/2024,BIL/INFT/752376214505/HPCL/PAYMENT,752376214505,999.0,,1250127.87
17/02/2024,17/02/2024,BY TRANSFER/IMPS/903766404991/KARTHIK MENON/CNRB,903766404991,,500.0,1250627.87
17/02/2024,17/02/2024,BIL/INFT/232377251657/AMAZON/PAYMENT,232377251657,1250.0,,1249377.87
18/02/2024,18/02/2024,ATM WDL/0978/MARATHAHALLI,947100971947,49.0,,1249328.87
19/02/2024,19/02/2024,BIL/INFT/756160721640/BESCOM/PAYMENT,756160721640,850.0,,1248478.87
19/02/2024,19/02/2024,ATM WDL/2449/PUNE,371271016932,2380.0,,1246098.87
19/02/2024,19/02/2024,UPI/265210283284/rajeshverm205@okhdfcbank/CNRB,265210283284,2380.0,,1243718.87
22/02/2024,22/02/2024,BY TRANSFER/IMPS/554646200665/KARTHIK MENON/CNRB,554646200665,,18500.0,1262218.87
22/02/2024,22/02/2024,POS/8067/BOOKMYSHOW/HSR LAYOUT,255809794392,999.0,,1261219.87
23/02/2024,23/02/2024,ATM WDL/1335/MYSURU,962650417098,699.0,,1260520.87
23/02/2024,23/02/2024,BY TRANSFER/IMPS/362268377323/USHA RANI/CNRB,362268377323,,500.0,1261020.87
23/02/2024,23/02/2024,BY TRANSFER/IMPS/835491207426/RANJIT SINGH/CNRB,835491207426,,2500.0,1263520.87
23/02/2024,23/02/2024,UPI/068860575775/smitharao571@okaxis/CNRB,068860575775,79.0,,1263441.87
24/02/2024,24/02/2024,BIL/INFT/223138032471/MEDPLUS/PAYMENT,223138032471,3499.0,,1259942.87
25/02/2024,25/02/2024,UPI/979938344620/ayeshakhan26@paytm/CNRB,979938344620,120.0,,1259822.87
25/02/2024,25/02/2024,BY TRANSFER/IMPS/800811109813/MOHAN DAS/CNRB,800811109813,,7500.0,1267322.87
26/02/2024,26/02/2024,UPI/602176895081/meerapilla199@paytm/CNRB,602176895081,699.0,,1266623.87
26/02/2024,26/02/2024,BY TRANSFER/IMPS/478822408242/LAKSHMI VENKAT/CNRB,478822408242,,7500.0,1274123.87
28/02/2024,28/02/2024,BY TRANSFER/IMPS/107234329379/TARA SINGH/CNRB,107234329379,,850.0,1274973.87
28/02/2024,28/02/2024,POS/2792/BESCOM/MYSURU,224353576928,449.0,,1274524.87
02/03/2024,02/03/2024,UPI/575655068516/harishmeno704@okhdfcbank/CNRB,575655068516,49.0,,1274475.87
02/03/2024,02/03/2024,ATM WDL/6622/JAYANAGAR,768281722827,449.0,,1274026.87
03/03/2024,03/03/2024,NEFT CR-HDFC0912609-TECHNOVA SOLUTIONS-629628298337-SALARY KAVYA REDDY,532335713096,,62000.0,1336026.87
03/03/2024,03/03/2024,POS/0088/HPCL/WHITEFIELD,089069632450,3499.0,,1332527.87
05/03/2024,05/03/2024,BY TRANSFER/IMPS/509252775749/USHA RANI/CNRB,509252775749,,4800.0,1337327.87
05/03/2024,05/03/2024,NEFT DR-HDFC0014511-RAHUL SINGH-121336831883-RENT,251078813949,31000.0,,1306327.87
05/03/2024,05/03/2024,BY TRANSFER/IMPS/767733200496/GEETA DEVI/CNRB,767733200496,,1200.0,1307527.87
07/03/2024,07/03/2024,BY TRANSFER/IMPS/573476360330/ARJUN MEHTA/CNRB,573476360330,,24000.0,1331527.87
10/03/2024,10/03/2024,ATM WDL/8976/MUMBAI,637363479943,249.0,,1331278.87
11/03/2024,11/03/2024,BY TRANSFER/IMPS/170285237090/VINAY PATIL/CNRB,170285237090,,1200.0,1332478.87
12/03/2024,12/03/2024,POS/2928/BPCL/BTM LAYOUT,833410203742,249.0,,1332229.87
12/03/2024,12/03/2024,POS/5880/IOCL/WHITEFIELD,061907218929,1680.0,,1330549.87
12/03/2024,12/03/2024,ATM WDL/9624/JAYANAGAR,715076961855,3499.0,,1327050.87
12/03/2024,12/03/2024,ATM WDL/5879/PUNE,042099799697,850.0,,1326200.87
12/03/2024,12/03/2024,UPI/086404398061/reshmakhan109@okhdfcbank/CNRB,086404398061,699.0,,1325501.87
13/03/2024,13/03/2024,BY TRANSFER/IMPS/123067434797/RAVI KUMAR/CNRB,123067434797,,18500.0,1344001.87
13/03/2024,13/03/2024,BIL/INFT/646430587626/BOOKMYSHOW/PAYMENT,646430587626,1680.0,,1342321.87
13/03/2024,13/03/2024,ATM WDL/0993/MUMBAI,248624755099,2380.0,,1339941.87
13/03/2024,13/03/2024,BY TRANSFER/IMPS/609756341221/SHEELA DEVI/CNRB,609756341221,,500.0,1340441.87
13/03/2024,13/03/2024,ATM WDL/4848/MUMBAI,332256425653,1250.0,,1339191.87
14/03/2024,14/03/2024,ATM WDL/5872/WHITEFIELD,606367069298,449.0,,1338742.87
14/03/2024,14/03/2024,UPI/205871512064/santoshiye754@oksbi/CNRB,205871512064,449.0,,1338293.87
15/03/2024,15/03/2024,UPI/924591599095/divyamenon702@okaxis/CNRB,924591599095,5200.0,,1333093.87
15/03/2024,15/03/2024,UPI/126178481691/mohandas978@okhdfcbank/CNRB,126178481691,449.0,,1332644.87
16/03/2024,16/03/2024,POS/5060/RELIANCE FRESH/MUMBAI,779407468982,449.0,,1332195.87
17/03/2024,17/03/2024,BIL/INFT/495581259204/APOLLO PHARMACY/PAYMENT,495581259204,3499.0,,1328696.87
17/03/2024,17/03/2024,UPI/363501582771/tarageorge243@paytm/CNRB,363501582771,850.0,,1327846.87
18/03/2024,18/03/2024,ATM WDL/3412/BANJARA HILLS,498950305841,49.0,,1327797.87
18/03/2024,18/03/2024,POS/3320/IOCL/KORAMANGALA,001279740749,5200.0,,1322597.87
18/03/2024,18/03/2024,POS/7800/AIRTEL/BTM LAYOUT,783399276706,5200.0,,1317397.87
20/03/2024,20/03/2024,POS/6820/PVR CINEMAS/KUKATPALLY,352344462111,7800.0,,1309597.87
20/03/2024,20/03/2024,BY TRANSFER/IMPS/120473319840/KIRAN REDDY/CNRB,120473319840,,7500.0,1317097.87
20/03/2024,20/03/2024,POS/3718/RELIANCE FRESH/MANGALURU,232970126753,699.0,,1316398.87
20/03/2024,20/03/2024,BY TRANSFER/IMPS/082138892038/POOJA SHARMA/CNRB,082138892038,,4800.0,1321198.87
20/03/2024,20/03/2024,BIL/INFT/513196141902/FLIPKART/PAYMENT,513196141902,249.0,,1320949.87
23/03/2024,23/03/2024,BIL/INFT/482132090824/SWIGGY/PAYMENT,482132090824,999.0,,1319950.87
23/03/2024,23/03/2024,ATM WDL/8188/KUKATPALLY,947772344853,79.0,,1319871.87
23/03/2024,23/03/2024,POS/0508/BPCL/KUKATPALLY,946795317101,449.0,,1319422.87
24/03/2024,24/03/2024,POS/8575/IOCL/HSR LAYOUT,748013376431,2380.0,,1317042.87
25/03/2024,25/03/2024,POS/7965/AIRTEL/BANJARA HILLS,027546557645,1250.0,,1315792.87
25/03/2024,25/03/2024,CREDIT INTEREST CAPITALISED,388238832595,,133.96,1315926.83
25/03/2024,25/03/2024,GST ON BANK CHARGES,564033207270,17.7,,1315909.13
26/03/2024,26/03/2024,UPI/256103884434/anjalirao541@okaxis/CNRB,256103884434,49.0,,1315860.13
26/03/2024,26/03/2024,BY TRANSFER/IMPS/843170089428/SANTOSH KUMAR/CNRB,843170089428,,850.0,1316710.13
26/03/2024,26/03/2024,ATM WDL/2371/HSR LAYOUT,009579221534,249.0,,1316461.13
26/03/2024,26/03/2024,BIL/INFT/415439209102/RELIANCE FRESH/PAYMENT,415439209102,310.0,,1316151.13
27/03/2024,27/03/2024,BY TRANSFER/IMPS/880526685541/PRIYA NAIR/CNRB,880526685541,,500.0,1316651.13
27/03/2024,27/03/2024,BY TRANSFER/IMPS/740629560594/PREETHI IYER/CNRB,740629560594,,24000.0,1340651.13
28/03/2024,28/03/2024,UPI/474703912528/divyamenon514@ybl/CNRB,474703912528,2380.0,,1338271.13
28/03/2024,28/03/2024,UPI/844087367039/mohandas409@okaxis/CNRB,844087367039,850.0,,1337421.13
28/03/2024,28/03/2024,BY TRANSFER/IMPS/291257996030/RAMESH GOWDA/CNRB,291257996030,,500.0,1337921.13
29/03/2024,29/03/2024,BIL/INFT/922133368331/PVR CINEMAS/PAYMENT,922133368331,120.0,,1337801.13
30/03/2024,30/03/2024,UPI/208766513439/vikramnair118@okaxis/CNRB,208766513439,49.0,,1337752.13
30/03/2024,30/03/2024,BY TRANSFER/IMPS/350082392071/MALLIKA DAS/CNRB,350082392071,,4800.0,1342552.13
30/03/2024,30/03/2024,BY TRANSFER/IMPS/620759345763/TARA SINGH/CNRB,620759345763,,2500.0,1345052.13
31/03/2024,31/03/2024,ATM WDL/4494/HYDERABAD,516845738409,449.0,,1344603.13
01/04/2024,01/04/2024,BY TRANSFER/IMPS/896602290700/VENKAT RAO/CNRB,896602290700,,7500.0,1352103.13
01/04/2024,01/04/2024,NEFT CR-HDFC0656408-TECHNOVA SOLUTIONS-448029003688-SALARY KAVYA REDDY,431347066048,,62000.0,1414103.13
02/04/2024,02/04/2024,ATM WDL/4691/MANGALURU,306784300439,5200.0,,1408903.13
03/04/2024,03/04/2024,BY TRANSFER/IMPS/072743962403/SNEHA PATIL/CNRB,072743962403,,2500.0,1411403.13
04/04/2024,04/04/2024,UPI/815974167256/ayeshakhan275@oksbi/CNRB,815974167256,2380.0,,1409023.13
04/04/2024,04/04/2024,POS/5474/AMAZON/WHITEFIELD,929297600350,5200.0,,1403823.13
04/04/2024,04/04/2024,BIL/INFT/126852826628/FLIPKART/PAYMENT,126852826628,249.0,,1403574.13
04/04/2024,04/04/2024,BIL/INFT/053125445387/FLIPKART/PAYMENT,053125445387,49.0,,1403525.13
04/04/2024,04/04/2024,POS/7263/PVR CINEMAS/MANGALURU,681788857972,449.0,,1403076.13
04/04/2024,04/04/2024,UPI/389462383777/naveenkuma520@okaxis/CNRB,389462383777,1250.0,,1401826.13
05/04/2024,05/04/2024,NEFT DR-HDFC0056199-LATHA DEVI-341760365682-RENT,413516422329,18000.0,,1383826.13
05/04/2024,05/04/2024,POS/4610/AIRTEL/MANGALURU,789484985475,120.0,,1383706.13
05/04/2024,05/04/2024,BY TRANSFER/IMPS/329964580061/RANJIT SINGH/CNRB,329964580061,,1200.0,1384906.13
05/04/2024,05/04/2024,ATM WDL/4307/MUMBAI,182456715609,249.0,,1384657.13
07/04/2024,07/04/2024,BY TRANSFER/IMPS/401420579543/SUNIL YADAV/CNRB,401420579543,,18500.0,1403157.13
07/04/2024,07/04/2024,ATM WDL/8914/MUMBAI,240962931539,850.0,,1402307.13
07/04/2024,07/04/2024,BIL/INFT/165334026540/FLIPKART/PAYMENT,165334026540,5200.0,,1397107.13
08/04/2024,08/04/2024,BY TRANSFER/IMPS/774561894872/RAVI KUMAR/CNRB,774561894872,,4800.0,1401907.13
10/04/2024,10/04/2024,BIL/INFT/074463959196/PVR CINEMAS/PAYMENT,074463959196,49.0,,1401858.13
10/04/2024,10/04/2024,UPI/034607482970/rajeshverm503@okhdfcbank/CNRB,034607482970,2380.0,,1399478.13
11/04/2024,11/04/2024,UPI/014989889343/tarageorge960@okhdfcbank/CNRB,014989889343,79.0,,1399399.13
12/04/2024,12/04/2024,POS/6364/RELIANCE FRESH/MANGALURU,274280474360,1250.0,,1398149.13
12/04/2024,12/04/2024,POS/4810/UBER/MYSURU,575725559094,850.0,,1397299.13
13/04/2024,13/04/2024,UPI/982128724566/poojasharm637@okhdfcbank/CNRB,982128724566,999.0,,1396300.13
13/04/2024,13/04/2024,UPI/732602016355/divyamenon347@oksbi/CNRB,732602016355,449.0,,1395851.13
14/04/2024,14/04/2024,BIL/INFT/540006704409/PVR CINEMAS/PAYMENT,540006704409,120.0,,1395731.13
15/04/2024,15/04/2024,UPI/728183782174/meerapilla992@okaxis/CNRB,728183782174,7800.0,,1387931.13
15/04/2024,15/04/2024,UPI/607056306331/poojasharm843@ybl/CNRB,607056306331,999.0,,1386932.13
15/04/2024,15/04/2024,BY TRANSFER/IMPS/634258067209/DEEPAK JOSHI/CNRB,634258067209,,11200.0,1398132.13
15/04/2024,15/04/2024,BIL/INFT/806821771483/IRCTC/PAYMENT,806821771483,699.0,,1397433.13
15/04/2024,15/04/2024,BY TRANSFER/IMPS/922143140677/NAVEEN KUMAR/CNRB,922143140677,,500.0,1397933.13
16/04/2024,16/04/2024,UPI/084502217786/harishmeno477@paytm/CNRB,084502217786,3499.0,,1394434.13
16/04/2024,16/04/2024,BY TRANSFER/IMPS/036851526761/BABU LAL/CNRB,036851526761,,24000.0,1418434.13
16/04/2024,16/04/2024,POS/2420/AMAZON/MANGALURU,158716742175,449.0,,1417985.13
16/04/2024,16/04/2024,BY TRANSFER/IMPS/187506391646/ARJUN MEHTA/CNRB,187506391646,,18500.0,1436485.13
17/04/2024,17/04/2024,BY TRANSFER/IMPS/069239816151/TARA GEORGE/CNRB,069239816151,,500.0,1436985.13
18/04/2024,18/04/2024,ATM WDL/6156/HSR LAYOUT,390226497581,1250.0,,1435735.13
19/04/2024,19/04/2024,POS/6563/HPCL/WHITEFIELD,397570424669,79.0,,1435656.13
19/04/2024,19/04/2024,BY TRANSFER/IMPS/523175196549/ADITYA KUMAR/CNRB,523175196549,,500.0,1436156.13
20/04/2024,20/04/2024,BIL/INFT/426727806805/UBER/PAYMENT,426727806805,79.0,,1436077.13
21/04/2024,21/04/2024,UPI/674875869288/santoshiye268@okaxis/CNRB,674875869288,3499.0,,1432578.13
21/04/2024,21/04/2024,BY TRANSFER/IMPS/710211443487/DEEPAK JOSHI/CNRB,710211443487,,18500.0,1451078.13
21/04/2024,21/04/2024,BY TRANSFER/IMPS/474801797078/DEEPA NAIR/CNRB,474801797078,,850.0,1451928.13
22/04/2024,22/04/2024,UPI/752124528437/meerapilla48@okaxis/CNRB,752124528437,1680.0,,1450248.13
23/04/2024,23/04/2024,ATM WDL/2457/MARATHAHALLI,374126573703,5200.0,,1445048.13
23/04/2024,23/04/2024,POS/8392/ZOMATO/HYDERABAD,371504716574,310.0,,1444738.13
24/04/2024,24/04/2024,UPI/496513965272/ayeshakhan752@oksbi/CNRB,496513965272,850.0,,1443888.13
25/04/2024,25/04/2024,POS/4159/HPCL/JAYANAGAR,029946690679,449.0,,1443439.13
25/04/2024,25/04/2024,BIL/INFT/881762925605/BESCOM/PAYMENT,881762925605,3499.0,,1439940.13
27/04/2024,27/04/2024,BIL/INFT/655649724057/FLIPKART/PAYMENT,655649724057,5200.0,,1434740.13
28/04/2024,28/04/2024,BIL/INFT/352437001954/ZOMATO/PAYMENT,352437001954,3499.0,,1431241.13
30/04/2024,30/04/2024,BIL/INFT/765288879231/IRCTC/PAYMENT,765288879231,1680.0,,1429561.13
01/05/2024,01/05/2024,BIL/INFT/076401321175/UBER/PAYMENT,076401321175,850.0,,1428711.13
01/05/2024,01/05/2024,POS/5474/APOLLO PHARMACY/JAYANAGAR,046583375019,310.0,,1428401.13
01/05/2024,01/05/2024,NEFT CR-HDFC0870926-TECHNOVA SOLUTIONS-487786090298-SALARY KAVYA REDDY,669456763448,,62500.0,1490901.13
01/05/2024,01/05/2024,POS/5126/HPCL/SECUNDERABAD,638374752741,449.0,,1490452.13
03/05/2024,03/05/2024,BIL/INFT/229159306665/FLIPKART/PAYMENT,229159306665,120.0,,1490332.13
03/05/2024,03/05/2024,POS/6241/AMAZON/SECUNDERABAD,862189701803,449.0,,1489883.13
03/05/2024,03/05/2024,UPI/777644198132/kiranreddy579@paytm/CNRB,777644198132,850.0,,1489033.13
03/05/2024,03/05/2024,ATM WDL/7274/WHITEFIELD,600172068577,5200.0,,1483833.13
04/05/2024,04/05/2024,ATM WDL/9540/BTM LAYOUT,217156417149,999.0,,1482834.13
05/05/2024,05/05/2024,ATM WDL/2302/BANJARA HILLS,458763258221,7800.0,,1475034.13
05/05/2024,05/05/2024,BIL/INFT/471682482844/JIO/PAYMENT,471682482844,120.0,,1474914.13
06/05/2024,06/05/2024,BIL/INFT/283752078440/OLA/PAYMENT,283752078440,310.0,,1474604.13
06/05/2024,06/05/2024,BY TRANSFER/IMPS/445758638267/RANJIT SINGH/CNRB,445758638267,,500.0,1475104.13
06/05/2024,06/05/2024,POS/6869/OLA/WHITEFIELD,325863126558,2380.0,,1472724.13
06/05/2024,06/05/2024,NEFT DR-HDFC0203254-DIVYA MENON-732689960804-RENT,503476619333,22000.0,,1450724.13
06/05/2024,06/05/2024,BIL/INFT/823581617908/APOLLO PHARMACY/PAYMENT,823581617908,699.0,,1450025.13
08/05/2024,08/05/2024,POS/7975/UBER/KUKATPALLY,465829351249,1680.0,,1448345.13
09/05/2024,09/05/2024,BIL/INFT/792232342074/IRCTC/PAYMENT,792232342074,79.0,,1448266.13
12/05/2024,12/05/2024,UPI/713821861165/arjunmehta930@okaxis/CNRB,713821861165,120.0,,1448146.13
15/05/2024,15/05/2024,BIL/INFT/862377512619/FLIPKART/PAYMENT,862377512619,449.0,,1447697.13
15/05/2024,15/05/2024,BIL/INFT/145919831706/RELIANCE FRESH/PAYMENT,145919831706,2380.0,,1445317.13
16/05/2024,16/05/2024,ATM WDL/9913/MARATHAHALLI,314354919357,249.0,,1445068.13
17/05/2024,17/05/2024,BY TRANSFER/IMPS/750675900607/TARA SINGH/CNRB,750675900607,,11200.0,1456268.13
17/05/2024,17/05/2024,ATM WDL/9855/SECUNDERABAD,573279367375,1250.0,,1455018.13
17/05/2024,17/05/2024,BY TRANSFER/IMPS/915768511842/SMITHA PILLAI/CNRB,915768511842,,850.0,1455868.13
18/05/2024,18/05/2024,POS/5710/BESCOM/BTM LAYOUT,811624363058,249.0,,1455619.13
18/05/2024,18/05/2024,UPI/926445746075/kavyareddy814@okaxis/CNRB,926445746075,79.0,,1455540.13
18/05/2024,18/05/2024,POS/9212/IOCL/BTM LAYOUT,044051120862,699.0,,1454841.13
18/05/2024,18/05/2024,POS/6630/AMAZON/HSR LAYOUT,548564195735,449.0,,1454392.13
19/05/2024,19/05/2024,ATM WDL/6595/MUMBAI,454399761189,79.0,,1454313.13
19/05/2024,19/05/2024,POS/5923/SWIGGY/INDIRANAGAR,796784785906,3499.0,,1450814.13
20/05/2024,20/05/2024,UPI/281909216755/vinaypatil628@okaxis/CNRB,281909216755,850.0,,1449964.13
21/05/2024,21/05/2024,BIL/INFT/918426907182/JIO/PAYMENT,918426907182,699.0,,1449265.13
22/05/2024,22/05/2024,UPI/198897076172/naveenkuma788@ybl/CNRB,198897076172,3499.0,,1445766.13
22/05/2024,22/05/2024,BIL/INFT/271607932652/AMAZON/PAYMENT,271607932652,79.0,,1445687.13
23/05/2024,23/05/2024,BY TRANSFER/IMPS/336191315148/RAHUL SINGH/CNRB,336191315148,,11200.0,1456887.13
24/05/2024,24/05/2024,ATM WDL/6205/PUNE,432210427167,999.0,,1455888.13
26/05/2024,26/05/2024,BY TRANSFER/IMPS/339343994055/GANESH KUMAR/CNRB,339343994055,,1200.0,1457088.13
27/05/2024,27/05/2024,BY TRANSFER/IMPS/408437141133/DIVYA MENON/CNRB,408437141133,,2500.0,1459588.13
27/05/2024,27/05/2024,UPI/903898016571/naveenkuma370@paytm/CNRB,903898016571,5200.0,,1454388.13
28/05/2024,28/05/2024,BY TRANSFER/IMPS/755509936808/ROHIT SHARMA/CNRB,755509936808,,11200.0,1465588.13
01/06/2024,01/06/2024,BY TRANSFER/IMPS/321367349374/USHA RANI/CNRB,321367349374,,4800.0,1470388.13
01/06/2024,01/06/2024,NEFT CR-HDFC0455687-TECHNOVA SOLUTIONS-616803392118-SALARY KAVYA REDDY,981733329026,,62000.0,1532388.13
01/06/2024,01/06/2024,ATM WDL/2082/MARATHAHALLI,907207946564,7800.0,,1524588.13
02/06/2024,02/06/2024,ATM WDL/8501/MYSURU,989106768803,3499.0,,1521089.13
03/06/2024,03/06/2024,POS/4672/APOLLO PHARMACY/MARATHAHALLI,315647527200,449.0,,1520640.13
03/06/2024,03/06/2024,BY TRANSFER/IMPS/311872135800/RAJESH VERMA/CNRB,311872135800,,7500.0,1528140.13
04/06/2024,04/06/2024,BIL/INFT/562006246376/DMART/PAYMENT,562006246376,5200.0,,1522940.13
05/06/2024,05/06/2024,ATM WDL/0037/MUMBAI,993598080918,999.0,,1521941.13
05/06/2024,05/06/2024,BY TRANSFER/IMPS/752445103788/SMITHA PILLAI/CNRB,752445103788,,850.0,1522791.13
06/06/2024,06/06/2024,BIL/INFT/380485837290/ZOMATO/PAYMENT,380485837290,850.0,,1521941.13
06/06/2024,06/06/2024,NEFT DR-HDFC0496018-ARJUN MEHTA-037626074336-RENT,175018611827,26500.0,,1495441.13
07/06/2024,07/06/2024,BY TRANSFER/IMPS/540826796925/ARUN SHARMA/CNRB,540826796925,,850.0,1496291.13
07/06/2024,07/06/2024,ATM WDL/3701/JAYANAGAR,360220931085,1680.0,,1494611.13
10/06/2024,10/06/2024,POS/6807/IOCL/HSR LAYOUT,570923939483,5200.0,,1489411.13
10/06/2024,10/06/2024,BIL/INFT/506198577828/ZOMATO/PAYMENT,506198577828,999.0,,1488412.13
12/06/2024,12/06/2024,POS/2137/BOOKMYSHOW/SECUNDERABAD,421272517284,999.0,,1487413.13
13/06/2024,13/06/2024,BIL/INFT/187761766049/RELIANCE FRESH/PAYMENT,187761766049,7800.0,,1479613.13
13/06/2024,13/06/2024,BY TRANSFER/IMPS/976358921800/NAVEEN KUMAR/CNRB,976358921800,,1200.0,1480813.13
14/06/2024,14/06/2024,UPI/711523499187/naveenkuma924@okhdfcbank/CNRB,711523499187,5200.0,,1475613.13
15/06/2024,15/06/2024,POS/3034/BOOKMYSHOW/MARATHAHALLI,450031896350,3499.0,,1472114.13
15/06/2024,15/06/2024,ATM WDL/8153/HYDERABAD,074222892866,79.0,,1472035.13
15/06/2024,15/06/2024,BIL/INFT/884636521207/IRCTC/PAYMENT,884636521207,2380.0,,1469655.13
15/06/2024,15/06/2024,BY TRANSFER/IMPS/995545485268/BABU LAL/CNRB,995545485268,,2500.0,1472155.13
16/06/2024,16/06/2024,POS/8531/IOCL/SECUNDERABAD,857591741915,850.0,,1471305.13
17/06/2024,17/06/2024,ATM WDL/5979/HYDERABAD,280672389169,5200.0,,1466105.13
17/06/2024,17/06/2024,BIL/INFT/958396310908/IOCL/PAYMENT,958396310908,449.0,,1465656.13
18/06/2024,18/06/2024,UPI/816160140624/meerapilla561@okaxis/CNRB,816160140624,1250.0,,1464406.13
18/06/2024,18/06/2024,POS/2629/OLA/HSR LAYOUT,002047627394,79.0,,1464327.13
18/06/2024,18/06/2024,BIL/INFT/222445903212/DMART/PAYMENT,222445903212,1680.0,,1462647.13
21/06/2024,21/06/2024,BIL/INFT/096793592294/HPCL/PAYMENT,096793592294,1680.0,,1460967.13
22/06/2024,22/06/2024,POS/0444/ZOMATO/HYDERABAD,905323942827,999.0,,1459968.13
22/06/2024,22/06/2024,BIL/INFT/458574197660/BESCOM/PAYMENT,458574197660,449.0,,1459519.13
24/06/2024,24/06/2024,ATM WDL/8808/KORAMANGALA,471099518800,449.0,,1459070.13
25/06/2024,25/06/2024,CREDIT INTEREST CAPITALISED,724900877497,,88.0,1459158.13
25/06/2024,25/06/2024,GST ON BANK CHARGES,628243836611,17.7,,1459140.43
25/06/2024,25/06/2024,ATM WDL/0461/PUNE,315986281915,1250.0,,1457890.43
27/06/2024,27/06/2024,BIL/INFT/525300905062/AMAZON/PAYMENT,525300905062,449.0,,1457441.43
27/06/2024,27/06/2024,BIL/INFT/183136282030/AMAZON/PAYMENT,183136282030,3499.0,,1453942.43
28/06/2024,28/06/2024,POS/6479/IRCTC/HYDERABAD,273770821547,1250.0,,1452692.43
28/06/2024,28/06/2024,POS/8285/APOLLO PHARMACY/MYSURU,724870043247,120.0,,1452572.43
02/07/2024,02/07/2024,NEFT CR-HDFC0159854-TECHNOVA SOLUTIONS-973023919155-SALARY KAVYA REDDY,286006189477,,62000.0,1514572.43
02/07/2024,02/07/2024,UPI/443710861188/smitharao925@oksbi/CNRB,443710861188,5200.0,,1509372.43
04/07/2024,04/07/2024,BY TRANSFER/IMPS/516901636370/KIRAN REDDY/CNRB,516901636370,,500.0,1509872.43
04/07/2024,04/07/2024,BIL/INFT/862979983286/PVR CINEMAS/PAYMENT,862979983286,1680.0,,1508192.43
05/07/2024,05/07/2024,UPI/842906992050/santoshiye963@ybl/CNRB,842906992050,699.0,,1507493.43
06/07/2024,06/07/2024,NEFT DR-HDFC0805647-DIVYA MENON-927988109878-RENT,003646573340,26500.0,,1480993.43
06/07/2024,06/07/2024,BIL/INFT/915379996673/AIRTEL/PAYMENT,915379996673,120.0,,1480873.43
06/07/2024,06/07/2024,BIL/INFT/687585255347/DMART/PAYMENT,687585255347,3499.0,,1477374.43
07/07/2024,07/07/2024,BIL/INFT/126249393439/SWIGGY/PAYMENT,126249393439,79.0,,1477295.43
07/07/2024,07/07/2024,POS/9517/UBER/SECUNDERABAD,157395173955,2380.0,,1474915.43
07/07/2024,07/07/2024,POS/6437/ZOMATO/MARATHAHALLI,240922270677,310.0,,1474605.43
07/07/2024,07/07/2024,BIL/INFT/491699104017/IOCL/PAYMENT,491699104017,999.0,,1473606.43
08/07/2024,08/07/2024,BY TRANSFER/IMPS/486035925756/PADMA RAO/CNRB,486035925756,,500.0,1474106.43
08/07/2024,08/07/2024,BIL/INFT/787191203018/OLA/PAYMENT,787191203018,249.0,,1473857.43
08/07/2024,08/07/2024,ATM WDL/5953/JAYANAGAR,121631236606,79.0,,1473778.43
08/07/2024,08/07/2024,ATM WDL/5670/SECUNDERABAD,011156741314,310.0,,1473468.43
09/07/2024,09/07/2024,BIL/INFT/173236353803/IRCTC/PAYMENT,173236353803,79.0,,1473389.43
09/07/2024,09/07/2024,BY TRANSFER/IMPS/357573433206/RAJESH VERMA/CNRB,357573433206,,24000.0,1497389.43
10/07/2024,10/07/2024,BY TRANSFER/IMPS/920652056547/PRAKASH RAO/CNRB,920652056547,,24000.0,1521389.43
10/07/2024,10/07/2024,POS/1959/OLA/BTM LAYOUT,393314080010,7800.0,,1513589.43
10/07/2024,10/07/2024,BIL/INFT/386030247998/SWIGGY/PAYMENT,386030247998,310.0,,1513279.43
11/07/2024,11/07/2024,BY TRANSFER/IMPS/634328818617/BINDHU NAIR/CNRB,634328818617,,11200.0,1524479.43
11/07/2024,11/07/2024,BIL/INFT/352991532180/FLIPKART/PAYMENT,352991532180,699.0,,1523780.43
12/07/2024,12/07/2024,BIL/INFT/837453468091/IRCTC/PAYMENT,837453468091,249.0,,1523531.43
13/07/2024,13/07/2024,BIL/INFT/358398444504/UBER/PAYMENT,358398444504,5200.0,,1518331.43
13/07/2024,13/07/2024,BY TRANSFER/IMPS/774562963740/MOHAN DAS/CNRB,774562963740,,7500.0,1525831.43
13/07/2024,13/07/2024,BIL/INFT/438921471306/IRCTC/PAYMENT,438921471306,49.0,,1525782.43
14/07/2024,14/07/2024,UPI/912595752785/vikramnair919@paytm/CNRB,912595752785,699.0,,1525083.43
14/07/2024,14/07/2024,ATM WDL/5365/MUMBAI,436438196032,5200.0,,1519883.43
14/07/2024,14/07/2024,POS/1304/DMART/WHITEFIELD,429013385095,49.0,,1519834.43
17/07/2024,17/07/2024,POS/6476/BESCOM/MYSURU,884369604767,699.0,,1519135.43
17/07/2024,17/07/2024,BIL/INFT/306916107030/SWIGGY/PAYMENT,306916107030,2380.0,,1516755.43
17/07/2024,17/07/2024,BY TRANSFER/IMPS/612350555162/AYESHA KHAN/CNRB,612350555162,,18500.0,1535255.43
18/07/2024,18/07/2024,UPI/581063756117/rahulsingh123@paytm/CNRB,581063756117,699.0,,1534556.43
19/07/2024,19/07/2024,UPI/555283981851/arjunmehta678@okhdfcbank/CNRB,555283981851,1680.0,,1532876.43
20/07/2024,20/07/2024,BY TRANSFER/IMPS/852728323286/POOJA SHARMA/CNRB,852728323286,,4800.0,1537676.43
20/07/2024,20/07/2024,ATM WDL/7905/INDIRANAGAR,049437329609,249.0,,1537427.43
20/07/2024,20/07/2024,ATM WDL/2381/WHITEFIELD,389212972164,449.0,,1536978.43
21/07/2024,21/07/2024,UPI/252013563402/harishmeno206@oksbi/CNRB,252013563402,3499.0,,1533479.43
22/07/2024,22/07/2024,UPI/570305054590/rohitsharm843@ybl/CNRB,570305054590,249.0,,1533230.43
22/07/2024,22/07/2024,POS/5002/AIRTEL/PUNE,450251223076,310.0,,1532920.43
23/07/2024,23/07/2024,BY TRANSFER/IMPS/257622212084/ARJUN MEHTA/CNRB,257622212084,,4800.0,1537720.43
27/07/2024,27/07/2024,BIL/INFT/115137361955/AIRTEL/PAYMENT,115137361955,449.0,,1537271.43
27/07/2024,27/07/2024,POS/1889/APOLLO PHARMACY/KORAMANGALA,752963547602,1250.0,,1536021.43
27/07/2024,27/07/2024,POS/2300/MEDPLUS/MANGALURU,714522250066,1680.0,,1534341.43
28/07/2024,28/07/2024,BY TRANSFER/IMPS/493512893019/SUNIL YADAV/CNRB,493512893019,,18500.0,1552841.43
28/07/2024,28/07/2024,ATM WDL/7883/HSR LAYOUT,501952348920,79.0,,1552762.43
29/07/2024,29/07/2024,ATM WDL/3565/MUMBAI,270072405221,449.0,,1552313.43
30/07/2024,30/07/2024,UPI/551497004782/mohandas107@okhdfcbank/CNRB,551497004782,7800.0,,1544513.43
31/07/2024,31/07/2024,POS/0629/AMAZON/MANGALURU,584849732649,5200.0,,1539313.43
31/07/2024,31/07/2024,BIL/INFT/037659071278/BOOKMYSHOW/PAYMENT,037659071278,1250.0,,1538063.43
31/07/2024,31/07/2024,BY TRANSFER/IMPS/196340173465/ADITYA KUMAR/CNRB,196340173465,,4800.0,1542863.43
31/07/2024,31/07/2024,UPI/843979008506/farhankhan663@paytm/CNRB,843979008506,999.0,,1541864.43
01/08/2024,01/08/2024,BY TRANSFER/IMPS/319196470115/ARJUN MEHTA/CNRB,319196470115,,2500.0,1544364.43
01/08/2024,01/08/2024,POS/2451/UBER/INDIRANAGAR,667781035629,3499.0,,1540865.43
01/08/2024,01/08/2024,ATM WDL/0265/MANGALURU,035604795061,310.0,,1540555.43
03/08/2024,03/08/2024,NEFT CR-HDFC0473665-TECHNOVA SOLUTIONS-172386917259-SALARY KAVYA REDDY,225448113612,,62000.0,1602555.43
03/08/2024,03/08/2024,NEFT DR-HDFC0151925-PRIYA NAIR-599858479193-RENT,587025529432,31000.0,,1571555.43
04/08/2024,04/08/2024,BIL/INFT/265693099574/IOCL/PAYMENT,265693099574,310.0,,1571245.43
04/08/2024,04/08/2024,POS/4309/AMAZON/BANJARA HILLS,192829409706,1250.0,,1569995.43
04/08/2024,04/08/2024,ATM WDL/4540/MARATHAHALLI,757486545527,850.0,,1569145.43
05/08/2024,05/08/2024,BIL/INFT/228761902411/AMAZON/PAYMENT,228761902411,79.0,,1569066.43
06/08/2024,06/08/2024,UPI/430537220608/tarageorge400@oksbi/CNRB,430537220608,79.0,,1568987.43
06/08/2024,06/08/2024,ATM WDL/8569/WHITEFIELD,613476235397,999.0,,1567988.43
06/08/2024,06/08/2024,UPI/351527400572/sunilshett83@okaxis/CNRB,351527400572,999.0,,1566989.43
07/08/2024,07/08/2024,BY TRANSFER/IMPS/760882627441/MALLIKA DAS/CNRB,760882627441,,2500.0,1569489.43
07/08/2024,07/08/2024,BIL/INFT/624393142079/UBER/PAYMENT,624393142079,79.0,,1569410.43
08/08/2024,08/08/2024,BIL/INFT/690479351323/OLA/PAYMENT,690479351323,310.0,,1569100.43
08/08/2024,08/08/2024,POS/2356/FLIPKART/HYDERABAD,034041521091,2380.0,,1566720.43
08/08/2024,08/08/2024,BY TRANSFER/IMPS/061533301453/NIKHIL GUPTA/CNRB,061533301453,,11200.0,1577920.43
09/08/2024,09/08/2024,POS/1912/AIRTEL/WHITEFIELD,128734742344,1680.0,,1576240.43
09/08/2024,09/08/2024,ATM WDL/2407/BANJARA HILLS,528344075962,850.0,,1575390.43
09/08/2024,09/08/2024,UPI/773818603519/divyamenon738@okaxis/CNRB,773818603519,1680.0,,1573710.43
10/08/2024,10/08/2024,POS/1051/MEDPLUS/JAYANAGAR,620484797596,850.0,,1572860.43
10/08/2024,10/08/2024,UPI/907267467862/priyanair298@paytm/CNRB,907267467862,120.0,,1572740.43
11/08/2024,11/08/2024,BY TRANSFER/IMPS/627925177958/NIKHIL GUPTA/CNRB,627925177958,,4800.0,1577540.43
11/08/2024,11/08/2024,UPI/209951876053/rahulsingh521@paytm/CNRB,209951876053,999.0,,1576541.43
11/08/2024,11/08/2024,UPI/644605274409/lathadevi435@okaxis/CNRB,644605274409,120.0,,1576421.43
11/08/2024,11/08/2024,UPI/536583537618/vikramnair998@okaxis/CNRB,536583537618,999.0,,1575422.43
11/08/2024,11/08/2024,ATM WDL/5827/MYSURU,408290520857,49.0,,1575373.43
11/08/2024,11/08/2024,BY TRANSFER/IMPS/674846825726/RAJENDRA PRASAD/CNRB,674846825726,,500.0,1575873.43
11/08/2024,11/08/2024,UPI/937909821856/kavyareddy794@okhdfcbank/CNRB,937909821856,249.0,,1575624.43
15/08/2024,15/08/2024,UPI/037304898309/divyamenon959@oksbi/CNRB,037304898309,120.0,,1575504.43
15/08/2024,15/08/2024,ATM WDL/2460/HYDERABAD,346849803228,3499.0,,1572005.43
16/08/2024,16/08/2024,POS/3529/DMART/BTM LAYOUT,425682170161,7800.0,,1564205.43
16/08/2024,16/08/2024,ATM WDL/8541/BANJARA HILLS,311749563441,850.0,,1563355.43
17/08/2024,17/08/2024,ATM WDL/8318/KORAMANGALA,015134991414,699.0,,1562656.43
18/08/2024,18/08/2024,BY TRANSFER/IMPS/992927282118/BABU LAL/CNRB,992927282118,,24000.0,1586656.43
18/08/2024,18/08/2024,ATM WDL/8845/KORAMANGALA,122787723347,999.0,,1585657.43
19/08/2024,19/08/2024,UPI/405389287723/tarageorge843@okaxis/CNRB,405389287723,79.0,,1585578.43
19/08/2024,19/08/2024,BIL/INFT/705809433536/MEDPLUS/PAYMENT,705809433536,249.0,,1585329.43
21/08/2024,21/08/2024,ATM WDL/7205/SECUNDERABAD,665556630446,310.0,,1585019.43
23/08/2024,23/08/2024,ATM WDL/5471/KUKATPALLY,179092492526,449.0,,1584570.43
24/08/2024,24/08/2024,ATM WDL/8524/WHITEFIELD,911063108485,3499.0,,1581071.43
25/08/2024,25/08/2024,BY TRANSFER/IMPS/417074290813/GOPAL NAIK/CNRB,417074290813,,500.0,1581571.43
25/08/2024,25/08/2024,UPI/386326374706/divyamenon846@okhdfcbank/CNRB,386326374706,3499.0,,1578072.43
26/08/2024,26/08/2024,BY TRANSFER/IMPS/297194715797/PRADEEP SINGH/CNRB,297194715797,,2500.0,1580572.43
27/08/2024,27/08/2024,BIL/INFT/809337647433/SWIGGY/PAYMENT,809337647433,2380.0,,1578192.43
28/08/2024,28/08/2024,POS/2089/UBER/HYDERABAD,205839531305,5200.0,,1572992.43
29/08/2024,29/08/2024,BY TRANSFER/IMPS/226919736440/PRADEEP SINGH/CNRB,226919736440,,11200.0,1584192.43
29/08/2024,29/08/2024,BIL/INFT/713997254183/RELIANCE FRESH/PAYMENT,713997254183,1680.0,,1582512.43
29/08/2024,29/08/2024,BY TRANSFER/IMPS/019807777254/TANVI RAO/CNRB,019807777254,,7500.0,1590012.43
30/08/2024,30/08/2024,UPI/910792848522/kiranreddy451@paytm/CNRB,910792848522,5200.0,,1584812.43
30/08/2024,30/08/2024,BY TRANSFER/IMPS/691303571042/RAJENDRA PRASAD/CNRB,691303571042,,2500.0,1587312.43
31/08/2024,31/08/2024,BY TRANSFER/IMPS/625127769032/PRIYA NAIR/CNRB,625127769032,,500.0,1587812.43
31/08/2024,31/08/2024,POS/0236/OLA/SECUNDERABAD,606355150666,449.0,,1587363.43
01/09/2024,01/09/2024,UPI/892900060904/smitharao832@oksbi/CNRB,892900060904,79.0,,1587284.43
02/09/2024,02/09/2024,NEFT CR-HDFC0869728-TECHNOVA SOLUTIONS-170526674494-SALARY KAVYA REDDY,188857207294,,61250.0,1648534.43
03/09/2024,03/09/2024,UPI/826507547724/vinaypatil407@paytm/CNRB,826507547724,1680.0,,1646854.43
05/09/2024,05/09/2024,NEFT DR-HDFC0518182-SANTOSH IYER-081630726661-RENT,210312121212,18000.0,,1628854.43
07/09/2024,07/09/2024,POS/9120/MEDPLUS/SECUNDERABAD,121856051397,5200.0,,1623654.43
09/09/2024,09/09/2024,POS/4340/OLA/MANGALURU,744084493929,999.0,,1622655.43
09/09/2024,09/09/2024,BY TRANSFER/IMPS/601050476679/RESHMA KHAN/CNRB,601050476679,,850.0,1623505.43
09/09/2024,09/09/2024,BY TRANSFER/IMPS/136720562588/ARUN SHARMA/CNRB,136720562588,,18500.0,1642005.43
15/09/2024,15/09/2024,BY TRANSFER/IMPS/106065646910/NILESH KULKARNI/CNRB,106065646910,,11200.0,1653205.43
15/09/2024,15/09/2024,UPI/579935952741/priyanair819@oksbi/CNRB,579935952741,449.0,,1652756.43
15/09/2024,15/09/2024,BY TRANSFER/IMPS/764849443042/RAMESH PILLAI/CNRB,764849443042,,500.0,1653256.43
15/09/2024,15/09/2024,BIL/INFT/711335046167/APOLLO PHARMACY/PAYMENT,711335046167,5200.0,,1648056.43
16/09/2024,16/09/2024,POS/1418/SWIGGY/MARATHAHALLI,235463218889,1250.0,,1646806.43
16/09/2024,16/09/2024,BY TRANSFER/IMPS/159832472532/DIVYA MENON/CNRB,159832472532,,11200.0,1658006.43
16/09/2024,16/09/2024,UPI/251177130716/mohandas909@oksbi/CNRB,251177130716,120.0,,1657886.43
16/09/2024,16/09/2024,ATM WDL/0992/BTM LAYOUT,111321608293,699.0,,1657187.43
17/09/2024,17/09/2024,BIL/INFT/319513179366/OLA/PAYMENT,319513179366,2380.0,,1654807.43
17/09/2024,17/09/2024,POS/2802/IRCTC/PUNE,324253477656,249.0,,1654558.43
18/09/2024,18/09/2024,ATM WDL/7508/SECUNDERABAD,757451172700,1250.0,,1653308.43
18/09/2024,18/09/2024,UPI/261479200908/kiranreddy776@paytm/CNRB,261479200908,310.0,,1652998.43
18/09/2024,18/09/2024,BY TRANSFER/IMPS/009456383998/SUNITA DEVI/CNRB,009456383998,,4800.0,1657798.43
20/09/2024,20/09/2024,BY TRANSFER/IMPS/167041178891/NAVEEN KUMAR/CNRB,167041178891,,4800.0,1662598.43
20/09/2024,20/09/2024,ATM WDL/2411/MYSURU,792040631327,3499.0,,1659099.43
20/09/2024,20/09/2024,ATM WDL/0938/JAYANAGAR,455634834062,850.0,,1658249.43
21/09/2024,21/09/2024,POS/6102/ZOMATO/PUNE,458828262433,1680.0,,1656569.43
21/09/2024,21/09/2024,ATM WDL/6366/MANGALURU,975901252988,310.0,,1656259.43
21/09/2024,21/09/2024,BIL/INFT/554092392022/IOCL/PAYMENT,554092392022,449.0,,1655810.43
22/09/2024,22/09/2024,BIL/INFT/410454527442/AIRTEL/PAYMENT,410454527442,850.0,,1654960.43
22/09/2024,22/09/2024,ATM WDL/6483/KORAMANGALA,763491149629,699.0,,1654261.43
22/09/2024,22/09/2024,BIL/INFT/690981603818/SWIGGY/PAYMENT,690981603818,699.0,,1653562.43
23/09/2024,23/09/2024,UPI/764665508060/kavyareddy533@paytm/CNRB,764665508060,5200.0,,1648362.43
23/09/2024,23/09/2024,BIL/INFT/142487980043/IRCTC/PAYMENT,142487980043,310.0,,1648052.43
23/09/2024,23/09/2024,UPI/843444546595/gopalnaik268@oksbi/CNRB,843444546595,120.0,,1647932.43
23/09/2024,23/09/2024,BIL/INFT/627100497670/FLIPKART/PAYMENT,627100497670,310.0,,1647622.43
25/09/2024,25/09/2024,CREDIT INTEREST CAPITALISED,311078910568,,106.87,1647729.3
25/09/2024,25/09/2024,GST ON BANK CHARGES,952272301471,17.7,,1647711.6
25/09/2024,25/09/2024,ATM WDL/2214/HYDERABAD,808222749448,2380.0,,1645331.6
27/09/2024,27/09/2024,UPI/101213950558/meerapilla400@ybl/CNRB,101213950558,2380.0,,1642951.6
27/09/2024,27/09/2024,POS/7537/RELIANCE FRESH/PUNE,322595858635,699.0,,1642252.6
27/09/2024,27/09/2024,ATM WDL/6634/KORAMANGALA,204455822181,120.0,,1642132.6
28/09/2024,28/09/2024,UPI/942691542490/santoshiye765@okaxis/CNRB,942691542490,1680.0,,1640452.6
29/09/2024,29/09/2024,BIL/INFT/074987645559/AIRTEL/PAYMENT,074987645559,2380.0,,1638072.6
29/09/2024,29/09/2024,BY TRANSFER/IMPS/701135522255/TARA SINGH/CNRB,701135522255,,850.0,1638922.6
29/09/2024,29/09/2024,UPI/411772934647/gopalnaik321@okaxis/CNRB,411772934647,850.0,,1638072.6
01/10/2024,01/10/2024,BIL/INFT/762968007665/AMAZON/PAYMENT,762968007665,5200.0,,1632872.6
01/10/2024,01/10/2024,BIL/INFT/911753656541/IRCTC/PAYMENT,911753656541,850.0,,1632022.6
01/10/2024,01/10/2024,ATM WDL/8357/INDIRANAGAR,088283600107,120.0,,1631902.6
02/10/2024,02/10/2024,BY TRANSFER/IMPS/753454918537/VINAY PATIL/CNRB,753454918537,,11200.0,1643102.6
02/10/2024,02/10/2024,BIL/INFT/437788744398/SWIGGY/PAYMENT,437788744398,310.0,,1642792.6
02/10/2024,02/10/2024,UPI/495279291748/anjalirao263@paytm/CNRB,495279291748,2380.0,,1640412.6
03/10/2024,03/10/2024,POS/8421/AIRTEL/PUNE,871127882402,79.0,,1640333.6
03/10/2024,03/10/2024,BY TRANSFER/IMPS/005959326655/RAVI KUMAR/CNRB,005959326655,,500.0,1640833.6
03/10/2024,03/10/2024,NEFT CR-HDFC0208769-TECHNOVA SOLUTIONS-190157081413-SALARY KAVYA REDDY,183949844685,,62500.0,1703333.6
03/10/2024,03/10/2024,NEFT DR-HDFC0293393-PRIYA NAIR-629887786763-RENT,828691781802,22000.0,,1681333.6
04/10/2024,04/10/2024,BIL/INFT/598690031007/BESCOM/PAYMENT,598690031007,249.0,,1681084.6
04/10/2024,04/10/2024,NEFT-118758628011-TECHNOVA SOLUTIONS-REIMB-923959-HDFC0179942,669307536249,,12000.0,1693084.6
05/10/2024,05/10/2024,BIL/INFT/062643637138/BESCOM/PAYMENT,062643637138,449.0,,1692635.6
05/10/2024,05/10/2024,UPI/529890417601/santoshiye511@okaxis/CNRB,529890417601,5200.0,,1687435.6
06/10/2024,06/10/2024,POS/6811/BPCL/HSR LAYOUT,048303267625,449.0,,1686986.6
07/10/2024,07/10/2024,POS/5923/OLA/PUNE,946145176156,850.0,,1686136.6
07/10/2024,07/10/2024,BY TRANSFER/IMPS/120776221616/KIRAN REDDY/CNRB,120776221616,,18500.0,1704636.6
07/10/2024,07/10/2024,BIL/INFT/529665979036/AMAZON/PAYMENT,529665979036,699.0,,1703937.6
07/10/2024,07/10/2024,NEFT-797267821488-TECHNOVA SOLUTIONS-REIMB-923959-HDFC0532786,138064978528,,24000.0,1727937.6
07/10/2024,07/10/2024,POS/6341/BPCL/BANJARA HILLS,520272127843,2380.0,,1725557.6
08/10/2024,08/10/2024,UPI/327012611229/harishmeno911@paytm/CNRB,327012611229,3499.0,,1722058.6
10/10/2024,10/10/2024,UPI/242046722206/naveenkuma886@ybl/CNRB,242046722206,1250.0,,1720808.6
10/10/2024,10/10/2024,POS/7852/MEDPLUS/HYDERABAD,526602004312,449.0,,1720359.6
10/10/2024,10/10/2024,BIL/INFT/459047288010/BPCL/PAYMENT,459047288010,79.0,,1720280.6
11/10/2024,11/10/2024,UPI/799089592722/ayeshakhan582@okhdfcbank/CNRB,799089592722,449.0,,1719831.6
11/10/2024,11/10/2024,UPI/087926327500/arjunmehta340@okaxis/CNRB,087926327500,120.0,,1719711.6
11/10/2024,11/10/2024,BY TRANSFER/IMPS/122247936259/MEENA IYER/CNRB,122247936259,,7500.0,1727211.6
11/10/2024,11/10/2024,ATM WDL/9756/KUKATPALLY,915651770195,49.0,,1727162.6
13/10/2024,13/10/2024,POS/9938/RELIANCE FRESH/SECUNDERABAD,957530696835,1680.0,,1725482.6
13/10/2024,13/10/2024,BY TRANSFER/IMPS/369620556735/AYESHA KHAN/CNRB,369620556735,,1200.0,1726682.6
14/10/2024,14/10/2024,ATM WDL/3148/JAYANAGAR,767924950873,1250.0,,1725432.6
14/10/2024,14/10/2024,POS/9870/MEDPLUS/MYSURU,062107050088,999.0,,1724433.6
16/10/2024,16/10/2024,UPI/856645482773/arjunmehta604@paytm/CNRB,856645482773,999.0,,1723434.6
17/10/2024,17/10/2024,BIL/INFT/647044470672/AIRTEL/PAYMENT,647044470672,120.0,,1723314.6
18/10/2024,18/10/2024,BIL/INFT/958737894192/RELIANCE FRESH/PAYMENT,958737894192,310.0,,1723004.6
19/10/2024,19/10/2024,POS/0826/PVR CINEMAS/MARATHAHALLI,843612478581,850.0,,1722154.6
21/10/2024,21/10/2024,POS/7593/DMART/KUKATPALLY,951316005266,1680.0,,1720474.6
22/10/2024,22/10/2024,BY TRANSFER/IMPS/622446401525/SANJANA HEGDE/CNRB,622446401525,,24000.0,1744474.6
22/10/2024,22/10/2024,UPI/730749520188/farhankhan845@okhdfcbank/CNRB,730749520188,999.0,,1743475.6
23/10/2024,23/10/2024,ATM WDL/5959/KUKATPALLY,350414612755,1250.0,,1742225.6
23/10/2024,23/10/2024,POS/2183/IOCL/MANGALURU,168490159154,1250.0,,1740975.6
23/10/2024,23/10/2024,POS/6817/AMAZON/BTM LAYOUT,949820480492,449.0,,1740526.6
23/10/2024,23/10/2024,ATM WDL/9359/INDIRANAGAR,108293904337,1250.0,,1739276.6
24/10/2024,24/10/2024,BY TRANSFER/IMPS/616538550420/KIRAN REDDY/CNRB,616538550420,,18500.0,1757776.6
24/10/2024,24/10/2024,BY TRANSFER/IMPS/300606716040/DEEPA NAIR/CNRB,300606716040,,11200.0,1768976.6
25/10/2024,25/10/2024,ATM WDL/5812/WHITEFIELD,504384193400,449.0,,1768527.6
26/10/2024,26/10/2024,BIL/INFT/429090420217/AIRTEL/PAYMENT,429090420217,850.0,,1767677.6
28/10/2024,28/10/2024,BY TRANSFER/IMPS/660470322641/ADITYA KUMAR/CNRB,660470322641,,18500.0,1786177.6
29/10/2024,29/10/2024,UPI/075829957801/harishmeno127@paytm/CNRB,075829957801,999.0,,1785178.6
30/10/2024,30/10/2024,ATM WDL/3668/PUNE,357730356657,1250.0,,1783928.6
31/10/2024,31/10/2024,ATM WDL/3757/SECUNDERABAD,492245604249,699.0,,1783229.6
01/11/2024,01/11/2024,NEFT CR-HDFC0162166-TECHNOVA SOLUTIONS-549886709581-SALARY KAVYA REDDY,416556085025,,62000.0,1845229.6
02/11/2024,02/11/2024,UPI/189032325683/divyamenon392@oksbi/CNRB,189032325683,310.0,,1844919.6
02/11/2024,02/11/2024,BIL/INFT/828078909821/IOCL/PAYMENT,828078909821,699.0,,1844220.6
03/11/2024,03/11/2024,BIL/INFT/865704519064/MEDPLUS/PAYMENT,865704519064,1680.0,,1842540.6
03/11/2024,03/11/2024,POS/5108/MEDPLUS/MYSURU,599799863085,449.0,,1842091.6
03/11/2024,03/11/2024,UPI/309101199349/rajeshverm357@okaxis/CNRB,309101199349,79.0,,1842012.6
04/11/2024,04/11/2024,POS/7840/BPCL/MARATHAHALLI,218899628291,310.0,,1841702.6
05/11/2024,05/11/2024,ATM WDL/5242/MYSURU,818839859662,5200.0,,1836502.6
05/11/2024,05/11/2024,POS/9769/SWIGGY/HYDERABAD,616273872035,7800.0,,1828702.6
05/11/2024,05/11/2024,NEFT DR-HDFC0967224-NAVEEN KUMAR-059550068576-RENT,401019197580,26500.0,,1802202.6
05/11/2024,05/11/2024,BY TRANSFER/IMPS/934476748985/RAMESH PILLAI/CNRB,934476748985,,850.0,1803052.6
05/11/2024,05/11/2024,UPI/959984479801/vinaypatil449@ybl/CNRB,959984479801,1680.0,,1801372.6
07/11/2024,07/11/2024,BIL/INFT/503079666470/RELIANCE FRESH/PAYMENT,503079666470,999.0,,1800373.6
07/11/2024,07/11/2024,UPI/234710238754/vikramnair535@ybl/CNRB,234710238754,1250.0,,1799123.6
08/11/2024,08/11/2024,BIL/INFT/811549837952/APOLLO PHARMACY/PAYMENT,811549837952,120.0,,1799003.6
09/11/2024,09/11/2024,BIL/INFT/012780161199/ZOMATO/PAYMENT,012780161199,5200.0,,1793803.6
09/11/2024,09/11/2024,UPI/005755264326/gopalnaik363@okhdfcbank/CNRB,005755264326,699.0,,1793104.6
09/11/2024,09/11/2024,BIL/INFT/310804455416/JIO/PAYMENT,310804455416,3499.0,,1789605.6
09/11/2024,09/11/2024,POS/4244/APOLLO PHARMACY/HSR LAYOUT,200508666856,249.0,,1789356.6
10/11/2024,10/11/2024,BY TRANSFER/IMPS/315057549241/GANESH KUMAR/CNRB,315057549241,,11200.0,1800556.6
10/11/2024,10/11/2024,BY TRANSFER/IMPS/752931845110/KARTHIK MENON/CNRB,752931845110,,850.0,1801406.6
11/11/2024,11/11/2024,BY TRANSFER/IMPS/944400082334/VIKRAM NAIR/CNRB,944400082334,,500.0,1801906.6
12/11/2024,12/11/2024,BY TRANSFER/IMPS/364443260332/NIKHIL GUPTA/CNRB,364443260332,,18500.0,1820406.6
12/11/2024,12/11/2024,BY TRANSFER/IMPS/619813474723/SMITHA RAO/CNRB,619813474723,,500.0,1820906.6
12/11/2024,12/11/2024,UPI/270119640050/meerapilla212@okaxis/CNRB,270119640050,2380.0,,1818526.6
13/11/2024,13/11/2024,BY TRANSFER/IMPS/814620444423/RAJENDRA PRASAD/CNRB,814620444423,,7500.0,1826026.6
13/11/2024,13/11/2024,UPI/987648942397/kavyareddy965@okhdfcbank/CNRB,987648942397,249.0,,1825777.6
13/11/2024,13/11/2024,BIL/INFT/643697705262/PVR CINEMAS/PAYMENT,643697705262,310.0,,1825467.6
15/11/2024,15/11/2024,UPI/125812848239/kiranreddy77@okhdfcbank/CNRB,125812848239,310.0,,1825157.6
15/11/2024,15/11/2024,BIL/INFT/217938026030/HPCL/PAYMENT,217938026030,999.0,,1824158.6
16/11/2024,16/11/2024,BY TRANSFER/IMPS/754241482005/SNEHA PATIL/CNRB,754241482005,,500.0,1824658.6
17/11/2024,17/11/2024,ATM WDL/5670/BTM LAYOUT,561338252987,7800.0,,1816858.6
17/11/2024,17/11/2024,ATM WDL/2798/SECUNDERABAD,106362539983,120.0,,1816738.6
18/11/2024,18/11/2024,BY TRANSFER/IMPS/726654846653/TARA SINGH/CNRB,726654846653,,18500.0,1835238.6
18/11/2024,18/11/2024,BY TRANSFER/IMPS/984806400131/PRADEEP SINGH/CNRB,984806400131,,18500.0,1853738.6
18/11/2024,18/11/2024,BIL/INFT/178162274854/IOCL/PAYMENT,178162274854,120.0,,1853618.6
18/11/2024,18/11/2024,POS/1056/APOLLO PHARMACY/KUKATPALLY,420935412515,2380.0,,1851238.6
18/11/2024,18/11/2024,BIL/INFT/123057420047/BOOKMYSHOW/PAYMENT,123057420047,699.0,,1850539.6
21/11/2024,21/11/2024,POS/2990/ZOMATO/MYSURU,576100889876,1680.0,,1848859.6
26/11/2024,26/11/2024,ATM WDL/6487/BTM LAYOUT,264973088563,850.0,,1848009.6
26/11/2024,26/11/2024,BY TRANSFER/IMPS/551780468655/PRADEEP SINGH/CNRB,551780468655,,24000.0,1872009.6
28/11/2024,28/11/2024,ATM WDL/9388/MYSURU,284433828964,120.0,,1871889.6
28/11/2024,28/11/2024,POS/9282/UBER/BTM LAYOUT,352884238307,699.0,,1871190.6
28/11/2024,28/11/2024,BY TRANSFER/IMPS/543389122759/ANAND KUMAR/CNRB,543389122759,,1200.0,1872390.6
29/11/2024,29/11/2024,UPI/493398561156/naveenkuma404@ybl/CNRB,493398561156,699.0,,1871691.6
29/11/2024,29/11/2024,ATM WDL/1726/INDIRANAGAR,780167678130,449.0,,1871242.6
