Date,Narration,Chq./Ref.No.,Value Dt,Withdrawal Amt.,Deposit Amt.,Closing Balance
01/01/23,FT - CR - 494582134231 - SALARY CREDIT,329229716128,01/01/23,,77250.0,173072.0
02/01/23,NWD-416021XXXXXX2380-S18986-BANJARA HILLS,373576741485,02/01/23,850.0,,172222.0
02/01/23,IMPS-591749238858-VINAYPATIL-HDFC-XXXXXXXXXX2221-PERSONAL,0000591749238858,02/01/23,,850.0,173072.0
04/01/23,UPI-045603111872-rahulsingh965@okaxis-OK,045603111872,04/01/23,1680.0,,171392.0
04/01/23,UPI-566988121130-poojasharm393@ybl-OK,566988121130,04/01/23,5200.0,,166192.0
05/01/23,NEFT DR-HDFC0396362-SANTOSH IYER-245806803502-RENT,632217014756,05/01/23,22000.0,,144192.0
05/01/23,UPI-292124061113-harishmeno963@okhdfcbank-OK,292124061113,05/01/23,49.0,,144143.0
05/01/23,NWD-416021XXXXXX0128-S18217-MANGALURU,794760677631,05/01/23,850.0,,143293.0
06/01/23,IB BILLPAY DR-HDFCPE-545964XXXXXX4034 IB615648232207,615648232207,06/01/23,310.0,,142983.0
06/01/23,POS 416021XXXXXX1234 RELIANCE FRESH POS DEBIT,024889858944,06/01/23,310.0,,142673.0
07/01/23,NWD-416021XXXXXX2608-S14626-PUNE,099483127164,07/01/23,850.0,,141823.0
07/01/23,POS 416021XXXXXX2038 IRCTC POS DEBIT,336731689098,07/01/23,120.0,,141703.0
07/01/23,IB BILLPAY DR-HDFCPE-545964XXXXXX2664 IB362401367835,362401367835,07/01/23,449.0,,141254.0
07/01/23,POS 416021XXXXXX7926 ZOMATO POS DEBIT,582862914450,07/01/23,3499.0,,137755.0
08/01/23,NWD-416021XXXXXX7755-S19340-PUNE,420855664886,08/01/23,1680.0,,136075.0
08/01/23,POS 416021XXXXXX4711 DMART POS DEBIT,039620266312,08/01/23,699.0,,135376.0
09/01/23,IB BILLPAY DR-HDFCPE-545964XXXXXX5024 IB623290162208,623290162208,09/01/23,120.0,,135256.0
09/01/23,UPI-750940966133-kavyareddy837@ybl-OK,750940966133,09/01/23,999.0,,134257.0
10/01/23,IMPS-364067355351-PRIYANAIR-HDFC-XXXXXXXXXX6428-PERSONAL,0000364067355351,10/01/23,,2500.0,136757.0
10/01/23,POS 416021XXXXXX1860 BOOKMYSHOW POS DEBIT,673989361598,10/01/23,1250.0,,135507.0
11/01/23,POS 416021XXXXXX8998 BESCOM POS DEBIT,003832021277,11/01/23,3499.0,,132008.0
11/01/23,NEFT-844504132833-SOUTHERN RETAILS-REIMB-448934-HDFC0954240,201455175479,11/01/23,,18500.0,150508.0
12/01/23,IB BILLPAY DR-HDFCPE-545964XXXXXX4378 IB883873606497,883873606497,12/01/23,310.0,,150198.0
12/01/23,IMPS-602867511372-RAVIKUMAR-HDFC-XXXXXXXXXX5198-PERSONAL,0000602867511372,12/01/23,,500.0,150698.0
12/01/23,IMPS-080428071247-NAVEENKUMAR-HDFC-XXXXXXXXXX3302-PERSONAL,0000080428071247,12/01/23,,2500.0,153198.0
12/01/23,POS 416021XXXXXX3625 FLIPKART POS DEBIT,492100312731,12/01/23,49.0,,153149.0
12/01/23,POS 416021XXXXXX1622 ZOMATO POS DEBIT,336091908780,12/01/23,79.0,,153070.0
13/01/23,NWD-416021XXXXXX4824-S12544-MANGALURU,675892852116,13/01/23,1680.0,,151390.0
14/01/23,POS 416021XXXXXX1763 UBER POS DEBIT,081561696553,14/01/23,699.0,,150691.0
16/01/23,UPI-636608148950-poojasharm436@paytm-OK,636608148950,16/01/23,1680.0,,149011.0
16/01/23,IB BILLPAY DR-HDFCPE-545964XXXXXX8179 IB512883938102,512883938102,16/01/23,1680.0,,147331.0
16/01/23,IB BILLPAY DR-HDFCPE-545964XXXXXX8675 IB135436007235,135436007235,16/01/23,3499.0,,143832.0
16/01/23,IMPS-624621788577-NADIAHUSSAIN-HDFC-XXXXXXXXXX7840-PERSONAL,0000624621788577,16/01/23,,500.0,144332.0
17/01/23,IMPS-280749094942-KIRANREDDY-HDFC-XXXXXXXXXX1789-PERSONAL,0000280749094942,17/01/23,,7500.0,151832.0
18/01/23,POS 416021XXXXXX7777 SWIGGY POS DEBIT,480579980529,18/01/23,999.0,,150833.0
18/01/23,IB BILLPAY DR-HDFCPE-545964XXXXXX0011 IB287007391832,287007391832,18/01/23,249.0,,150584.0
20/01/23,NWD-416021XXXXXX3153-S19416-KUKATPALLY,994861270691,20/01/23,850.0,,149734.0
21/01/23,POS 416021XXXXXX2717 ZOMATO POS DEBIT,537457052177,21/01/23,5200.0,,144534.0
21/01/23,POS 416021XXXXXX5450 SWIGGY POS DEBIT,960106139705,21/01/23,5200.0,,139334.0
22/01/23,NWD-416021XXXXXX2480-S18767-MARATHAHALLI,658435764430,22/01/23,120.0,,139214.0
22/01/23,NWD-416021XXXXXX6780-S14956-SECUNDERABAD,180002889355,22/01/23,449.0,,138765.0
22/01/23,IB BILLPAY DR-HDFCPE-545964XXXXXX3977 IB988294690468,988294690468,22/01/23,699.0,,138066.0
24/01/23,POS 416021XXXXXX9638 DMART POS DEBIT,281795303477,24/01/23,699.0,,137367.0
25/01/23,NWD-416021XXXXXX9756-S18003-KUKATPALLY,340821593099,25/01/23,79.0,,137288.0
25/01/23,NWD-416021XXXXXX1733-S13945-SECUNDERABAD,976083766523,25/01/23,120.0,,137168.0
25/01/23,IMPS-959065166919-DIVYAMENON-HDFC-XXXXXXXXXX7097-PERSONAL,0000959065166919,25/01/23,,1200.0,138368.0
26/01/23,IMPS-818278663762-GOPALVERMA-HDFC-XXXXXXXXXX8065-PERSONAL,0000818278663762,26/01/23,,1200.0,139568.0
28/01/23,UPI-474691031113-lathadevi885@okaxis-OK,474691031113,28/01/23,1250.0,,138318.0
29/01/23,IB BILLPAY DR-HDFCPE-545964XXXXXX8733 IB093320850713,093320850713,29/01/23,449.0,,137869.0
31/01/23,IMPS-613162532883-RAJENDRAPRASAD-HDFC-XXXXXXXXXX9571-PERSONAL,0000613162532883,31/01/23,,4800.0,142669.0
31/01/23,POS 416021XXXXXX8084 HPCL POS DEBIT,593283324228,31/01/23,999.0,,141670.0
31/01/23,IMPS-210137797195-LALITHADEVI-HDFC-XXXXXXXXXX4356-PERSONAL,0000210137797195,31/01/23,,4800.0,146470.0
01/02/23,FT - CR - 442856779974 - SALARY CREDIT,352252791842,01/02/23,,78500.0,224970.0
02/02/23,POS 416021XXXXXX8957 HPCL POS DEBIT,185822701156,02/02/23,5200.0,,219770.0
04/02/23,IMPS-961517631374-AYESHAKHAN-HDFC-XXXXXXXXXX7577-PERSONAL,0000961517631374,04/02/23,,2500.0,222270.0
04/02/23,NEFT DR-HDFC0152515-FARHAN KHAN-360612393678-RENT,835564009182,04/02/23,31000.0,,191270.0
04/02/23,POS 416021XXXXXX6952 BOOKMYSHOW POS DEBIT,181354557208,04/02/23,699.0,,190571.0
05/02/23,IMPS-066602162424-ARUNSHARMA-HDFC-XXXXXXXXXX7189-PERSONAL,0000066602162424,05/02/23,,850.0,191421.0
05/02/23,NWD-416021XXXXXX2259-S19773-BTM LAYOUT,045735031991,05/02/23,249.0,,191172.0
05/02/23,NWD-416021XXXXXX0948-S14895-SECUNDERABAD,852824296305,05/02/23,1680.0,,189492.0
06/02/23,POS 416021XXXXXX1250 OLA POS DEBIT,129866422677,06/02/23,449.0,,189043.0
06/02/23,POS 416021XXXXXX3247 BOOKMYSHOW POS DEBIT,691832256640,06/02/23,249.0,,188794.0
06/02/23,IB BILLPAY DR-HDFCPE-545964XXXXXX5096 IB016547534481,016547534481,06/02/23,850.0,,187944.0
07/02/23,POS 416021XXXXXX9995 IRCTC POS DEBIT,514108438331,07/02/23,310.0,,187634.0
07/02/23,UPI-033031189260-rohitsharm706@paytm-OK,033031189260,07/02/23,2380.0,,185254.0
07/02/23,IMPS-240534906243-AYESHAKHAN-HDFC-XXXXXXXXXX0802-PERSONAL,0000240534906243,07/02/23,,850.0,186104.0
07/02/23,NWD-416021XXXXXX4518-S13302-KUKATPALLY,683309651129,07/02/23,1680.0,,184424.0
08/02/23,NWD-416021XXXXXX4707-S17583-INDIRANAGAR,913370179470,08/02/23,249.0,,184175.0
08/02/23,IB BILLPAY DR-HDFCPE-545964XXXXXX7499 IB161849647290,161849647290,08/02/23,850.0,,183325.0
09/02/23,IMPS-374120175807-NILESHKULKARNI-HDFC-XXXXXXXXXX8226-PERSONAL,0000374120175807,09/02/23,,1200.0,184525.0
09/02/23,IMPS-764751754464-GEETADEVI-HDFC-XXXXXXXXXX2048-PERSONAL,0000764751754464,09/02/23,,18500.0,203025.0
10/02/23,NWD-416021XXXXXX8145-S16726-INDIRANAGAR,220522574108,10/02/23,1680.0,,201345.0
11/02/23,UPI-693225363144-rohitsharm838@paytm-OK,693225363144,11/02/23,79.0,,201266.0
11/02/23,POS 416021XXXXXX0452 APOLLO PHARMACY POS DEBIT,656283077289,11/02/23,1250.0,,200016.0
11/02/23,NWD-416021XXXXXX3383-S15454-MUMBAI,586916990032,11/02/23,120.0,,199896.0
12/02/23,NWD-416021XXXXXX2037-S18323-HSR LAYOUT,210455482839,12/02/23,3499.0,,196397.0
12/02/23,IB BILLPAY DR-HDFCPE-545964XXXXXX5196 IB083015104234,083015104234,12/02/23,5200.0,,191197.0
14/02/23,IB BILLPAY DR-HDFCPE-545964XXXXXX5970 IB083462904072,083462904072,14/02/23,1680.0,,189517.0
14/02/23,NWD-416021XXXXXX2871-S12840-BTM LAYOUT,054064055624,14/02/23,249.0,,189268.0
15/02/23,UPI-443052529362-anjalirao455@paytm-OK,443052529362,15/02/23,1680.0,,187588.0
15/02/23,POS 416021XXXXXX0437 BPCL POS DEBIT,301361193974,15/02/23,1250.0,,186338.0
16/02/23,POS 416021XXXXXX4087 IOCL POS DEBIT,701327124739,16/02/23,310.0,,186028.0
18/02/23,IB BILLPAY DR-HDFCPE-545964XXXXXX4121 IB711524007106,711524007106,18/02/23,999.0,,185029.0
18/02/23,IB BILLPAY DR-HDFCPE-545964XXXXXX9698 IB787325229282,787325229282,18/02/23,2380.0,,182649.0
19/02/23,IMPS-551702070052-ANITHAKRISHNAN-HDFC-XXXXXXXXXX0518-PERSONAL,0000551702070052,19/02/23,,500.0,183149.0
20/02/23,POS 416021XXXXXX6783 PVR CINEMAS POS DEBIT,884884447784,20/02/23,3499.0,,179650.0
20/02/23,NWD-416021XXXXXX3217-S18821-BANJARA HILLS,160523011753,20/02/23,3499.0,,176151.0
20/02/23,POS 416021XXXXXX0872 IRCTC POS DEBIT,847231257723,20/02/23,3499.0,,172652.0
21/02/23,POS 416021XXXXXX6711 PVR CINEMAS POS DEBIT,632067423778,21/02/23,1680.0,,170972.0
23/02/23,POS 416021XXXXXX8822 OLA POS DEBIT,152559019255,23/02/23,79.0,,170893.0
25/02/23,IB BILLPAY DR-HDFCPE-545964XXXXXX1907 IB657006811871,657006811871,25/02/23,49.0,,170844.0
25/02/23,POS 416021XXXXXX1838 PVR CINEMAS POS DEBIT,401157570819,25/02/23,1250.0,,169594.0
25/02/23,POS 416021XXXXXX1298 IOCL POS DEBIT,495453302619,25/02/23,5200.0,,164394.0
26/02/23,POS 416021XXXXXX4493 AIRTEL POS DEBIT,612230523293,26/02/23,310.0,,164084.0
26/02/23,UPI-706963038440-lathadevi25@ybl-OK,706963038440,26/02/23,79.0,,164005.0
27/02/23,UPI-038480351702-kiranreddy566@okaxis-OK,038480351702,27/02/23,79.0,,163926.0
27/02/23,POS 416021XXXXXX0025 BPCL POS DEBIT,748598870378,27/02/23,449.0,,163477.0
27/02/23,NWD-416021XXXXXX2759-S12082-MYSURU,744855101362,27/02/23,850.0,,162627.0
02/03/23,IB BILLPAY DR-HDFCPE-545964XXXXXX8025 IB360520261914,360520261914,02/03/23,249.0,,162378.0
02/03/23,FT - CR - 918170645977 - SALARY CREDIT,888215371421,02/03/23,,78500.0,240878.0
03/03/23,IB BILLPAY DR-HDFCPE-545964XXXXXX6193 IB036711931858,036711931858,03/03/23,449.0,,240429.0
04/03/23,NEFT DR-HDFC0043399-ARJUN MEHTA-270211267220-RENT,522996416644,04/03/23,31000.0,,209429.0
04/03/23,UPI-888063745430-meerapilla527@paytm-OK,888063745430,04/03/23,1680.0,,207749.0
04/03/23,IB BILLPAY DR-HDFCPE-545964XXXXXX5410 IB396366206005,396366206005,04/03/23,49.0,,207700.0
05/03/23,IB BILLPAY DR-HDFCPE-545964XXXXXX1781 IB857728171626,857728171626,05/03/23,49.0,,207651.0
06/03/23,UPI-748299737785-naveenkuma681@paytm-OK,748299737785,06/03/23,1250.0,,206401.0
07/03/23,NWD-416021XXXXXX1347-S12034-INDIRANAGAR,029397732760,07/03/23,2380.0,,204021.0
07/03/23,POS 416021XXXXXX3149 IOCL POS DEBIT,435467034696,07/03/23,850.0,,203171.0
07/03/23,NWD-416021XXXXXX7904-S19328-JAYANAGAR,995196486497,07/03/23,850.0,,202321.0
08/03/23,POS 416021XXXXXX1246 UBER POS DEBIT,372801917813,08/03/23,999.0,,201322.0
09/03/23,POS 416021XXXXXX1845 IOCL POS DEBIT,927036666951,09/03/23,699.0,,200623.0
09/03/23,IMPS-010139758508-ADITYAKUMAR-HDFC-XXXXXXXXXX8948-PERSONAL,0000010139758508,09/03/23,,4800.0,205423.0
10/03/23,IB BILLPAY DR-HDFCPE-545964XXXXXX1362 IB595587768820,595587768820,10/03/23,449.0,,204974.0
11/03/23,IMPS-334651032905-GOPALVERMA-HDFC-XXXXXXXXXX5732-PERSONAL,0000334651032905,11/03/23,,2500.0,207474.0
12/03/23,NWD-416021XXXXXX7788-S15943-PUNE,094921530637,12/03/23,5200.0,,202274.0
14/03/23,IMPS-725622738946-BABULAL-HDFC-XXXXXXXXXX1851-PERSONAL,0000725622738946,14/03/23,,4800.0,207074.0
14/03/23,IB BILLPAY DR-HDFCPE-545964XXXXXX3250 IB993136710955,993136710955,14/03/23,850.0,,206224.0
15/03/23,POS 416021XXXXXX6514 HPCL POS DEBIT,516350887196,15/03/23,850.0,,205374.0
15/03/23,NWD-416021XXXXXX3981-S13823-MUMBAI,607916109012,15/03/23,3499.0,,201875.0
16/03/23,IB BILLPAY DR-HDFCPE-545964XXXXXX5688 IB755415517190,755415517190,16/03/23,449.0,,201426.0
16/03/23,IB BILLPAY DR-HDFCPE-545964XXXXXX9865 IB484468995073,484468995073,16/03/23,1680.0,,199746.0
16/03/23,IB BILLPAY DR-HDFCPE-545964XXXXXX7820 IB394880903838,394880903838,16/03/23,1680.0,,198066.0
18/03/23,POS 416021XXXXXX7634 JIO POS DEBIT,756516864873,18/03/23,449.0,,197617.0
18/03/23,POS 416021XXXXXX4334 IRCTC POS DEBIT,183013920541,18/03/23,699.0,,196918.0
19/03/23,POS 416021XXXXXX4481 IRCTC POS DEBIT,193793379886,19/03/23,310.0,,196608.0
20/03/23,IMPS-877296561466-FARHANKHAN-HDFC-XXXXXXXXXX7220-PERSONAL,0000877296561466,20/03/23,,1200.0,197808.0
20/03/23,POS 416021XXXXXX8559 RELIANCE FRESH POS DEBIT,393573512595,20/03/23,449.0,,197359.0
20/03/23,NEFT-678037134968-SOUTHERN RETAILS-REIMB-448934-HDFC0321612,675075039284,20/03/23,,12000.0,209359.0
21/03/23,POS 416021XXXXXX6739 AMAZON POS DEBIT,609640418584,21/03/23,5200.0,,204159.0
22/03/23,IMPS-047247624165-SANJANAHEGDE-HDFC-XXXXXXXXXX8316-PERSONAL,0000047247624165,22/03/23,,24000.0,228159.0
23/03/23,UPI-199367355023-rahulsingh18@ybl-OK,199367355023,23/03/23,249.0,,227910.0
23/03/23,POS 416021XXXXXX6011 AIRTEL POS DEBIT,737786857528,23/03/23,1250.0,,226660.0
23/03/23,IMPS-040113716373-PRADEEPSINGH-HDFC-XXXXXXXXXX3307-PERSONAL,0000040113716373,23/03/23,,4800.0,231460.0
24/03/23,IMPS-332191146858-VINAYPATIL-HDFC-XXXXXXXXXX3079-PERSONAL,0000332191146858,24/03/23,,18500.0,249960.0
24/03/23,UPI-161883164299-arjunmehta183@ybl-OK,161883164299,24/03/23,5200.0,,244760.0
24/03/23,UPI-329688152158-anjalirao646@oksbi-OK,329688152158,24/03/23,850.0,,243910.0
25/03/23,IMPS-229160269204-DEEPAKJOSHI-HDFC-XXXXXXXXXX3605-PERSONAL,0000229160269204,25/03/23,,1200.0,245110.0
25/03/23,CREDIT INTEREST CAPITALISED,471168641186,25/03/23,,183.03,245293.03
25/03/23,GST ON BANK CHARGES,679390893738,25/03/23,17.7,,245275.33
26/03/23,UPI-802156667615-gopalnaik83@okhdfcbank-OK,802156667615,26/03/23,7800.0,,237475.33
27/03/23,IB BILLPAY DR-HDFCPE-545964XXXXXX8572 IB744923910301,744923910301,27/03/23,2380.0,,235095.33
28/03/23,POS 416021XXXXXX4529 AIRTEL POS DEBIT,239674550253,28/03/23,120.0,,234975.33
28/03/23,POS 416021XXXXXX1191 RELIANCE FRESH POS DEBIT,409292434940,28/03/23,850.0,,234125.33
29/03/23,NWD-416021XXXXXX2783-S12779-MARATHAHALLI,448798529038,29/03/23,49.0,,234076.33
29/03/23,UPI-670876413833-rahulsingh340@okaxis-OK,670876413833,29/03/23,449.0,,233627.33
30/03/23,IMPS-874817013599-RAHULSINGH-HDFC-XXXXXXXXXX1461-PERSONAL,0000874817013599,30/03/23,,1200.0,234827.33
31/03/23,IMPS-858723682902-SURESHBABU-HDFC-XXXXXXXXXX1548-PERSONAL,0000858723682902,31/03/23,,1200.0,236027.33
31/03/23,POS 416021XXXXXX9436 APOLLO PHARMACY POS DEBIT,054435422955,31/03/23,5200.0,,230827.33
31/03/23,IB BILLPAY DR-HDFCPE-545964XXXXXX0940 IB000826638228,000826638228,31/03/23,7800.0,,223027.33
01/04/23,NWD-416021XXXXXX4170-S18661-WHITEFIELD,348695298320,01/04/23,79.0,,222948.33
01/04/23,FT - CR - 128863498517 - SALARY CREDIT,317848847969,01/04/23,,78000.0,300948.33
01/04/23,IB BILLPAY DR-HDFCPE-545964XXXXXX8337 IB940742747045,940742747045,01/04/23,699.0,,300249.33
01/04/23,IMPS-932253223003-MALLIKADAS-HDFC-XXXXXXXXXX8837-PERSONAL,0000932253223003,01/04/23,,24000.0,324249.33
03/04/23,IMPS-769127251558-DEEPAKJOSHI-HDFC-XXXXXXXXXX0042-PERSONAL,0000769127251558,03/04/23,,18500.0,342749.33
05/04/23,NEFT DR-HDFC0970819-ROHIT SHARMA-133587763915-RENT,240736444151,05/04/23,18000.0,,324749.33
06/04/23,IB BILLPAY DR-HDFCPE-545964XXXXXX2272 IB069256715995,069256715995,06/04/23,999.0,,323750.33
06/04/23,POS 416021XXXXXX2650 IRCTC POS DEBIT,267603123487,06/04/23,310.0,,323440.33
07/04/23,IB BILLPAY DR-HDFCPE-545964XXXXXX7001 IB524707405548,524707405548,07/04/23,2380.0,,321060.33
07/04/23,UPI-326029273301-ayeshakhan553@paytm-OK,326029273301,07/04/23,5200.0,,315860.33
08/04/23,IB BILLPAY DR-HDFCPE-545964XXXXXX1455 IB864683571231,864683571231,08/04/23,310.0,,315550.33
09/04/23,NWD-416021XXXXXX9879-S15047-INDIRANAGAR,418925571128,09/04/23,49.0,,315501.33
09/04/23,IB BILLPAY DR-HDFCPE-545964XXXXXX6214 IB079052381473,079052381473,09/04/23,5200.0,,310301.33
09/04/23,NWD-416021XXXXXX4994-S11921-WHITEFIELD,855444272576,09/04/23,850.0,,309451.33
09/04/23,UPI-855693401551-gopalnaik533@oksbi-OK,855693401551,09/04/23,2380.0,,307071.33
12/04/23,UPI-612688262880-meerapilla239@oksbi-OK,612688262880,12/04/23,3499.0,,303572.33
12/04/23,IMPS-975811482948-USHARANI-HDFC-XXXXXXXXXX5333-PERSONAL,0000975811482948,12/04/23,,850.0,304422.33
12/04/23,UPI-298189706699-santoshiye227@okhdfcbank-OK,298189706699,12/04/23,249.0,,304173.33
13/04/23,IMPS-007540363755-NADIAHUSSAIN-HDFC-XXXXXXXXXX7918-PERSONAL,0000007540363755,13/04/23,,18500.0,322673.33
13/04/23,NWD-416021XXXXXX9405-S10134-INDIRANAGAR,477238360231,13/04/23,999.0,,321674.33
13/04/23,IB BILLPAY DR-HDFCPE-545964XXXXXX1016 IB242741189382,242741189382,13/04/23,1250.0,,320424.33
13/04/23,NWD-416021XXXXXX9445-S12506-INDIRANAGAR,719690534106,13/04/23,7800.0,,312624.33
15/04/23,POS 416021XXXXXX3264 JIO POS DEBIT,388731045883,15/04/23,2380.0,,310244.33
17/04/23,POS 416021XXXXXX7738 BOOKMYSHOW POS DEBIT,998796624361,17/04/23,310.0,,309934.33
19/04/23,POS 416021XXXXXX8440 BPCL POS DEBIT,310464244098,19/04/23,5200.0,,304734.33
19/04/23,POS 416021XXXXXX8540 PVR CINEMAS POS DEBIT,055904008324,19/04/23,79.0,,304655.33
22/04/23,UPI-354820460236-meerapilla609@ybl-OK,354820460236,22/04/23,49.0,,304606.33
24/04/23,IB BILLPAY DR-HDFCPE-545964XXXXXX1100 IB922826263905,922826263905,24/04/23,310.0,,304296.33
24/04/23,IMPS-608285381287-SMITHARAO-HDFC-XXXXXXXXXX9890-PERSONAL,0000608285381287,24/04/23,,500.0,304796.33
25/04/23,IMPS-820541859982-NILESHKULKARNI-HDFC-XXXXXXXXXX2693-PERSONAL,0000820541859982,25/04/23,,1200.0,305996.33
25/04/23,NWD-416021XXXXXX2851-S14564-HYDERABAD,689832042226,25/04/23,449.0,,305547.33
25/04/23,IMPS-856215547034-PREETHIIYER-HDFC-XXXXXXXXXX7316-PERSONAL,0000856215547034,25/04/23,,24000.0,329547.33
26/04/23,IB BILLPAY DR-HDFCPE-545964XXXXXX0363 IB793628848864,793628848864,26/04/23,310.0,,329237.33
26/04/23,UPI-519203853893-vikramnair701@ybl-OK,519203853893,26/04/23,1250.0,,327987.33
27/04/23,POS 416021XXXXXX6612 OLA POS DEBIT,843776498369,27/04/23,850.0,,327137.33
28/04/23,POS 416021XXXXXX5232 PVR CINEMAS POS DEBIT,511778305595,28/04/23,120.0,,327017.33
28/04/23,POS 416021XXXXXX4543 AIRTEL POS DEBIT,583310298400,28/04/23,2380.0,,324637.33
30/04/23,IMPS-312553189259-DEEPANAIR-HDFC-XXXXXXXXXX6767-PERSONAL,0000312553189259,30/04/23,,7500.0,332137.33
01/05/23,FT - CR - 202776060673 - SALARY CREDIT,504808301320,01/05/23,,77250.0,409387.33
01/05/23,NWD-416021XXXXXX9899-S12313-PUNE,887729947554,01/05/23,7800.0,,401587.33
01/05/23,IMPS-545960453564-SUNITADEVI-HDFC-XXXXXXXXXX9951-PERSONAL,0000545960453564,01/05/23,,18500.0,420087.33
02/05/23,IMPS-484436363180-DEEPAKJOSHI-HDFC-XXXXXXXXXX7234-PERSONAL,0000484436363180,02/05/23,,4800.0,424887.33
03/05/23,POS 416021XXXXXX6648 IOCL POS DEBIT,454934699812,03/05/23,5200.0,,419687.33
04/05/23,IMPS-527522054833-GANESHKUMAR-HDFC-XXXXXXXXXX5383-PERSONAL,0000527522054833,04/05/23,,4800.0,424487.33
04/05/23,IMPS-525290312676-SURESHNAIR-HDFC-XXXXXXXXXX5380-PERSONAL,0000525290312676,04/05/23,,11200.0,435687.33
05/05/23,IB BILLPAY DR-HDFCPE-545964XXXXXX5826 IB527158964779,527158964779,05/05/23,120.0,,435567.33
05/05/23,NWD-416021XXXXXX6168-S18032-HSR LAYOUT,941147344377,05/05/23,999.0,,434568.33
06/05/23,NEFT DR-HDFC0828411-KAVYA REDDY-703955869496-RENT,438778216701,06/05/23,22000.0,,412568.33
06/05/23,IB BILLPAY DR-HDFCPE-545964XXXXXX4587 IB537712760497,537712760497,06/05/23,850.0,,411718.33
07/05/23,IB BILLPAY DR-HDFCPE-545964XXXXXX3349 IB471468512333,471468512333,07/05/23,120.0,,411598.33
07/05/23,IB BILLPAY DR-HDFCPE-545964XXXXXX2316 IB670561315080,670561315080,07/05/23,310.0,,411288.33
08/05/23,POS 416021XXXXXX3755 ZOMATO POS DEBIT,705147731908,08/05/23,310.0,,410978.33
08/05/23,UPI-968870769269-ayeshakhan822@ybl-OK,968870769269,08/05/23,1250.0,,409728.33
10/05/23,IMPS-770634223121-SUNILYADAV-HDFC-XXXXXXXXXX6926-PERSONAL,0000770634223121,10/05/23,,7500.0,417228.33
11/05/23,IB BILLPAY DR-HDFCPE-545964XXXXXX5342 IB523454663448,523454663448,11/05/23,79.0,,417149.33
11/05/23,IB BILLPAY DR-HDFCPE-545964XXXXXX2891 IB946601376123,946601376123,11/05/23,310.0,,416839.33
12/05/23,IMPS-081561306426-PADMARAO-HDFC-XXXXXXXXXX6472-PERSONAL,0000081561306426,12/05/23,,18500.0,435339.33
12/05/23,POS 416021XXXXXX9716 OLA POS DEBIT,807579628701,12/05/23,310.0,,435029.33
12/05/23,POS 416021XXXXXX1736 AMAZON POS DEBIT,577906911106,12/05/23,449.0,,434580.33
13/05/23,UPI-007310960295-kiranreddy954@paytm-OK,007310960295,13/05/23,120.0,,434460.33
14/05/23,IMPS-897534477038-RAHULSINGH-HDFC-XXXXXXXXXX5255-PERSONAL,0000897534477038,14/05/23,,4800.0,439260.33
14/05/23,IMPS-941360259676-PRAKASHRAO-HDFC-XXXXXXXXXX5713-PERSONAL,0000941360259676,14/05/23,,500.0,439760.33
14/05/23,POS 416021XXXXXX6725 IRCTC POS DEBIT,457767425578,14/05/23,699.0,,439061.33
15/05/23,IMPS-834331730017-NADIAHUSSAIN-HDFC-XXXXXXXXXX5828-PERSONAL,0000834331730017,15/05/23,,24000.0,463061.33
15/05/23,POS 416021XXXXXX7665 DMART POS DEBIT,647569154239,15/05/23,1680.0,,461381.33
15/05/23,NWD-416021XXXXXX4100-S16826-WHITEFIELD,033141355589,15/05/23,1680.0,,459701.33
15/05/23,UPI-441811535144-meerapilla667@ybl-OK,441811535144,15/05/23,2380.0,,457321.33
16/05/23,IMPS-634585310404-BINDHUNAIR-HDFC-XXXXXXXXXX7152-PERSONAL,0000634585310404,16/05/23,,1200.0,458521.33
16/05/23,UPI-152373296337-reshmakhan483@okaxis-OK,152373296337,16/05/23,449.0,,458072.33
16/05/23,POS 416021XXXXXX2776 AMAZON POS DEBIT,258795619437,16/05/23,3499.0,,454573.33
16/05/23,UPI-629727613594-meerapilla572@paytm-OK,629727613594,16/05/23,1680.0,,452893.33
16/05/23,IB BILLPAY DR-HDFCPE-545964XXXXXX0686 IB206586100384,206586100384,16/05/23,249.0,,452644.33
17/05/23,NWD-416021XXXXXX4292-S10565-INDIRANAGAR,966271249958,17/05/23,120.0,,452524.33
17/05/23,NWD-416021XXXXXX5523-S18458-WHITEFIELD,657723566593,17/05/23,999.0,,451525.33
17/05/23,NWD-416021XXXXXX7628-S18728-MARATHAHALLI,850409555238,17/05/23,5200.0,,446325.33
19/05/23,IMPS-757434558456-MOHANDAS-HDFC-XXXXXXXXXX4410-PERSONAL,0000757434558456,19/05/23,,850.0,447175.33
19/05/23,UPI-970714247361-rohitsharm200@okhdfcbank-OK,970714247361,19/05/23,2380.0,,444795.33
20/05/23,POS 416021XXXXXX5687 ZOMATO POS DEBIT,160503539969,20/05/23,79.0,,444716.33
20/05/23,IB BILLPAY DR-HDFCPE-545964XXXXXX3122 IB819551954138,819551954138,20/05/23,1250.0,,443466.33
20/05/23,IMPS-624769935651-LAKSHMIVENKAT-HDFC-XXXXXXXXXX7255-PERSONAL,0000624769935651,20/05/23,,11200.0,454666.33
21/05/23,NWD-416021XXXXXX5715-S14023-INDIRANAGAR,494363480415,21/05/23,120.0,,454546.33
22/05/23,POS 416021XXXXXX5870 OLA POS DEBIT,714541231567,22/05/23,2380.0,,452166.33
22/05/23,POS 416021XXXXXX3898 OLA POS DEBIT,212576140958,22/05/23,310.0,,451856.33
23/05/23,IMPS-521886335562-ARUNSHARMA-HDFC-XXXXXXXXXX1329-PERSONAL,0000521886335562,23/05/23,,850.0,452706.33
23/05/23,NWD-416021XXXXXX9891-S17008-MANGALURU,240451611784,23/05/23,120.0,,452586.33
24/05/23,IMPS-239508510768-MEERAPILLAI-HDFC-XXXXXXXXXX5738-PERSONAL,0000239508510768,24/05/23,,18500.0,471086.33
24/05/23,POS 416021XXXXXX6878 BOOKMYSHOW POS DEBIT,373417051665,24/05/23,2380.0,,468706.33
25/05/23,UPI-436826594533-arjunmehta121@paytm-OK,436826594533,25/05/23,1680.0,,467026.33
25/05/23,UPI-116988590363-meerapilla480@okhdfcbank-OK,116988590363,25/05/23,3499.0,,463527.33
25/05/23,IMPS-337690353626-RESHMAKHAN-HDFC-XXXXXXXXXX9656-PERSONAL,0000337690353626,25/05/23,,2500.0,466027.33
26/05/23,IB BILLPAY DR-HDFCPE-545964XXXXXX4409 IB103470352825,103470352825,26/05/23,310.0,,465717.33
27/05/23,POS 416021XXXXXX8196 PVR CINEMAS POS DEBIT,142695783969,27/05/23,3499.0,,462218.33
28/05/23,IB BILLPAY DR-HDFCPE-545964XXXXXX5249 IB324969853191,324969853191,28/05/23,49.0,,462169.33
29/05/23,NWD-416021XXXXXX2097-S13319-MYSURU,687616001469,29/05/23,5200.0,,456969.33
29/05/23,IMPS-308639928810-PRADEEPSINGH-HDFC-XXXXXXXXXX8155-PERSONAL,0000308639928810,29/05/23,,18500.0,475469.33
30/05/23,IMPS-575090184285-DIVYAMENON-HDFC-XXXXXXXXXX5209-PERSONAL,0000575090184285,30/05/23,,24000.0,499469.33
31/05/23,NWD-416021XXXXXX0715-S14980-HSR LAYOUT,016431198249,31/05/23,999.0,,498470.33
01/06/23,IMPS-736270105631-RAJESHVERMA-HDFC-XXXXXXXXXX7618-PERSONAL,0000736270105631,01/06/23,,7500.0,505970.33
02/06/23,FT - CR - 633028883229 - SALARY CREDIT,314854617585,02/06/23,,78000.0,583970.33
02/06/23,UPI-087476615271-kiranreddy531@okaxis-OK,087476615271,02/06/23,79.0,,583891.33
02/06/23,POS 416021XXXXXX4460 AMAZON POS DEBIT,622566727232,02/06/23,1680.0,,582211.33
03/06/23,POS 416021XXXXXX8388 AMAZON POS DEBIT,649864850337,03/06/23,999.0,,581212.33
04/06/23,IB BILLPAY DR-HDFCPE-545964XXXXXX4419 IB995039038564,995039038564,04/06/23,999.0,,580213.33
04/06/23,IB BILLPAY DR-HDFCPE-545964XXXXXX2444 IB260523621433,260523621433,04/06/23,1680.0,,578533.33
05/06/23,IB BILLPAY DR-HDFCPE-545964XXXXXX5644 IB669286384648,669286384648,05/06/23,120.0,,578413.33
05/06/23,IMPS-658933001351-ARUNSHARMA-HDFC-XXXXXXXXXX0475-PERSONAL,0000658933001351,05/06/23,,2500.0,580913.33
05/06/23,IB BILLPAY DR-HDFCPE-545964XXXXXX0307 IB133360377051,133360377051,05/06/23,699.0,,580214.33
05/06/23,NWD-416021XXXXXX7513-S16267-MANGALURU,132429839198,05/06/23,7800.0,,572414.33
05/06/23,UPI-725845400824-meerapilla549@ybl-OK,725845400824,05/06/23,1250.0,,571164.33
07/06/23,IB BILLPAY DR-HDFCPE-545964XXXXXX1380 IB916642584053,916642584053,07/06/23,1250.0,,569914.33
07/06/23,NEFT DR-HDFC0303076-VIKRAM NAIR-792867660019-RENT,395469928317,07/06/23,18000.0,,551914.33
07/06/23,POS 416021XXXXXX3920 DMART POS DEBIT,792199666466,07/06/23,1250.0,,550664.33
08/06/23,UPI-489314745829-divyamenon652@oksbi-OK,489314745829,08/06/23,79.0,,550585.33
08/06/23,IMPS-788215852268-GEETADEVI-HDFC-XXXXXXXXXX9723-PERSONAL,0000788215852268,08/06/23,,18500.0,569085.33
08/06/23,POS 416021XXXXXX4319 DMART POS DEBIT,974012156588,08/06/23,1680.0,,567405.33
09/06/23,POS 416021XXXXXX9038 BPCL POS DEBIT,307760163333,09/06/23,7800.0,,559605.33
10/06/23,NWD-416021XXXXXX6176-S16979-KORAMANGALA,019370019132,10/06/23,1680.0,,557925.33
10/06/23,POS 416021XXXXXX0335 IRCTC POS DEBIT,511204620375,10/06/23,1250.0,,556675.33
11/06/23,POS 416021XXXXXX6174 JIO POS DEBIT,319205786665,11/06/23,1250.0,,555425.33
11/06/23,IMPS-462356487669-RAMESHPILLAI-HDFC-XXXXXXXXXX8078-PERSONAL,0000462356487669,11/06/23,,18500.0,573925.33
12/06/23,UPI-665703579872-tarageorge406@paytm-OK,665703579872,12/06/23,5200.0,,568725.33
13/06/23,IMPS-401563629800-CHANDANSHARMA-HDFC-XXXXXXXXXX5459-PERSONAL,0000401563629800,13/06/23,,500.0,569225.33
14/06/23,IB BILLPAY DR-HDFCPE-545964XXXXXX4392 IB033244866399,033244866399,14/06/23,3499.0,,565726.33
14/06/23,IB BILLPAY DR-HDFCPE-545964XXXXXX4073 IB517594695053,517594695053,14/06/23,850.0,,564876.33
14/06/23,NWD-416021XXXXXX1798-S18778-PUNE,846052586396,14/06/23,5200.0,,559676.33
14/06/23,NWD-416021XXXXXX4494-S13667-BANJARA HILLS,925580599431,14/06/23,1250.0,,558426.33
14/06/23,NWD-416021XXXXXX2339-S11842-INDIRANAGAR,078337120544,14/06/23,310.0,,558116.33
14/06/23,NWD-416021XXXXXX4703-S19171-MANGALURU,647096033663,14/06/23,310.0,,557806.33
15/06/23,UPI-971530897047-kavyareddy863@ybl-OK,971530897047,15/06/23,699.0,,557107.33
15/06/23,IB BILLPAY DR-HDFCPE-545964XXXXXX7442 IB203144179600,203144179600,15/06/23,249.0,,556858.33
16/06/23,NWD-416021XXXXXX3949-S16650-MARATHAHALLI,709925129787,16/06/23,2380.0,,554478.33
16/06/23,IMPS-152121291834-NAVEENKUMAR-HDFC-XXXXXXXXXX3896-PERSONAL,0000152121291834,16/06/23,,7500.0,561978.33
17/06/23,UPI-711405725216-divyamenon758@okhdfcbank-OK,711405725216,17/06/23,310.0,,561668.33
18/06/23,IMPS-567517875767-SUSHMARAO-HDFC-XXXXXXXXXX6865-PERSONAL,0000567517875767,18/06/23,,2500.0,564168.33
19/06/23,IB BILLPAY DR-HDFCPE-545964XXXXXX5544 IB905028190121,905028190121,19/06/23,5200.0,,558968.33
19/06/23,IMPS-053281104846-PREETHIIYER-HDFC-XXXXXXXXXX1280-PERSONAL,0000053281104846,19/06/23,,850.0,559818.33
19/06/23,UPI-118922759311-lathadevi440@okaxis-OK,118922759311,19/06/23,449.0,,559369.33
21/06/23,IMPS-728913867635-PADMARAO-HDFC-XXXXXXXXXX6969-PERSONAL,0000728913867635,21/06/23,,11200.0,570569.33
21/06/23,IB BILLPAY DR-HDFCPE-545964XXXXXX9529 IB117449280920,117449280920,21/06/23,2380.0,,568189.33
21/06/23,UPI-247485753811-divyamenon579@okhdfcbank-OK,247485753811,21/06/23,310.0,,567879.33
21/06/23,NWD-416021XXXXXX1668-S19508-JAYANAGAR,203799596488,21/06/23,120.0,,567759.33
22/06/23,IB BILLPAY DR-HDFCPE-545964XXXXXX0503 IB019518178320,019518178320,22/06/23,850.0,,566909.33
24/06/23,NWD-416021XXXXXX5962-S10485-HSR LAYOUT,892744785085,24/06/23,120.0,,566789.33
25/06/23,CREDIT INTEREST CAPITALISED,122753615861,25/06/23,,97.53,566886.86
25/06/23,GST ON BANK CHARGES,239523591967,25/06/23,17.7,,566869.16
25/06/23,UPI-280569617052-smitharao557@ybl-OK,280569617052,25/06/23,1250.0,,565619.16
25/06/23,UPI-778665055761-tarageorge860@paytm-OK,778665055761,25/06/23,249.0,,565370.16
26/06/23,IMPS-418652147232-KAVYAREDDY-HDFC-XXXXXXXXXX9407-PERSONAL,0000418652147232,26/06/23,,7500.0,572870.16
26/06/23,NWD-416021XXXXXX7168-S11904-KUKATPALLY,258159136676,26/06/23,1250.0,,571620.16
27/06/23,NWD-416021XXXXXX8408-S11345-MANGALURU,014934701204,27/06/23,49.0,,571571.16
27/06/23,IB BILLPAY DR-HDFCPE-545964XXXXXX5533 IB333098127275,333098127275,27/06/23,3499.0,,568072.16
27/06/23,NWD-416021XXXXXX8348-S18849-INDIRANAGAR,250503923962,27/06/23,310.0,,567762.16
01/07/23,NWD-416021XXXXXX8358-S13627-WHITEFIELD,971317422498,01/07/23,850.0,,566912.16
01/07/23,IB BILLPAY DR-HDFCPE-545964XXXXXX5725 IB898590139497,898590139497,01/07/23,49.0,,566863.16
01/07/23,UPI-419614026568-rohitsharm513@paytm-OK,419614026568,01/07/23,699.0,,566164.16
01/07/23,IMPS-718401623725-SMITHAPILLAI-HDFC-XXXXXXXXXX6617-PERSONAL,0000718401623725,01/07/23,,24000.0,590164.16
02/07/23,UPI-897053496402-farhankhan263@ybl-OK,897053496402,02/07/23,249.0,,589915.16
02/07/23,FT - CR - 447970311428 - SALARY CREDIT,986930768185,02/07/23,,78500.0,668415.16
03/07/23,IB BILLPAY DR-HDFCPE-545964XXXXXX7147 IB967105993250,967105993250,03/07/23,5200.0,,663215.16
04/07/23,IMPS-715320874990-ARCHANAPILLAI-HDFC-XXXXXXXXXX4687-PERSONAL,0000715320874990,04/07/23,,2500.0,665715.16
04/07/23,UPI-053651660694-reshmakhan203@paytm-OK,053651660694,04/07/23,2380.0,,663335.16
05/07/23,IMPS-003464476593-GEETADEVI-HDFC-XXXXXXXXXX7159-PERSONAL,0000003464476593,05/07/23,,24000.0,687335.16
06/07/23,IMPS-226702664644-RAJENDRAPRASAD-HDFC-XXXXXXXXXX7535-PERSONAL,0000226702664644,06/07/23,,850.0,688185.16
07/07/23,NWD-416021XXXXXX0203-S13663-JAYANAGAR,824096829206,07/07/23,999.0,,687186.16
07/07/23,NEFT DR-HDFC0272264-MEERA PILLAI-385434888333-RENT,305607974611,07/07/23,18000.0,,669186.16
07/07/23,NWD-416021XXXXXX4740-S16134-SECUNDERABAD,690270102119,07/07/23,120.0,,669066.16
08/07/23,IMPS-194844669923-BINDHUNAIR-HDFC-XXXXXXXXXX4151-PERSONAL,0000194844669923,08/07/23,,18500.0,687566.16
09/07/23,UPI-528350760936-ayeshakhan390@oksbi-OK,528350760936,09/07/23,3499.0,,684067.16
09/07/23,IMPS-577276060648-PRIYANAIR-HDFC-XXXXXXXXXX7063-PERSONAL,0000577276060648,09/07/23,,500.0,684567.16
09/07/23,POS 416021XXXXXX7017 DMART POS DEBIT,344662369411,09/07/23,699.0,,683868.16
09/07/23,IB BILLPAY DR-HDFCPE-545964XXXXXX1812 IB177962450709,177962450709,09/07/23,49.0,,683819.16
10/07/23,IMPS-774816259038-LAKSHMIVENKAT-HDFC-XXXXXXXXXX2761-PERSONAL,0000774816259038,10/07/23,,24000.0,707819.16
11/07/23,UPI-817385934974-mohandas445@okhdfcbank-OK,817385934974,11/07/23,79.0,,707740.16
11/07/23,NWD-416021XXXXXX4687-S18526-PUNE,364748558517,11/07/23,3499.0,,704241.16
12/07/23,IB BILLPAY DR-HDFCPE-545964XXXXXX4818 IB286399186230,286399186230,12/07/23,449.0,,703792.16
13/07/23,IMPS-900147418767-SNEHAPATIL-HDFC-XXXXXXXXXX5861-PERSONAL,0000900147418767,13/07/23,,850.0,704642.16
14/07/23,IB BILLPAY DR-HDFCPE-545964XXXXXX8243 IB844826676469,844826676469,14/07/23,310.0,,704332.16
14/07/23,NWD-416021XXXXXX3020-S19387-INDIRANAGAR,678434263248,14/07/23,850.0,,703482.16
15/07/23,NWD-416021XXXXXX1306-S17814-KUKATPALLY,118796864894,15/07/23,1680.0,,701802.16
15/07/23,NWD-416021XXXXXX3273-S18382-KUKATPALLY,912130976793,15/07/23,79.0,,701723.16
16/07/23,UPI-017325175813-vinaypatil898@okhdfcbank-OK,017325175813,16/07/23,2380.0,,699343.16
16/07/23,POS 416021XXXXXX1767 SWIGGY POS DEBIT,587649879800,16/07/23,120.0,,699223.16
17/07/23,IB BILLPAY DR-HDFCPE-545964XXXXXX4426 IB660269852857,660269852857,17/07/23,1250.0,,697973.16
18/07/23,UPI-886808630779-reshmakhan374@okhdfcbank-OK,886808630779,18/07/23,3499.0,,694474.16
18/07/23,UPI-602759711031-lathadevi250@oksbi-OK,602759711031,18/07/23,850.0,,693624.16
19/07/23,IMPS-319102559975-SMITHARAO-HDFC-XXXXXXXXXX6997-PERSONAL,0000319102559975,19/07/23,,7500.0,701124.16
20/07/23,POS 416021XXXXXX7403 SWIGGY POS DEBIT,324003472754,20/07/23,120.0,,701004.16
20/07/23,POS 416021XXXXXX7377 BOOKMYSHOW POS DEBIT,417454434234,20/07/23,2380.0,,698624.16
21/07/23,NWD-416021XXXXXX1680-S11591-KUKATPALLY,462139296083,21/07/23,999.0,,697625.16
21/07/23,IB BILLPAY DR-HDFCPE-545964XXXXXX7487 IB646611850017,646611850017,21/07/23,249.0,,697376.16
21/07/23,UPI-458773668919-vinaypatil96@paytm-OK,458773668919,21/07/23,120.0,,697256.16
22/07/23,IB BILLPAY DR-HDFCPE-545964XXXXXX6226 IB731335202420,731335202420,22/07/23,5200.0,,692056.16
23/07/23,UPI-342597448557-divyamenon51@ybl-OK,342597448557,23/07/23,850.0,,691206.16
24/07/23,IB BILLPAY DR-HDFCPE-545964XXXXXX7540 IB669486983074,669486983074,24/07/23,49.0,,691157.16
24/07/23,UPI-117333071078-anjalirao766@oksbi-OK,117333071078,24/07/23,310.0,,690847.16
25/07/23,IMPS-698000022957-RAJENDRAPRASAD-HDFC-XXXXXXXXXX9721-PERSONAL,0000698000022957,25/07/23,,11200.0,702047.16
25/07/23,POS 416021XXXXXX2756 IRCTC POS DEBIT,093928439104,25/07/23,999.0,,701048.16
25/07/23,IB BILLPAY DR-HDFCPE-545964XXXXXX2291 IB731730017015,731730017015,25/07/23,249.0,,700799.16
25/07/23,IB BILLPAY DR-HDFCPE-545964XXXXXX5999 IB474553170394,474553170394,25/07/23,2380.0,,698419.16
25/07/23,IB BILLPAY DR-HDFCPE-545964XXXXXX8627 IB712180507617,712180507617,25/07/23,999.0,,697420.16
26/07/23,NWD-416021XXXXXX1572-S15343-JAYANAGAR,303507387640,26/07/23,120.0,,697300.16
26/07/23,POS 416021XXXXXX7223 FLIPKART POS DEBIT,169443393723,26/07/23,7800.0,,689500.16
27/07/23,NWD-416021XXXXXX6733-S11329-PUNE,901636246371,27/07/23,49.0,,689451.16
29/07/23,IMPS-776343028102-RANJITSINGH-HDFC-XXXXXXXXXX1173-PERSONAL,0000776343028102,29/07/23,,850.0,690301.16
29/07/23,IMPS-691069140776-SANTOSHKUMAR-HDFC-XXXXXXXXXX8664-PERSONAL,0000691069140776,29/07/23,,11200.0,701501.16
31/07/23,NWD-416021XXXXXX9648-S10689-HSR LAYOUT,893144937836,31/07/23,120.0,,701381.16
01/08/23,FT - CR - 782838488805 - SALARY CREDIT,765177608800,01/08/23,,78500.0,779881.16
01/08/23,IMPS-156047488908-ADITYAKUMAR-HDFC-XXXXXXXXXX6116-PERSONAL,0000156047488908,01/08/23,,1200.0,781081.16
02/08/23,IB BILLPAY DR-HDFCPE-545964XXXXXX5378 IB181397285306,181397285306,02/08/23,999.0,,780082.16
03/08/23,IB BILLPAY DR-HDFCPE-545964XXXXXX5937 IB333568689165,333568689165,03/08/23,120.0,,779962.16
03/08/23,POS 416021XXXXXX3608 PVR CINEMAS POS DEBIT,581970871883,03/08/23,49.0,,779913.16
04/08/23,IB BILLPAY DR-HDFCPE-545964XXXXXX1022 IB164716448987,164716448987,04/08/23,449.0,,779464.16
05/08/23,NWD-416021XXXXXX2784-S16638-MANGALURU,785295519840,05/08/23,7800.0,,771664.16
06/08/23,NEFT DR-HDFC0735758-VIKRAM NAIR-963437750261-RENT,797008353616,06/08/23,22000.0,,749664.16
06/08/23,IMPS-525170916014-PRADEEPSINGH-HDFC-XXXXXXXXXX4101-PERSONAL,0000525170916014,06/08/23,,7500.0,757164.16
06/08/23,POS 416021XXXXXX0391 IOCL POS DEBIT,609845507323,06/08/23,999.0,,756165.16
06/08/23,NWD-416021XXXXXX8833-S18451-PUNE,005361213025,06/08/23,5200.0,,750965.16
07/08/23,IMPS-756843538226-TANVIRAO-HDFC-XXXXXXXXXX8964-PERSONAL,0000756843538226,07/08/23,,500.0,751465.16
08/08/23,IMPS-309724470930-MEENAIYER-HDFC-XXXXXXXXXX3687-PERSONAL,0000309724470930,08/08/23,,11200.0,762665.16
08/08/23,IMPS-508894292729-LALITHADEVI-HDFC-XXXXXXXXXX4190-PERSONAL,0000508894292729,08/08/23,,850.0,763515.16
10/08/23,UPI-468323466649-priyanair443@okaxis-OK,468323466649,10/08/23,850.0,,762665.16
10/08/23,NEFT-333364831720-SOUTHERN RETAILS-REIMB-448934-HDFC0547708,082623008600,10/08/23,,12000.0,774665.16
10/08/23,IMPS-570623985257-SANTOSHKUMAR-HDFC-XXXXXXXXXX4597-PERSONAL,0000570623985257,10/08/23,,4800.0,779465.16
10/08/23,IMPS-407748066737-CHANDANSHARMA-HDFC-XXXXXXXXXX5849-PERSONAL,0000407748066737,10/08/23,,18500.0,797965.16
11/08/23,IB BILLPAY DR-HDFCPE-545964XXXXXX0962 IB062938161386,062938161386,11/08/23,249.0,,797716.16
12/08/23,UPI-534285341161-lathadevi188@ybl-OK,534285341161,12/08/23,3499.0,,794217.16
13/08/23,UPI-094037217941-harishmeno157@paytm-OK,094037217941,13/08/23,120.0,,794097.16
13/08/23,IMPS-892040735566-CHANDANSHARMA-HDFC-XXXXXXXXXX4805-PERSONAL,0000892040735566,13/08/23,,850.0,794947.16
14/08/23,UPI-773355059976-farhankhan82@okhdfcbank-OK,773355059976,14/08/23,310.0,,794637.16
16/08/23,POS 416021XXXXXX5432 HPCL POS DEBIT,913098481702,16/08/23,120.0,,794517.16
16/08/23,IMPS-160656273169-SUSHMARAO-HDFC-XXXXXXXXXX9717-PERSONAL,0000160656273169,16/08/23,,11200.0,805717.16
17/08/23,IMPS-357104649043-SUNITADEVI-HDFC-XXXXXXXXXX3586-PERSONAL,0000357104649043,17/08/23,,500.0,806217.16
17/08/23,UPI-202229860767-divyamenon997@oksbi-OK,202229860767,17/08/23,49.0,,806168.16
18/08/23,IMPS-883069972113-LAKSHMIVENKAT-HDFC-XXXXXXXXXX8998-PERSONAL,0000883069972113,18/08/23,,1200.0,807368.16
19/08/23,POS 416021XXXXXX3222 MEDPLUS POS DEBIT,995423384714,19/08/23,3499.0,,803869.16
20/08/23,UPI-438911524371-mohandas496@paytm-OK,438911524371,20/08/23,2380.0,,801489.16
21/08/23,NWD-416021XXXXXX5307-S16411-HYDERABAD,843057566867,21/08/23,2380.0,,799109.16
21/08/23,UPI-737687579265-sunilshett830@okaxis-OK,737687579265,21/08/23,2380.0,,796729.16
21/08/23,NWD-416021XXXXXX1216-S18584-JAYANAGAR,212530302259,21/08/23,3499.0,,793230.16
21/08/23,IB BILLPAY DR-HDFCPE-545964XXXXXX3857 IB465509630441,465509630441,21/08/23,1680.0,,791550.16
24/08/23,UPI-263706019628-rajeshverm27@okaxis-OK,263706019628,24/08/23,449.0,,791101.16
24/08/23,UPI-190656474866-rajeshverm726@ybl-OK,190656474866,24/08/23,120.0,,790981.16
25/08/23,IB BILLPAY DR-HDFCPE-545964XXXXXX1462 IB761733453793,761733453793,25/08/23,999.0,,789982.16
25/08/23,NWD-416021XXXXXX1012-S10563-HYDERABAD,688108398833,25/08/23,120.0,,789862.16
25/08/23,UPI-115312041789-divyamenon492@ybl-OK,115312041789,25/08/23,3499.0,,786363.16
26/08/23,NWD-416021XXXXXX3190-S17142-BANJARA HILLS,511142031476,26/08/23,699.0,,785664.16
26/08/23,POS 416021XXXXXX8119 APOLLO PHARMACY POS DEBIT,619001915228,26/08/23,1250.0,,784414.16
26/08/23,IMPS-999886007981-KIRANREDDY-HDFC-XXXXXXXXXX5453-PERSONAL,0000999886007981,26/08/23,,24000.0,808414.16
27/08/23,POS 416021XXXXXX4321 ZOMATO POS DEBIT,495943456906,27/08/23,49.0,,808365.16
28/08/23,POS 416021XXXXXX7080 UBER POS DEBIT,064498176542,28/08/23,999.0,,807366.16
30/08/23,IB BILLPAY DR-HDFCPE-545964XXXXXX5304 IB443837615728,443837615728,30/08/23,1250.0,,806116.16
30/08/23,IMPS-201238245750-RESHMAKHAN-HDFC-XXXXXXXXXX3711-PERSONAL,0000201238245750,30/08/23,,24000.0,830116.16
30/08/23,IMPS-175544728759-LALITHADEVI-HDFC-XXXXXXXXXX7722-PERSONAL,0000175544728759,30/08/23,,7500.0,837616.16
31/08/23,UPI-080978114326-tarageorge467@okhdfcbank-OK,080978114326,31/08/23,999.0,,836617.16
01/09/23,POS 416021XXXXXX0950 OLA POS DEBIT,852489445962,01/09/23,49.0,,836568.16
01/09/23,IB BILLPAY DR-HDFCPE-545964XXXXXX0373 IB878487215590,878487215590,01/09/23,3499.0,,833069.16
02/09/23,NWD-416021XXXXXX7940-S13131-PUNE,151140242451,02/09/23,999.0,,832070.16
02/09/23,NWD-416021XXXXXX1390-S12654-BTM LAYOUT,973791759791,02/09/23,3499.0,,828571.16
03/09/23,FT - CR - 443382296329 - SALARY CREDIT,305010719744,03/09/23,,78500.0,907071.16
03/09/23,POS 416021XXXXXX0346 SWIGGY POS DEBIT,091870197832,03/09/23,310.0,,906761.16
03/09/23,NEFT DR-HDFC0546244-HARISH MENON-726255087243-RENT,076389353127,03/09/23,31000.0,,875761.16
03/09/23,POS 416021XXXXXX6859 APOLLO PHARMACY POS DEBIT,474587214764,03/09/23,5200.0,,870561.16
04/09/23,IB BILLPAY DR-HDFCPE-545964XXXXXX7497 IB685686798748,685686798748,04/09/23,850.0,,869711.16
06/09/23,UPI-381454649820-ayeshakhan387@paytm-OK,381454649820,06/09/23,1680.0,,868031.16
06/09/23,POS 416021XXXXXX4853 ZOMATO POS DEBIT,304806104203,06/09/23,2380.0,,865651.16
06/09/23,NWD-416021XXXXXX9232-S13816-WHITEFIELD,000353861675,06/09/23,310.0,,865341.16
06/09/23,IB BILLPAY DR-HDFCPE-545964XXXXXX6578 IB239959604884,239959604884,06/09/23,699.0,,864642.16
08/09/23,IMPS-024774038082-SURESHNAIR-HDFC-XXXXXXXXXX5035-PERSONAL,0000024774038082,08/09/23,,500.0,865142.16
08/09/23,POS 416021XXXXXX3286 ZOMATO POS DEBIT,435969374117,08/09/23,120.0,,865022.16
08/09/23,POS 416021XXXXXX5069 UBER POS DEBIT,931578597649,08/09/23,3499.0,,861523.16
09/09/23,UPI-536563051958-vikramnair458@okaxis-OK,536563051958,09/09/23,7800.0,,853723.16
09/09/23,UPI-676488876056-naveenkuma290@okhdfcbank-OK,676488876056,09/09/23,3499.0,,850224.16
10/09/23,IMPS-390252138193-LALITHADEVI-HDFC-XXXXXXXXXX4423-PERSONAL,0000390252138193,10/09/23,,11200.0,861424.16
11/09/23,POS 416021XXXXXX5960 FLIPKART POS DEBIT,398317758583,11/09/23,699.0,,860725.16
11/09/23,NWD-416021XXXXXX9344-S17970-MANGALURU,187526443550,11/09/23,5200.0,,855525.16
12/09/23,UPI-446096027405-gopalnaik91@oksbi-OK,446096027405,12/09/23,7800.0,,847725.16
14/09/23,POS 416021XXXXXX4793 FLIPKART POS DEBIT,556703105135,14/09/23,310.0,,847415.16
15/09/23,POS 416021XXXXXX6082 IOCL POS DEBIT,458396484477,15/09/23,79.0,,847336.16
15/09/23,POS 416021XXXXXX1003 ZOMATO POS DEBIT,609055184886,15/09/23,249.0,,847087.16
16/09/23,NWD-416021XXXXXX1972-S17413-MYSURU,005035355036,16/09/23,850.0,,846237.16
16/09/23,POS 416021XXXXXX6206 HPCL POS DEBIT,116238199941,16/09/23,249.0,,845988.16
18/09/23,IMPS-458736289750-DEEPAKJOSHI-HDFC-XXXXXXXXXX6580-PERSONAL,0000458736289750,18/09/23,,500.0,846488.16
19/09/23,NWD-416021XXXXXX7498-S16020-SECUNDERABAD,639767449493,19/09/23,1250.0,,845238.16
20/09/23,UPI-696242381451-tarageorge904@paytm-OK,696242381451,20/09/23,249.0,,844989.16
20/09/23,POS 416021XXXXXX6953 UBER POS DEBIT,040292882395,20/09/23,1680.0,,843309.16
21/09/23,UPI-263085629632-gopalnaik690@okaxis-OK,263085629632,21/09/23,5200.0,,838109.16
22/09/23,NWD-416021XXXXXX7086-S11827-PUNE,936560874438,22/09/23,1250.0,,836859.16
22/09/23,POS 416021XXXXXX8423 IRCTC POS DEBIT,708359282335,22/09/23,120.0,,836739.16
23/09/23,POS 416021XXXXXX7748 JIO POS DEBIT,013519012705,23/09/23,2380.0,,834359.16
24/09/23,IB BILLPAY DR-HDFCPE-545964XXXXXX9201 IB351067605458,351067605458,24/09/23,3499.0,,830860.16
25/09/23,IMPS-360263004495-RAMESHPILLAI-HDFC-XXXXXXXXXX2043-PERSONAL,0000360263004495,25/09/23,,500.0,831360.16
25/09/23,NWD-416021XXXXXX1293-S16160-MARATHAHALLI,228387018032,25/09/23,699.0,,830661.16
25/09/23,CREDIT INTEREST CAPITALISED,880118178729,25/09/23,,201.95,830863.11
25/09/23,GST ON BANK CHARGES,646834211802,25/09/23,17.7,,830845.41
25/09/23,POS 416021XXXXXX5836 UBER POS DEBIT,797037590193,25/09/23,999.0,,829846.41
25/09/23,NWD-416021XXXXXX7463-S17427-JAYANAGAR,062941342686,25/09/23,2380.0,,827466.41
26/09/23,IMPS-081966956986-RAHULSINGH-HDFC-XXXXXXXXXX5891-PERSONAL,0000081966956986,26/09/23,,7500.0,834966.41
26/09/23,UPI-945434468695-sunilshett665@ybl-OK,945434468695,26/09/23,2380.0,,832586.41
27/09/23,NWD-416021XXXXXX2913-S11898-SECUNDERABAD,140368721591,27/09/23,1680.0,,830906.41
27/09/23,IMPS-342929578473-SNEHAPATIL-HDFC-XXXXXXXXXX6588-PERSONAL,0000342929578473,27/09/23,,7500.0,838406.41
27/09/23,POS 416021XXXXXX4688 SWIGGY POS DEBIT,747801478348,27/09/23,449.0,,837957.41
28/09/23,IMPS-539780554458-KIRANREDDY-HDFC-XXXXXXXXXX0286-PERSONAL,0000539780554458,28/09/23,,24000.0,861957.41
28/09/23,IB BILLPAY DR-HDFCPE-545964XXXXXX3798 IB870472395160,870472395160,28/09/23,999.0,,860958.41
28/09/23,NEFT-612140032804-SOUTHERN RETAILS-REIMB-448934-HDFC0055628,048590545406,28/09/23,,12000.0,872958.41
28/09/23,POS 416021XXXXXX2130 APOLLO PHARMACY POS DEBIT,638737637500,28/09/23,120.0,,872838.41
29/09/23,POS 416021XXXXXX6739 SWIGGY POS DEBIT,110061377186,29/09/23,3499.0,,869339.41
29/09/23,NWD-416021XXXXXX6043-S15614-BTM LAYOUT,891453658067,29/09/23,5200.0,,864139.41
29/09/23,NWD-416021XXXXXX8660-S10053-INDIRANAGAR,058032588935,29/09/23,249.0,,863890.41
01/10/23,FT - CR - 973355878442 - SALARY CREDIT,701226497061,01/10/23,,78500.0,942390.41
01/10/23,POS 416021XXXXXX9786 MEDPLUS POS DEBIT,572410608705,01/10/23,120.0,,942270.41
02/10/23,UPI-280133099289-divyamenon363@paytm-OK,280133099289,02/10/23,3499.0,,938771.41
02/10/23,IMPS-811462010161-SNEHAPATIL-HDFC-XXXXXXXXXX2445-PERSONAL,0000811462010161,02/10/23,,500.0,939271.41
02/10/23,UPI-699582258742-rajeshverm671@okaxis-OK,699582258742,02/10/23,2380.0,,936891.41
03/10/23,UPI-916117909123-rajeshverm713@okaxis-OK,916117909123,03/10/23,699.0,,936192.41
04/10/23,NWD-416021XXXXXX9364-S17293-KORAMANGALA,246588189194,04/10/23,3499.0,,932693.41
04/10/23,IB BILLPAY DR-HDFCPE-545964XXXXXX7783 IB323168302295,323168302295,04/10/23,7800.0,,924893.41
05/10/23,POS 416021XXXXXX4067 MEDPLUS POS DEBIT,757645222737,05/10/23,120.0,,924773.41
05/10/23,IMPS-396481382338-SUNILYADAV-HDFC-XXXXXXXXXX2450-PERSONAL,0000396481382338,05/10/23,,2500.0,927273.41
05/10/23,NEFT DR-HDFC0942262-ARJUN MEHTA-957804751567-RENT,060990277146,05/10/23,26500.0,,900773.41
05/10/23,UPI-160647077736-arjunmehta428@okaxis-OK,160647077736,05/10/23,79.0,,900694.41
06/10/23,IB BILLPAY DR-HDFCPE-545964XXXXXX4463 IB816491139347,816491139347,06/10/23,999.0,,899695.41
06/10/23,IB BILLPAY DR-HDFCPE-545964XXXXXX1000 IB111112380670,111112380670,06/10/23,2380.0,,897315.41
07/10/23,NWD-416021XXXXXX6882-S15795-SECUNDERABAD,983610897170,07/10/23,3499.0,,893816.41
07/10/23,IMPS-970733565782-KAVITHARAO-HDFC-XXXXXXXXXX7907-PERSONAL,0000970733565782,07/10/23,,2500.0,896316.41
08/10/23,NWD-416021XXXXXX1814-S13997-BANJARA HILLS,863531053847,08/10/23,5200.0,,891116.41
08/10/23,IB BILLPAY DR-HDFCPE-545964XXXXXX1590 IB095342546132,095342546132,08/10/23,449.0,,890667.41
09/10/23,IB BILLPAY DR-HDFCPE-545964XXXXXX8175 IB711420708401,711420708401,09/10/23,1250.0,,889417.41
09/10/23,IB BILLPAY DR-HDFCPE-545964XXXXXX6955 IB537039403310,537039403310,09/10/23,449.0,,888968.41
10/10/23,UPI-435635217072-meerapilla674@oksbi-OK,435635217072,10/10/23,850.0,,888118.41
10/10/23,IMPS-613863858113-KARTHIKMENON-HDFC-XXXXXXXXXX0794-PERSONAL,0000613863858113,10/10/23,,2500.0,890618.41
11/10/23,IMPS-257246550997-GOPALVERMA-HDFC-XXXXXXXXXX6088-PERSONAL,0000257246550997,11/10/23,,2500.0,893118.41
13/10/23,POS 416021XXXXXX3510 FLIPKART POS DEBIT,429764525024,13/10/23,999.0,,892119.41
14/10/23,IMPS-290485571023-VENKATRAO-HDFC-XXXXXXXXXX9738-PERSONAL,0000290485571023,14/10/23,,500.0,892619.41
14/10/23,POS 416021XXXXXX9564 OLA POS DEBIT,556873429969,14/10/23,7800.0,,884819.41
15/10/23,IB BILLPAY DR-HDFCPE-545964XXXXXX1599 IB362201417145,362201417145,15/10/23,850.0,,883969.41
16/10/23,POS 416021XXXXXX5826 JIO POS DEBIT,750653577972,16/10/23,79.0,,883890.41
16/10/23,IMPS-574835024827-SURESHBABU-HDFC-XXXXXXXXXX2070-PERSONAL,0000574835024827,16/10/23,,1200.0,885090.41
16/10/23,POS 416021XXXXXX7226 BOOKMYSHOW POS DEBIT,456747494277,16/10/23,120.0,,884970.41
16/10/23,IB BILLPAY DR-HDFCPE-545964XXXXXX2913 IB819115797179,819115797179,16/10/23,850.0,,884120.41
17/10/23,POS 416021XXXXXX2226 ZOMATO POS DEBIT,174428707064,17/10/23,2380.0,,881740.41
17/10/23,UPI-443931138321-mohandas227@oksbi-OK,443931138321,17/10/23,850.0,,880890.41
21/10/23,IB BILLPAY DR-HDFCPE-545964XXXXXX5761 IB723094809123,723094809123,21/10/23,1250.0,,879640.41
21/10/23,POS 416021XXXXXX3068 DMART POS DEBIT,049034711354,21/10/23,999.0,,878641.41
22/10/23,UPI-292527144677-naveenkuma737@paytm-OK,292527144677,22/10/23,850.0,,877791.41
22/10/23,POS 416021XXXXXX9326 JIO POS DEBIT,031394668961,22/10/23,999.0,,876792.41
23/10/23,UPI-457121639465-priyanair370@okhdfcbank-OK,457121639465,23/10/23,5200.0,,871592.41
24/10/23,IMPS-180604762658-LATHAMURTHY-HDFC-XXXXXXXXXX0396-PERSONAL,0000180604762658,24/10/23,,11200.0,882792.41
24/10/23,IMPS-683274918086-FARHANKHAN-HDFC-XXXXXXXXXX6722-PERSONAL,0000683274918086,24/10/23,,500.0,883292.41
24/10/23,POS 416021XXXXXX6950 AMAZON POS DEBIT,410694303109,24/10/23,79.0,,883213.41
24/10/23,NWD-416021XXXXXX3587-S19241-KORAMANGALA,532304665961,24/10/23,3499.0,,879714.41
25/10/23,POS 416021XXXXXX3156 IOCL POS DEBIT,490834027532,25/10/23,79.0,,879635.41
25/10/23,IB BILLPAY DR-HDFCPE-545964XXXXXX3453 IB591144425325,591144425325,25/10/23,2380.0,,877255.41
25/10/23,POS 416021XXXXXX5878 AMAZON POS DEBIT,892805968809,25/10/23,249.0,,877006.41
26/10/23,POS 416021XXXXXX8374 ZOMATO POS DEBIT,207111955392,26/10/23,699.0,,876307.41
26/10/23,IMPS-869251411624-MOHANDAS-HDFC-XXXXXXXXXX1291-PERSONAL,0000869251411624,26/10/23,,1200.0,877507.41
26/10/23,IB BILLPAY DR-HDFCPE-545964XXXXXX0990 IB339255570533,339255570533,26/10/23,310.0,,877197.41
26/10/23,IMPS-773429500972-SANJANAHEGDE-HDFC-XXXXXXXXXX6353-PERSONAL,0000773429500972,26/10/23,,2500.0,879697.41
27/10/23,IB BILLPAY DR-HDFCPE-545964XXXXXX3418 IB083468716124,083468716124,27/10/23,310.0,,879387.41
27/10/23,UPI-608112812864-rajeshverm958@okhdfcbank-OK,608112812864,27/10/23,449.0,,878938.41
27/10/23,NEFT-496795674934-SOUTHERN RETAILS-REIMB-448934-HDFC0935512,340542846139,27/10/23,,12000.0,890938.41
27/10/23,IMPS-142628287218-LATHAMURTHY-HDFC-XXXXXXXXXX8311-PERSONAL,0000142628287218,27/10/23,,500.0,891438.41
28/10/23,IMPS-255534870881-TANVIRAO-HDFC-XXXXXXXXXX9271-PERSONAL,0000255534870881,28/10/23,,7500.0,898938.41
28/10/23,IB BILLPAY DR-HDFCPE-545964XXXXXX2582 IB300047383219,300047383219,28/10/23,850.0,,898088.41
31/10/23,IB BILLPAY DR-HDFCPE-545964XXXXXX0221 IB741346302328,741346302328,31/10/23,1250.0,,896838.41
31/10/23,NWD-416021XXXXXX8347-S11669-HSR LAYOUT,293433327117,31/10/23,3499.0,,893339.41
31/10/23,POS 416021XXXXXX5926 FLIPKART POS DEBIT,211096023381,31/10/23,49.0,,893290.41
01/11/23,POS 416021XXXXXX4833 APOLLO PHARMACY POS DEBIT,368835892107,01/11/23,699.0,,892591.41
01/11/23,UPI-427347003107-rahulsingh366@oksbi-OK,427347003107,01/11/23,999.0,,891592.41
02/11/23,FT - CR - 175899192128 - SALARY CREDIT,375900823742,02/11/23,,77250.0,968842.41
03/11/23,NEFT DR-HDFC0107086-NAVEEN KUMAR-820672803313-RENT,590572598717,03/11/23,18000.0,,950842.41
04/11/23,NWD-416021XXXXXX1245-S16945-HYDERABAD,429350533320,04/11/23,850.0,,949992.41
04/11/23,UPI-495356029784-vikramnair438@okaxis-OK,495356029784,04/11/23,49.0,,949943.41
04/11/23,IB BILLPAY DR-HDFCPE-545964XXXXXX4850 IB050149418632,050149418632,04/11/23,699.0,,949244.41
06/11/23,UPI-423810251044-priyanair358@ybl-OK,423810251044,06/11/23,79.0,,949165.41
06/11/23,IB BILLPAY DR-HDFCPE-545964XXXXXX6176 IB442436569220,442436569220,06/11/23,449.0,,948716.41
08/11/23,IMPS-271328515043-VIKRAMNAIR-HDFC-XXXXXXXXXX1763-PERSONAL,0000271328515043,08/11/23,,500.0,949216.41
08/11/23,POS 416021XXXXXX9501 DMART POS DEBIT,586529301394,08/11/23,120.0,,949096.41
09/11/23,POS 416021XXXXXX4128 JIO POS DEBIT,562228709661,09/11/23,699.0,,948397.41
10/11/23,UPI-237143183258-reshmakhan48@ybl-OK,237143183258,10/11/23,1250.0,,947147.41
11/11/23,UPI-563212947775-reshmakhan463@okhdfcbank-OK,563212947775,11/11/23,1680.0,,945467.41
11/11/23,IMPS-384419678190-VENKATRAO-HDFC-XXXXXXXXXX6521-PERSONAL,0000384419678190,11/11/23,,11200.0,956667.41
12/11/23,UPI-717460167557-gopalnaik862@okhdfcbank-OK,717460167557,12/11/23,999.0,,955668.41
12/11/23,IB BILLPAY DR-HDFCPE-545964XXXXXX6253 IB843921373316,843921373316,12/11/23,699.0,,954969.41
12/11/23,NWD-416021XXXXXX7836-S13592-HYDERABAD,766971146431,12/11/23,1250.0,,953719.41
13/11/23,IB BILLPAY DR-HDFCPE-545964XXXXXX3705 IB507835287169,507835287169,13/11/23,79.0,,953640.41
13/11/23,POS 416021XXXXXX5902 IRCTC POS DEBIT,576085783258,13/11/23,7800.0,,945840.41
13/11/23,IB BILLPAY DR-HDFCPE-545964XXXXXX7664 IB914908166259,914908166259,13/11/23,1680.0,,944160.41
13/11/23,NWD-416021XXXXXX0691-S16547-MUMBAI,939214037813,13/11/23,249.0,,943911.41
13/11/23,IMPS-604641840254-MALLIKADAS-HDFC-XXXXXXXXXX9733-PERSONAL,0000604641840254,13/11/23,,4800.0,948711.41
14/11/23,POS 416021XXXXXX2604 AIRTEL POS DEBIT,244587642311,14/11/23,249.0,,948462.41
14/11/23,IB BILLPAY DR-HDFCPE-545964XXXXXX7970 IB706830841969,706830841969,14/11/23,2380.0,,946082.41
15/11/23,UPI-398104249137-harishmeno439@okhdfcbank-OK,398104249137,15/11/23,5200.0,,940882.41
16/11/23,POS 416021XXXXXX7131 FLIPKART POS DEBIT,626581794809,16/11/23,2380.0,,938502.41
18/11/23,POS 416021XXXXXX7420 AIRTEL POS DEBIT,007798567292,18/11/23,249.0,,938253.41
18/11/23,IB BILLPAY DR-HDFCPE-545964XXXXXX1018 IB994276057947,994276057947,18/11/23,120.0,,938133.41
19/11/23,NWD-416021XXXXXX5766-S17725-MUMBAI,339004522757,19/11/23,79.0,,938054.41
19/11/23,IMPS-783934723709-VENKATRAO-HDFC-XXXXXXXXXX8762-PERSONAL,0000783934723709,19/11/23,,18500.0,956554.41
22/11/23,NWD-416021XXXXXX4306-S18094-MANGALURU,612021263618,22/11/23,7800.0,,948754.41
23/11/23,IB BILLPAY DR-HDFCPE-545964XXXXXX4708 IB674504177277,674504177277,23/11/23,3499.0,,945255.41
23/11/23,UPI-248222087263-rohitsharm913@oksbi-OK,248222087263,23/11/23,310.0,,944945.41
24/11/23,IMPS-393969870597-TARASINGH-HDFC-XXXXXXXXXX0510-PERSONAL,0000393969870597,24/11/23,,2500.0,947445.41
27/11/23,POS 416021XXXXXX8360 BPCL POS DEBIT,406334906257,27/11/23,1250.0,,946195.41
27/11/23,NWD-416021XXXXXX8400-S19082-SECUNDERABAD,904822270529,27/11/23,79.0,,946116.41
28/11/23,POS 416021XXXXXX1450 ZOMATO POS DEBIT,641703346720,28/11/23,120.0,,945996.41
01/12/23,NWD-416021XXXXXX0027-S17423-HYDERABAD,277513047624,01/12/23,49.0,,945947.41
02/12/23,IMPS-111220554811-DEEPANAIR-HDFC-XXXXXXXXXX3999-PERSONAL,0000111220554811,02/12/23,,2500.0,948447.41
02/12/23,FT - CR - 058282179731 - SALARY CREDIT,670723098784,02/12/23,,78000.0,1026447.41
02/12/23,IB BILLPAY DR-HDFCPE-545964XXXXXX8187 IB043885418161,043885418161,02/12/23,850.0,,1025597.41
04/12/23,NEFT DR-HDFC0526173-AYESHA KHAN-996644630476-RENT,396914451016,04/12/23,18000.0,,1007597.41
06/12/23,IMPS-202952449023-ANITHAKRISHNAN-HDFC-XXXXXXXXXX9291-PERSONAL,0000202952449023,06/12/23,,500.0,1008097.41
06/12/23,IB BILLPAY DR-HDFCPE-545964XXXXXX8218 IB896099432342,896099432342,06/12/23,79.0,,1008018.41
06/12/23,IMPS-801226360635-SURESHBABU-HDFC-XXXXXXXXXX4653-PERSONAL,0000801226360635,06/12/23,,850.0,1008868.41
07/12/23,IMPS-574210913353-KAVERIMENON-HDFC-XXXXXXXXXX9115-PERSONAL,0000574210913353,07/12/23,,2500.0,1011368.41
07/12/23,NWD-416021XXXXXX5632-S14813-MYSURU,478372831290,07/12/23,1250.0,,1010118.41
07/12/23,UPI-974136622631-anjalirao788@ybl-OK,974136622631,07/12/23,49.0,,1010069.41
08/12/23,POS 416021XXXXXX5302 IRCTC POS DEBIT,351812763913,08/12/23,120.0,,1009949.41
08/12/23,POS 416021XXXXXX5037 ZOMATO POS DEBIT,606471650503,08/12/23,2380.0,,1007569.41
09/12/23,POS 416021XXXXXX6183 DMART POS DEBIT,580615512950,09/12/23,5200.0,,1002369.41
09/12/23,POS 416021XXXXXX7452 HPCL POS DEBIT,314079801667,09/12/23,1680.0,,1000689.41
09/12/23,POS 416021XXXXXX5227 APOLLO PHARMACY POS DEBIT,457600441589,09/12/23,5200.0,,995489.41
10/12/23,UPI-299243593682-sunilshett173@paytm-OK,299243593682,10/12/23,5200.0,,990289.41
11/12/23,IMPS-189072227708-ADITYAKUMAR-HDFC-XXXXXXXXXX8017-PERSONAL,0000189072227708,11/12/23,,850.0,991139.41
11/12/23,IB BILLPAY DR-HDFCPE-545964XXXXXX9967 IB133292799433,133292799433,11/12/23,79.0,,991060.41
14/12/23,IMPS-391844374103-RAJESHVERMA-HDFC-XXXXXXXXXX9257-PERSONAL,0000391844374103,14/12/23,,1200.0,992260.41
14/12/23,NEFT-180381013755-SOUTHERN RETAILS-REIMB-448934-HDFC0553470,765766470631,14/12/23,,18500.0,1010760.41
15/12/23,UPI-620611093582-reshmakhan431@ybl-OK,620611093582,15/12/23,999.0,,1009761.41
15/12/23,IMPS-091425376020-NAVEENKUMAR-HDFC-XXXXXXXXXX5643-PERSONAL,0000091425376020,15/12/23,,24000.0,1033761.41
17/12/23,IB BILLPAY DR-HDFCPE-545964XXXXXX8576 IB787080111702,787080111702,17/12/23,999.0,,1032762.41
19/12/23,POS 416021XXXXXX2715 HPCL POS DEBIT,185677721784,19/12/23,120.0,,1032642.41
19/12/23,IB BILLPAY DR-HDFCPE-545964XXXXXX0550 IB841839506037,841839506037,19/12/23,5200.0,,1027442.41
20/12/23,NWD-416021XXXXXX4013-S17943-BANJARA HILLS,528892890712,20/12/23,699.0,,1026743.41
20/12/23,UPI-194739831885-kavyareddy446@ybl-OK,194739831885,20/12/23,79.0,,1026664.41
21/12/23,POS 416021XXXXXX9306 AMAZON POS DEBIT,141748975659,21/12/23,249.0,,1026415.41
22/12/23,IMPS-653561069735-NADIAHUSSAIN-HDFC-XXXXXXXXXX1380-PERSONAL,0000653561069735,22/12/23,,850.0,1027265.41
22/12/23,NEFT-350422881067-SOUTHERN RETAILS-REIMB-448934-HDFC0463208,286802562553,22/12/23,,24000.0,1051265.41
23/12/23,IB BILLPAY DR-HDFCPE-545964XXXXXX6487 IB299970098306,299970098306,23/12/23,49.0,,1051216.41
24/12/23,IB BILLPAY DR-HDFCPE-545964XXXXXX8804 IB147754514806,147754514806,24/12/23,3499.0,,1047717.41
24/12/23,NWD-416021XXXXXX3318-S11206-MANGALURU,619701709973,24/12/23,120.0,,1047597.41
25/12/23,NWD-416021XXXXXX9659-S11513-KUKATPALLY,881497821121,25/12/23,2380.0,,1045217.41
26/12/23,NWD-416021XXXXXX7589-S16668-HSR LAYOUT,015200161174,26/12/23,120.0,,1045097.41
27/12/23,UPI-485149425781-ayeshakhan370@okhdfcbank-OK,485149425781,27/12/23,310.0,,1044787.41
28/12/23,POS 416021XXXXXX3530 BPCL POS DEBIT,316850095303,28/12/23,3499.0,,1041288.41
28/12/23,IMPS-108014593858-KAVYAREDDY-HDFC-XXXXXXXXXX1332-PERSONAL,0000108014593858,28/12/23,,500.0,1041788.41
28/12/23,UPI-245280636785-reshmakhan212@paytm-OK,245280636785,28/12/23,850.0,,1040938.41
30/12/23,POS 416021XXXXXX1527 AIRTEL POS DEBIT,206898447122,30/12/23,3499.0,,1037439.41
01/01/24,FT - CR - 654172066295 - SALARY CREDIT,079230414305,01/01/24,,78500.0,1115939.41
01/01/24,UPI-835113765512-arjunmehta441@paytm-OK,835113765512,01/01/24,5200.0,,1110739.41
01/01/24,IMPS-476164645272-PADMARAO-HDFC-XXXXXXXXXX9822-PERSONAL,0000476164645272,01/01/24,,11200.0,1121939.41
02/01/24,UPI-494867286994-anjalirao579@okaxis-OK,494867286994,02/01/24,999.0,,1120940.41
02/01/24,IMPS-309635495261-ROHITSHARMA-HDFC-XXXXXXXXXX2177-PERSONAL,0000309635495261,02/01/24,,850.0,1121790.41
03/01/24,POS 416021XXXXXX9458 BESCOM POS DEBIT,820180556029,03/01/24,310.0,,1121480.41
03/01/24,NWD-416021XXXXXX4346-S10022-HSR LAYOUT,918681074601,03/01/24,699.0,,1120781.41
04/01/24,NWD-416021XXXXXX7871-S12235-INDIRANAGAR,981223180439,04/01/24,3499.0,,1117282.41
05/01/24,IMPS-640238963022-GEETADEVI-HDFC-XXXXXXXXXX3607-PERSONAL,0000640238963022,05/01/24,,7500.0,1124782.41
06/01/24,NEFT DR-HDFC0957681-MEERA PILLAI-877090340208-RENT,159499594346,06/01/24,26500.0,,1098282.41
06/01/24,UPI-945746393872-vinaypatil92@ybl-OK,945746393872,06/01/24,449.0,,1097833.41
08/01/24,UPI-507695991797-harishmeno313@paytm-OK,507695991797,08/01/24,5200.0,,1092633.41
08/01/24,UPI-672221165015-kavyareddy471@oksbi-OK,672221165015,08/01/24,120.0,,1092513.41
09/01/24,NWD-416021XXXXXX4358-S18402-INDIRANAGAR,165848115023,09/01/24,79.0,,1092434.41
09/01/24,IMPS-722475194555-DEEPAKJOSHI-HDFC-XXXXXXXXXX1762-PERSONAL,0000722475194555,09/01/24,,4800.0,1097234.41
10/01/24,IMPS-771094953916-RAMESHGOWDA-HDFC-XXXXXXXXXX1349-PERSONAL,0000771094953916,10/01/24,,24000.0,1121234.41
10/01/24,NWD-416021XXXXXX7142-S19283-HYDERABAD,627953610422,10/01/24,850.0,,1120384.41
11/01/24,POS 416021XXXXXX0926 HPCL POS DEBIT,315890739088,11/01/24,1250.0,,1119134.41
13/01/24,NWD-416021XXXXXX0795-S19876-PUNE,850818160816,13/01/24,310.0,,1118824.41
13/01/24,NWD-416021XXXXXX8138-S13959-KUKATPALLY,138097873126,13/01/24,7800.0,,1111024.41
14/01/24,IMPS-892317437453-RAHULSINGH-HDFC-XXXXXXXXXX2747-PERSONAL,0000892317437453,14/01/24,,2500.0,1113524.41
14/01/24,IMPS-839975638236-KARTHIKMENON-HDFC-XXXXXXXXXX3451-PERSONAL,0000839975638236,14/01/24,,24000.0,1137524.41
15/01/24,NWD-416021XXXXXX3599-S11061-HYDERABAD,351874338900,15/01/24,249.0,,1137275.41
15/01/24,POS 416021XXXXXX9393 DMART POS DEBIT,094655354701,15/01/24,699.0,,1136576.41
16/01/24,NWD-416021XXXXXX0183-S19984-KUKATPALLY,431902283716,16/01/24,120.0,,1136456.41
17/01/24,UPI-426040874898-naveenkuma585@oksbi-OK,426040874898,17/01/24,5200.0,,1131256.41
17/01/24,POS 416021XXXXXX5588 BESCOM POS DEBIT,175465599021,17/01/24,5200.0,,1126056.41
18/01/24,UPI-479703978447-reshmakhan239@okhdfcbank-OK,479703978447,18/01/24,1680.0,,1124376.41
19/01/24,NWD-416021XXXXXX7862-S18023-MUMBAI,951922030157,19/01/24,449.0,,1123927.41
19/01/24,POS 416021XXXXXX8706 FLIPKART POS DEBIT,397858921659,19/01/24,5200.0,,1118727.41
23/01/24,IMPS-437290797509-PRIYANAIR-HDFC-XXXXXXXXXX5989-PERSONAL,0000437290797509,23/01/24,,500.0,1119227.41
24/01/24,IMPS-745351936670-SHAHIDKHAN-HDFC-XXXXXXXXXX9053-PERSONAL,0000745351936670,24/01/24,,11200.0,1130427.41
24/01/24,IMPS-433721552849-ROHITSHARMA-HDFC-XXXXXXXXXX1599-PERSONAL,0000433721552849,24/01/24,,850.0,1131277.41
25/01/24,POS 416021XXXXXX5747 FLIPKART POS DEBIT,397655853506,25/01/24,1680.0,,1129597.41
26/01/24,UPI-656503335062-arjunmehta459@paytm-OK,656503335062,26/01/24,2380.0,,1127217.41
27/01/24,IB BILLPAY DR-HDFCPE-545964XXXXXX5511 IB112755159329,112755159329,27/01/24,999.0,,1126218.41
27/01/24,IMPS-069337980759-SANTOSHKUMAR-HDFC-XXXXXXXXXX5417-PERSONAL,0000069337980759,27/01/24,,2500.0,1128718.41
29/01/24,POS 416021XXXXXX9931 IOCL POS DEBIT,899554967281,29/01/24,999.0,,1127719.41
29/01/24,IB BILLPAY DR-HDFCPE-545964XXXXXX7148 IB772198536064,772198536064,29/01/24,850.0,,1126869.41
30/01/24,NWD-416021XXXXXX4997-S19519-HSR LAYOUT,159512353924,30/01/24,7800.0,,1119069.41
30/01/24,UPI-713713318600-rajeshverm204@oksbi-OK,713713318600,30/01/24,7800.0,,1111269.41
31/01/24,NWD-416021XXXXXX7277-S10245-KUKATPALLY,121279491207,31/01/24,249.0,,1111020.41
01/02/24,FT - CR - 468159405545 - SALARY CREDIT,367844854567,01/02/24,,78500.0,1189520.41
01/02/24,IMPS-521945110953-ARUNSHARMA-HDFC-XXXXXXXXXX4763-PERSONAL,0000521945110953,01/02/24,,24000.0,1213520.41
01/02/24,POS 416021XXXXXX0237 RELIANCE FRESH POS DEBIT,167346085524,01/02/24,79.0,,1213441.41
02/02/24,IMPS-532627102755-ARCHANAPILLAI-HDFC-XXXXXXXXXX1357-PERSONAL,0000532627102755,02/02/24,,500.0,1213941.41
02/02/24,NWD-416021XXXXXX5731-S11375-KORAMANGALA,534541562128,02/02/24,999.0,,1212942.41
04/02/24,IB BILLPAY DR-HDFCPE-545964XXXXXX5435 IB378360820096,378360820096,04/02/24,79.0,,1212863.41
04/02/24,UPI-712366002674-vikramnair184@okhdfcbank-OK,712366002674,04/02/24,1680.0,,1211183.41
04/02/24,NWD-416021XXXXXX6038-S10561-HYDERABAD,454388858734,04/02/24,120.0,,1211063.41
04/02/24,IB BILLPAY DR-HDFCPE-545964XXXXXX0810 IB597222706379,597222706379,04/02/24,850.0,,1210213.41
05/02/24,NWD-416021XXXXXX4720-S15405-MUMBAI,890385503249,05/02/24,449.0,,1209764.41
05/02/24,NEFT DR-HDFC0082518-SANTOSH IYER-898289740644-RENT,040060135538,05/02/24,26500.0,,1183264.41
05/02/24,POS 416021XXXXXX2335 IRCTC POS DEBIT,386180788643,05/02/24,999.0,,1182265.41
05/02/24,NWD-416021XXXXXX4790-S19879-MARATHAHALLI,421426067727,05/02/24,1250.0,,1181015.41
07/02/24,NWD-416021XXXXXX0496-S11052-KORAMANGALA,089366539444,07/02/24,5200.0,,1175815.41
07/02/24,IB BILLPAY DR-HDFCPE-545964XXXXXX0768 IB733579157931,733579157931,07/02/24,699.0,,1175116.41
08/02/24,NWD-416021XXXXXX0061-S17286-MUMBAI,145176219152,08/02/24,3499.0,,1171617.41
08/02/24,POS 416021XXXXXX6817 FLIPKART POS DEBIT,105573894427,08/02/24,120.0,,1171497.41
09/02/24,IMPS-653868043573-ANITHAKRISHNAN-HDFC-XXXXXXXXXX7091-PERSONAL,0000653868043573,09/02/24,,4800.0,1176297.41
09/02/24,IB BILLPAY DR-HDFCPE-545964XXXXXX2531 IB694221394729,694221394729,09/02/24,7800.0,,1168497.41
09/02/24,NWD-416021XXXXXX1679-S11037-BTM LAYOUT,772331552695,09/02/24,449.0,,1168048.41
10/02/24,NWD-416021XXXXXX7122-S13831-WHITEFIELD,728976558545,10/02/24,310.0,,1167738.41
11/02/24,IMPS-329938447242-SUSHMARAO-HDFC-XXXXXXXXXX0232-PERSONAL,0000329938447242,11/02/24,,500.0,1168238.41
12/02/24,UPI-391717271453-ayeshakhan192@ybl-OK,391717271453,12/02/24,850.0,,1167388.41
12/02/24,IB BILLPAY DR-HDFCPE-545964XXXXXX7670 IB611390950136,611390950136,12/02/24,449.0,,1166939.41
13/02/24,IB BILLPAY DR-HDFCPE-545964XXXXXX2603 IB001068504937,001068504937,13/02/24,1680.0,,1165259.41
14/02/24,IMPS-948986730102-POOJASHARMA-HDFC-XXXXXXXXXX0468-PERSONAL,0000948986730102,14/02/24,,2500.0,1167759.41
14/02/24,UPI-162889806638-santoshiye650@paytm-OK,162889806638,14/02/24,79.0,,1167680.41
14/02/24,IMPS-674502438956-KAVYAREDDY-HDFC-XXXXXXXXXX6341-PERSONAL,0000674502438956,14/02/24,,850.0,1168530.41
15/02/24,POS 416021XXXXXX6785 MEDPLUS POS DEBIT,285021438934,15/02/24,249.0,,1168281.41
15/02/24,NWD-416021XXXXXX2810-S10158-WHITEFIELD,671778194897,15/02/24,699.0,,1167582.41
16/02/24,IMPS-804463888916-DIVYAMENON-HDFC-XXXXXXXXXX8415-PERSONAL,0000804463888916,16/02/24,,18500.0,1186082.41
16/02/24,POS 416021XXXXXX1268 PVR CINEMAS POS DEBIT,297306578695,16/02/24,5200.0,,1180882.41
16/02/24,IB BILLPAY DR-HDFCPE-545964XXXXXX1974 IB361441985825,361441985825,16/02/24,449.0,,1180433.41
17/02/24,UPI-167545932170-vinaypatil932@okaxis-OK,167545932170,17/02/24,5200.0,,1175233.41
17/02/24,UPI-400865126023-reshmakhan346@okhdfcbank-OK,400865126023,17/02/24,7800.0,,1167433.41
17/02/24,UPI-753449547360-rohitsharm636@okaxis-OK,753449547360,17/02/24,1680.0,,1165753.41
18/02/24,IMPS-625785646822-GEETADEVI-HDFC-XXXXXXXXXX3304-PERSONAL,0000625785646822,18/02/24,,11200.0,1176953.41
18/02/24,IB BILLPAY DR-HDFCPE-545964XXXXXX8553 IB174227943872,174227943872,18/02/24,3499.0,,1173454.41
19/02/24,IMPS-061156782658-SUNILYADAV-HDFC-XXXXXXXXXX7052-PERSONAL,0000061156782658,19/02/24,,18500.0,1191954.41
20/02/24,UPI-103906166965-rohitsharm871@oksbi-OK,103906166965,20/02/24,79.0,,1191875.41
22/02/24,UPI-017151514700-rahulsingh893@ybl-OK,017151514700,22/02/24,79.0,,1191796.41
23/02/24,POS 416021XXXXXX6157 RELIANCE FRESH POS DEBIT,810466419474,23/02/24,310.0,,1191486.41
24/02/24,IMPS-142321594983-FATIMASHEIKH-HDFC-XXXXXXXXXX9608-PERSONAL,0000142321594983,24/02/24,,1200.0,1192686.41
24/02/24,NWD-416021XXXXXX4967-S16448-MARATHAHALLI,698458807735,24/02/24,79.0,,1192607.41
25/02/24,POS 416021XXXXXX3296 IRCTC POS DEBIT,489718098673,25/02/24,1250.0,,1191357.41
25/02/24,IMPS-890935175223-NILESHKULKARNI-HDFC-XXXXXXXXXX1612-PERSONAL,0000890935175223,25/02/24,,11200.0,1202557.41
26/02/24,NWD-416021XXXXXX9153-S17829-KUKATPALLY,928213697524,26/02/24,699.0,,1201858.41
26/02/24,POS 416021XXXXXX3900 APOLLO PHARMACY POS DEBIT,970929383805,26/02/24,449.0,,1201409.41
27/02/24,IB BILLPAY DR-HDFCPE-545964XXXXXX6420 IB051214868514,051214868514,27/02/24,79.0,,1201330.41
27/02/24,POS 416021XXXXXX6195 HPCL POS DEBIT,552141651572,27/02/24,850.0,,1200480.41
27/02/24,IB BILLPAY DR-HDFCPE-545964XXXXXX9752 IB644370842858,644370842858,27/02/24,449.0,,1200031.41
27/02/24,IB BILLPAY DR-HDFCPE-545964XXXXXX1781 IB970097085456,970097085456,27/02/24,7800.0,,1192231.41
28/02/24,IB BILLPAY DR-HDFCPE-545964XXXXXX0128 IB718084350993,718084350993,28/02/24,79.0,,1192152.41
29/02/24,IB BILLPAY DR-HDFCPE-545964XXXXXX0737 IB651102218328,651102218328,29/02/24,5200.0,,1186952.41
29/02/24,IB BILLPAY DR-HDFCPE-545964XXXXXX4776 IB712273235049,712273235049,29/02/24,120.0,,1186832.41
01/03/24,IMPS-549880371935-GEETADEVI-HDFC-XXXXXXXXXX6342-PERSONAL,0000549880371935,01/03/24,,7500.0,1194332.41
01/03/24,NWD-416021XXXXXX4251-S19601-HYDERABAD,907163179313,01/03/24,249.0,,1194083.41
02/03/24,NWD-416021XXXXXX3421-S11725-MUMBAI,099528692542,02/03/24,79.0,,1194004.41
02/03/24,IB BILLPAY DR-HDFCPE-545964XXXXXX8348 IB489378970474,489378970474,02/03/24,3499.0,,1190505.41
02/03/24,IMPS-073958776549-SNEHAPATIL-HDFC-XXXXXXXXXX0588-PERSONAL,0000073958776549,02/03/24,,24000.0,1214505.41
02/03/24,NWD-416021XXXXXX1646-S19368-SECUNDERABAD,629930568757,02/03/24,249.0,,1214256.41
03/03/24,IMPS-625195660790-AYESHAKHAN-HDFC-XXXXXXXXXX8128-PERSONAL,0000625195660790,03/03/24,,24000.0,1238256.41
03/03/24,FT - CR - 328552752244 - SALARY CREDIT,406610741158,03/03/24,,78000.0,1316256.41
03/03/24,NEFT DR-HDFC0318436-SANTOSH IYER-324202129805-RENT,215323147002,03/03/24,22000.0,,1294256.41
03/03/24,POS 416021XXXXXX8992 FLIPKART POS DEBIT,925819111430,03/03/24,1250.0,,1293006.41
03/03/24,IB BILLPAY DR-HDFCPE-545964XXXXXX4427 IB610092973812,610092973812,03/03/24,249.0,,1292757.41
04/03/24,NWD-416021XXXXXX6874-S12113-BANJARA HILLS,953830838964,04/03/24,850.0,,1291907.41
04/03/24,POS 416021XXXXXX3269 UBER POS DEBIT,366526699065,04/03/24,310.0,,1291597.41
06/03/24,UPI-655091970782-farhankhan451@okhdfcbank-OK,655091970782,06/03/24,699.0,,1290898.41
07/03/24,POS 416021XXXXXX0965 UBER POS DEBIT,478460131475,07/03/24,49.0,,1290849.41
07/03/24,NWD-416021XXXXXX8246-S12132-HYDERABAD,123327241293,07/03/24,449.0,,1290400.41
07/03/24,IMPS-286016083984-GOPALVERMA-HDFC-XXXXXXXXXX6570-PERSONAL,0000286016083984,07/03/24,,2500.0,1292900.41
08/03/24,IMPS-078423814875-POOJASHARMA-HDFC-XXXXXXXXXX3748-PERSONAL,0000078423814875,08/03/24,,2500.0,1295400.41
09/03/24,IMPS-310373521406-GEETADEVI-HDFC-XXXXXXXXXX6710-PERSONAL,0000310373521406,09/03/24,,7500.0,1302900.41
11/03/24,POS 416021XXXXXX1160 FLIPKART POS DEBIT,064103946466,11/03/24,1250.0,,1301650.41
11/03/24,IMPS-285024385131-CHANDANSHARMA-HDFC-XXXXXXXXXX6681-PERSONAL,0000285024385131,11/03/24,,11200.0,1312850.41
12/03/24,NWD-416021XXXXXX2839-S19987-HYDERABAD,156417386146,12/03/24,5200.0,,1307650.41
12/03/24,POS 416021XXXXXX8764 IRCTC POS DEBIT,164418154749,12/03/24,850.0,,1306800.41
12/03/24,IB BILLPAY DR-HDFCPE-545964XXXXXX5238 IB535360384313,535360384313,12/03/24,449.0,,1306351.41
13/03/24,UPI-569551254166-harishmeno955@okaxis-OK,569551254166,13/03/24,79.0,,1306272.41
13/03/24,POS 416021XXXXXX7769 HPCL POS DEBIT,184280205702,13/03/24,79.0,,1306193.41
13/03/24,IB BILLPAY DR-HDFCPE-545964XXXXXX8415 IB228310536159,228310536159,13/03/24,120.0,,1306073.41
14/03/24,IB BILLPAY DR-HDFCPE-545964XXXXXX7879 IB604415019415,604415019415,14/03/24,449.0,,1305624.41
15/03/24,POS 416021XXXXXX9857 AMAZON POS DEBIT,623190392184,15/03/24,310.0,,1305314.41
16/03/24,IMPS-483225961319-SHEELADEVI-HDFC-XXXXXXXXXX3436-PERSONAL,0000483225961319,16/03/24,,2500.0,1307814.41
16/03/24,POS 416021XXXXXX9651 ZOMATO POS DEBIT,524209768685,16/03/24,2380.0,,1305434.41
17/03/24,UPI-997765347196-vikramnair813@okhdfcbank-OK,997765347196,17/03/24,3499.0,,1301935.41
17/03/24,POS 416021XXXXXX5385 IOCL POS DEBIT,433274751095,17/03/24,449.0,,1301486.41
17/03/24,UPI-712198812237-sunilshett172@okhdfcbank-OK,712198812237,17/03/24,2380.0,,1299106.41
18/03/24,IMPS-239978587565-RAJENDRAPRASAD-HDFC-XXXXXXXXXX3216-PERSONAL,0000239978587565,18/03/24,,1200.0,1300306.41
18/03/24,IMPS-022155162481-KAVERIMENON-HDFC-XXXXXXXXXX2021-PERSONAL,0000022155162481,18/03/24,,850.0,1301156.41
19/03/24,IMPS-914017684307-IMRANKHAN-HDFC-XXXXXXXXXX9997-PERSONAL,0000914017684307,19/03/24,,500.0,1301656.41
19/03/24,IMPS-075615978675-LALITHADEVI-HDFC-XXXXXXXXXX8149-PERSONAL,0000075615978675,19/03/24,,24000.0,1325656.41
20/03/24,IMPS-416430372890-RESHMAKHAN-HDFC-XXXXXXXXXX3135-PERSONAL,0000416430372890,20/03/24,,4800.0,1330456.41
20/03/24,NWD-416021XXXXXX1772-S10483-PUNE,031818746730,20/03/24,2380.0,,1328076.41
21/03/24,POS 416021XXXXXX9723 SWIGGY POS DEBIT,919816198662,21/03/24,3499.0,,1324577.41
21/03/24,UPI-127635405382-smitharao648@okaxis-OK,127635405382,21/03/24,120.0,,1324457.41
22/03/24,IB BILLPAY DR-HDFCPE-545964XXXXXX9164 IB178607872752,178607872752,22/03/24,310.0,,1324147.41
23/03/24,POS 416021XXXXXX7382 HPCL POS DEBIT,626943202464,23/03/24,449.0,,1323698.41
23/03/24,UPI-912818846299-mohandas301@okaxis-OK,912818846299,23/03/24,1250.0,,1322448.41
24/03/24,UPI-881304797297-rohitsharm782@oksbi-OK,881304797297,24/03/24,310.0,,1322138.41
25/03/24,CREDIT INTEREST CAPITALISED,620846994235,25/03/24,,47.21,1322185.62
25/03/24,GST ON BANK CHARGES,925512246376,25/03/24,17.7,,1322167.92
25/03/24,IMPS-110891770988-FARHANKHAN-HDFC-XXXXXXXXXX1366-PERSONAL,0000110891770988,25/03/24,,500.0,1322667.92
25/03/24,IB BILLPAY DR-HDFCPE-545964XXXXXX7586 IB948573711978,948573711978,25/03/24,1680.0,,1320987.92
26/03/24,POS 416021XXXXXX3212 PVR CINEMAS POS DEBIT,930873778643,26/03/24,249.0,,1320738.92
28/03/24,POS 416021XXXXXX2801 ZOMATO POS DEBIT,713002708796,28/03/24,249.0,,1320489.92
28/03/24,POS 416021XXXXXX1983 PVR CINEMAS POS DEBIT,118537172875,28/03/24,449.0,,1320040.92
31/03/24,IMPS-786254113329-GEETADEVI-HDFC-XXXXXXXXXX0562-PERSONAL,0000786254113329,31/03/24,,2500.0,1322540.92
31/03/24,NWD-416021XXXXXX3210-S19993-INDIRANAGAR,963650651342,31/03/24,850.0,,1321690.92
01/04/24,IMPS-797796148268-DEEPAKJOSHI-HDFC-XXXXXXXXXX6983-PERSONAL,0000797796148268,01/04/24,,18500.0,1340190.92
01/04/24,IB BILLPAY DR-HDFCPE-545964XXXXXX4052 IB507897092943,507897092943,01/04/24,120.0,,1340070.92
02/04/24,FT - CR - 803046961043 - SALARY CREDIT,500753220262,02/04/24,,77250.0,1417320.92
02/04/24,NWD-416021XXXXXX7311-S15450-MANGALURU,596876655886,02/04/24,3499.0,,1413821.92
03/04/24,IB BILLPAY DR-HDFCPE-545964XXXXXX8629 IB155043058418,155043058418,03/04/24,310.0,,1413511.92
04/04/24,IMPS-559873160244-ARUNSHARMA-HDFC-XXXXXXXXXX0321-PERSONAL,0000559873160244,04/04/24,,500.0,1414011.92
05/04/24,NEFT DR-HDFC0711748-TARA GEORGE-099061109291-RENT,834279630306,05/04/24,18000.0,,1396011.92
06/04/24,POS 416021XXXXXX9444 MEDPLUS POS DEBIT,049952488372,06/04/24,699.0,,1395312.92
06/04/24,POS 416021XXXXXX0968 PVR CINEMAS POS DEBIT,711753650866,06/04/24,249.0,,1395063.92
06/04/24,NWD-416021XXXXXX6120-S15498-BANJARA HILLS,854553906597,06/04/24,850.0,,1394213.92
06/04/24,POS 416021XXXXXX4746 MEDPLUS POS DEBIT,985237650027,06/04/24,850.0,,1393363.92
06/04/24,POS 416021XXXXXX0972 AIRTEL POS DEBIT,016281398094,06/04/24,5200.0,,1388163.92
08/04/24,UPI-941449055899-reshmakhan323@ybl-OK,941449055899,08/04/24,249.0,,1387914.92
09/04/24,IMPS-390113478951-IMRANKHAN-HDFC-XXXXXXXXXX5198-PERSONAL,0000390113478951,09/04/24,,7500.0,1395414.92
09/04/24,IB BILLPAY DR-HDFCPE-545964XXXXXX2498 IB947473811837,947473811837,09/04/24,249.0,,1395165.92
09/04/24,UPI-630649998668-rajeshverm921@paytm-OK,630649998668,09/04/24,120.0,,1395045.92
09/04/24,IMPS-013990145687-FATIMASHEIKH-HDFC-XXXXXXXXXX9240-PERSONAL,0000013990145687,09/04/24,,24000.0,1419045.92
10/04/24,NWD-416021XXXXXX5883-S19066-MARATHAHALLI,283116652281,10/04/24,310.0,,1418735.92
11/04/24,IMPS-269205663405-KARTHIKMENON-HDFC-XXXXXXXXXX1174-PERSONAL,0000269205663405,11/04/24,,1200.0,1419935.92
11/04/24,UPI-500862427980-divyamenon273@okaxis-OK,500862427980,11/04/24,449.0,,1419486.92
12/04/24,POS 416021XXXXXX6839 BPCL POS DEBIT,905609736832,12/04/24,120.0,,1419366.92
13/04/24,IB BILLPAY DR-HDFCPE-545964XXXXXX3665 IB300462868996,300462868996,13/04/24,699.0,,1418667.92
13/04/24,NWD-416021XXXXXX3713-S12315-SECUNDERABAD,638819326475,13/04/24,120.0,,1418547.92
17/04/24,UPI-036252299598-farhankhan923@okhdfcbank-OK,036252299598,17/04/24,850.0,,1417697.92
19/04/24,POS 416021XXXXXX6776 FLIPKART POS DEBIT,701750905621,19/04/24,1250.0,,1416447.92
19/04/24,NWD-416021XXXXXX1447-S13489-MARATHAHALLI,765955379021,19/04/24,5200.0,,1411247.92
20/04/24,IMPS-960388655316-PADMARAO-HDFC-XXXXXXXXXX6351-PERSONAL,0000960388655316,20/04/24,,500.0,1411747.92
20/04/24,POS 416021XXXXXX2859 IOCL POS DEBIT,450018300769,20/04/24,49.0,,1411698.92
22/04/24,POS 416021XXXXXX9501 APOLLO PHARMACY POS DEBIT,111878670399,22/04/24,1680.0,,1410018.92
22/04/24,IMPS-885691633377-KIRANREDDY-HDFC-XXXXXXXXXX6991-PERSONAL,0000885691633377,22/04/24,,24000.0,1434018.92
23/04/24,IB BILLPAY DR-HDFCPE-545964XXXXXX8638 IB881717953407,881717953407,23/04/24,2380.0,,1431638.92
23/04/24,IB BILLPAY DR-HDFCPE-545964XXXXXX3105 IB226650056754,226650056754,23/04/24,3499.0,,1428139.92
24/04/24,IB BILLPAY DR-HDFCPE-545964XXXXXX0660 IB806826463631,806826463631,24/04/24,120.0,,1428019.92
24/04/24,IMPS-949203222610-PRIYANAIR-HDFC-XXXXXXXXXX0786-PERSONAL,0000949203222610,24/04/24,,500.0,1428519.92
25/04/24,IMPS-168675890095-NIKHILGUPTA-HDFC-XXXXXXXXXX8989-PERSONAL,0000168675890095,25/04/24,,11200.0,1439719.92
25/04/24,IB BILLPAY DR-HDFCPE-545964XXXXXX1325 IB351670432206,351670432206,25/04/24,3499.0,,1436220.92
27/04/24,UPI-014143264759-kavyareddy184@okaxis-OK,014143264759,27/04/24,1250.0,,1434970.92
28/04/24,UPI-355145741390-priyanair182@okhdfcbank-OK,355145741390,28/04/24,999.0,,1433971.92
28/04/24,UPI-689706774122-rohitsharm29@paytm-OK,689706774122,28/04/24,449.0,,1433522.92
28/04/24,NWD-416021XXXXXX8069-S11824-WHITEFIELD,679480393383,28/04/24,999.0,,1432523.92
28/04/24,NWD-416021XXXXXX2962-S16708-MYSURU,693835228405,28/04/24,699.0,,1431824.92
29/04/24,NWD-416021XXXXXX3019-S19052-MANGALURU,757098289199,29/04/24,310.0,,1431514.92
29/04/24,IMPS-346932072194-KIRANREDDY-HDFC-XXXXXXXXXX5105-PERSONAL,0000346932072194,29/04/24,,18500.0,1450014.92
02/05/24,NWD-416021XXXXXX7802-S19395-HYDERABAD,038082307538,02/05/24,3499.0,,1446515.92
02/05/24,UPI-419836677491-ayeshakhan45@paytm-OK,419836677491,02/05/24,999.0,,1445516.92
03/05/24,FT - CR - 086177272208 - SALARY CREDIT,905925946247,03/05/24,,78500.0,1524016.92
03/05/24,POS 416021XXXXXX6804 DMART POS DEBIT,700239310639,03/05/24,999.0,,1523017.92
03/05/24,IMPS-993645141330-CHANDANSHARMA-HDFC-XXXXXXXXXX9005-PERSONAL,0000993645141330,03/05/24,,1200.0,1524217.92
04/05/24,NWD-416021XXXXXX2121-S17751-BANJARA HILLS,270562728736,04/05/24,79.0,,1524138.92
05/05/24,NWD-416021XXXXXX1878-S16146-PUNE,266216457800,05/05/24,449.0,,1523689.92
06/05/24,UPI-316005656204-vinaypatil148@paytm-OK,316005656204,06/05/24,7800.0,,1515889.92
06/05/24,NEFT DR-HDFC0835977-KAVYA REDDY-455313687765-RENT,194404278952,06/05/24,22000.0,,1493889.92
07/05/24,NWD-416021XXXXXX8759-S11906-BTM LAYOUT,914768711068,07/05/24,5200.0,,1488689.92
07/05/24,IMPS-284610855000-SUNITADEVI-HDFC-XXXXXXXXXX8772-PERSONAL,0000284610855000,07/05/24,,2500.0,1491189.92
09/05/24,IMPS-165972311150-SANJANAHEGDE-HDFC-XXXXXXXXXX8018-PERSONAL,0000165972311150,09/05/24,,24000.0,1515189.92
09/05/24,POS 416021XXXXXX5690 MEDPLUS POS DEBIT,854214662759,09/05/24,2380.0,,1512809.92
10/05/24,UPI-723399848840-farhankhan427@okhdfcbank-OK,723399848840,10/05/24,850.0,,1511959.92
10/05/24,IB BILLPAY DR-HDFCPE-545964XXXXXX5582 IB004478302334,004478302334,10/05/24,1250.0,,1510709.92
11/05/24,IMPS-521457833503-ANANDKUMAR-HDFC-XXXXXXXXXX6135-PERSONAL,0000521457833503,11/05/24,,500.0,1511209.92
11/05/24,IB BILLPAY DR-HDFCPE-545964XXXXXX7958 IB703186005738,703186005738,11/05/24,120.0,,1511089.92
12/05/24,POS 416021XXXXXX9826 HPCL POS DEBIT,216633658919,12/05/24,850.0,,1510239.92
12/05/24,IB BILLPAY DR-HDFCPE-545964XXXXXX9406 IB963821287715,963821287715,12/05/24,699.0,,1509540.92
12/05/24,NWD-416021XXXXXX2632-S15379-BANJARA HILLS,981086945606,12/05/24,310.0,,1509230.92
12/05/24,POS 416021XXXXXX5665 IRCTC POS DEBIT,406183331460,12/05/24,1250.0,,1507980.92
13/05/24,POS 416021XXXXXX7371 IOCL POS DEBIT,524545290821,13/05/24,120.0,,1507860.92
13/05/24,POS 416021XXXXXX6112 OLA POS DEBIT,406634225968,13/05/24,449.0,,1507411.92
14/05/24,NWD-416021XXXXXX1163-S12384-JAYANAGAR,802081441106,14/05/24,5200.0,,1502211.92
14/05/24,UPI-977986823409-kiranreddy863@paytm-OK,977986823409,14/05/24,449.0,,1501762.92
14/05/24,IMPS-494860906113-KAVYAREDDY-HDFC-XXXXXXXXXX2535-PERSONAL,0000494860906113,14/05/24,,500.0,1502262.92
15/05/24,IMPS-159838840927-MEENAIYER-HDFC-XXXXXXXXXX1776-PERSONAL,0000159838840927,15/05/24,,7500.0,1509762.92
15/05/24,POS 416021XXXXXX5952 DMART POS DEBIT,195847665041,15/05/24,7800.0,,1501962.92
15/05/24,IMPS-716723610495-GEETADEVI-HDFC-XXXXXXXXXX9510-PERSONAL,0000716723610495,15/05/24,,500.0,1502462.92
15/05/24,NEFT-675256361096-SOUTHERN RETAILS-REIMB-448934-HDFC0674785,659944281815,15/05/24,,18500.0,1520962.92
16/05/24,IB BILLPAY DR-HDFCPE-545964XXXXXX0208 IB300084611321,300084611321,16/05/24,49.0,,1520913.92
17/05/24,NWD-416021XXXXXX0284-S10671-MANGALURU,022141893337,17/05/24,449.0,,1520464.92
17/05/24,IB BILLPAY DR-HDFCPE-545964XXXXXX1522 IB721185389544,721185389544,17/05/24,310.0,,1520154.92
18/05/24,POS 416021XXXXXX9105 AIRTEL POS DEBIT,045826747544,18/05/24,249.0,,1519905.92
18/05/24,POS 416021XXXXXX2495 AMAZON POS DEBIT,684088882271,18/05/24,699.0,,1519206.92
20/05/24,IB BILLPAY DR-HDFCPE-545964XXXXXX3442 IB652819142930,652819142930,20/05/24,249.0,,1518957.92
21/05/24,POS 416021XXXXXX3293 AIRTEL POS DEBIT,861925919731,21/05/24,79.0,,1518878.92
22/05/24,IB BILLPAY DR-HDFCPE-545964XXXXXX9089 IB865162723397,865162723397,22/05/24,120.0,,1518758.92
22/05/24,NWD-416021XXXXXX2295-S10286-HSR LAYOUT,059702284482,22/05/24,120.0,,1518638.92
23/05/24,POS 416021XXXXXX7396 PVR CINEMAS POS DEBIT,275318961101,23/05/24,699.0,,1517939.92
24/05/24,UPI-055898612969-rohitsharm738@okaxis-OK,055898612969,24/05/24,310.0,,1517629.92
25/05/24,UPI-021706897310-poojasharm34@oksbi-OK,021706897310,25/05/24,699.0,,1516930.92
25/05/24,UPI-455615146302-vinaypatil384@okaxis-OK,455615146302,25/05/24,449.0,,1516481.92
25/05/24,IMPS-470036298359-RANJITSINGH-HDFC-XXXXXXXXXX9498-PERSONAL,0000470036298359,25/05/24,,18500.0,1534981.92
27/05/24,UPI-008076941686-vinaypatil740@okaxis-OK,008076941686,27/05/24,999.0,,1533982.92
27/05/24,IMPS-514453826908-RAJENDRAPRASAD-HDFC-XXXXXXXXXX5119-PERSONAL,0000514453826908,27/05/24,,1200.0,1535182.92
28/05/24,NWD-416021XXXXXX0331-S17127-MARATHAHALLI,846953789627,28/05/24,699.0,,1534483.92
28/05/24,UPI-508817472170-reshmakhan64@paytm-OK,508817472170,28/05/24,249.0,,1534234.92
29/05/24,IMPS-460172623897-CHANDANSHARMA-HDFC-XXXXXXXXXX1943-PERSONAL,0000460172623897,29/05/24,,11200.0,1545434.92
30/05/24,IMPS-672885307194-SHAHIDKHAN-HDFC-XXXXXXXXXX2654-PERSONAL,0000672885307194,30/05/24,,500.0,1545934.92
30/05/24,IMPS-837627261220-FARHANKHAN-HDFC-XXXXXXXXXX2951-PERSONAL,0000837627261220,30/05/24,,4800.0,1550734.92
30/05/24,NWD-416021XXXXXX2051-S16195-KUKATPALLY,277077903545,30/05/24,2380.0,,1548354.92
30/05/24,IMPS-412775139630-VIKRAMNAIR-HDFC-XXXXXXXXXX4416-PERSONAL,0000412775139630,30/05/24,,18500.0,1566854.92
31/05/24,IB BILLPAY DR-HDFCPE-545964XXXXXX6715 IB737592992487,737592992487,31/05/24,5200.0,,1561654.92
31/05/24,UPI-876667469624-anjalirao147@okaxis-OK,876667469624,31/05/24,5200.0,,1556454.92
01/06/24,IMPS-697647010154-SMITHAPILLAI-HDFC-XXXXXXXXXX8128-PERSONAL,0000697647010154,01/06/24,,2500.0,1558954.92
01/06/24,FT - CR - 263450941732 - SALARY CREDIT,800616095765,01/06/24,,77250.0,1636204.92
01/06/24,POS 416021XXXXXX1397 IOCL POS DEBIT,388039987733,01/06/24,310.0,,1635894.92
02/06/24,POS 416021XXXXXX6169 ZOMATO POS DEBIT,982532025425,02/06/24,1680.0,,1634214.92
03/06/24,POS 416021XXXXXX6128 AIRTEL POS DEBIT,960265854506,03/06/24,5200.0,,1629014.92
03/06/24,POS 416021XXXXXX7648 FLIPKART POS DEBIT,287946722392,03/06/24,7800.0,,1621214.92
03/06/24,IMPS-815270468107-RAJENDRAPRASAD-HDFC-XXXXXXXXXX0743-PERSONAL,0000815270468107,03/06/24,,18500.0,1639714.92
04/06/24,UPI-949696272967-poojasharm597@ybl-OK,949696272967,04/06/24,120.0,,1639594.92
05/06/24,IMPS-341445693599-PRIYANAIR-HDFC-XXXXXXXXXX1129-PERSONAL,0000341445693599,05/06/24,,18500.0,1658094.92
06/06/24,NWD-416021XXXXXX3940-S10889-INDIRANAGAR,270404847211,06/06/24,249.0,,1657845.92
06/06/24,NEFT DR-HDFC0010773-KAVYA REDDY-983720776367-RENT,022544302399,06/06/24,31000.0,,1626845.92
06/06/24,IMPS-732729690079-SHEELADEVI-HDFC-XXXXXXXXXX1938-PERSONAL,0000732729690079,06/06/24,,18500.0,1645345.92
07/06/24,POS 416021XXXXXX6836 IOCL POS DEBIT,049471315423,07/06/24,2380.0,,1642965.92
08/06/24,UPI-066356538631-kiranreddy677@okaxis-OK,066356538631,08/06/24,79.0,,1642886.92
08/06/24,NWD-416021XXXXXX9674-S18530-MUMBAI,466163140160,08/06/24,120.0,,1642766.92
08/06/24,NWD-416021XXXXXX9386-S15998-KORAMANGALA,203453708198,08/06/24,1250.0,,1641516.92
09/06/24,IMPS-675341757852-BABULAL-HDFC-XXXXXXXXXX9994-PERSONAL,0000675341757852,09/06/24,,7500.0,1649016.92
09/06/24,NWD-416021XXXXXX2770-S10063-INDIRANAGAR,613387615941,09/06/24,1250.0,,1647766.92
09/06/24,NWD-416021XXXXXX8801-S19251-SECUNDERABAD,463925586076,09/06/24,120.0,,1647646.92
09/06/24,IMPS-910695532066-ANITHAKRISHNAN-HDFC-XXXXXXXXXX8690-PERSONAL,0000910695532066,09/06/24,,850.0,1648496.92
10/06/24,POS 416021XXXXXX6806 AMAZON POS DEBIT,196395312613,10/06/24,2380.0,,1646116.92
10/06/24,POS 416021XXXXXX5634 DMART POS DEBIT,321786751981,10/06/24,79.0,,1646037.92
12/06/24,NWD-416021XXXXXX4275-S16759-KUKATPALLY,157877612174,12/06/24,7800.0,,1638237.92
12/06/24,NEFT-128099507751-SOUTHERN RETAILS-REIMB-448934-HDFC0123039,579087806409,12/06/24,,12000.0,1650237.92
13/06/24,IMPS-241259396220-ARJUNMEHTA-HDFC-XXXXXXXXXX7263-PERSONAL,0000241259396220,13/06/24,,4800.0,1655037.92
14/06/24,IB BILLPAY DR-HDFCPE-545964XXXXXX2984 IB491044804746,491044804746,14/06/24,699.0,,1654338.92
16/06/24,IB BILLPAY DR-HDFCPE-545964XXXXXX8892 IB271362175148,271362175148,16/06/24,5200.0,,1649138.92
16/06/24,NWD-416021XXXXXX8264-S10813-KORAMANGALA,907964167725,16/06/24,1680.0,,1647458.92
16/06/24,POS 416021XXXXXX4423 UBER POS DEBIT,482137787452,16/06/24,120.0,,1647338.92
17/06/24,UPI-144698515545-rohitsharm484@oksbi-OK,144698515545,17/06/24,5200.0,,1642138.92
17/06/24,IMPS-657613769537-FARHANKHAN-HDFC-XXXXXXXXXX7344-PERSONAL,0000657613769537,17/06/24,,500.0,1642638.92
18/06/24,UPI-643544007960-poojasharm781@okhdfcbank-OK,643544007960,18/06/24,79.0,,1642559.92
18/06/24,NEFT-205263886183-SOUTHERN RETAILS-REIMB-448934-HDFC0915293,210391109974,18/06/24,,24000.0,1666559.92
18/06/24,UPI-382098635564-mohandas219@ybl-OK,382098635564,18/06/24,850.0,,1665709.92
18/06/24,IMPS-294232733524-USHARANI-HDFC-XXXXXXXXXX6833-PERSONAL,0000294232733524,18/06/24,,11200.0,1676909.92
19/06/24,IB BILLPAY DR-HDFCPE-545964XXXXXX4365 IB371970179894,371970179894,19/06/24,850.0,,1676059.92
20/06/24,IB BILLPAY DR-HDFCPE-545964XXXXXX5587 IB871183155510,871183155510,20/06/24,2380.0,,1673679.92
21/06/24,IMPS-750991349806-LALITHADEVI-HDFC-XXXXXXXXXX5473-PERSONAL,0000750991349806,21/06/24,,2500.0,1676179.92
22/06/24,IB BILLPAY DR-HDFCPE-545964XXXXXX5470 IB647296868921,647296868921,22/06/24,699.0,,1675480.92
22/06/24,UPI-599816213098-rahulsingh773@okhdfcbank-OK,599816213098,22/06/24,999.0,,1674481.92
23/06/24,NWD-416021XXXXXX0275-S11957-WHITEFIELD,176477382990,23/06/24,850.0,,1673631.92
24/06/24,IB BILLPAY DR-HDFCPE-545964XXXXXX3701 IB560664145218,560664145218,24/06/24,49.0,,1673582.92
24/06/24,UPI-478754272647-tarageorge559@oksbi-OK,478754272647,24/06/24,2380.0,,1671202.92
25/06/24,CREDIT INTEREST CAPITALISED,466714288933,25/06/24,,187.32,1671390.24
25/06/24,GST ON BANK CHARGES,588717207410,25/06/24,17.7,,1671372.54
25/06/24,POS 416021XXXXXX9733 IRCTC POS DEBIT,479202105917,25/06/24,699.0,,1670673.54
25/06/24,NWD-416021XXXXXX2743-S16277-MARATHAHALLI,135157901257,25/06/24,249.0,,1670424.54
26/06/24,IB BILLPAY DR-HDFCPE-545964XXXXXX9059 IB571891762650,571891762650,26/06/24,3499.0,,1666925.54
27/06/24,NWD-416021XXXXXX8860-S19396-WHITEFIELD,062749461908,27/06/24,1250.0,,1665675.54
28/06/24,UPI-186612909478-anjalirao927@paytm-OK,186612909478,28/06/24,249.0,,1665426.54
29/06/24,POS 416021XXXXXX8787 AIRTEL POS DEBIT,365592698497,29/06/24,1680.0,,1663746.54
29/06/24,IMPS-210777597316-DEEPAKJOSHI-HDFC-XXXXXXXXXX0078-PERSONAL,0000210777597316,29/06/24,,24000.0,1687746.54
29/06/24,NEFT-775347738984-SOUTHERN RETAILS-REIMB-448934-HDFC0597902,797401631130,29/06/24,,18500.0,1706246.54
29/06/24,IMPS-315970807339-BINDHUNAIR-HDFC-XXXXXXXXXX4853-PERSONAL,0000315970807339,29/06/24,,2500.0,1708746.54
30/06/24,POS 416021XXXXXX7451 PVR CINEMAS POS DEBIT,161660350691,30/06/24,1250.0,,1707496.54
01/07/24,FT - CR - 678423052478 - SALARY CREDIT,553616360355,01/07/24,,77250.0,1784746.54
02/07/24,NWD-416021XXXXXX4744-S16010-HYDERABAD,708479757381,02/07/24,449.0,,1784297.54
02/07/24,IMPS-360539020432-SHEELADEVI-HDFC-XXXXXXXXXX5069-PERSONAL,0000360539020432,02/07/24,,4800.0,1789097.54
02/07/24,NWD-416021XXXXXX5813-S12742-BTM LAYOUT,240953534264,02/07/24,699.0,,1788398.54
03/07/24,IMPS-340940721060-VINAYPATIL-HDFC-XXXXXXXXXX5724-PERSONAL,0000340940721060,03/07/24,,850.0,1789248.54
03/07/24,IMPS-590226937241-GANESHKUMAR-HDFC-XXXXXXXXXX5482-PERSONAL,0000590226937241,03/07/24,,2500.0,1791748.54
05/07/24,NEFT DR-HDFC0611862-KIRAN REDDY-493834360693-RENT,541087204303,05/07/24,26500.0,,1765248.54
07/07/24,IB BILLPAY DR-HDFCPE-545964XXXXXX8068 IB752109236434,752109236434,07/07/24,120.0,,1765128.54
08/07/24,POS 416021XXXXXX3796 IRCTC POS DEBIT,666123320948,08/07/24,249.0,,1764879.54
08/07/24,POS 416021XXXXXX2512 AIRTEL POS DEBIT,381691830904,08/07/24,1680.0,,1763199.54
08/07/24,NWD-416021XXXXXX3681-S10964-JAYANAGAR,510374342897,08/07/24,1680.0,,1761519.54
09/07/24,POS 416021XXXXXX3178 AIRTEL POS DEBIT,010446456687,09/07/24,999.0,,1760520.54
09/07/24,NWD-416021XXXXXX5356-S19225-MARATHAHALLI,227543531406,09/07/24,120.0,,1760400.54
09/07/24,POS 416021XXXXXX3662 FLIPKART POS DEBIT,885035706290,09/07/24,49.0,,1760351.54
11/07/24,IMPS-887194715285-AYESHAKHAN-HDFC-XXXXXXXXXX5359-PERSONAL,0000887194715285,11/07/24,,4800.0,1765151.54
12/07/24,IMPS-109176901062-KAVYAREDDY-HDFC-XXXXXXXXXX3437-PERSONAL,0000109176901062,12/07/24,,4800.0,1769951.54
13/07/24,IMPS-247523299198-SUNITADEVI-HDFC-XXXXXXXXXX2393-PERSONAL,0000247523299198,13/07/24,,11200.0,1781151.54
13/07/24,POS 416021XXXXXX7271 BOOKMYSHOW POS DEBIT,201316703839,13/07/24,5200.0,,1775951.54
14/07/24,NWD-416021XXXXXX4370-S12414-WHITEFIELD,255552456642,14/07/24,699.0,,1775252.54
15/07/24,IB BILLPAY DR-HDFCPE-545964XXXXXX6904 IB962411769127,962411769127,15/07/24,79.0,,1775173.54
16/07/24,NWD-416021XXXXXX2764-S10279-HYDERABAD,429953883320,16/07/24,7800.0,,1767373.54
18/07/24,IMPS-444428524831-KAVYAREDDY-HDFC-XXXXXXXXXX4887-PERSONAL,0000444428524831,18/07/24,,11200.0,1778573.54
19/07/24,UPI-735934743902-gopalnaik534@ybl-OK,735934743902,19/07/24,3499.0,,1775074.54
19/07/24,POS 416021XXXXXX5878 HPCL POS DEBIT,512749619807,19/07/24,49.0,,1775025.54
19/07/24,UPI-088686157432-vinaypatil504@okhdfcbank-OK,088686157432,19/07/24,449.0,,1774576.54
20/07/24,POS 416021XXXXXX2378 SWIGGY POS DEBIT,776974970304,20/07/24,699.0,,1773877.54
20/07/24,NWD-416021XXXXXX2373-S15174-HSR LAYOUT,970842130853,20/07/24,850.0,,1773027.54
22/07/24,POS 416021XXXXXX4114 AIRTEL POS DEBIT,033573456477,22/07/24,249.0,,1772778.54
23/07/24,IB BILLPAY DR-HDFCPE-545964XXXXXX5004 IB903195863052,903195863052,23/07/24,310.0,,1772468.54
23/07/24,NWD-416021XXXXXX7927-S19291-MARATHAHALLI,650222236172,23/07/24,310.0,,1772158.54
23/07/24,UPI-039098884599-rajeshverm151@oksbi-OK,039098884599,23/07/24,449.0,,1771709.54
25/07/24,IMPS-875375056498-GANESHKUMAR-HDFC-XXXXXXXXXX2098-PERSONAL,0000875375056498,25/07/24,,4800.0,1776509.54
25/07/24,NWD-416021XXXXXX5618-S19344-HSR LAYOUT,706136945213,25/07/24,79.0,,1776430.54
26/07/24,IMPS-468083806487-PRAKASHRAO-HDFC-XXXXXXXXXX5124-PERSONAL,0000468083806487,26/07/24,,2500.0,1778930.54
26/07/24,UPI-138650338289-harishmeno821@oksbi-OK,138650338289,26/07/24,1680.0,,1777250.54
26/07/24,POS 416021XXXXXX5505 UBER POS DEBIT,769638428924,26/07/24,2380.0,,1774870.54
26/07/24,IMPS-217879219597-VIKRAMNAIR-HDFC-XXXXXXXXXX9174-PERSONAL,0000217879219597,26/07/24,,2500.0,1777370.54
26/07/24,UPI-872915411304-vikramnair106@paytm-OK,872915411304,26/07/24,3499.0,,1773871.54
28/07/24,UPI-766189611062-kiranreddy353@ybl-OK,766189611062,28/07/24,850.0,,1773021.54
28/07/24,IMPS-770890389707-GEETADEVI-HDFC-XXXXXXXXXX7935-PERSONAL,0000770890389707,28/07/24,,18500.0,1791521.54
29/07/24,NWD-416021XXXXXX5820-S11287-MARATHAHALLI,611280669890,29/07/24,699.0,,1790822.54
30/07/24,POS 416021XXXXXX4035 BOOKMYSHOW POS DEBIT,361033294336,30/07/24,49.0,,1790773.54
31/07/24,IMPS-536548762863-FATIMASHEIKH-HDFC-XXXXXXXXXX0549-PERSONAL,0000536548762863,31/07/24,,18500.0,1809273.54
01/08/24,IMPS-880193152788-NIKHILGUPTA-HDFC-XXXXXXXXXX8781-PERSONAL,0000880193152788,01/08/24,,7500.0,1816773.54
01/08/24,FT - CR - 065577292001 - SALARY CREDIT,460492512776,01/08/24,,78000.0,1894773.54
02/08/24,POS 416021XXXXXX1957 MEDPLUS POS DEBIT,165566673688,02/08/24,120.0,,1894653.54
02/08/24,IB BILLPAY DR-HDFCPE-545964XXXXXX1269 IB632883126071,632883126071,02/08/24,79.0,,1894574.54
03/08/24,IB BILLPAY DR-HDFCPE-545964XXXXXX4694 IB473467813835,473467813835,03/08/24,850.0,,1893724.54
05/08/24,NWD-416021XXXXXX6095-S19626-HSR LAYOUT,869205677929,05/08/24,7800.0,,1885924.54
05/08/24,NWD-416021XXXXXX3209-S10802-KUKATPALLY,829818954484,05/08/24,120.0,,1885804.54
06/08/24,NEFT DR-HDFC0029424-MOHAN DAS-077088469479-RENT,727745905465,06/08/24,22000.0,,1863804.54
06/08/24,NWD-416021XXXXXX6820-S14356-HYDERABAD,697466104056,06/08/24,449.0,,1863355.54
07/08/24,IMPS-830267405924-KAVYAREDDY-HDFC-XXXXXXXXXX5890-PERSONAL,0000830267405924,07/08/24,,1200.0,1864555.54
08/08/24,UPI-151336736324-vinaypatil806@ybl-OK,151336736324,08/08/24,1250.0,,1863305.54
08/08/24,IB BILLPAY DR-HDFCPE-545964XXXXXX7191 IB929076965454,929076965454,08/08/24,79.0,,1863226.54
08/08/24,UPI-677793173238-kavyareddy888@okhdfcbank-OK,677793173238,08/08/24,449.0,,1862777.54
08/08/24,IMPS-769949316022-NILESHKULKARNI-HDFC-XXXXXXXXXX7511-PERSONAL,0000769949316022,08/08/24,,1200.0,1863977.54
08/08/24,UPI-205633622487-gopalnaik547@paytm-OK,205633622487,08/08/24,3499.0,,1860478.54
09/08/24,POS 416021XXXXXX6704 HPCL POS DEBIT,841265227388,09/08/24,3499.0,,1856979.54
10/08/24,IMPS-746325319006-KAVERIMENON-HDFC-XXXXXXXXXX1758-PERSONAL,0000746325319006,10/08/24,,850.0,1857829.54
11/08/24,POS 416021XXXXXX5808 APOLLO PHARMACY POS DEBIT,415401221613,11/08/24,1680.0,,1856149.54
11/08/24,UPI-740973181188-ayeshakhan301@okhdfcbank-OK,740973181188,11/08/24,120.0,,1856029.54
11/08/24,NWD-416021XXXXXX7731-S18675-BTM LAYOUT,629628882387,11/08/24,3499.0,,1852530.54
12/08/24,IB BILLPAY DR-HDFCPE-545964XXXXXX0925 IB336794781202,336794781202,12/08/24,7800.0,,1844730.54
13/08/24,UPI-349296674718-reshmakhan196@paytm-OK,349296674718,13/08/24,3499.0,,1841231.54
13/08/24,POS 416021XXXXXX4868 SWIGGY POS DEBIT,053000734252,13/08/24,999.0,,1840232.54
15/08/24,POS 416021XXXXXX1289 DMART POS DEBIT,029433044719,15/08/24,79.0,,1840153.54
16/08/24,UPI-272589379160-ayeshakhan407@okhdfcbank-OK,272589379160,16/08/24,3499.0,,1836654.54
17/08/24,NWD-416021XXXXXX6774-S16946-BANJARA HILLS,443739693094,17/08/24,3499.0,,1833155.54
18/08/24,NWD-416021XXXXXX8570-S18200-JAYANAGAR,867183245914,18/08/24,699.0,,1832456.54
19/08/24,POS 416021XXXXXX8390 PVR CINEMAS POS DEBIT,989518788139,19/08/24,850.0,,1831606.54
20/08/24,IB BILLPAY DR-HDFCPE-545964XXXXXX9530 IB803165473337,803165473337,20/08/24,1250.0,,1830356.54
21/08/24,UPI-168754398080-ayeshakhan597@ybl-OK,168754398080,21/08/24,449.0,,1829907.54
21/08/24,UPI-810955553333-santoshiye713@oksbi-OK,810955553333,21/08/24,79.0,,1829828.54
22/08/24,UPI-914432879072-anjalirao520@oksbi-OK,914432879072,22/08/24,7800.0,,1822028.54
22/08/24,NWD-416021XXXXXX1028-S11851-WHITEFIELD,847198005907,22/08/24,850.0,,1821178.54
22/08/24,IMPS-340569071547-FARHANKHAN-HDFC-XXXXXXXXXX5796-PERSONAL,0000340569071547,22/08/24,,2500.0,1823678.54
22/08/24,POS 416021XXXXXX1841 PVR CINEMAS POS DEBIT,291977261780,22/08/24,1680.0,,1821998.54
23/08/24,NWD-416021XXXXXX9458-S17739-BTM LAYOUT,289124231441,23/08/24,49.0,,1821949.54
26/08/24,IMPS-695573069869-KIRANREDDY-HDFC-XXXXXXXXXX3121-PERSONAL,0000695573069869,26/08/24,,1200.0,1823149.54
26/08/24,IB BILLPAY DR-HDFCPE-545964XXXXXX1876 IB075275261631,075275261631,26/08/24,850.0,,1822299.54
28/08/24,IMPS-517632907564-DEEPAKJOSHI-HDFC-XXXXXXXXXX2432-PERSONAL,0000517632907564,28/08/24,,7500.0,1829799.54
28/08/24,IMPS-363551464607-TARASINGH-HDFC-XXXXXXXXXX3903-PERSONAL,0000363551464607,28/08/24,,850.0,1830649.54
28/08/24,IB BILLPAY DR-HDFCPE-545964XXXXXX6705 IB385294821171,385294821171,28/08/24,249.0,,1830400.54
30/08/24,NWD-416021XXXXXX6368-S16888-KUKATPALLY,690642901397,30/08/24,1680.0,,1828720.54
31/08/24,IMPS-610281857228-REKHAPILLAI-HDFC-XXXXXXXXXX0165-PERSONAL,0000610281857228,31/08/24,,11200.0,1839920.54
01/09/24,FT - CR - 665673520499 - SALARY CREDIT,495033313649,01/09/24,,77250.0,1917170.54
02/09/24,POS 416021XXXXXX6318 UBER POS DEBIT,003984928199,02/09/24,310.0,,1916860.54
03/09/24,NEFT DR-HDFC0363708-SUNIL SHETTY-111939530740-RENT,432041226496,03/09/24,22000.0,,1894860.54
03/09/24,POS 416021XXXXXX9118 BOOKMYSHOW POS DEBIT,780886297451,03/09/24,79.0,,1894781.54
04/09/24,NWD-416021XXXXXX5849-S14161-INDIRANAGAR,201670841560,04/09/24,120.0,,1894661.54
05/09/24,IMPS-620160851450-VINAYPATIL-HDFC-XXXXXXXXXX2552-PERSONAL,0000620160851450,05/09/24,,24000.0,1918661.54
05/09/24,POS 416021XXXXXX1714 JIO POS DEBIT,498567297049,05/09/24,699.0,,1917962.54
05/09/24,IMPS-563243205392-BINDHUNAIR-HDFC-XXXXXXXXXX7271-PERSONAL,0000563243205392,05/09/24,,850.0,1918812.54
06/09/24,IB BILLPAY DR-HDFCPE-545964XXXXXX9739 IB587094808031,587094808031,06/09/24,5200.0,,1913612.54
09/09/24,UPI-830031530204-mohandas412@okaxis-OK,830031530204,09/09/24,999.0,,1912613.54
10/09/24,POS 416021XXXXXX6833 UBER POS DEBIT,921688870081,10/09/24,310.0,,1912303.54
10/09/24,IB BILLPAY DR-HDFCPE-545964XXXXXX1009 IB075327557219,075327557219,10/09/24,249.0,,1912054.54
11/09/24,IB BILLPAY DR-HDFCPE-545964XXXXXX0413 IB253620399880,253620399880,11/09/24,449.0,,1911605.54
12/09/24,NWD-416021XXXXXX2625-S17110-HSR LAYOUT,417315483211,12/09/24,449.0,,1911156.54
12/09/24,POS 416021XXXXXX0649 HPCL POS DEBIT,063206806989,12/09/24,120.0,,1911036.54
13/09/24,IB BILLPAY DR-HDFCPE-545964XXXXXX8679 IB699804084501,699804084501,13/09/24,79.0,,1910957.54
16/09/24,UPI-711824803008-poojasharm470@paytm-OK,711824803008,16/09/24,7800.0,,1903157.54
16/09/24,NEFT-631125327199-SOUTHERN RETAILS-REIMB-448934-HDFC0695133,638919400697,16/09/24,,24000.0,1927157.54
16/09/24,NWD-416021XXXXXX5262-S17763-KUKATPALLY,686269613048,16/09/24,120.0,,1927037.54
17/09/24,NWD-416021XXXXXX1663-S14173-KORAMANGALA,319006414910,17/09/24,449.0,,1926588.54
17/09/24,UPI-132642227100-arjunmehta381@ybl-OK,132642227100,17/09/24,310.0,,1926278.54
18/09/24,IB BILLPAY DR-HDFCPE-545964XXXXXX7940 IB623373499540,623373499540,18/09/24,79.0,,1926199.54
20/09/24,IMPS-788762507502-IMRANKHAN-HDFC-XXXXXXXXXX2605-PERSONAL,0000788762507502,20/09/24,,500.0,1926699.54
20/09/24,UPI-964871378393-reshmakhan397@okaxis-OK,964871378393,20/09/24,999.0,,1925700.54
20/09/24,UPI-105700541531-vikramnair543@okhdfcbank-OK,105700541531,20/09/24,249.0,,1925451.54
21/09/24,UPI-530466975316-kavyareddy535@okaxis-OK,530466975316,21/09/24,699.0,,1924752.54
21/09/24,IB BILLPAY DR-HDFCPE-545964XXXXXX9124 IB190329591903,190329591903,21/09/24,3499.0,,1921253.54
21/09/24,NWD-416021XXXXXX8748-S12314-MYSURU,784473731368,21/09/24,120.0,,1921133.54
21/09/24,UPI-323549306146-rohitsharm537@ybl-OK,323549306146,21/09/24,5200.0,,1915933.54
21/09/24,POS 416021XXXXXX7585 BESCOM POS DEBIT,320099557194,21/09/24,2380.0,,1913553.54
22/09/24,POS 416021XXXXXX0891 BESCOM POS DEBIT,891322281793,22/09/24,1680.0,,1911873.54
23/09/24,IMPS-568120526395-AYESHAKHAN-HDFC-XXXXXXXXXX2614-PERSONAL,0000568120526395,23/09/24,,4800.0,1916673.54
23/09/24,UPI-181543406491-tarageorge226@oksbi-OK,181543406491,23/09/24,7800.0,,1908873.54
23/09/24,IMPS-242504409970-SUNILYADAV-HDFC-XXXXXXXXXX6932-PERSONAL,0000242504409970,23/09/24,,4800.0,1913673.54
24/09/24,POS 416021XXXXXX8731 JIO POS DEBIT,043119793158,24/09/24,999.0,,1912674.54
24/09/24,IMPS-436961642249-TARASINGH-HDFC-XXXXXXXXXX5267-PERSONAL,0000436961642249,24/09/24,,2500.0,1915174.54
25/09/24,CREDIT INTEREST CAPITALISED,411858294104,25/09/24,,42.76,1915217.3
25/09/24,GST ON BANK CHARGES,460511062963,25/09/24,17.7,,1915199.6
26/09/24,IMPS-053697989947-RAVIKUMAR-HDFC-XXXXXXXXXX1226-PERSONAL,0000053697989947,26/09/24,,500.0,1915699.6
26/09/24,POS 416021XXXXXX3764 BESCOM POS DEBIT,668322986748,26/09/24,5200.0,,1910499.6
28/09/24,UPI-297561724749-ayeshakhan575@paytm-OK,297561724749,28/09/24,850.0,,1909649.6
28/09/24,IB BILLPAY DR-HDFCPE-545964XXXXXX1191 IB620479515431,620479515431,28/09/24,310.0,,1909339.6
01/10/24,FT - CR - 558294696306 - SALARY CREDIT,719228671354,01/10/24,,78500.0,1987839.6
01/10/24,NWD-416021XXXXXX9876-S10992-HYDERABAD,733149570819,01/10/24,999.0,,1986840.6
01/10/24,NWD-416021XXXXXX3712-S11275-HYDERABAD,294923806322,01/10/24,310.0,,1986530.6
02/10/24,IMPS-539262701951-PRADEEPSINGH-HDFC-XXXXXXXXXX5382-PERSONAL,0000539262701951,02/10/24,,500.0,1987030.6
03/10/24,IMPS-485721983551-NAVEENKUMAR-HDFC-XXXXXXXXXX4044-PERSONAL,0000485721983551,03/10/24,,18500.0,2005530.6
03/10/24,UPI-962173020546-poojasharm623@okhdfcbank-OK,962173020546,03/10/24,120.0,,2005410.6
03/10/24,POS 416021XXXXXX0930 BESCOM POS DEBIT,693322199404,03/10/24,850.0,,2004560.6
04/10/24,IB BILLPAY DR-HDFCPE-545964XXXXXX9794 IB027816577613,027816577613,04/10/24,7800.0,,1996760.6
04/10/24,NWD-416021XXXXXX0230-S15010-INDIRANAGAR,274162474747,04/10/24,850.0,,1995910.6
04/10/24,POS 416021XXXXXX8366 BOOKMYSHOW POS DEBIT,148860484091,04/10/24,999.0,,1994911.6
05/10/24,IB BILLPAY DR-HDFCPE-545964XXXXXX2087 IB158813829678,158813829678,05/10/24,1680.0,,1993231.6
05/10/24,IB BILLPAY DR-HDFCPE-545964XXXXXX3767 IB807436697035,807436697035,05/10/24,5200.0,,1988031.6
05/10/24,NEFT DR-HDFC0611819-SMITHA RAO-923621704278-RENT,475978466090,05/10/24,31000.0,,1957031.6
05/10/24,IMPS-874818439759-RESHMAKHAN-HDFC-XXXXXXXXXX5782-PERSONAL,0000874818439759,05/10/24,,850.0,1957881.6
05/10/24,NWD-416021XXXXXX6575-S13389-MYSURU,229886298778,05/10/24,1250.0,,1956631.6
05/10/24,IMPS-385030314655-USHARANI-HDFC-XXXXXXXXXX9437-PERSONAL,0000385030314655,05/10/24,,1200.0,1957831.6
06/10/24,NWD-416021XXXXXX9075-S14791-JAYANAGAR,925570921407,06/10/24,310.0,,1957521.6
07/10/24,IB BILLPAY DR-HDFCPE-545964XXXXXX9628 IB900215256588,900215256588,07/10/24,1680.0,,1955841.6
08/10/24,NWD-416021XXXXXX5352-S12383-INDIRANAGAR,104611866668,08/10/24,1250.0,,1954591.6
08/10/24,IMPS-766126314994-TANVIRAO-HDFC-XXXXXXXXXX9125-PERSONAL,0000766126314994,08/10/24,,24000.0,1978591.6
08/10/24,UPI-654450062978-naveenkuma328@okhdfcbank-OK,654450062978,08/10/24,310.0,,1978281.6
08/10/24,POS 416021XXXXXX1146 AMAZON POS DEBIT,884876702317,08/10/24,2380.0,,1975901.6
08/10/24,UPI-477189276316-rahulsingh997@oksbi-OK,477189276316,08/10/24,999.0,,1974902.6
08/10/24,IMPS-499047729965-SNEHAPATIL-HDFC-XXXXXXXXXX2514-PERSONAL,0000499047729965,08/10/24,,2500.0,1977402.6
09/10/24,IMPS-010969128955-PRIYANAIR-HDFC-XXXXXXXXXX6241-PERSONAL,0000010969128955,09/10/24,,2500.0,1979902.6
10/10/24,POS 416021XXXXXX1016 ZOMATO POS DEBIT,952034131749,10/10/24,310.0,,1979592.6
11/10/24,IB BILLPAY DR-HDFCPE-545964XXXXXX3319 IB544367901106,544367901106,11/10/24,310.0,,1979282.6
12/10/24,UPI-958764130776-rahulsingh317@paytm-OK,958764130776,12/10/24,5200.0,,1974082.6
14/10/24,POS 416021XXXXXX4086 FLIPKART POS DEBIT,242089470857,14/10/24,699.0,,1973383.6
14/10/24,NEFT-193437808129-SOUTHERN RETAILS-REIMB-448934-HDFC0966894,132119686424,14/10/24,,18500.0,1991883.6
14/10/24,IB BILLPAY DR-HDFCPE-545964XXXXXX5259 IB664573856177,664573856177,14/10/24,5200.0,,1986683.6
14/10/24,POS 416021XXXXXX9343 AIRTEL POS DEBIT,119098564129,14/10/24,2380.0,,1984303.6
14/10/24,IB BILLPAY DR-HDFCPE-545964XXXXXX2784 IB568152228589,568152228589,14/10/24,1250.0,,1983053.6
15/10/24,NWD-416021XXXXXX4084-S15899-KUKATPALLY,428537517784,15/10/24,79.0,,1982974.6
15/10/24,UPI-465305140618-ayeshakhan575@oksbi-OK,465305140618,15/10/24,7800.0,,1975174.6
16/10/24,UPI-687819045178-vikramnair42@oksbi-OK,687819045178,16/10/24,850.0,,1974324.6
17/10/24,POS 416021XXXXXX5467 FLIPKART POS DEBIT,895444761033,17/10/24,699.0,,1973625.6
18/10/24,NWD-416021XXXXXX5335-S19064-HYDERABAD,617307886552,18/10/24,699.0,,1972926.6
18/10/24,UPI-628411231899-smitharao765@okhdfcbank-OK,628411231899,18/10/24,1250.0,,1971676.6
19/10/24,IB BILLPAY DR-HDFCPE-545964XXXXXX8131 IB718313444553,718313444553,19/10/24,249.0,,1971427.6
20/10/24,UPI-796662439011-kavyareddy988@oksbi-OK,796662439011,20/10/24,999.0,,1970428.6
20/10/24,IMPS-447948569516-IMRANKHAN-HDFC-XXXXXXXXXX4262-PERSONAL,0000447948569516,20/10/24,,4800.0,1975228.6
20/10/24,IMPS-313945130459-AYESHAKHAN-HDFC-XXXXXXXXXX0481-PERSONAL,0000313945130459,20/10/24,,500.0,1975728.6
21/10/24,IB BILLPAY DR-HDFCPE-545964XXXXXX8844 IB126501005226,126501005226,21/10/24,120.0,,1975608.6
21/10/24,IB BILLPAY DR-HDFCPE-545964XXXXXX7802 IB296491682507,296491682507,21/10/24,310.0,,1975298.6
21/10/24,IMPS-590653653558-SANTOSHKUMAR-HDFC-XXXXXXXXXX4612-PERSONAL,0000590653653558,21/10/24,,11200.0,1986498.6
21/10/24,IMPS-990860550563-SANJANAHEGDE-HDFC-XXXXXXXXXX7460-PERSONAL,0000990860550563,21/10/24,,1200.0,1987698.6
21/10/24,UPI-820396609634-kavyareddy593@okhdfcbank-OK,820396609634,21/10/24,249.0,,1987449.6
22/10/24,IMPS-636363361956-MOHAMMEDIRFAN-HDFC-XXXXXXXXXX1613-PERSONAL,0000636363361956,22/10/24,,2500.0,1989949.6
22/10/24,IB BILLPAY DR-HDFCPE-545964XXXXXX0347 IB151245340039,151245340039,22/10/24,120.0,,1989829.6
23/10/24,IB BILLPAY DR-HDFCPE-545964XXXXXX1309 IB375817722618,375817722618,23/10/24,2380.0,,1987449.6
23/10/24,NWD-416021XXXXXX3315-S15732-BTM LAYOUT,134471429318,23/10/24,699.0,,1986750.6
23/10/24,NWD-416021XXXXXX1671-S18634-BANJARA HILLS,295430012364,23/10/24,2380.0,,1984370.6
24/10/24,UPI-520684299530-anjalirao780@paytm-OK,520684299530,24/10/24,999.0,,1983371.6
30/10/24,IB BILLPAY DR-HDFCPE-545964XXXXXX5986 IB399226005236,399226005236,30/10/24,5200.0,,1978171.6
31/10/24,NWD-416021XXXXXX5590-S13685-HYDERABAD,035582192248,31/10/24,120.0,,1978051.6
31/10/24,NWD-416021XXXXXX8832-S17137-MANGALURU,679758003423,31/10/24,699.0,,1977352.6
01/11/24,FT - CR - 211605471468 - SALARY CREDIT,422039264976,01/11/24,,78500.0,2055852.6
02/11/24,IB BILLPAY DR-HDFCPE-545964XXXXXX8626 IB552010533268,552010533268,02/11/24,7800.0,,2048052.6
02/11/24,POS 416021XXXXXX5469 AIRTEL POS DEBIT,328852513490,02/11/24,699.0,,2047353.6
02/11/24,UPI-358265041402-santoshiye897@okaxis-OK,358265041402,02/11/24,699.0,,2046654.6
02/11/24,UPI-796833087428-mohandas679@okaxis-OK,796833087428,02/11/24,120.0,,2046534.6
03/11/24,IB BILLPAY DR-HDFCPE-545964XXXXXX0357 IB400949159577,400949159577,03/11/24,449.0,,2046085.6
03/11/24,IB BILLPAY DR-HDFCPE-545964XXXXXX6551 IB567119583153,567119583153,03/11/24,850.0,,2045235.6
04/11/24,POS 416021XXXXXX5310 FLIPKART POS DEBIT,484958416437,04/11/24,3499.0,,2041736.6
06/11/24,NWD-416021XXXXXX0164-S15879-BANJARA HILLS,465390393509,06/11/24,1680.0,,2040056.6
06/11/24,NEFT DR-HDFC0763438-ARJUN MEHTA-446440165098-RENT,334096969547,06/11/24,18000.0,,2022056.6
07/11/24,POS 416021XXXXXX1204 OLA POS DEBIT,805442197979,07/11/24,2380.0,,2019676.6
07/11/24,POS 416021XXXXXX6551 DMART POS DEBIT,008322852271,07/11/24,249.0,,2019427.6
07/11/24,IMPS-098060438152-TANVIRAO-HDFC-XXXXXXXXXX6211-PERSONAL,0000098060438152,07/11/24,,24000.0,2043427.6
08/11/24,IMPS-201170626413-RAHULSINGH-HDFC-XXXXXXXXXX9412-PERSONAL,0000201170626413,08/11/24,,850.0,2044277.6
08/11/24,IB BILLPAY DR-HDFCPE-545964XXXXXX7868 IB973102255439,973102255439,08/11/24,449.0,,2043828.6
08/11/24,IMPS-588375717588-LALITHADEVI-HDFC-XXXXXXXXXX7149-PERSONAL,0000588375717588,08/11/24,,850.0,2044678.6
08/11/24,NWD-416021XXXXXX8320-S10540-MYSURU,838698734608,08/11/24,999.0,,2043679.6
09/11/24,UPI-826926118260-rajeshverm774@paytm-OK,826926118260,09/11/24,79.0,,2043600.6
10/11/24,IMPS-039727818585-NAVEENKUMAR-HDFC-XXXXXXXXXX6828-PERSONAL,0000039727818585,10/11/24,,18500.0,2062100.6
11/11/24,NWD-416021XXXXXX1556-S13039-MARATHAHALLI,949346216148,11/11/24,249.0,,2061851.6
12/11/24,UPI-559975134635-anjalirao581@oksbi-OK,559975134635,12/11/24,5200.0,,2056651.6
13/11/24,UPI-969552715405-reshmakhan85@oksbi-OK,969552715405,13/11/24,1250.0,,2055401.6
13/11/24,NWD-416021XXXXXX2925-S11110-HSR LAYOUT,119871274659,13/11/24,1680.0,,2053721.6
14/11/24,IMPS-855625019988-MOHAMMEDIRFAN-HDFC-XXXXXXXXXX0693-PERSONAL,0000855625019988,14/11/24,,11200.0,2064921.6
17/11/24,NWD-416021XXXXXX2677-S15519-KORAMANGALA,163630312164,17/11/24,1250.0,,2063671.6
18/11/24,POS 416021XXXXXX8775 ZOMATO POS DEBIT,745040166803,18/11/24,310.0,,2063361.6
18/11/24,UPI-562272369284-naveenkuma974@okhdfcbank-OK,562272369284,18/11/24,1250.0,,2062111.6
18/11/24,POS 416021XXXXXX2760 ZOMATO POS DEBIT,707640054101,18/11/24,2380.0,,2059731.6
19/11/24,IMPS-384029770605-MOHANDAS-HDFC-XXXXXXXXXX2762-PERSONAL,0000384029770605,19/11/24,,850.0,2060581.6
19/11/24,UPI-634798230680-poojasharm848@ybl-OK,634798230680,19/11/24,249.0,,2060332.6
20/11/24,NWD-416021XXXXXX0003-S15510-HYDERABAD,915218467251,20/11/24,850.0,,2059482.6
20/11/24,IB BILLPAY DR-HDFCPE-545964XXXXXX1307 IB377877934681,377877934681,20/11/24,449.0,,2059033.6
20/11/24,POS 416021XXXXXX3359 BPCL POS DEBIT,154819675237,20/11/24,2380.0,,2056653.6
21/11/24,UPI-367427533685-sunilshett785@okaxis-OK,367427533685,21/11/24,5200.0,,2051453.6
22/11/24,NWD-416021XXXXXX7948-S10541-PUNE,266187311919,22/11/24,5200.0,,2046253.6
22/11/24,UPI-055451065817-ayeshakhan977@ybl-OK,055451065817,22/11/24,999.0,,2045254.6
24/11/24,NWD-416021XXXXXX5198-S18870-JAYANAGAR,820156838795,24/11/24,850.0,,2044404.6
24/11/24,IMPS-248519994730-SMITHARAO-HDFC-XXXXXXXXXX0999-PERSONAL,0000248519994730,24/11/24,,500.0,2044904.6
25/11/24,NWD-416021XXXXXX4513-S12995-BANJARA HILLS,767535467713,25/11/24,2380.0,,2042524.6
26/11/24,IMPS-499063607850-RAHULSINGH-HDFC-XXXXXXXXXX7110-PERSONAL,0000499063607850,26/11/24,,850.0,2043374.6
26/11/24,IMPS-199924523253-ARUNSHARMA-HDFC-XXXXXXXXXX7762-PERSONAL,0000199924523253,26/11/24,,7500.0,2050874.6
26/11/24,UPI-175718846789-naveenkuma516@okaxis-OK,175718846789,26/11/24,449.0,,2050425.6
26/11/24,UPI-969397964103-gopalnaik106@ybl-OK,969397964103,26/11/24,79.0,,2050346.6
27/11/24,POS 416021XXXXXX3921 AMAZON POS DEBIT,060228333420,27/11/24,999.0,,2049347.6
27/11/24,UPI-701414383248-vinaypatil498@paytm-OK,701414383248,27/11/24,1680.0,,2047667.6
28/11/24,POS 416021XXXXXX5301 IOCL POS DEBIT,123159285411,28/11/24,3499.0,,2044168.6
28/11/24,IMPS-761119254288-BINDHUNAIR-HDFC-XXXXXXXXXX6171-PERSONAL,0000761119254288,28/11/24,,11200.0,2055368.6
30/11/24,POS 416021XXXXXX1642 AIRTEL POS DEBIT,730340904898,30/11/24,3499.0,,2051869.6
