Value Date,Transaction Date,Description,Withdrawal Amt (INR Dr),Deposit Amt (INR Cr),Closing Balance
01/08/2022,01/08/2022,UPI/DR/7741764964/TARA SINGH/HDFC0722665/tara64@okhdfc,120.00,,195727.21
02/08/2022,02/08/2022,NEFT/2908536634/SANJANA HEGDE/HDFC0722665/73449789455435,49.00,,195678.21
02/08/2022,02/08/2022,UPI/DR/96447465/MALLIKA DAS/HDFC0722665/mallika540@paytm,120.00,,195558.21
02/08/2022,02/08/2022,IMPS/P2P/113407369548/HARISH MENON/8591819575,,4800.00,200358.21
02/08/2022,02/08/2022,UPI/DR/0375512904/RAJENDRA PRASAD/HDFC0722665/rajendra153@ybl,5200.00,,195158.21
02/08/2022,02/08/2022,CHQ NO 653351 CLEARING,5200.00,,189958.21
02/08/2022,02/08/2022,UPI/CR/342893511918/SURESH NAIR/HDFC0722665/suresh299@okaxis,,2500.00,192458.21
02/08/2022,02/08/2022,ATM/WDL/09228905/HDFC ATM KORAMANGALA,249.00,,192209.21
02/08/2022,02/08/2022,CASH DEPOSIT/BRANCH COUNTER/BANJARA HILLS HYDERABAD,,32000.00,224209.21
02/08/2022,02/08/2022,ATM/WDL/187183533601/SBI ATM JAYANAGAR BLR,7800.00,,216409.21
03/08/2022,03/08/2022,UPI/DR/395432778864/NIKHIL GUPTA/HDFC0722665/nikhil430@okhdfc,999.00,,215410.21
04/08/2022,03/08/2022,CHQ NO 643817 CLEARING,699.00,,214711.21
03/08/2022,03/08/2022,CHQ NO 851902 CLEARING,310.00,,214401.21
04/08/2022,04/08/2022,CASH DEPOSIT/BRANCH COUNTER/BANJARA HILLS HYDERABAD,,32000.00,246401.21
04/08/2022,04/08/2022,UPI/DR/2608459944/MOHAMMED IRFAN/HDFC0722665/mohammed697@okhdfc,249.00,,246152.21
04/08/2022,04/08/2022,ATM/WDL/26308506/SBI ATM JAYANAGAR BLR,1250.00,,244902.21
04/08/2022,04/08/2022,CASH DEPOSIT/BRANCH COUNTER/BANJARA HILLS HYDERABAD,,11200.00,256102.21
04/08/2022,04/08/2022,NEFT/4592450983/RAHUL SINGH/HDFC0722665/93622899892032,449.00,,255653.21
05/08/2022,04/08/2022,NEFT/668450326709/RAHUL SINGH/HDFC0722665/80910166490079,2380.00,,253273.21
05/08/2022,05/08/2022,NEFT/99119207/HARISH MENON/HDFC0722665/31408039438582,699.00,,252574.21
05/08/2022,05/08/2022,ATM/WDL/5524949374/HDFC ATM KORAMANGALA,249.00,,252325.21
05/08/2022,05/08/2022,NEFT/5642565456/FATIMA SHEIKH/HDFC0722665/22884642680395,,32000.00,284325.21
05/08/2022,05/08/2022,ATM/WDL/75470949/CANARA ATM MYSURU,249.00,,284076.21
05/08/2022,05/08/2022,UPI/CR/291859463675/NILESH KULKARNI/HDFC0722665/nilesh24@paytm,,500.00,284576.21
05/08/2022,05/08/2022,NEFT/578026221875/TARA SINGH/HDFC0722665/76502115034232,5200.00,,279376.21
07/08/2022,06/08/2022,UPI/CR/863432967835/SURESH BABU/HDFC0722665/suresh666@okaxis,,24000.00,303376.21
07/08/2022,06/08/2022,CHQ NO 654903 CLEARING,999.00,,302377.21
06/08/2022,06/08/2022,UPI/DR/04076240/BABU LAL/HDFC0722665/babu712@oksbi,850.00,,301527.21
06/08/2022,06/08/2022,UPI/DR/8368771554/IMRAN KHAN/HDFC0722665/imran652@paytm,449.00,,301078.21
06/08/2022,06/08/2022,CASH DEPOSIT/BRANCH COUNTER/BANJARA HILLS HYDERABAD,,1200.00,302278.21
06/08/2022,06/08/2022,UPI/DR/819375254919/NADIA HUSSAIN/HDFC0722665/nadia634@okaxis,79.00,,302199.21
06/08/2022,06/08/2022,UPI/CR/237695183410/ADITYA KUMAR/HDFC0722665/aditya651@oksbi,,11200.00,313399.21
06/08/2022,06/08/2022,UPI/DR/09977784/USHA RANI/HDFC0722665/usha856@ybl,449.00,,312950.21
07/08/2022,07/08/2022,CASH DEPOSIT/BRANCH COUNTER/BANJARA HILLS HYDERABAD,,24000.00,336950.21
08/08/2022,07/08/2022,UPI/DR/54455688/REKHA PILLAI/HDFC0722665/rekha842@oksbi,310.00,,336640.21
08/08/2022,08/08/2022,IMPS/P2P/320360589800/ARUN SHARMA/7275649002,,1200.00,337840.21
09/08/2022,08/08/2022,NEFT/8799195161/VENKAT RAO/HDFC0722665/61060490518785,1680.00,,336160.21
08/08/2022,08/08/2022,UPI/DR/1298787965/MOHAN DAS/HDFC0722665/mohan813@paytm,999.00,,335161.21
08/08/2022,08/08/2022,CHQ NO 447902 CLEARING,699.00,,334462.21
09/08/2022,08/08/2022,NEFT/2316800232/KIRAN REDDY/HDFC0722665/91711424811620,,1200.00,335662.21
09/08/2022,09/08/2022,UPI/DR/5567632836/HARISH MENON/HDFC0722665/harish262@oksbi,120.00,,335542.21
10/08/2022,09/08/2022,NEFT/44290775/FATIMA SHEIKH/HDFC0722665/47774494971157,,500.00,336042.21
10/08/2022,09/08/2022,ATM/WDL/1948532002/HDFC ATM KORAMANGALA,449.00,,335593.21
10/08/2022,09/08/2022,NEFT/680982681394/ADITYA KUMAR/HDFC0722665/14541908405119,1250.00,,334343.21
10/08/2022,10/08/2022,UPI/DR/1746435291/ARCHANA PILLAI/HDFC0722665/archana888@okhdfc,1680.00,,332663.21
10/08/2022,10/08/2022,UPI/DR/003068156309/LATHA MURTHY/HDFC0722665/latha600@oksbi,7800.00,,324863.21
11/08/2022,10/08/2022,IMPS/P2P/6621799938/TANVI RAO/8041740074,,24000.00,348863.21
10/08/2022,10/08/2022,UPI/CR/73498030/RAMESH PILLAI/HDFC0722665/ramesh320@okaxis,,24000.00,372863.21
12/08/2022,11/08/2022,UPI/DR/762882414313/MOHAMMED IRFAN/HDFC0722665/mohammed973@ybl,449.00,,372414.21
12/08/2022,11/08/2022,IMPS/P2P/3480204812/RESHMA KHAN/9880055484,,500.00,372914.21
11/08/2022,11/08/2022,IMPS/P2P/05367288/HARISH MENON/8580370598,,1200.00,374114.21
11/08/2022,11/08/2022,UPI/DR/3801831241/KAVERI MENON/HDFC0722665/kaveri515@okhdfc,249.00,,373865.21
12/08/2022,12/08/2022,ATM/WDL/72800691/CANARA ATM MYSURU,5200.00,,368665.21
13/08/2022,12/08/2022,CASH DEPOSIT/BRANCH COUNTER/BANJARA HILLS HYDERABAD,,18500.00,387165.21
12/08/2022,12/08/2022,UPI/DR/1643083435/USHA RANI/HDFC0722665/usha754@paytm,850.00,,386315.21
12/08/2022,12/08/2022,NEFT/38364643/VIKRAM NAIR/HDFC0722665/19090012291613,,1200.00,387515.21
14/08/2022,13/08/2022,UPI/DR/990246367087/MOHAMMED IRFAN/HDFC0722665/mohammed319@paytm,49.00,,387466.21
13/08/2022,13/08/2022,NEFT/725068557937/SHAHID KHAN/HDFC0722665/47733133065565,,7600.00,395066.21
13/08/2022,13/08/2022,ATM/WDL/804905890917/CANARA ATM MYSURU,1680.00,,393386.21
14/08/2022,14/08/2022,ATM/WDL/468689378894/CANARA ATM MYSURU,999.00,,392387.21
14/08/2022,14/08/2022,UPI/DR/37577934/RAJENDRA PRASAD/HDFC0722665/rajendra840@okaxis,850.00,,391537.21
14/08/2022,14/08/2022,CASH DEPOSIT/BRANCH COUNTER/BANJARA HILLS HYDERABAD,,1200.00,392737.21
14/08/2022,14/08/2022,ATM/WDL/829525670427/CANARA ATM MYSURU,79.00,,392658.21
16/08/2022,15/08/2022,UPI/CR/09140726/PADMA RAO/HDFC0722665/padma214@okaxis,,500.00,393158.21
15/08/2022,15/08/2022,UPI/DR/415366596573/RESHMA KHAN/HDFC0722665/reshma500@ybl,1680.00,,391478.21
15/08/2022,15/08/2022,UPI/DR/59263159/VIKRAM NAIR/HDFC0722665/vikram408@okaxis,999.00,,390479.21
16/08/2022,15/08/2022,UPI/DR/8822070388/VENKAT RAO/HDFC0722665/venkat957@okhdfc,850.00,,389629.21
15/08/2022,15/08/2022,UPI/CR/5912137593/GOPAL VERMA/HDFC0722665/gopal791@paytm,,18500.00,408129.21
17/08/2022,16/08/2022,CASH DEPOSIT/BRANCH COUNTER/BANJARA HILLS HYDERABAD,,18500.00,426629.21
17/08/2022,16/08/2022,UPI/DR/83501988/RESHMA KHAN/HDFC0722665/reshma592@ybl,49.00,,426580.21
16/08/2022,16/08/2022,NEFT/019024005727/MOHAMMED IRFAN/HDFC0722665/81111606766425,449.00,,426131.21
16/08/2022,16/08/2022,ATM/WDL/79400999/SBI ATM JAYANAGAR BLR,1680.00,,424451.21
17/08/2022,17/08/2022,UPI/DR/409585168702/SANTOSH KUMAR/HDFC0722665/santosh918@ybl,249.00,,424202.21
17/08/2022,17/08/2022,CHQ NO 960320 CLEARING,2380.00,,421822.21
17/08/2022,17/08/2022,NEFT/13028694/SHEELA DEVI/HDFC0722665/96720339037932,,2500.00,424322.21
18/08/2022,18/08/2022,IMPS/P2P/1906283465/SANJANA HEGDE/9490933070,,4800.00,429122.21
19/08/2022,18/08/2022,CASH DEPOSIT/BRANCH COUNTER/BANJARA HILLS HYDERABAD,,32000.00,461122.21
19/08/2022,18/08/2022,UPI/DR/53206856/SHAHID KHAN/HDFC0722665/shahid222@okaxis,249.00,,460873.21
18/08/2022,18/08/2022,IMPS/P2P/0439001271/KAVITHA RAO/9004525212,,4800.00,465673.21
19/08/2022,18/08/2022,ATM/WDL/025079206556/CANARA ATM MYSURU,5200.00,,460473.21
18/08/2022,18/08/2022,NEFT/48627471/KAVERI MENON/HDFC0722665/61515381415023,49.00,,460424.21
18/08/2022,18/08/2022,UPI/DR/65356295/AYESHA KHAN/HDFC0722665/ayesha549@paytm,999.00,,459425.21
18/08/2022,18/08/2022,ATM/WDL/955719312991/SBI ATM JAYANAGAR BLR,310.00,,459115.21
20/08/2022,19/08/2022,UPI/DR/06405354/SANJANA HEGDE/HDFC0722665/sanjana371@ybl,3499.00,,455616.21
19/08/2022,19/08/2022,IMPS/P2P/398876843573/GEETA DEVI/9875117692,,32000.00,487616.21
20/08/2022,19/08/2022,UPI/CR/506571994904/KAVITHA RAO/HDFC0722665/kavitha432@ybl,,4800.00,492416.21
20/08/2022,19/08/2022,IMPS/P2P/879877309447/POOJA SHARMA/7451594216,,7600.00,500016.21
19/08/2022,19/08/2022,UPI/DR/47620386/FATIMA SHEIKH/HDFC0722665/fatima501@oksbi,2380.00,,497636.21
20/08/2022,19/08/2022,CHQ NO 118617 CLEARING,449.00,,497187.21
19/08/2022,19/08/2022,CHQ NO 823644 CLEARING,2380.00,,494807.21
21/08/2022,20/08/2022,NEFT/484397906086/ANAND KUMAR/HDFC0722665/28975894646424,,500.00,495307.21
20/08/2022,20/08/2022,UPI/DR/0156717418/FARHAN KHAN/HDFC0722665/farhan287@ybl,1680.00,,493627.21
20/08/2022,20/08/2022,IMPS/P2P/039222528649/REKHA PILLAI/9616436686,,2500.00,496127.21
21/08/2022,20/08/2022,UPI/CR/59872543/BINDHU NAIR/HDFC0722665/bindhu207@ybl,,4800.00,500927.21
20/08/2022,20/08/2022,UPI/CR/348918175085/POOJA SHARMA/HDFC0722665/pooja818@ybl,,1200.00,502127.21
20/08/2022,20/08/2022,UPI/DR/145167569251/FARHAN KHAN/HDFC0722665/farhan155@okaxis,120.00,,502007.21
20/08/2022,20/08/2022,UPI/DR/922375962752/AYESHA KHAN/HDFC0722665/ayesha205@oksbi,120.00,,501887.21
20/08/2022,20/08/2022,CASH DEPOSIT/BRANCH COUNTER/BANJARA HILLS HYDERABAD,,850.00,502737.21
20/08/2022,20/08/2022,NEFT/7546521569/LALITHA DEVI/HDFC0722665/53243225304114,699.00,,502038.21
21/08/2022,21/08/2022,UPI/DR/795798932127/SNEHA PATIL/HDFC0722665/sneha607@okaxis,1680.00,,500358.21
21/08/2022,21/08/2022,UPI/DR/894870974724/NAVEEN KUMAR/HDFC0722665/naveen864@paytm,79.00,,500279.21
22/08/2022,21/08/2022,NEFT/009233992247/PRAKASH RAO/HDFC0722665/22394763800260,,500.00,500779.21
21/08/2022,21/08/2022,ATM/WDL/9233529729/HDFC ATM KORAMANGALA,699.00,,500080.21
21/08/2022,21/08/2022,CASH DEPOSIT/BRANCH COUNTER/BANJARA HILLS HYDERABAD,,1200.00,501280.21
21/08/2022,21/08/2022,IMPS/P2P/9213455086/POOJA SHARMA/7392263628,,1200.00,502480.21
21/08/2022,21/08/2022,UPI/DR/3111686084/SURESH NAIR/HDFC0722665/suresh251@okaxis,120.00,,502360.21
21/08/2022,21/08/2022,IMPS/P2P/93021560/SMITHA PILLAI/9420824283,,850.00,503210.21
22/08/2022,21/08/2022,ATM/WDL/122095417584/HDFC ATM KORAMANGALA,79.00,,503131.21
23/08/2022,22/08/2022,UPI/CR/011657498617/BINDHU NAIR/HDFC0722665/bindhu699@paytm,,24000.00,527131.21
22/08/2022,22/08/2022,UPI/CR/79432055/KAVERI MENON/HDFC0722665/kaveri531@oksbi,,1200.00,528331.21
22/08/2022,22/08/2022,CASH DEPOSIT/BRANCH COUNTER/BANJARA HILLS HYDERABAD,,11200.00,539531.21
22/08/2022,22/08/2022,CHQ NO 017754 CLEARING,1680.00,,537851.21
22/08/2022,22/08/2022,UPI/DR/053321642753/SHAHID KHAN/HDFC0722665/shahid603@okaxis,3499.00,,534352.21
23/08/2022,23/08/2022,NEFT/626925403159/MOHAN DAS/HDFC0722665/44723400612896,,1200.00,535552.21
24/08/2022,23/08/2022,NEFT/2930057445/RAJESH VERMA/HDFC0722665/35708135731635,7800.00,,527752.21
23/08/2022,23/08/2022,UPI/DR/6497246847/PADMA RAO/HDFC0722665/padma438@okaxis,7800.00,,519952.21
23/08/2022,23/08/2022,CASH DEPOSIT/BRANCH COUNTER/BANJARA HILLS HYDERABAD,,4800.00,524752.21
23/08/2022,23/08/2022,NEFT/67504644/SHEELA DEVI/HDFC0722665/14108999567296,,1200.00,525952.21
23/08/2022,23/08/2022,UPI/DR/3466406823/NILESH KULKARNI/HDFC0722665/nilesh599@paytm,1250.00,,524702.21
25/08/2022,24/08/2022,UPI/CR/5456526288/VENKAT RAO/HDFC0722665/venkat300@oksbi,,2500.00,527202.21
24/08/2022,24/08/2022,NEFT/8711113558/FARHAN KHAN/HDFC0722665/06562595924235,120.00,,527082.21
25/08/2022,24/08/2022,NEFT/396055079688/USHA RANI/HDFC0722665/03420390049545,310.00,,526772.21
25/08/2022,24/08/2022,UPI/CR/2792123020/SANTOSH KUMAR/HDFC0722665/santosh862@okhdfc,,4800.00,531572.21
24/08/2022,24/08/2022,UPI/DR/647223011231/TARA SINGH/HDFC0722665/tara158@oksbi,1250.00,,530322.21
25/08/2022,24/08/2022,ATM/WDL/700579986754/SBI ATM JAYANAGAR BLR,5200.00,,525122.21
25/08/2022,25/08/2022,UPI/DR/7720993228/ROHIT SHARMA/HDFC0722665/rohit498@oksbi,1250.00,,523872.21
25/08/2022,25/08/2022,CHQ NO 857242 CLEARING,310.00,,523562.21
25/08/2022,25/08/2022,IMPS/P2P/231931044033/SUNITA DEVI/8675146486,,32000.00,555562.21
25/08/2022,25/08/2022,UPI/DR/7859432628/LAKSHMI VENKAT/HDFC0722665/lakshmi252@okhdfc,49.00,,555513.21
25/08/2022,25/08/2022,UPI/DR/04349866/TARA SINGH/HDFC0722665/tara380@paytm,5200.00,,550313.21
25/08/2022,25/08/2022,NEFT/3217581995/REKHA PILLAI/HDFC0722665/58347853098215,,11200.00,561513.21
26/08/2022,26/08/2022,UPI/CR/539462022285/DEEPA NAIR/HDFC0722665/deepa581@ybl,,11200.00,572713.21
27/08/2022,26/08/2022,CHQ NO 829947 CLEARING,7800.00,,564913.21
26/08/2022,26/08/2022,UPI/DR/519767302132/BINDHU NAIR/HDFC0722665/bindhu751@okhdfc,1680.00,,563233.21
26/08/2022,26/08/2022,UPI/CR/2398786260/SANTOSH KUMAR/HDFC0722665/santosh667@okaxis,,24000.00,587233.21
27/08/2022,27/08/2022,UPI/CR/124437490973/SHAHID KHAN/HDFC0722665/shahid955@okhdfc,,7600.00,594833.21
27/08/2022,27/08/2022,UPI/DR/660108088681/MALLIKA DAS/HDFC0722665/mallika482@oksbi,999.00,,593834.21
27/08/2022,27/08/2022,UPI/DR/5350010069/GOPAL VERMA/HDFC0722665/gopal506@okaxis,850.00,,592984.21
27/08/2022,27/08/2022,NEFT/8146152785/NAVEEN KUMAR/HDFC0722665/03746194249051,,2500.00,595484.21
27/08/2022,27/08/2022,CHQ NO 087080 CLEARING,310.00,,595174.21
27/08/2022,27/08/2022,UPI/DR/52051066/SUSHMA RAO/HDFC0722665/sushma446@paytm,1250.00,,593924.21
28/08/2022,28/08/2022,NEFT/08217437/SUNIL YADAV/HDFC0722665/18567184881860,1250.00,,592674.21
28/08/2022,28/08/2022,NEFT/49437809/SAVITHA DEVI/HDFC0722665/46102046661127,2380.00,,590294.21
29/08/2022,28/08/2022,NEFT/78010425/HARISH MENON/HDFC0722665/74789462320482,,18500.00,608794.21
28/08/2022,28/08/2022,NEFT/7615173706/DEEPA NAIR/HDFC0722665/40861766289076,449.00,,608345.21
28/08/2022,28/08/2022,CHQ NO 011057 CLEARING,79.00,,608266.21
28/08/2022,28/08/2022,UPI/DR/768668703624/GANESH KUMAR/HDFC0722665/ganesh719@oksbi,7800.00,,600466.21
29/08/2022,29/08/2022,NEFT/4949800933/SAVITHA DEVI/HDFC0722665/25291113107145,249.00,,600217.21
29/08/2022,29/08/2022,ATM/WDL/347240708881/CANARA ATM MYSURU,999.00,,599218.21
29/08/2022,29/08/2022,CHQ NO 261203 CLEARING,249.00,,598969.21
30/08/2022,29/08/2022,IMPS/P2P/69944470/PREETHI IYER/9867670598,,4800.00,603769.21
31/08/2022,30/08/2022,NEFT/91727358/DEEPAK JOSHI/HDFC0722665/82158826116846,699.00,,603070.21
30/08/2022,30/08/2022,CASH DEPOSIT/BRANCH COUNTER/BANJARA HILLS HYDERABAD,,2500.00,605570.21
30/08/2022,30/08/2022,CHQ NO 115668 CLEARING,1680.00,,603890.21
30/08/2022,30/08/2022,UPI/DR/6573947482/TARA SINGH/HDFC0722665/tara860@okhdfc,79.00,,603811.21
31/08/2022,30/08/2022,UPI/DR/24008494/NAVEEN KUMAR/HDFC0722665/naveen204@okaxis,2380.00,,601431.21
31/08/2022,31/08/2022,UPI/DR/42206846/SURESH NAIR/HDFC0722665/suresh407@okaxis,5200.00,,596231.21
31/08/2022,31/08/2022,UPI/DR/652620357292/KAVYA REDDY/HDFC0722665/kavya34@okaxis,7800.00,,588431.21
31/08/2022,31/08/2022,UPI/DR/1399805293/SURESH BABU/HDFC0722665/suresh49@okhdfc,699.00,,587732.21
01/09/2022,01/09/2022,CASH DEPOSIT/BRANCH COUNTER/BANJARA HILLS HYDERABAD,,18500.00,606232.21
01/09/2022,01/09/2022,UPI/CR/34806529/KAVERI MENON/HDFC0722665/kaveri754@oksbi,,4800.00,611032.21
01/09/2022,01/09/2022,UPI/DR/37394542/SURESH BABU/HDFC0722665/suresh559@paytm,449.00,,610583.21
02/09/2022,01/09/2022,NEFT/380226339561/MALLIKA DAS/HDFC0722665/80172229988168,,1200.00,611783.21
01/09/2022,01/09/2022,CHQ NO 554615 CLEARING,120.00,,611663.21
03/09/2022,02/09/2022,NEFT/9920518979/MOHAMMED IRFAN/HDFC0722665/09147963984508,3499.00,,608164.21
03/09/2022,02/09/2022,NEFT/753648454114/MEERA PILLAI/HDFC0722665/37206023018807,,11200.00,619364.21
02/09/2022,02/09/2022,UPI/DR/9529652132/PRIYA NAIR/HDFC0722665/priya357@okhdfc,850.00,,618514.21
02/09/2022,02/09/2022,CHQ NO 243687 CLEARING,999.00,,617515.21
02/09/2022,02/09/2022,NEFT/23260326/DEEPA NAIR/HDFC0722665/25875232163405,5200.00,,612315.21
03/09/2022,02/09/2022,UPI/DR/3896741216/BINDHU NAIR/HDFC0722665/bindhu671@paytm,310.00,,612005.21
02/09/2022,02/09/2022,IMPS/P2P/829497549545/GEETA DEVI/8580385820,,11200.00,623205.21
02/09/2022,02/09/2022,UPI/CR/902773607144/BINDHU NAIR/HDFC0722665/bindhu340@paytm,,24000.00,647205.21
02/09/2022,02/09/2022,CHQ NO 322953 CLEARING,79.00,,647126.21
03/09/2022,03/09/2022,UPI/CR/486421228174/REKHA PILLAI/HDFC0722665/rekha806@okaxis,,2500.00,649626.21
03/09/2022,03/09/2022,CASH DEPOSIT/BRANCH COUNTER/BANJARA HILLS HYDERABAD,,7600.00,657226.21
03/09/2022,03/09/2022,UPI/DR/33819123/KIRAN REDDY/HDFC0722665/kiran174@okhdfc,5200.00,,652026.21
03/09/2022,03/09/2022,UPI/DR/6772553646/ROHIT SHARMA/HDFC0722665/rohit237@paytm,1680.00,,650346.21
05/09/2022,04/09/2022,NEFT/433151399314/VIKRAM NAIR/HDFC0722665/35514919969829,2380.00,,647966.21
04/09/2022,04/09/2022,CASH DEPOSIT/BRANCH COUNTER/BANJARA HILLS HYDERABAD,,4800.00,652766.21
04/09/2022,04/09/2022,UPI/CR/1489831197/ARCHANA PILLAI/HDFC0722665/archana742@okhdfc,,850.00,653616.21
04/09/2022,04/09/2022,ATM/WDL/34346866/HDFC ATM KORAMANGALA,249.00,,653367.21
04/09/2022,04/09/2022,CHQ NO 952606 CLEARING,699.00,,652668.21
04/09/2022,04/09/2022,UPI/CR/564438952368/IMRAN KHAN/HDFC0722665/imran759@okaxis,,7600.00,660268.21
05/09/2022,04/09/2022,NEFT/18526195/SANTOSH KUMAR/HDFC0722665/52735789953896,999.00,,659269.21
05/09/2022,05/09/2022,UPI/DR/5711478663/BINDHU NAIR/HDFC0722665/bindhu617@okaxis,850.00,,658419.21
05/09/2022,05/09/2022,NEFT/79651984/KAVERI MENON/HDFC0722665/82089694700136,49.00,,658370.21
05/09/2022,05/09/2022,IMPS/P2P/2999413505/KAVITHA RAO/8158761019,,2500.00,660870.21
05/09/2022,05/09/2022,CHQ NO 531093 CLEARING,120.00,,660750.21
05/09/2022,05/09/2022,UPI/DR/655126627087/SUNIL YADAV/HDFC0722665/sunil355@paytm,1680.00,,659070.21
05/09/2022,05/09/2022,CHQ NO 839041 CLEARING,249.00,,658821.21
07/09/2022,06/09/2022,CASH DEPOSIT/BRANCH COUNTER/BANJARA HILLS HYDERABAD,,850.00,659671.21
07/09/2022,06/09/2022,NEFT/2860767280/SANJANA HEGDE/HDFC0722665/74805894672104,,500.00,660171.21
07/09/2022,06/09/2022,UPI/CR/862302102752/SURESH NAIR/HDFC0722665/suresh14@paytm,,4800.00,664971.21
06/09/2022,06/09/2022,UPI/DR/584368734890/PRAKASH RAO/HDFC0722665/prakash631@oksbi,1250.00,,663721.21
06/09/2022,06/09/2022,NEFT/94196049/NIKHIL GUPTA/HDFC0722665/14043802334619,,1200.00,664921.21
06/09/2022,06/09/2022,NEFT/7159807542/GEETA DEVI/HDFC0722665/85659118019490,5200.00,,659721.21
06/09/2022,06/09/2022,UPI/CR/3577899706/KAVERI MENON/HDFC0722665/kaveri227@okhdfc,,500.00,660221.21
06/09/2022,06/09/2022,UPI/DR/80467309/USHA RANI/HDFC0722665/usha280@oksbi,449.00,,659772.21
06/09/2022,06/09/2022,CASH DEPOSIT/BRANCH COUNTER/BANJARA HILLS HYDERABAD,,11200.00,670972.21
07/09/2022,07/09/2022,UPI/DR/246496111698/RAJENDRA PRASAD/HDFC0722665/rajendra543@okaxis,1680.00,,669292.21
07/09/2022,07/09/2022,CASH DEPOSIT/BRANCH COUNTER/BANJARA HILLS HYDERABAD,,500.00,669792.21
07/09/2022,07/09/2022,CHQ NO 897962 CLEARING,79.00,,669713.21
08/09/2022,07/09/2022,NEFT/01314783/ARUN SHARMA/HDFC0722665/15702131982052,120.00,,669593.21
07/09/2022,07/09/2022,NEFT/633319253168/PRAKASH RAO/HDFC0722665/35056174444022,,500.00,670093.21
08/09/2022,08/09/2022,UPI/DR/396433158117/KAVYA REDDY/HDFC0722665/kavya506@ybl,1680.00,,668413.21
08/09/2022,08/09/2022,UPI/DR/6025609223/USHA RANI/HDFC0722665/usha551@ybl,49.00,,668364.21
09/09/2022,09/09/2022,UPI/CR/506178094468/SURESH NAIR/HDFC0722665/suresh207@okhdfc,,18500.00,686864.21
10/09/2022,09/09/2022,UPI/DR/8653557222/SUSHMA RAO/HDFC0722665/sushma566@paytm,850.00,,686014.21
09/09/2022,09/09/2022,NEFT/292839271082/SAVITHA DEVI/HDFC0722665/74672752047748,7800.00,,678214.21
09/09/2022,09/09/2022,CASH DEPOSIT/BRANCH COUNTER/BANJARA HILLS HYDERABAD,,24000.00,702214.21
10/09/2022,10/09/2022,UPI/DR/853287964158/RESHMA KHAN/HDFC0722665/reshma625@okaxis,1250.00,,700964.21
10/09/2022,10/09/2022,IMPS/P2P/717670382715/ROHIT SHARMA/7048189808,,850.00,701814.21
10/09/2022,10/09/2022,UPI/CR/1084465651/GOPAL VERMA/HDFC0722665/gopal691@okaxis,,24000.00,725814.21
10/09/2022,10/09/2022,UPI/CR/2219135247/SANTOSH KUMAR/HDFC0722665/santosh188@okaxis,,24000.00,749814.21
11/09/2022,11/09/2022,UPI/DR/7938918811/PREETHI IYER/HDFC0722665/preethi210@okhdfc,249.00,,749565.21
11/09/2022,11/09/2022,UPI/CR/25531605/SUSHMA RAO/HDFC0722665/sushma475@okaxis,,18500.00,768065.21
12/09/2022,11/09/2022,CHQ NO 424260 CLEARING,79.00,,767986.21
11/09/2022,11/09/2022,NEFT/291421580367/NILESH KULKARNI/HDFC0722665/27916585922990,,500.00,768486.21
11/09/2022,11/09/2022,UPI/DR/8749413185/SMITHA PILLAI/HDFC0722665/smitha397@paytm,850.00,,767636.21
12/09/2022,11/09/2022,ATM/WDL/81295455/SBI ATM JAYANAGAR BLR,1680.00,,765956.21
11/09/2022,11/09/2022,UPI/DR/6755387591/KAVYA REDDY/HDFC0722665/kavya17@paytm,310.00,,765646.21
13/09/2022,12/09/2022,UPI/CR/1644845390/LAKSHMI VENKAT/HDFC0722665/lakshmi470@okhdfc,,2500.00,768146.21
12/09/2022,12/09/2022,NEFT/289557703740/MEENA IYER/HDFC0722665/34165853919416,,4800.00,772946.21
12/09/2022,12/09/2022,ATM/WDL/5372677932/CANARA ATM MYSURU,79.00,,772867.21
12/09/2022,12/09/2022,UPI/DR/779583189722/PRAKASH RAO/HDFC0722665/prakash883@okhdfc,2380.00,,770487.21
14/09/2022,13/09/2022,UPI/CR/20785751/FATIMA SHEIKH/HDFC0722665/fatima960@okaxis,,32000.00,802487.21
13/09/2022,13/09/2022,ATM/WDL/68078859/CANARA ATM MYSURU,120.00,,802367.21
13/09/2022,13/09/2022,IMPS/P2P/1184607447/GANESH KUMAR/7933276117,,18500.00,820867.21
13/09/2022,13/09/2022,NEFT/3901364044/MOHAMMED IRFAN/HDFC0722665/57703664901667,5200.00,,815667.21
13/09/2022,13/09/2022,CHQ NO 788669 CLEARING,5200.00,,810467.21
14/09/2022,14/09/2022,NEFT/8344158114/SAVITHA DEVI/HDFC0722665/63189669023608,49.00,,810418.21
14/09/2022,14/09/2022,UPI/DR/2714199831/RAJESH VERMA/HDFC0722665/rajesh78@paytm,120.00,,810298.21
14/09/2022,14/09/2022,NEFT/1441383318/RESHMA KHAN/HDFC0722665/29699185098678,7800.00,,802498.21
16/09/2022,15/09/2022,NEFT/435872147088/RAHUL SINGH/HDFC0722665/72466319262107,310.00,,802188.21
16/09/2022,15/09/2022,IMPS/P2P/13566945/VIKRAM NAIR/8643992923,,7600.00,809788.21
16/09/2022,15/09/2022,UPI/CR/9042832635/ADITYA KUMAR/HDFC0722665/aditya493@oksbi,,850.00,810638.21
15/09/2022,15/09/2022,UPI/DR/028809575038/IMRAN KHAN/HDFC0722665/imran193@ybl,699.00,,809939.21
15/09/2022,15/09/2022,IMPS/P2P/027614263786/RAJENDRA PRASAD/9020868711,,24000.00,833939.21
16/09/2022,16/09/2022,UPI/DR/60279140/DEEPA NAIR/HDFC0722665/deepa446@ybl,120.00,,833819.21
16/09/2022,16/09/2022,UPI/DR/4629349045/ARJUN MEHTA/HDFC0722665/arjun741@okhdfc,49.00,,833770.21
16/09/2022,16/09/2022,ATM/WDL/32052872/CANARA ATM MYSURU,310.00,,833460.21
16/09/2022,16/09/2022,CHQ NO 135902 CLEARING,79.00,,833381.21
16/09/2022,16/09/2022,ATM/WDL/14710963/CANARA ATM MYSURU,699.00,,832682.21
17/09/2022,17/09/2022,NEFT/84484837/NILESH KULKARNI/HDFC0722665/79957192180051,,7600.00,840282.21
17/09/2022,17/09/2022,CASH DEPOSIT/BRANCH COUNTER/BANJARA HILLS HYDERABAD,,18500.00,858782.21
17/09/2022,17/09/2022,ATM/WDL/914259792719/CANARA ATM MYSURU,7800.00,,850982.21
17/09/2022,17/09/2022,IMPS/P2P/36502103/FATIMA SHEIKH/9569281125,,2500.00,853482.21
18/09/2022,17/09/2022,UPI/DR/6856373279/MEENA IYER/HDFC0722665/meena867@oksbi,999.00,,852483.21
17/09/2022,17/09/2022,CASH DEPOSIT/BRANCH COUNTER/BANJARA HILLS HYDERABAD,,11200.00,863683.21
17/09/2022,17/09/2022,ATM/WDL/7727462588/HDFC ATM KORAMANGALA,120.00,,863563.21
17/09/2022,17/09/2022,UPI/CR/8072320212/DEEPAK JOSHI/HDFC0722665/deepak68@ybl,,7600.00,871163.21
18/09/2022,17/09/2022,NEFT/475510326020/KARTHIK MENON/HDFC0722665/89778624594153,,24000.00,895163.21
17/09/2022,17/09/2022,CHQ NO 784843 CLEARING,49.00,,895114.21
17/09/2022,17/09/2022,IMPS/P2P/33706844/USHA RANI/9041122697,,850.00,895964.21
17/09/2022,17/09/2022,UPI/CR/07411468/SANJANA HEGDE/HDFC0722665/sanjana245@okhdfc,,24000.00,919964.21
17/09/2022,17/09/2022,NEFT/45485610/PREETHI IYER/HDFC0722665/67399366892015,1250.00,,918714.21
18/09/2022,18/09/2022,ATM/WDL/85855702/SBI ATM JAYANAGAR BLR,999.00,,917715.21
18/09/2022,18/09/2022,IMPS/P2P/425463914425/SHAHID KHAN/7884532743,,1200.00,918915.21
18/09/2022,18/09/2022,UPI/DR/50963938/SUNITA DEVI/HDFC0722665/sunita642@okhdfc,310.00,,918605.21
18/09/2022,18/09/2022,UPI/DR/2298722264/ANAND KUMAR/HDFC0722665/anand273@okhdfc,79.00,,918526.21
18/09/2022,18/09/2022,CASH DEPOSIT/BRANCH COUNTER/BANJARA HILLS HYDERABAD,,4800.00,923326.21
19/09/2022,18/09/2022,UPI/DR/193247289203/SANTOSH KUMAR/HDFC0722665/santosh634@okhdfc,850.00,,922476.21
19/09/2022,18/09/2022,NEFT/6389431661/SNEHA PATIL/HDFC0722665/61298192366972,1680.00,,920796.21
18/09/2022,18/09/2022,ATM/WDL/12536804/CANARA ATM MYSURU,249.00,,920547.21
18/09/2022,18/09/2022,NEFT/954841445880/SNEHA PATIL/HDFC0722665/42646349135210,49.00,,920498.21
20/09/2022,19/09/2022,UPI/CR/083066857952/SANTOSH KUMAR/HDFC0722665/santosh801@okaxis,,11200.00,931698.21
20/09/2022,19/09/2022,UPI/CR/81979037/GEETA DEVI/HDFC0722665/geeta234@oksbi,,32000.00,963698.21
19/09/2022,19/09/2022,NEFT/71301381/TANVI RAO/HDFC0722665/48078202464357,49.00,,963649.21
21/09/2022,20/09/2022,ATM/WDL/6890170861/SBI ATM JAYANAGAR BLR,449.00,,963200.21
20/09/2022,20/09/2022,NEFT/4571512898/GEETA DEVI/HDFC0722665/26285717028147,,1200.00,964400.21
21/09/2022,20/09/2022,IMPS/P2P/748012199305/BINDHU NAIR/9475311361,,18500.00,982900.21
20/09/2022,20/09/2022,UPI/DR/188563843999/ARCHANA PILLAI/HDFC0722665/archana777@oksbi,7800.00,,975100.21
21/09/2022,21/09/2022,ATM/WDL/401571281305/CANARA ATM MYSURU,1680.00,,973420.21
22/09/2022,22/09/2022,ATM/WDL/68932351/SBI ATM JAYANAGAR BLR,449.00,,972971.21
23/09/2022,22/09/2022,NEFT/65289506/DEEPAK JOSHI/HDFC0722665/74447946464966,,32000.00,1004971.21
22/09/2022,22/09/2022,CHQ NO 862746 CLEARING,310.00,,1004661.21
22/09/2022,22/09/2022,NEFT/54766713/POOJA SHARMA/HDFC0722665/66921447088498,,7600.00,1012261.21
24/09/2022,23/09/2022,UPI/DR/348161951167/RESHMA KHAN/HDFC0722665/reshma703@paytm,850.00,,1011411.21
23/09/2022,23/09/2022,IMPS/P2P/99761436/IMRAN KHAN/9292424920,,18500.00,1029911.21
23/09/2022,23/09/2022,UPI/DR/70097946/RAMESH PILLAI/HDFC0722665/ramesh685@ybl,699.00,,1029212.21
23/09/2022,23/09/2022,UPI/DR/58043642/RAVI KUMAR SHARMA/HDFC0722665/ravi592@paytm,3499.00,,1025713.21
23/09/2022,23/09/2022,UPI/DR/517395103736/KIRAN REDDY/HDFC0722665/kiran307@okhdfc,3499.00,,1022214.21
24/09/2022,23/09/2022,UPI/DR/80080849/MOHAMMED IRFAN/HDFC0722665/mohammed875@paytm,850.00,,1021364.21
23/09/2022,23/09/2022,NEFT/66629740/MOHAN DAS/HDFC0722665/21340924394761,449.00,,1020915.21
24/09/2022,24/09/2022,NEFT/3311085040/ROHIT SHARMA/HDFC0722665/84051556536206,1250.00,,1019665.21
24/09/2022,24/09/2022,NEFT/651490680107/SANJANA HEGDE/HDFC0722665/17762052959068,,1200.00,1020865.21
24/09/2022,24/09/2022,CASH DEPOSIT/BRANCH COUNTER/BANJARA HILLS HYDERABAD,,18500.00,1039365.21
24/09/2022,24/09/2022,IMPS/P2P/382467539383/CHANDAN SHARMA/7467899185,,850.00,1040215.21
24/09/2022,24/09/2022,CHQ NO 749948 CLEARING,79.00,,1040136.21
25/09/2022,24/09/2022,NEFT/562618073683/POOJA SHARMA/HDFC0722665/64064051434285,,500.00,1040636.21
25/09/2022,24/09/2022,UPI/DR/92602948/LATHA MURTHY/HDFC0722665/latha267@okhdfc,449.00,,1040187.21
25/09/2022,25/09/2022,NEFT/75529210/DEEPAK JOSHI/HDFC0722665/07210055480937,1250.00,,1038937.21
25/09/2022,25/09/2022,UPI/DR/8228753731/BABU LAL/HDFC0722665/babu237@ybl,1680.00,,1037257.21
25/09/2022,25/09/2022,CASH DEPOSIT/BRANCH COUNTER/BANJARA HILLS HYDERABAD,,18500.00,1055757.21
25/09/2022,25/09/2022,CHQ NO 450889 CLEARING,120.00,,1055637.21
26/09/2022,25/09/2022,UPI/DR/547008882400/KIRAN REDDY/HDFC0722665/kiran176@okaxis,120.00,,1055517.21
26/09/2022,25/09/2022,UPI/DR/9599087952/SURESH BABU/HDFC0722665/suresh361@ybl,249.00,,1055268.21
25/09/2022,25/09/2022,UPI/DR/91648041/MOHAN DAS/HDFC0722665/mohan345@ybl,120.00,,1055148.21
25/09/2022,25/09/2022,IMPS/P2P/5228118207/VENKAT RAO/9040451853,,24000.00,1079148.21
26/09/2022,25/09/2022,NEFT/22175831/REKHA PILLAI/HDFC0722665/78747927658309,1250.00,,1077898.21
26/09/2022,26/09/2022,NEFT/970422001146/SNEHA PATIL/HDFC0722665/01454878424820,7800.00,,1070098.21
27/09/2022,26/09/2022,IMPS/P2P/9406067824/POOJA SHARMA/8650030059,,32000.00,1102098.21
26/09/2022,26/09/2022,UPI/DR/88087072/TANVI RAO/HDFC0722665/tanvi322@oksbi,3499.00,,1098599.21
26/09/2022,26/09/2022,CASH DEPOSIT/BRANCH COUNTER/BANJARA HILLS HYDERABAD,,850.00,1099449.21
27/09/2022,26/09/2022,NEFT/366673441697/MALLIKA DAS/HDFC0722665/03013785721117,,4800.00,1104249.21
27/09/2022,26/09/2022,NEFT/3939704662/TANVI RAO/HDFC0722665/92672350045724,249.00,,1104000.21
27/09/2022,26/09/2022,NEFT/998332236743/MEENA IYER/HDFC0722665/44850235720510,7800.00,,1096200.21
27/09/2022,27/09/2022,CASH DEPOSIT/BRANCH COUNTER/BANJARA HILLS HYDERABAD,,18500.00,1114700.21
28/09/2022,27/09/2022,NEFT/560278565116/ROHIT SHARMA/HDFC0722665/86182320704891,,850.00,1115550.21
27/09/2022,27/09/2022,ATM/WDL/88979731/SBI ATM JAYANAGAR BLR,310.00,,1115240.21
28/09/2022,28/09/2022,UPI/DR/1337197398/GANESH KUMAR/HDFC0722665/ganesh70@oksbi,249.00,,1114991.21
28/09/2022,28/09/2022,CHQ NO 533441 CLEARING,310.00,,1114681.21
28/09/2022,28/09/2022,NEFT/5157235760/NIKHIL GUPTA/HDFC0722665/80564363654424,,1200.00,1115881.21
28/09/2022,28/09/2022,CASH DEPOSIT/BRANCH COUNTER/BANJARA HILLS HYDERABAD,,7600.00,1123481.21
28/09/2022,28/09/2022,UPI/CR/2788472342/SANJANA HEGDE/HDFC0722665/sanjana646@oksbi,,2500.00,1125981.21
28/09/2022,28/09/2022,UPI/DR/23460343/ARUN SHARMA/HDFC0722665/arun864@okaxis,850.00,,1125131.21
29/09/2022,29/09/2022,UPI/DR/9012090922/DIVYA MENON/HDFC0722665/divya786@okhdfc,850.00,,1124281.21
30/09/2022,29/09/2022,NEFT/558079299093/RESHMA KHAN/HDFC0722665/57500775832826,1680.00,,1122601.21
29/09/2022,29/09/2022,UPI/DR/310857396381/GOPAL VERMA/HDFC0722665/gopal320@ybl,449.00,,1122152.21
29/09/2022,29/09/2022,UPI/DR/2223092167/SHAHID KHAN/HDFC0722665/shahid980@paytm,449.00,,1121703.21
29/09/2022,29/09/2022,CASH DEPOSIT/BRANCH COUNTER/BANJARA HILLS HYDERABAD,,11200.00,1132903.21
29/09/2022,29/09/2022,CHQ NO 137355 CLEARING,850.00,,1132053.21
30/09/2022,29/09/2022,UPI/DR/466924196362/DEEPAK JOSHI/HDFC0722665/deepak839@paytm,310.00,,1131743.21
30/09/2022,30/09/2022,IMPS/P2P/08406127/ARJUN MEHTA/7474965037,,11200.00,1142943.21
01/10/2022,30/09/2022,UPI/DR/95825091/ARCHANA PILLAI/HDFC0722665/archana650@okaxis,699.00,,1142244.21
01/10/2022,30/09/2022,CASH DEPOSIT/BRANCH COUNTER/BANJARA HILLS HYDERABAD,,11200.00,1153444.21
30/09/2022,30/09/2022,UPI/DR/40013405/FARHAN KHAN/HDFC0722665/farhan621@oksbi,1250.00,,1152194.21
30/09/2022,30/09/2022,UPI/CR/371760244772/PRIYA NAIR/HDFC0722665/priya298@okhdfc,,18500.00,1170694.21
30/09/2022,30/09/2022,CASH DEPOSIT/BRANCH COUNTER/BANJARA HILLS HYDERABAD,,7600.00,1178294.21
01/10/2022,01/10/2022,NEFT/034657343538/PADMA RAO/HDFC0722665/41407162243693,249.00,,1178045.21
01/10/2022,01/10/2022,NEFT/119967693500/ARCHANA PILLAI/HDFC0722665/09069830210720,1250.00,,1176795.21
01/10/2022,01/10/2022,NEFT/9563513549/GEETA DEVI/HDFC0722665/79588990469180,5200.00,,1171595.21
01/10/2022,01/10/2022,CHQ NO 802903 CLEARING,79.00,,1171516.21
02/10/2022,02/10/2022,UPI/DR/75127015/LATHA MURTHY/HDFC0722665/latha252@okaxis,999.00,,1170517.21
02/10/2022,02/10/2022,UPI/DR/0224938880/SNEHA PATIL/HDFC0722665/sneha386@oksbi,310.00,,1170207.21
02/10/2022,02/10/2022,ATM/WDL/675252220471/SBI ATM JAYANAGAR BLR,449.00,,1169758.21
03/10/2022,02/10/2022,UPI/CR/57242558/PREETHI IYER/HDFC0722665/preethi197@ybl,,32000.00,1201758.21
02/10/2022,02/10/2022,NEFT/293825212279/TARA SINGH/HDFC0722665/04211926602495,79.00,,1201679.21
02/10/2022,02/10/2022,CASH DEPOSIT/BRANCH COUNTER/BANJARA HILLS HYDERABAD,,1200.00,1202879.21
03/10/2022,02/10/2022,NEFT/58081842/ADITYA KUMAR/HDFC0722665/54326054815059,249.00,,1202630.21
02/10/2022,02/10/2022,IMPS/P2P/91993864/BINDHU NAIR/9217919455,,32000.00,1234630.21
03/10/2022,03/10/2022,NEFT/065285254522/KAVYA REDDY/HDFC0722665/34866366406263,,11200.00,1245830.21
04/10/2022,03/10/2022,IMPS/P2P/4386734688/VIKRAM NAIR/9070343391,,2500.00,1248330.21
03/10/2022,03/10/2022,CHQ NO 723308 CLEARING,249.00,,1248081.21
03/10/2022,03/10/2022,IMPS/P2P/78817900/RESHMA KHAN/7647949404,,7600.00,1255681.21
04/10/2022,04/10/2022,UPI/DR/33537700/NADIA HUSSAIN/HDFC0722665/nadia552@oksbi,249.00,,1255432.21
05/10/2022,04/10/2022,IMPS/P2P/356662566089/ROHIT SHARMA/8478838561,,500.00,1255932.21
05/10/2022,04/10/2022,UPI/DR/7725905178/ARUN SHARMA/HDFC0722665/arun152@paytm,850.00,,1255082.21
04/10/2022,04/10/2022,UPI/DR/06194183/ROHIT SHARMA/HDFC0722665/rohit952@paytm,7800.00,,1247282.21
04/10/2022,04/10/2022,IMPS/P2P/989878238004/ARUN SHARMA/7446275008,,850.00,1248132.21
04/10/2022,04/10/2022,UPI/DR/02892033/BINDHU NAIR/HDFC0722665/bindhu51@ybl,79.00,,1248053.21
04/10/2022,04/10/2022,ATM/WDL/12875263/HDFC ATM KORAMANGALA,79.00,,1247974.21
04/10/2022,04/10/2022,UPI/CR/3980676459/POOJA SHARMA/HDFC0722665/pooja607@paytm,,4800.00,1252774.21
05/10/2022,05/10/2022,CASH DEPOSIT/BRANCH COUNTER/BANJARA HILLS HYDERABAD,,2500.00,1255274.21
06/10/2022,05/10/2022,UPI/DR/4805866933/LALITHA DEVI/HDFC0722665/lalitha565@okhdfc,310.00,,1254964.21
05/10/2022,05/10/2022,UPI/DR/0017438361/HARISH MENON/HDFC0722665/harish94@okaxis,7800.00,,1247164.21
06/10/2022,06/10/2022,CHQ NO 151338 CLEARING,79.00,,1247085.21
06/10/2022,06/10/2022,UPI/DR/468396611141/RAMESH GOWDA/HDFC0722665/ramesh174@paytm,850.00,,1246235.21
06/10/2022,06/10/2022,NEFT/6008222415/GANESH KUMAR/HDFC0722665/39376942233421,,32000.00,1278235.21
06/10/2022,06/10/2022,NEFT/2649647891/PRIYA NAIR/HDFC0722665/81780889508488,,4800.00,1283035.21
08/10/2022,07/10/2022,CHQ NO 446945 CLEARING,850.00,,1282185.21
07/10/2022,07/10/2022,IMPS/P2P/692959773251/GEETA DEVI/9285286614,,11200.00,1293385.21
07/10/2022,07/10/2022,NEFT/401215587263/SAVITHA DEVI/HDFC0722665/34396889853703,79.00,,1293306.21
07/10/2022,07/10/2022,NEFT/1240895482/NILESH KULKARNI/HDFC0722665/73580478921647,,11200.00,1304506.21
07/10/2022,07/10/2022,IMPS/P2P/665116075954/NAVEEN KUMAR/9999174157,,24000.00,1328506.21
07/10/2022,07/10/2022,ATM/WDL/3420358033/HDFC ATM KORAMANGALA,49.00,,1328457.21
07/10/2022,07/10/2022,UPI/DR/589763717975/SUSHMA RAO/HDFC0722665/sushma640@ybl,699.00,,1327758.21
08/10/2022,08/10/2022,UPI/DR/6224458954/LALITHA DEVI/HDFC0722665/lalitha457@okhdfc,2380.00,,1325378.21
08/10/2022,08/10/2022,NEFT/9360289828/MOHAN DAS/HDFC0722665/12272001472974,850.00,,1324528.21
08/10/2022,08/10/2022,UPI/DR/1584589914/RAMESH PILLAI/HDFC0722665/ramesh157@okaxis,449.00,,1324079.21
08/10/2022,08/10/2022,IMPS/P2P/72377352/MOHAN DAS/8581490919,,11200.00,1335279.21
08/10/2022,08/10/2022,UPI/DR/00793677/HARISH MENON/HDFC0722665/harish634@oksbi,699.00,,1334580.21
08/10/2022,08/10/2022,UPI/CR/224825503935/TARA SINGH/HDFC0722665/tara698@paytm,,32000.00,1366580.21
08/10/2022,08/10/2022,UPI/DR/542862409523/RANJIT SINGH/HDFC0722665/ranjit117@ybl,7800.00,,1358780.21
08/10/2022,08/10/2022,NEFT/629292477660/USHA RANI/HDFC0722665/62266237904372,449.00,,1358331.21
08/10/2022,08/10/2022,UPI/DR/614026094707/KAVITHA RAO/HDFC0722665/kavitha753@paytm,7800.00,,1350531.21
10/10/2022,09/10/2022,ATM/WDL/881011569106/SBI ATM JAYANAGAR BLR,5200.00,,1345331.21
10/10/2022,09/10/2022,UPI/DR/983955560080/KAVERI MENON/HDFC0722665/kaveri759@ybl,999.00,,1344332.21
09/10/2022,09/10/2022,NEFT/67328632/VINAY PATIL/HDFC0722665/69498210694137,49.00,,1344283.21
09/10/2022,09/10/2022,IMPS/P2P/06391315/PRIYA NAIR/7492477163,,2500.00,1346783.21
09/10/2022,09/10/2022,IMPS/P2P/738183427808/KAVERI MENON/9994811880,,18500.00,1365283.21
09/10/2022,09/10/2022,ATM/WDL/465533289818/CANARA ATM MYSURU,449.00,,1364834.21
10/10/2022,09/10/2022,UPI/CR/7153523418/NIKHIL GUPTA/HDFC0722665/nikhil741@okaxis,,500.00,1365334.21
09/10/2022,09/10/2022,NEFT/716528775529/GEETA DEVI/HDFC0722665/97841684482431,,4800.00,1370134.21
10/10/2022,10/10/2022,NEFT/76655994/MEERA PILLAI/HDFC0722665/09778911953804,449.00,,1369685.21
10/10/2022,10/10/2022,CHQ NO 893769 CLEARING,699.00,,1368986.21
10/10/2022,10/10/2022,UPI/DR/033775569158/SANTOSH KUMAR/HDFC0722665/santosh472@ybl,1250.00,,1367736.21
11/10/2022,10/10/2022,UPI/DR/833195802469/ANAND KUMAR/HDFC0722665/anand411@ybl,310.00,,1367426.21
10/10/2022,10/10/2022,UPI/DR/8683419674/IMRAN KHAN/HDFC0722665/imran930@okaxis,310.00,,1367116.21
10/10/2022,10/10/2022,UPI/DR/090541831877/TANVI RAO/HDFC0722665/tanvi315@paytm,699.00,,1366417.21
10/10/2022,10/10/2022,UPI/DR/7146627040/BABU LAL/HDFC0722665/babu310@oksbi,5200.00,,1361217.21
11/10/2022,11/10/2022,NEFT/62210321/BABU LAL/HDFC0722665/66496419589551,,32000.00,1393217.21
11/10/2022,11/10/2022,ATM/WDL/5366987308/SBI ATM JAYANAGAR BLR,1250.00,,1391967.21
12/10/2022,11/10/2022,NEFT/953894577388/ADITYA KUMAR/HDFC0722665/10809060257782,1680.00,,1390287.21
12/10/2022,11/10/2022,CHQ NO 050243 CLEARING,5200.00,,1385087.21
11/10/2022,11/10/2022,CHQ NO 802206 CLEARING,310.00,,1384777.21
12/10/2022,12/10/2022,NEFT/69885455/SUNITA DEVI/HDFC0722665/76313606518979,,2500.00,1387277.21
12/10/2022,12/10/2022,NEFT/4432167698/FARHAN KHAN/HDFC0722665/93670457012778,,32000.00,1419277.21
12/10/2022,12/10/2022,ATM/WDL/7206890560/SBI ATM JAYANAGAR BLR,310.00,,1418967.21
12/10/2022,12/10/2022,ATM/WDL/219857971439/HDFC ATM KORAMANGALA,449.00,,1418518.21
13/10/2022,12/10/2022,UPI/CR/160899001469/NADIA HUSSAIN/HDFC0722665/nadia710@okhdfc,,2500.00,1421018.21
12/10/2022,12/10/2022,UPI/DR/8001012910/FATIMA SHEIKH/HDFC0722665/fatima922@ybl,249.00,,1420769.21
13/10/2022,13/10/2022,UPI/DR/3261826352/LAKSHMI VENKAT/HDFC0722665/lakshmi71@paytm,1250.00,,1419519.21
13/10/2022,13/10/2022,CHQ NO 017560 CLEARING,7800.00,,1411719.21
14/10/2022,14/10/2022,IMPS/P2P/720053975650/NADIA HUSSAIN/8551119634,,2500.00,1414219.21
14/10/2022,14/10/2022,IMPS/P2P/77951684/ARCHANA PILLAI/9254817714,,850.00,1415069.21
14/10/2022,14/10/2022,UPI/DR/1054570909/CHANDAN SHARMA/HDFC0722665/chandan182@paytm,7800.00,,1407269.21
14/10/2022,14/10/2022,NEFT/85040120/VENKAT RAO/HDFC0722665/21982536821385,,7600.00,1414869.21
14/10/2022,14/10/2022,CASH DEPOSIT/BRANCH COUNTER/BANJARA HILLS HYDERABAD,,850.00,1415719.21
15/10/2022,15/10/2022,ATM/WDL/375430627948/HDFC ATM KORAMANGALA,310.00,,1415409.21
15/10/2022,15/10/2022,CHQ NO 676060 CLEARING,850.00,,1414559.21
15/10/2022,15/10/2022,ATM/WDL/376992166181/SBI ATM JAYANAGAR BLR,49.00,,1414510.21
16/10/2022,15/10/2022,IMPS/P2P/6475855316/TARA SINGH/8895191222,,1200.00,1415710.21
16/10/2022,16/10/2022,CHQ NO 380755 CLEARING,79.00,,1415631.21
17/10/2022,16/10/2022,CASH DEPOSIT/BRANCH COUNTER/BANJARA HILLS HYDERABAD,,2500.00,1418131.21
16/10/2022,16/10/2022,UPI/DR/60807289/MEERA PILLAI/HDFC0722665/meera729@okhdfc,79.00,,1418052.21
18/10/2022,17/10/2022,CHQ NO 432951 CLEARING,1680.00,,1416372.21
17/10/2022,17/10/2022,UPI/DR/787955442970/SURESH NAIR/HDFC0722665/suresh503@okaxis,7800.00,,1408572.21
17/10/2022,17/10/2022,CHQ NO 395142 CLEARING,7800.00,,1400772.21
18/10/2022,18/10/2022,IMPS/P2P/1610592857/ARCHANA PILLAI/8123444000,,18500.00,1419272.21
19/10/2022,18/10/2022,UPI/DR/09318240/LATHA MURTHY/HDFC0722665/latha824@oksbi,249.00,,1419023.21
18/10/2022,18/10/2022,UPI/DR/844468763265/POOJA SHARMA/HDFC0722665/pooja595@ybl,449.00,,1418574.21
19/10/2022,18/10/2022,IMPS/P2P/80067643/VIKRAM NAIR/9884276177,,24000.00,1442574.21
18/10/2022,18/10/2022,NEFT/7401732655/ANAND KUMAR/HDFC0722665/14365850902466,,7600.00,1450174.21
20/10/2022,19/10/2022,UPI/CR/47686863/RAHUL SINGH/HDFC0722665/rahul601@paytm,,850.00,1451024.21
20/10/2022,19/10/2022,CASH DEPOSIT/BRANCH COUNTER/BANJARA HILLS HYDERABAD,,2500.00,1453524.21
20/10/2022,19/10/2022,NEFT/105381082865/VENKAT RAO/HDFC0722665/11727361057804,,2500.00,1456024.21
20/10/2022,19/10/2022,CHQ NO 046119 CLEARING,1250.00,,1454774.21
20/10/2022,20/10/2022,IMPS/P2P/00002338/CHANDAN SHARMA/8790963014,,1200.00,1455974.21
21/10/2022,20/10/2022,NEFT/57450929/NILESH KULKARNI/HDFC0722665/19633982869446,850.00,,1455124.21
20/10/2022,20/10/2022,CASH DEPOSIT/BRANCH COUNTER/BANJARA HILLS HYDERABAD,,32000.00,1487124.21
20/10/2022,20/10/2022,NEFT/566191481667/ANITHA KRISHNAN/HDFC0722665/85853985530649,,4800.00,1491924.21
20/10/2022,20/10/2022,UPI/DR/9046206157/KAVYA REDDY/HDFC0722665/kavya836@okhdfc,1250.00,,1490674.21
20/10/2022,20/10/2022,CHQ NO 381741 CLEARING,49.00,,1490625.21
20/10/2022,20/10/2022,UPI/DR/441484559815/RAHUL SINGH/HDFC0722665/rahul296@okaxis,3499.00,,1487126.21
20/10/2022,20/10/2022,ATM/WDL/43689338/CANARA ATM MYSURU,699.00,,1486427.21
21/10/2022,20/10/2022,UPI/DR/570782116423/LALITHA DEVI/HDFC0722665/lalitha45@okhdfc,310.00,,1486117.21
21/10/2022,21/10/2022,UPI/CR/063007628062/PRIYA NAIR/HDFC0722665/priya726@okaxis,,11200.00,1497317.21
21/10/2022,21/10/2022,UPI/DR/4952767688/SAVITHA DEVI/HDFC0722665/savitha333@oksbi,3499.00,,1493818.21
21/10/2022,21/10/2022,UPI/CR/6844340839/GOPAL VERMA/HDFC0722665/gopal638@okaxis,,18500.00,1512318.21
22/10/2022,21/10/2022,CHQ NO 419201 CLEARING,49.00,,1512269.21
21/10/2022,21/10/2022,UPI/DR/916309430610/VINAY PATIL/HDFC0722665/vinay187@paytm,449.00,,1511820.21
21/10/2022,21/10/2022,UPI/DR/705355491242/RAMESH PILLAI/HDFC0722665/ramesh458@oksbi,5200.00,,1506620.21
22/10/2022,22/10/2022,UPI/DR/8671844153/SURESH NAIR/HDFC0722665/suresh138@okaxis,249.00,,1506371.21
22/10/2022,22/10/2022,UPI/CR/46986162/IMRAN KHAN/HDFC0722665/imran598@oksbi,,2500.00,1508871.21
22/10/2022,22/10/2022,IMPS/P2P/6975158987/ARJUN MEHTA/7219792213,,24000.00,1532871.21
22/10/2022,22/10/2022,UPI/DR/493269451392/NADIA HUSSAIN/HDFC0722665/nadia586@ybl,310.00,,1532561.21
22/10/2022,22/10/2022,NEFT/6184401107/KIRAN REDDY/HDFC0722665/94623361056987,,500.00,1533061.21
22/10/2022,22/10/2022,IMPS/P2P/834358798356/SMITHA PILLAI/8337355353,,18500.00,1551561.21
22/10/2022,22/10/2022,UPI/DR/4240614442/FARHAN KHAN/HDFC0722665/farhan472@ybl,5200.00,,1546361.21
23/10/2022,23/10/2022,NEFT/28480945/FATIMA SHEIKH/HDFC0722665/38702107662329,2380.00,,1543981.21
23/10/2022,23/10/2022,CHQ NO 923885 CLEARING,5200.00,,1538781.21
24/10/2022,23/10/2022,UPI/DR/8469995466/KAVITHA RAO/HDFC0722665/kavitha575@oksbi,850.00,,1537931.21
24/10/2022,23/10/2022,NEFT/556435899537/KIRAN REDDY/HDFC0722665/38174390282678,,32000.00,1569931.21
23/10/2022,23/10/2022,NEFT/52359175/MOHAN DAS/HDFC0722665/01206104705698,699.00,,1569232.21
24/10/2022,24/10/2022,UPI/DR/473555329690/SUSHMA RAO/HDFC0722665/sushma942@paytm,699.00,,1568533.21
25/10/2022,24/10/2022,UPI/CR/421144635943/FATIMA SHEIKH/HDFC0722665/fatima572@ybl,,850.00,1569383.21
24/10/2022,24/10/2022,IMPS/P2P/3904384170/GEETA DEVI/9478674392,,18500.00,1587883.21
24/10/2022,24/10/2022,NEFT/078179578819/CHANDAN SHARMA/HDFC0722665/60382511668894,120.00,,1587763.21
24/10/2022,24/10/2022,CASH DEPOSIT/BRANCH COUNTER/BANJARA HILLS HYDERABAD,,2500.00,1590263.21
25/10/2022,25/10/2022,CASH DEPOSIT/BRANCH COUNTER/BANJARA HILLS HYDERABAD,,4800.00,1595063.21
26/10/2022,26/10/2022,UPI/DR/12548299/SUNITA DEVI/HDFC0722665/sunita111@oksbi,3499.00,,1591564.21
26/10/2022,26/10/2022,UPI/DR/8624241988/SANTOSH KUMAR/HDFC0722665/santosh877@okhdfc,850.00,,1590714.21
27/10/2022,26/10/2022,UPI/DR/592295504635/SHAHID KHAN/HDFC0722665/shahid455@paytm,449.00,,1590265.21
27/10/2022,26/10/2022,NEFT/104230735148/KARTHIK MENON/HDFC0722665/79415894130601,310.00,,1589955.21
26/10/2022,26/10/2022,ATM/WDL/380242327111/CANARA ATM MYSURU,2380.00,,1587575.21
28/10/2022,27/10/2022,IMPS/P2P/462042035521/KAVITHA RAO/7040625093,,1200.00,1588775.21
28/10/2022,27/10/2022,ATM/WDL/4313971023/CANARA ATM MYSURU,5200.00,,1583575.21
27/10/2022,27/10/2022,IMPS/P2P/60583485/ROHIT SHARMA/8393070722,,7600.00,1591175.21
27/10/2022,27/10/2022,UPI/DR/4689318626/SHEELA DEVI/HDFC0722665/sheela810@oksbi,120.00,,1591055.21
27/10/2022,27/10/2022,ATM/WDL/996665386088/CANARA ATM MYSURU,310.00,,1590745.21
28/10/2022,27/10/2022,ATM/WDL/788677776155/HDFC ATM KORAMANGALA,7800.00,,1582945.21
28/10/2022,27/10/2022,CHQ NO 282938 CLEARING,999.00,,1581946.21
29/10/2022,28/10/2022,ATM/WDL/934510739838/CANARA ATM MYSURU,49.00,,1581897.21
28/10/2022,28/10/2022,UPI/DR/473641349195/MEERA PILLAI/HDFC0722665/meera206@okaxis,120.00,,1581777.21
29/10/2022,28/10/2022,UPI/DR/46125985/DIVYA MENON/HDFC0722665/divya853@paytm,449.00,,1581328.21
28/10/2022,28/10/2022,NEFT/876324347930/ARCHANA PILLAI/HDFC0722665/17138989355006,5200.00,,1576128.21
28/10/2022,28/10/2022,NEFT/1108164266/MOHAN DAS/HDFC0722665/53698572102534,449.00,,1575679.21
30/10/2022,29/10/2022,NEFT/03773820/RANJIT SINGH/HDFC0722665/58706370680628,249.00,,1575430.21
30/10/2022,29/10/2022,NEFT/174185510614/KAVITHA RAO/HDFC0722665/05724563877693,1250.00,,1574180.21
29/10/2022,29/10/2022,UPI/DR/8626435290/PRIYA NAIR/HDFC0722665/priya217@ybl,449.00,,1573731.21
30/10/2022,29/10/2022,NEFT/340266992534/VIKRAM NAIR/HDFC0722665/19991419232322,5200.00,,1568531.21
30/10/2022,30/10/2022,NEFT/301970882596/DEEPAK JOSHI/HDFC0722665/39599283482079,,18500.00,1587031.21
31/10/2022,30/10/2022,UPI/CR/813398974608/SANJANA HEGDE/HDFC0722665/sanjana247@oksbi,,2500.00,1589531.21
31/10/2022,30/10/2022,UPI/DR/9065625464/RANJIT SINGH/HDFC0722665/ranjit186@ybl,1680.00,,1587851.21
30/10/2022,30/10/2022,ATM/WDL/51045455/CANARA ATM MYSURU,7800.00,,1580051.21
31/10/2022,30/10/2022,NEFT/5414072953/RAJENDRA PRASAD/HDFC0722665/02901969736536,5200.00,,1574851.21
31/10/2022,30/10/2022,UPI/DR/8599041877/TARA SINGH/HDFC0722665/tara478@okhdfc,3499.00,,1571352.21
30/10/2022,30/10/2022,CHQ NO 383155 CLEARING,120.00,,1571232.21
30/10/2022,30/10/2022,UPI/DR/2939473692/NAVEEN KUMAR/HDFC0722665/naveen478@okaxis,699.00,,1570533.21
31/10/2022,31/10/2022,IMPS/P2P/8919257044/SMITHA PILLAI/8704864468,,11200.00,1581733.21
31/10/2022,31/10/2022,UPI/DR/412117743268/GOPAL VERMA/HDFC0722665/gopal125@okaxis,1250.00,,1580483.21
31/10/2022,31/10/2022,IMPS/P2P/918074566922/RAMESH PILLAI/7827411842,,11200.00,1591683.21
31/10/2022,31/10/2022,UPI/CR/4169299933/AYESHA KHAN/HDFC0722665/ayesha94@okaxis,,4800.00,1596483.21
01/11/2022,01/11/2022,ATM/WDL/4253995758/CANARA ATM MYSURU,310.00,,1596173.21
01/11/2022,01/11/2022,ATM/WDL/9242569445/HDFC ATM KORAMANGALA,850.00,,1595323.21
01/11/2022,01/11/2022,NEFT/72286391/SMITHA PILLAI/HDFC0722665/69656522732595,5200.00,,1590123.21
01/11/2022,01/11/2022,UPI/DR/58393260/BINDHU NAIR/HDFC0722665/bindhu349@okaxis,699.00,,1589424.21
02/11/2022,01/11/2022,CHQ NO 474026 CLEARING,1250.00,,1588174.21
01/11/2022,01/11/2022,NEFT/90727162/AYESHA KHAN/HDFC0722665/25523627058521,3499.00,,1584675.21
01/11/2022,01/11/2022,UPI/CR/137909480096/SURESH NAIR/HDFC0722665/suresh178@paytm,,18500.00,1603175.21
02/11/2022,02/11/2022,CASH DEPOSIT/BRANCH COUNTER/BANJARA HILLS HYDERABAD,,500.00,1603675.21
02/11/2022,02/11/2022,IMPS/P2P/2110103152/NILESH KULKARNI/8186332813,,7600.00,1611275.21
04/11/2022,03/11/2022,CHQ NO 153544 CLEARING,999.00,,1610276.21
03/11/2022,03/11/2022,IMPS/P2P/964840119039/ARCHANA PILLAI/8526706116,,500.00,1610776.21
03/11/2022,03/11/2022,NEFT/96555701/USHA RANI/HDFC0722665/04229099588921,850.00,,1609926.21
03/11/2022,03/11/2022,CASH DEPOSIT/BRANCH COUNTER/BANJARA HILLS HYDERABAD,,4800.00,1614726.21
05/11/2022,04/11/2022,UPI/CR/97609323/NADIA HUSSAIN/HDFC0722665/nadia286@oksbi,,850.00,1615576.21
04/11/2022,04/11/2022,CHQ NO 669454 CLEARING,3499.00,,1612077.21
05/11/2022,04/11/2022,UPI/CR/121554774932/GANESH KUMAR/HDFC0722665/ganesh676@ybl,,850.00,1612927.21
05/11/2022,05/11/2022,UPI/DR/014237704352/ROHIT SHARMA/HDFC0722665/rohit155@okaxis,850.00,,1612077.21
05/11/2022,05/11/2022,UPI/DR/433904343163/SUNITA DEVI/HDFC0722665/sunita801@okaxis,449.00,,1611628.21
05/11/2022,05/11/2022,ATM/WDL/605642196067/CANARA ATM MYSURU,1250.00,,1610378.21
05/11/2022,05/11/2022,IMPS/P2P/8795543638/MEERA PILLAI/9630273555,,500.00,1610878.21
06/11/2022,05/11/2022,UPI/CR/44350052/SANTOSH KUMAR/HDFC0722665/santosh97@okaxis,,32000.00,1642878.21
06/11/2022,05/11/2022,IMPS/P2P/3780825645/USHA RANI/7327800440,,18500.00,1661378.21
06/11/2022,06/11/2022,ATM/WDL/489555173633/SBI ATM JAYANAGAR BLR,5200.00,,1656178.21
06/11/2022,06/11/2022,ATM/WDL/3395098071/HDFC ATM KORAMANGALA,1250.00,,1654928.21
06/11/2022,06/11/2022,UPI/DR/201511153153/DEEPAK JOSHI/HDFC0722665/deepak553@okhdfc,3499.00,,1651429.21
07/11/2022,06/11/2022,ATM/WDL/2952563389/HDFC ATM KORAMANGALA,79.00,,1651350.21
06/11/2022,06/11/2022,IMPS/P2P/98237119/NAVEEN KUMAR/9884159122,,850.00,1652200.21
07/11/2022,07/11/2022,CASH DEPOSIT/BRANCH COUNTER/BANJARA HILLS HYDERABAD,,4800.00,1657000.21
07/11/2022,07/11/2022,NEFT/3064884235/ROHIT SHARMA/HDFC0722665/21122310887168,79.00,,1656921.21
07/11/2022,07/11/2022,IMPS/P2P/37765259/SAVITHA DEVI/9030083902,,7600.00,1664521.21
07/11/2022,07/11/2022,CHQ NO 499027 CLEARING,7800.00,,1656721.21
08/11/2022,07/11/2022,UPI/CR/121983067704/KAVERI MENON/HDFC0722665/kaveri200@paytm,,2500.00,1659221.21
07/11/2022,07/11/2022,CASH DEPOSIT/BRANCH COUNTER/BANJARA HILLS HYDERABAD,,2500.00,1661721.21
07/11/2022,07/11/2022,ATM/WDL/97258905/CANARA ATM MYSURU,999.00,,1660722.21
08/11/2022,08/11/2022,UPI/CR/255974682973/PRIYA NAIR/HDFC0722665/priya43@okhdfc,,4800.00,1665522.21
09/11/2022,08/11/2022,UPI/DR/7946034443/LALITHA DEVI/HDFC0722665/lalitha863@okaxis,5200.00,,1660322.21
08/11/2022,08/11/2022,CASH DEPOSIT/BRANCH COUNTER/BANJARA HILLS HYDERABAD,,850.00,1661172.21
09/11/2022,08/11/2022,IMPS/P2P/978000767394/LATHA MURTHY/8621045732,,2500.00,1663672.21
08/11/2022,08/11/2022,CASH DEPOSIT/BRANCH COUNTER/BANJARA HILLS HYDERABAD,,18500.00,1682172.21
09/11/2022,09/11/2022,ATM/WDL/89991993/HDFC ATM KORAMANGALA,850.00,,1681322.21
09/11/2022,09/11/2022,UPI/DR/3181881903/VINAY PATIL/HDFC0722665/vinay885@okhdfc,7800.00,,1673522.21
09/11/2022,09/11/2022,IMPS/P2P/8753252984/ANAND KUMAR/7347044038,,2500.00,1676022.21
09/11/2022,09/11/2022,IMPS/P2P/070619881049/PRIYA NAIR/7499298039,,850.00,1676872.21
10/11/2022,10/11/2022,UPI/DR/0024572830/SUNIL YADAV/HDFC0722665/sunil773@oksbi,999.00,,1675873.21
10/11/2022,10/11/2022,CHQ NO 947677 CLEARING,49.00,,1675824.21
11/11/2022,11/11/2022,NEFT/02361548/KAVERI MENON/HDFC0722665/03440445752755,,24000.00,1699824.21
12/11/2022,11/11/2022,NEFT/2681684345/CHANDAN SHARMA/HDFC0722665/93510330636546,,4800.00,1704624.21
11/11/2022,11/11/2022,NEFT/39715141/SURESH BABU/HDFC0722665/76316315862312,5200.00,,1699424.21
12/11/2022,11/11/2022,UPI/CR/707168788396/DEEPAK JOSHI/HDFC0722665/deepak367@paytm,,11200.00,1710624.21
11/11/2022,11/11/2022,UPI/DR/6613291244/RESHMA KHAN/HDFC0722665/reshma384@ybl,850.00,,1709774.21
11/11/2022,11/11/2022,NEFT/2501522814/PREETHI IYER/HDFC0722665/55211066471811,,11200.00,1720974.21
12/11/2022,12/11/2022,UPI/DR/3930502513/PRAKASH RAO/HDFC0722665/prakash31@ybl,7800.00,,1713174.21
12/11/2022,12/11/2022,UPI/CR/100035245856/DEEPA NAIR/HDFC0722665/deepa92@paytm,,500.00,1713674.21
13/11/2022,12/11/2022,UPI/DR/785752437193/SANTOSH KUMAR/HDFC0722665/santosh311@oksbi,3499.00,,1710175.21
13/11/2022,12/11/2022,CASH DEPOSIT/BRANCH COUNTER/BANJARA HILLS HYDERABAD,,500.00,1710675.21
12/11/2022,12/11/2022,UPI/DR/4999321106/IMRAN KHAN/HDFC0722665/imran17@oksbi,999.00,,1709676.21
12/11/2022,12/11/2022,UPI/DR/99277981/ARCHANA PILLAI/HDFC0722665/archana550@okhdfc,999.00,,1708677.21
12/11/2022,12/11/2022,UPI/DR/582998806119/RAMESH GOWDA/HDFC0722665/ramesh556@okhdfc,7800.00,,1700877.21
12/11/2022,12/11/2022,ATM/WDL/27236745/HDFC ATM KORAMANGALA,120.00,,1700757.21
13/11/2022,13/11/2022,UPI/DR/3780486510/TARA SINGH/HDFC0722665/tara747@oksbi,2380.00,,1698377.21
13/11/2022,13/11/2022,UPI/DR/96679851/PRAKASH RAO/HDFC0722665/prakash827@oksbi,3499.00,,1694878.21
14/11/2022,14/11/2022,CHQ NO 033835 CLEARING,120.00,,1694758.21
14/11/2022,14/11/2022,UPI/CR/4148205040/SHAHID KHAN/HDFC0722665/shahid552@ybl,,1200.00,1695958.21
14/11/2022,14/11/2022,UPI/DR/88958044/DEEPA NAIR/HDFC0722665/deepa229@okaxis,1680.00,,1694278.21
14/11/2022,14/11/2022,NEFT/6511333346/RAMESH GOWDA/HDFC0722665/62735798781564,249.00,,1694029.21
14/11/2022,14/11/2022,CHQ NO 073996 CLEARING,1680.00,,1692349.21
14/11/2022,14/11/2022,NEFT/933838802636/ROHIT SHARMA/HDFC0722665/80888985271919,,11200.00,1703549.21
15/11/2022,14/11/2022,UPI/DR/3127340249/IMRAN KHAN/HDFC0722665/imran160@paytm,79.00,,1703470.21
15/11/2022,15/11/2022,UPI/CR/009031025872/RANJIT SINGH/HDFC0722665/ranjit293@okhdfc,,18500.00,1721970.21
15/11/2022,15/11/2022,UPI/CR/65023400/PRIYA NAIR/HDFC0722665/priya749@paytm,,4800.00,1726770.21
16/11/2022,16/11/2022,CHQ NO 707749 CLEARING,310.00,,1726460.21
17/11/2022,16/11/2022,IMPS/P2P/006938854250/ADITYA KUMAR/9270765585,,500.00,1726960.21
16/11/2022,16/11/2022,CHQ NO 617414 CLEARING,5200.00,,1721760.21
17/11/2022,16/11/2022,ATM/WDL/6855897807/SBI ATM JAYANAGAR BLR,5200.00,,1716560.21
16/11/2022,16/11/2022,NEFT/287003174377/AYESHA KHAN/HDFC0722665/12986559012850,310.00,,1716250.21
16/11/2022,16/11/2022,UPI/CR/15498609/NIKHIL GUPTA/HDFC0722665/nikhil314@okhdfc,,7600.00,1723850.21
16/11/2022,16/11/2022,IMPS/P2P/63431059/KAVITHA RAO/8110943505,,2500.00,1726350.21
17/11/2022,17/11/2022,UPI/DR/29772961/USHA RANI/HDFC0722665/usha196@oksbi,999.00,,1725351.21
18/11/2022,17/11/2022,NEFT/3361296049/MEENA IYER/HDFC0722665/22294382477888,2380.00,,1722971.21
18/11/2022,17/11/2022,NEFT/292811458303/KAVERI MENON/HDFC0722665/87112989256995,2380.00,,1720591.21
17/11/2022,17/11/2022,UPI/DR/9453610354/KAVYA REDDY/HDFC0722665/kavya423@okaxis,310.00,,1720281.21
18/11/2022,18/11/2022,NEFT/51956967/RESHMA KHAN/HDFC0722665/23587854205261,79.00,,1720202.21
18/11/2022,18/11/2022,UPI/DR/855581006412/RAVI KUMAR SHARMA/HDFC0722665/ravi622@oksbi,3499.00,,1716703.21
18/11/2022,18/11/2022,IMPS/P2P/1651266717/NAVEEN KUMAR/7414569289,,32000.00,1748703.21
18/11/2022,18/11/2022,CASH DEPOSIT/BRANCH COUNTER/BANJARA HILLS HYDERABAD,,18500.00,1767203.21
18/11/2022,18/11/2022,NEFT/315787658092/TANVI RAO/HDFC0722665/95937540163256,,32000.00,1799203.21
19/11/2022,18/11/2022,UPI/CR/26412879/BABU LAL/HDFC0722665/babu458@ybl,,32000.00,1831203.21
19/11/2022,19/11/2022,NEFT/06709869/SUSHMA RAO/HDFC0722665/01929387745474,120.00,,1831083.21
19/11/2022,19/11/2022,UPI/DR/584223379623/RAMESH GOWDA/HDFC0722665/ramesh553@ybl,120.00,,1830963.21
20/11/2022,19/11/2022,UPI/DR/2043530036/SUNITA DEVI/HDFC0722665/sunita524@oksbi,120.00,,1830843.21
20/11/2022,19/11/2022,CHQ NO 898574 CLEARING,850.00,,1829993.21
20/11/2022,20/11/2022,UPI/DR/64680907/MOHAN DAS/HDFC0722665/mohan863@okaxis,1680.00,,1828313.21
20/11/2022,20/11/2022,IMPS/P2P/8055218788/HARISH MENON/7812826523,,2500.00,1830813.21
21/11/2022,20/11/2022,IMPS/P2P/8837119883/ADITYA KUMAR/9432428167,,24000.00,1854813.21
20/11/2022,20/11/2022,UPI/CR/1802261990/SMITHA PILLAI/HDFC0722665/smitha751@okaxis,,7600.00,1862413.21
20/11/2022,20/11/2022,IMPS/P2P/74877720/SURESH NAIR/8516844567,,11200.00,1873613.21
21/11/2022,21/11/2022,CASH DEPOSIT/BRANCH COUNTER/BANJARA HILLS HYDERABAD,,4800.00,1878413.21
21/11/2022,21/11/2022,IMPS/P2P/46102997/DIVYA MENON/7572706719,,7600.00,1886013.21
21/11/2022,21/11/2022,UPI/DR/60757245/PRIYA NAIR/HDFC0722665/priya721@oksbi,7800.00,,1878213.21
22/11/2022,22/11/2022,CASH DEPOSIT/BRANCH COUNTER/BANJARA HILLS HYDERABAD,,850.00,1879063.21
22/11/2022,22/11/2022,IMPS/P2P/571512263771/BABU LAL/9491777479,,18500.00,1897563.21
23/11/2022,22/11/2022,ATM/WDL/5518337939/HDFC ATM KORAMANGALA,449.00,,1897114.21
22/11/2022,22/11/2022,CHQ NO 240334 CLEARING,850.00,,1896264.21
22/11/2022,22/11/2022,CASH DEPOSIT/BRANCH COUNTER/BANJARA HILLS HYDERABAD,,500.00,1896764.21
23/11/2022,23/11/2022,NEFT/210445568895/TARA SINGH/HDFC0722665/93902263236581,5200.00,,1891564.21
24/11/2022,23/11/2022,NEFT/73696052/FATIMA SHEIKH/HDFC0722665/82954847332201,,11200.00,1902764.21
23/11/2022,23/11/2022,UPI/DR/1735350605/FARHAN KHAN/HDFC0722665/farhan739@paytm,249.00,,1902515.21
24/11/2022,23/11/2022,UPI/DR/5445092780/ANITHA KRISHNAN/HDFC0722665/anitha555@paytm,2380.00,,1900135.21
23/11/2022,23/11/2022,UPI/DR/37036904/REKHA PILLAI/HDFC0722665/rekha510@okaxis,999.00,,1899136.21
23/11/2022,23/11/2022,NEFT/3678975716/RAJESH VERMA/HDFC0722665/92772752337776,310.00,,1898826.21
24/11/2022,23/11/2022,ATM/WDL/5708761238/CANARA ATM MYSURU,5200.00,,1893626.21
23/11/2022,23/11/2022,UPI/DR/5264728957/DEEPA NAIR/HDFC0722665/deepa944@okaxis,3499.00,,1890127.21
23/11/2022,23/11/2022,ATM/WDL/3088127669/HDFC ATM KORAMANGALA,999.00,,1889128.21
23/11/2022,23/11/2022,UPI/CR/5605475347/SHEELA DEVI/HDFC0722665/sheela285@paytm,,500.00,1889628.21
24/11/2022,24/11/2022,NEFT/7034336282/CHANDAN SHARMA/HDFC0722665/20163442082069,2380.00,,1887248.21
24/11/2022,24/11/2022,CHQ NO 439493 CLEARING,3499.00,,1883749.21
24/11/2022,24/11/2022,UPI/CR/4406084113/MEENA IYER/HDFC0722665/meena439@ybl,,24000.00,1907749.21
25/11/2022,24/11/2022,UPI/CR/10994031/CHANDAN SHARMA/HDFC0722665/chandan971@okhdfc,,2500.00,1910249.21
25/11/2022,24/11/2022,ATM/WDL/467862448075/HDFC ATM KORAMANGALA,5200.00,,1905049.21
24/11/2022,24/11/2022,UPI/CR/487825669895/PREETHI IYER/HDFC0722665/preethi463@oksbi,,2500.00,1907549.21
26/11/2022,25/11/2022,CASH DEPOSIT/BRANCH COUNTER/BANJARA HILLS HYDERABAD,,7600.00,1915149.21
26/11/2022,25/11/2022,UPI/DR/5671003625/ANAND KUMAR/HDFC0722665/anand146@ybl,999.00,,1914150.21
25/11/2022,25/11/2022,UPI/DR/812807707026/NAVEEN KUMAR/HDFC0722665/naveen725@ybl,49.00,,1914101.21
25/11/2022,25/11/2022,NEFT/9092386065/DIVYA MENON/HDFC0722665/88026593972946,,2500.00,1916601.21
25/11/2022,25/11/2022,IMPS/P2P/46638013/SHEELA DEVI/8247029236,,1200.00,1917801.21
25/11/2022,25/11/2022,UPI/DR/783359912083/IMRAN KHAN/HDFC0722665/imran717@okhdfc,1680.00,,1916121.21
27/11/2022,26/11/2022,UPI/CR/10185850/MEENA IYER/HDFC0722665/meena727@oksbi,,850.00,1916971.21
27/11/2022,26/11/2022,CHQ NO 103662 CLEARING,7800.00,,1909171.21
26/11/2022,26/11/2022,ATM/WDL/7344247208/SBI ATM JAYANAGAR BLR,7800.00,,1901371.21
27/11/2022,26/11/2022,UPI/DR/93665088/PRIYA NAIR/HDFC0722665/priya428@oksbi,120.00,,1901251.21
26/11/2022,26/11/2022,NEFT/538340167132/SANTOSH KUMAR/HDFC0722665/41669163212111,120.00,,1901131.21
26/11/2022,26/11/2022,UPI/DR/678230012236/DIVYA MENON/HDFC0722665/divya332@okhdfc,49.00,,1901082.21
26/11/2022,26/11/2022,CHQ NO 874461 CLEARING,7800.00,,1893282.21
26/11/2022,26/11/2022,CASH DEPOSIT/BRANCH COUNTER/BANJARA HILLS HYDERABAD,,4800.00,1898082.21
27/11/2022,26/11/2022,CHQ NO 273023 CLEARING,850.00,,1897232.21
26/11/2022,26/11/2022,ATM/WDL/11041584/HDFC ATM KORAMANGALA,49.00,,1897183.21
27/11/2022,27/11/2022,UPI/DR/4593922541/DIVYA MENON/HDFC0722665/divya726@ybl,1250.00,,1895933.21
28/11/2022,27/11/2022,CASH DEPOSIT/BRANCH COUNTER/BANJARA HILLS HYDERABAD,,7600.00,1903533.21
27/11/2022,27/11/2022,NEFT/77554775/ANITHA KRISHNAN/HDFC0722665/45372537688976,,7600.00,1911133.21
27/11/2022,27/11/2022,IMPS/P2P/568552631293/LATHA MURTHY/7144754776,,850.00,1911983.21
27/11/2022,27/11/2022,NEFT/0849914691/RAJESH VERMA/HDFC0722665/81142389507170,,11200.00,1923183.21
27/11/2022,27/11/2022,UPI/CR/625969274684/MEERA PILLAI/HDFC0722665/meera181@okaxis,,24000.00,1947183.21
27/11/2022,27/11/2022,UPI/DR/1300296593/ARCHANA PILLAI/HDFC0722665/archana770@okhdfc,7800.00,,1939383.21
28/11/2022,28/11/2022,IMPS/P2P/4709917393/SHEELA DEVI/7204632230,,1200.00,1940583.21
29/11/2022,28/11/2022,NEFT/239614808176/SHEELA DEVI/HDFC0722665/95357491560951,999.00,,1939584.21
28/11/2022,28/11/2022,NEFT/429037646093/BINDHU NAIR/HDFC0722665/64245971068524,1250.00,,1938334.21
29/11/2022,28/11/2022,CASH DEPOSIT/BRANCH COUNTER/BANJARA HILLS HYDERABAD,,4800.00,1943134.21
30/11/2022,29/11/2022,NEFT/6223225355/RAVI KUMAR SHARMA/HDFC0722665/05318265329572,1680.00,,1941454.21
29/11/2022,29/11/2022,IMPS/P2P/598588808015/LALITHA DEVI/9507667600,,18500.00,1959954.21
30/11/2022,29/11/2022,IMPS/P2P/265947859828/DEEPAK JOSHI/9418235435,,11200.00,1971154.21
29/11/2022,29/11/2022,IMPS/P2P/4318199176/KARTHIK MENON/9599651551,,18500.00,1989654.21
29/11/2022,29/11/2022,UPI/DR/0345683477/DIVYA MENON/HDFC0722665/divya504@oksbi,999.00,,1988655.21
30/11/2022,30/11/2022,NEFT/605293745747/FATIMA SHEIKH/HDFC0722665/61221679915695,,18500.00,2007155.21
30/11/2022,30/11/2022,UPI/DR/26787837/GANESH KUMAR/HDFC0722665/ganesh511@ybl,310.00,,2006845.21
30/11/2022,30/11/2022,ATM/WDL/2752181691/SBI ATM JAYANAGAR BLR,999.00,,2005846.21
30/11/2022,30/11/2022,ATM/WDL/62953180/HDFC ATM KORAMANGALA,850.00,,2004996.21
30/11/2022,30/11/2022,UPI/DR/356767858132/DEEPAK JOSHI/HDFC0722665/deepak213@ybl,5200.00,,1999796.21
30/11/2022,30/11/2022,UPI/DR/2684600529/ANITHA KRISHNAN/HDFC0722665/anitha166@paytm,5200.00,,1994596.21
01/12/2022,01/12/2022,UPI/CR/6564183028/KARTHIK MENON/HDFC0722665/karthik82@oksbi,,1200.00,1995796.21
01/12/2022,01/12/2022,NEFT/2195700580/FARHAN KHAN/HDFC0722665/14673987713948,249.00,,1995547.21
01/12/2022,01/12/2022,NEFT/18100378/MEENA IYER/HDFC0722665/10247692963916,1250.00,,1994297.21
01/12/2022,01/12/2022,UPI/DR/43556657/REKHA PILLAI/HDFC0722665/rekha975@okhdfc,1250.00,,1993047.21
01/12/2022,01/12/2022,ATM/WDL/8644086501/SBI ATM JAYANAGAR BLR,1680.00,,1991367.21
01/12/2022,01/12/2022,IMPS/P2P/56966808/SAVITHA DEVI/8472287223,,11200.00,2002567.21
01/12/2022,01/12/2022,UPI/DR/05900901/NILESH KULKARNI/HDFC0722665/nilesh379@paytm,79.00,,2002488.21
01/12/2022,01/12/2022,CASH DEPOSIT/BRANCH COUNTER/BANJARA HILLS HYDERABAD,,24000.00,2026488.21
02/12/2022,01/12/2022,NEFT/04569767/LATHA MURTHY/HDFC0722665/82614825608100,,500.00,2026988.21
01/12/2022,01/12/2022,UPI/DR/490785061054/FARHAN KHAN/HDFC0722665/farhan411@okhdfc,1680.00,,2025308.21
03/12/2022,03/12/2022,CHQ NO 617625 CLEARING,310.00,,2024998.21
04/12/2022,03/12/2022,UPI/DR/3907745366/MEENA IYER/HDFC0722665/meena444@okaxis,999.00,,2023999.21
03/12/2022,03/12/2022,UPI/CR/6832949829/NIKHIL GUPTA/HDFC0722665/nikhil987@ybl,,32000.00,2055999.21
04/12/2022,04/12/2022,UPI/DR/4410432706/CHANDAN SHARMA/HDFC0722665/chandan724@okhdfc,1250.00,,2054749.21
04/12/2022,04/12/2022,CHQ NO 312985 CLEARING,699.00,,2054050.21
04/12/2022,04/12/2022,CHQ NO 060847 CLEARING,1250.00,,2052800.21
04/12/2022,04/12/2022,UPI/DR/98851314/SHEELA DEVI/HDFC0722665/sheela910@paytm,850.00,,2051950.21
04/12/2022,04/12/2022,UPI/CR/074268067856/PREETHI IYER/HDFC0722665/preethi376@okaxis,,18500.00,2070450.21
04/12/2022,04/12/2022,NEFT/8189118700/NAVEEN KUMAR/HDFC0722665/07646494905100,,11200.00,2081650.21
04/12/2022,04/12/2022,NEFT/904502744255/FARHAN KHAN/HDFC0722665/02825579001028,5200.00,,2076450.21
06/12/2022,05/12/2022,CHQ NO 730794 CLEARING,1680.00,,2074770.21
06/12/2022,05/12/2022,IMPS/P2P/2953387954/KAVERI MENON/8277264816,,850.00,2075620.21
05/12/2022,05/12/2022,NEFT/6838052948/RAJENDRA PRASAD/HDFC0722665/28143088375166,1250.00,,2074370.21
05/12/2022,05/12/2022,NEFT/2784570245/SMITHA PILLAI/HDFC0722665/86266433477984,449.00,,2073921.21
05/12/2022,05/12/2022,CHQ NO 648492 CLEARING,850.00,,2073071.21
07/12/2022,06/12/2022,UPI/DR/6644389616/PREETHI IYER/HDFC0722665/preethi207@okhdfc,1250.00,,2071821.21
06/12/2022,06/12/2022,IMPS/P2P/05164739/TANVI RAO/8650911205,,7600.00,2079421.21
06/12/2022,06/12/2022,UPI/DR/490330446851/KARTHIK MENON/HDFC0722665/karthik467@oksbi,120.00,,2079301.21
06/12/2022,06/12/2022,CHQ NO 234795 CLEARING,7800.00,,2071501.21
07/12/2022,07/12/2022,CHQ NO 239032 CLEARING,3499.00,,2068002.21
08/12/2022,07/12/2022,UPI/CR/484899377184/MOHAMMED IRFAN/HDFC0722665/mohammed378@okaxis,,850.00,2068852.21
07/12/2022,07/12/2022,UPI/CR/9147760616/PADMA RAO/HDFC0722665/padma851@okhdfc,,18500.00,2087352.21
07/12/2022,07/12/2022,CHQ NO 372917 CLEARING,999.00,,2086353.21
07/12/2022,07/12/2022,CHQ NO 591186 CLEARING,999.00,,2085354.21
08/12/2022,07/12/2022,UPI/DR/53408648/GOPAL VERMA/HDFC0722665/gopal96@ybl,999.00,,2084355.21
07/12/2022,07/12/2022,CHQ NO 978974 CLEARING,2380.00,,2081975.21
09/12/2022,08/12/2022,UPI/DR/8206739309/BINDHU NAIR/HDFC0722665/bindhu690@oksbi,3499.00,,2078476.21
08/12/2022,08/12/2022,IMPS/P2P/546621356942/NILESH KULKARNI/9662191285,,24000.00,2102476.21
08/12/2022,08/12/2022,ATM/WDL/75729276/CANARA ATM MYSURU,49.00,,2102427.21
08/12/2022,08/12/2022,UPI/DR/41977990/DEEPAK JOSHI/HDFC0722665/deepak484@ybl,3499.00,,2098928.21
08/12/2022,08/12/2022,UPI/DR/926387699655/RAHUL SINGH/HDFC0722665/rahul76@paytm,5200.00,,2093728.21
08/12/2022,08/12/2022,NEFT/2303745344/KARTHIK MENON/HDFC0722665/70205280855443,,32000.00,2125728.21
09/12/2022,08/12/2022,UPI/DR/3722223319/KAVITHA RAO/HDFC0722665/kavitha713@paytm,249.00,,2125479.21
10/12/2022,09/12/2022,IMPS/P2P/24951482/FARHAN KHAN/9440619907,,500.00,2125979.21
09/12/2022,09/12/2022,CASH DEPOSIT/BRANCH COUNTER/BANJARA HILLS HYDERABAD,,1200.00,2127179.21
10/12/2022,09/12/2022,UPI/DR/7574046305/ARUN SHARMA/HDFC0722665/arun577@okhdfc,850.00,,2126329.21
10/12/2022,09/12/2022,UPI/CR/13903516/RAHUL SINGH/HDFC0722665/rahul872@ybl,,4800.00,2131129.21
09/12/2022,09/12/2022,ATM/WDL/91904472/SBI ATM JAYANAGAR BLR,699.00,,2130430.21
09/12/2022,09/12/2022,NEFT/591469312396/USHA RANI/HDFC0722665/84572623725107,,11200.00,2141630.21
09/12/2022,09/12/2022,UPI/CR/85144436/RAHUL SINGH/HDFC0722665/rahul659@okaxis,,24000.00,2165630.21
10/12/2022,10/12/2022,UPI/DR/39803171/RAVI KUMAR SHARMA/HDFC0722665/ravi413@ybl,999.00,,2164631.21
10/12/2022,10/12/2022,IMPS/P2P/121070049313/RANJIT SINGH/9641718628,,850.00,2165481.21
10/12/2022,10/12/2022,UPI/DR/36854053/SANJANA HEGDE/HDFC0722665/sanjana834@okaxis,1680.00,,2163801.21
12/12/2022,11/12/2022,CASH DEPOSIT/BRANCH COUNTER/BANJARA HILLS HYDERABAD,,18500.00,2182301.21
11/12/2022,11/12/2022,IMPS/P2P/781425003737/VIKRAM NAIR/7155965860,,2500.00,2184801.21
12/12/2022,11/12/2022,NEFT/023924632380/AYESHA KHAN/HDFC0722665/04569778773641,,2500.00,2187301.21
11/12/2022,11/12/2022,UPI/DR/508711019484/CHANDAN SHARMA/HDFC0722665/chandan454@oksbi,699.00,,2186602.21
11/12/2022,11/12/2022,IMPS/P2P/04969182/NAVEEN KUMAR/8777082261,,18500.00,2205102.21
12/12/2022,12/12/2022,UPI/CR/9382353444/PREETHI IYER/HDFC0722665/preethi297@paytm,,7600.00,2212702.21
13/12/2022,12/12/2022,NEFT/044650579717/FARHAN KHAN/HDFC0722665/35425886619321,5200.00,,2207502.21
13/12/2022,12/12/2022,IMPS/P2P/55118136/SURESH BABU/9506925145,,500.00,2208002.21
12/12/2022,12/12/2022,CHQ NO 489787 CLEARING,999.00,,2207003.21
12/12/2022,12/12/2022,NEFT/11458074/FATIMA SHEIKH/HDFC0722665/50547559127525,,850.00,2207853.21
13/12/2022,13/12/2022,ATM/WDL/363182649858/CANARA ATM MYSURU,49.00,,2207804.21
13/12/2022,13/12/2022,CHQ NO 710194 CLEARING,1250.00,,2206554.21
13/12/2022,13/12/2022,IMPS/P2P/659818577419/ROHIT SHARMA/7443355824,,7600.00,2214154.21
14/12/2022,13/12/2022,ATM/WDL/64021402/CANARA ATM MYSURU,249.00,,2213905.21
13/12/2022,13/12/2022,NEFT/44683941/SANTOSH KUMAR/HDFC0722665/06327444964931,,32000.00,2245905.21
14/12/2022,13/12/2022,UPI/DR/18265449/VIKRAM NAIR/HDFC0722665/vikram212@okaxis,449.00,,2245456.21
13/12/2022,13/12/2022,CHQ NO 070392 CLEARING,850.00,,2244606.21
15/12/2022,14/12/2022,UPI/CR/8673333012/RAVI KUMAR SHARMA/HDFC0722665/ravi179@ybl,,32000.00,2276606.21
14/12/2022,14/12/2022,ATM/WDL/2337938102/SBI ATM JAYANAGAR BLR,120.00,,2276486.21
14/12/2022,14/12/2022,ATM/WDL/578714426045/CANARA ATM MYSURU,699.00,,2275787.21
14/12/2022,14/12/2022,UPI/CR/3581028774/PRIYA NAIR/HDFC0722665/priya337@paytm,,7600.00,2283387.21
15/12/2022,15/12/2022,CHQ NO 986233 CLEARING,49.00,,2283338.21
15/12/2022,15/12/2022,CHQ NO 041680 CLEARING,7800.00,,2275538.21
15/12/2022,15/12/2022,UPI/DR/887644729915/MALLIKA DAS/HDFC0722665/mallika227@ybl,850.00,,2274688.21
15/12/2022,15/12/2022,IMPS/P2P/094211860156/BINDHU NAIR/8536270870,,24000.00,2298688.21
15/12/2022,15/12/2022,NEFT/187410177340/ANAND KUMAR/HDFC0722665/78249760328739,5200.00,,2293488.21
15/12/2022,15/12/2022,UPI/DR/6646040181/ADITYA KUMAR/HDFC0722665/aditya932@okaxis,5200.00,,2288288.21
15/12/2022,15/12/2022,UPI/DR/0351524387/TANVI RAO/HDFC0722665/tanvi491@okaxis,449.00,,2287839.21
16/12/2022,16/12/2022,CHQ NO 551681 CLEARING,7800.00,,2280039.21
16/12/2022,16/12/2022,NEFT/926724208392/KAVITHA RAO/HDFC0722665/35892969914591,850.00,,2279189.21
17/12/2022,16/12/2022,UPI/DR/3996525578/GOPAL VERMA/HDFC0722665/gopal116@okhdfc,3499.00,,2275690.21
16/12/2022,16/12/2022,NEFT/920762605763/ROHIT SHARMA/HDFC0722665/17659326415742,,7600.00,2283290.21
17/12/2022,17/12/2022,UPI/DR/16590284/BABU LAL/HDFC0722665/babu654@paytm,249.00,,2283041.21
17/12/2022,17/12/2022,CASH DEPOSIT/BRANCH COUNTER/BANJARA HILLS HYDERABAD,,850.00,2283891.21
17/12/2022,17/12/2022,CASH DEPOSIT/BRANCH COUNTER/BANJARA HILLS HYDERABAD,,24000.00,2307891.21
17/12/2022,17/12/2022,UPI/DR/2508698325/SHEELA DEVI/HDFC0722665/sheela403@okaxis,249.00,,2307642.21
18/12/2022,18/12/2022,CASH DEPOSIT/BRANCH COUNTER/BANJARA HILLS HYDERABAD,,4800.00,2312442.21
18/12/2022,18/12/2022,CHQ NO 008003 CLEARING,850.00,,2311592.21
18/12/2022,18/12/2022,NEFT/64049738/ADITYA KUMAR/HDFC0722665/77192137734940,3499.00,,2308093.21
19/12/2022,18/12/2022,UPI/DR/2050117456/PADMA RAO/HDFC0722665/padma442@oksbi,120.00,,2307973.21
18/12/2022,18/12/2022,CASH DEPOSIT/BRANCH COUNTER/BANJARA HILLS HYDERABAD,,850.00,2308823.21
18/12/2022,18/12/2022,UPI/DR/781118728097/CHANDAN SHARMA/HDFC0722665/chandan276@paytm,850.00,,2307973.21
19/12/2022,18/12/2022,UPI/DR/27907893/PREETHI IYER/HDFC0722665/preethi445@paytm,699.00,,2307274.21
19/12/2022,19/12/2022,UPI/CR/48892077/BABU LAL/HDFC0722665/babu748@paytm,,500.00,2307774.21
19/12/2022,19/12/2022,CASH DEPOSIT/BRANCH COUNTER/BANJARA HILLS HYDERABAD,,4800.00,2312574.21
19/12/2022,19/12/2022,CASH DEPOSIT/BRANCH COUNTER/BANJARA HILLS HYDERABAD,,2500.00,2315074.21
19/12/2022,19/12/2022,UPI/DR/3475916784/RAMESH PILLAI/HDFC0722665/ramesh511@ybl,79.00,,2314995.21
19/12/2022,19/12/2022,NEFT/5018933857/KAVYA REDDY/HDFC0722665/03333438401562,,1200.00,2316195.21
19/12/2022,19/12/2022,NEFT/87220258/HARISH MENON/HDFC0722665/30283541507297,,4800.00,2320995.21
19/12/2022,19/12/2022,ATM/WDL/893716904442/HDFC ATM KORAMANGALA,449.00,,2320546.21
20/12/2022,20/12/2022,UPI/DR/8831539081/ARCHANA PILLAI/HDFC0722665/archana796@okhdfc,1680.00,,2318866.21
20/12/2022,20/12/2022,CASH DEPOSIT/BRANCH COUNTER/BANJARA HILLS HYDERABAD,,2500.00,2321366.21
20/12/2022,20/12/2022,CHQ NO 100961 CLEARING,1680.00,,2319686.21
20/12/2022,20/12/2022,CASH DEPOSIT/BRANCH COUNTER/BANJARA HILLS HYDERABAD,,1200.00,2320886.21
20/12/2022,20/12/2022,IMPS/P2P/945400337589/NIKHIL GUPTA/8984461347,,7600.00,2328486.21
22/12/2022,21/12/2022,UPI/DR/384514698598/GEETA DEVI/HDFC0722665/geeta977@okaxis,310.00,,2328176.21
21/12/2022,21/12/2022,CHQ NO 901768 CLEARING,699.00,,2327477.21
21/12/2022,21/12/2022,NEFT/036240942511/DEEPAK JOSHI/HDFC0722665/30360319160751,999.00,,2326478.21
22/12/2022,22/12/2022,IMPS/P2P/93444476/NILESH KULKARNI/9497990755,,7600.00,2334078.21
22/12/2022,22/12/2022,CHQ NO 282902 CLEARING,999.00,,2333079.21
22/12/2022,22/12/2022,CHQ NO 293218 CLEARING,49.00,,2333030.21
22/12/2022,22/12/2022,CHQ NO 063956 CLEARING,699.00,,2332331.21
22/12/2022,22/12/2022,NEFT/62192030/RAVI KUMAR SHARMA/HDFC0722665/18101879330419,,32000.00,2364331.21
22/12/2022,22/12/2022,ATM/WDL/88101727/CANARA ATM MYSURU,1680.00,,2362651.21
23/12/2022,23/12/2022,CASH DEPOSIT/BRANCH COUNTER/BANJARA HILLS HYDERABAD,,2500.00,2365151.21
24/12/2022,23/12/2022,UPI/DR/4827854095/RANJIT SINGH/HDFC0722665/ranjit64@okaxis,1680.00,,2363471.21
24/12/2022,23/12/2022,IMPS/P2P/92041346/DIVYA MENON/8270509432,,4800.00,2368271.21
23/12/2022,23/12/2022,UPI/DR/241391995251/RAVI KUMAR SHARMA/HDFC0722665/ravi928@oksbi,999.00,,2367272.21
23/12/2022,23/12/2022,CASH DEPOSIT/BRANCH COUNTER/BANJARA HILLS HYDERABAD,,500.00,2367772.21
23/12/2022,23/12/2022,UPI/DR/68850877/PRIYA NAIR/HDFC0722665/priya940@ybl,999.00,,2366773.21
24/12/2022,24/12/2022,NEFT/1380757716/RAMESH PILLAI/HDFC0722665/81115931867734,79.00,,2366694.21
24/12/2022,24/12/2022,UPI/DR/0533852486/FARHAN KHAN/HDFC0722665/farhan454@okhdfc,79.00,,2366615.21
25/12/2022,24/12/2022,UPI/DR/834415497486/SHAHID KHAN/HDFC0722665/shahid371@okaxis,449.00,,2366166.21
25/12/2022,24/12/2022,UPI/DR/11464921/KAVERI MENON/HDFC0722665/kaveri762@okaxis,7800.00,,2358366.21
24/12/2022,24/12/2022,IMPS/P2P/9484954215/RESHMA KHAN/9013054091,,2500.00,2360866.21
24/12/2022,24/12/2022,CASH DEPOSIT/BRANCH COUNTER/BANJARA HILLS HYDERABAD,,24000.00,2384866.21
25/12/2022,25/12/2022,NEFT/686306271383/ANITHA KRISHNAN/HDFC0722665/61638098565837,449.00,,2384417.21
25/12/2022,25/12/2022,ATM/WDL/286190008438/HDFC ATM KORAMANGALA,79.00,,2384338.21
25/12/2022,25/12/2022,UPI/DR/495500272825/NIKHIL GUPTA/HDFC0722665/nikhil424@paytm,2380.00,,2381958.21
25/12/2022,25/12/2022,UPI/DR/18062224/SNEHA PATIL/HDFC0722665/sneha797@oksbi,1680.00,,2380278.21
26/12/2022,26/12/2022,UPI/DR/609588522546/NADIA HUSSAIN/HDFC0722665/nadia371@ybl,5200.00,,2375078.21
26/12/2022,26/12/2022,UPI/DR/58047276/CHANDAN SHARMA/HDFC0722665/chandan892@oksbi,1250.00,,2373828.21
27/12/2022,27/12/2022,UPI/DR/6137199864/SMITHA PILLAI/HDFC0722665/smitha116@oksbi,3499.00,,2370329.21
27/12/2022,27/12/2022,UPI/DR/1618743913/SUSHMA RAO/HDFC0722665/sushma90@oksbi,699.00,,2369630.21
28/12/2022,27/12/2022,UPI/DR/5439368577/RAMESH PILLAI/HDFC0722665/ramesh996@ybl,449.00,,2369181.21
27/12/2022,27/12/2022,IMPS/P2P/66050067/ARUN SHARMA/7881735739,,2500.00,2371681.21
27/12/2022,27/12/2022,ATM/WDL/4790900721/HDFC ATM KORAMANGALA,449.00,,2371232.21
27/12/2022,27/12/2022,UPI/DR/540655225118/VENKAT RAO/HDFC0722665/venkat204@okaxis,449.00,,2370783.21
27/12/2022,27/12/2022,NEFT/9574508112/DIVYA MENON/HDFC0722665/20097731409170,,11200.00,2381983.21
28/12/2022,27/12/2022,ATM/WDL/075388146839/HDFC ATM KORAMANGALA,1680.00,,2380303.21
27/12/2022,27/12/2022,IMPS/P2P/62393821/CHANDAN SHARMA/9534502624,,1200.00,2381503.21
28/12/2022,28/12/2022,CASH DEPOSIT/BRANCH COUNTER/BANJARA HILLS HYDERABAD,,2500.00,2384003.21
28/12/2022,28/12/2022,UPI/DR/678096145264/PREETHI IYER/HDFC0722665/preethi179@oksbi,5200.00,,2378803.21
28/12/2022,28/12/2022,UPI/CR/41018898/SHAHID KHAN/HDFC0722665/shahid527@okaxis,,32000.00,2410803.21
28/12/2022,28/12/2022,ATM/WDL/647704394844/SBI ATM JAYANAGAR BLR,449.00,,2410354.21
28/12/2022,28/12/2022,ATM/WDL/759010257608/HDFC ATM KORAMANGALA,79.00,,2410275.21
30/12/2022,29/12/2022,NEFT/7423872018/DEEPAK JOSHI/HDFC0722665/12272875672501,,4800.00,2415075.21
29/12/2022,29/12/2022,UPI/DR/639841530964/RESHMA KHAN/HDFC0722665/reshma267@okhdfc,999.00,,2414076.21
29/12/2022,29/12/2022,ATM/WDL/17643654/CANARA ATM MYSURU,3499.00,,2410577.21
29/12/2022,29/12/2022,UPI/DR/300133199535/RANJIT SINGH/HDFC0722665/ranjit550@okhdfc,7800.00,,2402777.21
29/12/2022,29/12/2022,UPI/DR/39878650/ANAND KUMAR/HDFC0722665/anand191@oksbi,120.00,,2402657.21
30/12/2022,30/12/2022,CASH DEPOSIT/BRANCH COUNTER/BANJARA HILLS HYDERABAD,,850.00,2403507.21
30/12/2022,30/12/2022,ATM/WDL/97413871/HDFC ATM KORAMANGALA,1680.00,,2401827.21
31/12/2022,30/12/2022,UPI/DR/79154868/SUNITA DEVI/HDFC0722665/sunita589@okaxis,1250.00,,2400577.21
30/12/2022,30/12/2022,UPI/DR/2463750912/ARCHANA PILLAI/HDFC0722665/archana639@okaxis,3499.00,,2397078.21
31/12/2022,30/12/2022,CASH DEPOSIT/BRANCH COUNTER/BANJARA HILLS HYDERABAD,,11200.00,2408278.21
31/12/2022,30/12/2022,CHQ NO 164948 CLEARING,249.00,,2408029.21
30/12/2022,30/12/2022,ATM/WDL/284163638668/CANARA ATM MYSURU,120.00,,2407909.21
31/12/2022,31/12/2022,NEFT/910833301929/SHAHID KHAN/HDFC0722665/40374392909034,1250.00,,2406659.21
31/12/2022,31/12/2022,IMPS/P2P/89841684/SUSHMA RAO/9250498766,,32000.00,2438659.21
31/12/2022,31/12/2022,CASH DEPOSIT/BRANCH COUNTER/BANJARA HILLS HYDERABAD,,7600.00,2446259.21
01/01/2023,31/12/2022,UPI/DR/152598121858/ADITYA KUMAR/HDFC0722665/aditya355@ybl,249.00,,2446010.21
01/01/2023,01/01/2023,UPI/DR/396374679501/GOPAL VERMA/HDFC0722665/gopal417@oksbi,5200.00,,2440810.21
02/01/2023,01/01/2023,IMPS/P2P/62148372/RAJESH VERMA/7482127047,,24000.00,2464810.21
01/01/2023,01/01/2023,NEFT/8087775154/LAKSHMI VENKAT/HDFC0722665/29727908509862,120.00,,2464690.21
01/01/2023,01/01/2023,NEFT/8737586358/BABU LAL/HDFC0722665/59687680886311,310.00,,2464380.21
02/01/2023,01/01/2023,CHQ NO 784799 CLEARING,120.00,,2464260.21
01/01/2023,01/01/2023,CHQ NO 221270 CLEARING,5200.00,,2459060.21
01/01/2023,01/01/2023,UPI/DR/6817820552/GOPAL VERMA/HDFC0722665/gopal748@ybl,999.00,,2458061.21
01/01/2023,01/01/2023,UPI/DR/720647206562/SNEHA PATIL/HDFC0722665/sneha273@ybl,699.00,,2457362.21
03/01/2023,02/01/2023,NEFT/94111259/TARA SINGH/HDFC0722665/83837765910263,,18500.00,2475862.21
03/01/2023,02/01/2023,NEFT/1058299586/POOJA SHARMA/HDFC0722665/54596620061222,3499.00,,2472363.21
02/01/2023,02/01/2023,UPI/CR/5396950078/RAHUL SINGH/HDFC0722665/rahul289@okaxis,,18500.00,2490863.21
02/01/2023,02/01/2023,NEFT/597478363552/RAMESH PILLAI/HDFC0722665/39823925148237,249.00,,2490614.21
03/01/2023,03/01/2023,NEFT/899871161732/SHEELA DEVI/HDFC0722665/88015146997977,7800.00,,2482814.21
04/01/2023,03/01/2023,UPI/CR/895214784058/ROHIT SHARMA/HDFC0722665/rohit392@paytm,,11200.00,2494014.21
03/01/2023,03/01/2023,UPI/DR/4902207538/RESHMA KHAN/HDFC0722665/reshma288@okhdfc,1680.00,,2492334.21
04/01/2023,03/01/2023,NEFT/1834855965/CHANDAN SHARMA/HDFC0722665/31635180427693,850.00,,2491484.21
03/01/2023,03/01/2023,UPI/CR/9019127205/NAVEEN KUMAR/HDFC0722665/naveen863@ybl,,7600.00,2499084.21
04/01/2023,04/01/2023,CHQ NO 672480 CLEARING,249.00,,2498835.21
04/01/2023,04/01/2023,UPI/CR/582690597102/SMITHA PILLAI/HDFC0722665/smitha999@ybl,,7600.00,2506435.21
04/01/2023,04/01/2023,UPI/DR/255476092429/SAVITHA DEVI/HDFC0722665/savitha689@oksbi,2380.00,,2504055.21
04/01/2023,04/01/2023,NEFT/012773077071/VINAY PATIL/HDFC0722665/08958769016557,79.00,,2503976.21
04/01/2023,04/01/2023,UPI/DR/327860198369/AYESHA KHAN/HDFC0722665/ayesha205@ybl,120.00,,2503856.21
04/01/2023,04/01/2023,CHQ NO 451064 CLEARING,249.00,,2503607.21
06/01/2023,05/01/2023,UPI/DR/38163235/POOJA SHARMA/HDFC0722665/pooja619@paytm,999.00,,2502608.21
05/01/2023,05/01/2023,UPI/DR/206624733196/ROHIT SHARMA/HDFC0722665/rohit718@paytm,3499.00,,2499109.21
06/01/2023,05/01/2023,UPI/CR/581143551747/SUNIL YADAV/HDFC0722665/sunil83@oksbi,,24000.00,2523109.21
06/01/2023,06/01/2023,NEFT/96436982/GANESH KUMAR/HDFC0722665/32704946030214,,850.00,2523959.21
06/01/2023,06/01/2023,NEFT/794209702181/TARA SINGH/HDFC0722665/85680637531086,850.00,,2523109.21
06/01/2023,06/01/2023,NEFT/636607126792/KIRAN REDDY/HDFC0722665/02522885361900,,7600.00,2530709.21
07/01/2023,06/01/2023,UPI/DR/1194443080/RANJIT SINGH/HDFC0722665/ranjit23@okhdfc,3499.00,,2527210.21
06/01/2023,06/01/2023,UPI/DR/816804704843/SHAHID KHAN/HDFC0722665/shahid535@oksbi,2380.00,,2524830.21
06/01/2023,06/01/2023,CASH DEPOSIT/BRANCH COUNTER/BANJARA HILLS HYDERABAD,,24000.00,2548830.21
07/01/2023,07/01/2023,UPI/DR/808727222003/RANJIT SINGH/HDFC0722665/ranjit620@okaxis,999.00,,2547831.21
07/01/2023,07/01/2023,UPI/CR/2204481853/REKHA PILLAI/HDFC0722665/rekha554@okhdfc,,18500.00,2566331.21
07/01/2023,07/01/2023,NEFT/5576233652/ADITYA KUMAR/HDFC0722665/11228940006813,1680.00,,2564651.21
07/01/2023,07/01/2023,CHQ NO 904901 CLEARING,7800.00,,2556851.21
07/01/2023,07/01/2023,NEFT/8719206565/DEEPAK JOSHI/HDFC0722665/08777420343338,,500.00,2557351.21
08/01/2023,07/01/2023,CASH DEPOSIT/BRANCH COUNTER/BANJARA HILLS HYDERABAD,,11200.00,2568551.21
08/01/2023,07/01/2023,UPI/DR/2625567341/ADITYA KUMAR/HDFC0722665/aditya809@ybl,310.00,,2568241.21
07/01/2023,07/01/2023,NEFT/69342039/VINAY PATIL/HDFC0722665/59824963982850,249.00,,2567992.21
08/01/2023,08/01/2023,UPI/DR/701841929692/DEEPA NAIR/HDFC0722665/deepa608@ybl,1250.00,,2566742.21
08/01/2023,08/01/2023,UPI/DR/148709244985/VINAY PATIL/HDFC0722665/vinay658@paytm,79.00,,2566663.21
09/01/2023,08/01/2023,NEFT/506407076291/MEENA IYER/HDFC0722665/55751768962203,1680.00,,2564983.21
08/01/2023,08/01/2023,IMPS/P2P/6035356598/SHAHID KHAN/9788204075,,7600.00,2572583.21
09/01/2023,08/01/2023,ATM/WDL/16803479/SBI ATM JAYANAGAR BLR,120.00,,2572463.21
09/01/2023,08/01/2023,UPI/DR/076592235732/MOHAMMED IRFAN/HDFC0722665/mohammed758@paytm,2380.00,,2570083.21
08/01/2023,08/01/2023,NEFT/561171332462/NIKHIL GUPTA/HDFC0722665/01206285671303,120.00,,2569963.21
09/01/2023,08/01/2023,ATM/WDL/62870323/HDFC ATM KORAMANGALA,449.00,,2569514.21
09/01/2023,09/01/2023,CHQ NO 170203 CLEARING,49.00,,2569465.21
10/01/2023,09/01/2023,UPI/DR/335734494899/ANITHA KRISHNAN/HDFC0722665/anitha140@ybl,249.00,,2569216.21
09/01/2023,09/01/2023,CHQ NO 706976 CLEARING,5200.00,,2564016.21
10/01/2023,10/01/2023,UPI/DR/228561020670/RAVI KUMAR SHARMA/HDFC0722665/ravi374@okhdfc,3499.00,,2560517.21
11/01/2023,10/01/2023,UPI/DR/194523724148/MEENA IYER/HDFC0722665/meena713@ybl,699.00,,2559818.21
11/01/2023,11/01/2023,CASH DEPOSIT/BRANCH COUNTER/BANJARA HILLS HYDERABAD,,1200.00,2561018.21
11/01/2023,11/01/2023,ATM/WDL/0029576625/CANARA ATM MYSURU,79.00,,2560939.21
11/01/2023,11/01/2023,UPI/DR/13190306/BABU LAL/HDFC0722665/babu34@oksbi,5200.00,,2555739.21
11/01/2023,11/01/2023,IMPS/P2P/45207070/RAJESH VERMA/7781003415,,500.00,2556239.21
11/01/2023,11/01/2023,ATM/WDL/944801442764/CANARA ATM MYSURU,7800.00,,2548439.21
11/01/2023,11/01/2023,NEFT/510800899133/ADITYA KUMAR/HDFC0722665/23404197870143,,11200.00,2559639.21
11/01/2023,11/01/2023,ATM/WDL/83615063/CANARA ATM MYSURU,7800.00,,2551839.21
12/01/2023,12/01/2023,UPI/DR/6695347850/TARA SINGH/HDFC0722665/tara904@okhdfc,5200.00,,2546639.21
13/01/2023,12/01/2023,NEFT/09204275/SHAHID KHAN/HDFC0722665/19369023837344,,24000.00,2570639.21
12/01/2023,12/01/2023,UPI/DR/535306812409/MOHAMMED IRFAN/HDFC0722665/mohammed257@okhdfc,850.00,,2569789.21
12/01/2023,12/01/2023,UPI/CR/53675561/SAVITHA DEVI/HDFC0722665/savitha985@okaxis,,850.00,2570639.21
12/01/2023,12/01/2023,NEFT/89346767/RESHMA KHAN/HDFC0722665/53733127695260,,7600.00,2578239.21
12/01/2023,12/01/2023,NEFT/062213153570/GANESH KUMAR/HDFC0722665/95290133652176,310.00,,2577929.21
14/01/2023,13/01/2023,UPI/DR/50489381/SNEHA PATIL/HDFC0722665/sneha898@ybl,850.00,,2577079.21
13/01/2023,13/01/2023,IMPS/P2P/079500828349/GEETA DEVI/7149497370,,850.00,2577929.21
13/01/2023,13/01/2023,IMPS/P2P/100870479500/VIKRAM NAIR/7196043826,,500.00,2578429.21
14/01/2023,13/01/2023,UPI/DR/534375123595/DEEPA NAIR/HDFC0722665/deepa587@paytm,1250.00,,2577179.21
13/01/2023,13/01/2023,IMPS/P2P/4801085056/RAVI KUMAR SHARMA/7849262399,,850.00,2578029.21
15/01/2023,14/01/2023,CASH DEPOSIT/BRANCH COUNTER/BANJARA HILLS HYDERABAD,,18500.00,2596529.21
14/01/2023,14/01/2023,NEFT/706109363957/FATIMA SHEIKH,18500.00,,2578029.21
15/01/2023,14/01/2023,UPI/DR/32434053/RAJENDRA PRASAD/HDFC0722665/rajendra305@paytm,999.00,,2577030.21
14/01/2023,14/01/2023,UPI/CR/975304024163/SUSHMA RAO/HDFC0722665/sushma568@okaxis,,7600.00,2584630.21
14/01/2023,14/01/2023,UPI/DR/07119887/POOJA SHARMA/HDFC0722665/pooja586@oksbi,449.00,,2584181.21
15/01/2023,14/01/2023,UPI/CR/054202956286/GOPAL VERMA/HDFC0722665/gopal874@oksbi,,11200.00,2595381.21
14/01/2023,14/01/2023,UPI/DR/764534423159/LAKSHMI VENKAT/HDFC0722665/lakshmi723@paytm,310.00,,2595071.21
14/01/2023,14/01/2023,ATM/WDL/7349343302/SBI ATM JAYANAGAR BLR,7800.00,,2587271.21
15/01/2023,15/01/2023,NEFT/64352990/RAJESH VERMA/HDFC0722665/35080199406576,49.00,,2587222.21
16/01/2023,15/01/2023,UPI/DR/65107997/ARJUN MEHTA/HDFC0722665/arjun189@okaxis,999.00,,2586223.21
16/01/2023,15/01/2023,NEFT/087571120620/RAHUL SINGH/HDFC0722665/32550243755206,,18500.00,2604723.21
16/01/2023,15/01/2023,CHQ NO 306931 CLEARING,999.00,,2603724.21
15/01/2023,15/01/2023,UPI/CR/035098550317/GANESH KUMAR/HDFC0722665/ganesh909@ybl,,2500.00,2606224.21
15/01/2023,15/01/2023,NEFT/15960005/RAMESH GOWDA/HDFC0722665/54828884753813,120.00,,2606104.21
16/01/2023,15/01/2023,UPI/DR/822171064581/ARJUN MEHTA/HDFC0722665/arjun362@okhdfc,3499.00,,2602605.21
16/01/2023,16/01/2023,REVERSAL-NEFT/PENDING_REV_46617933,,18500.00,2621105.21
16/01/2023,16/01/2023,UPI/CR/27187837/SNEHA PATIL/HDFC0722665/sneha84@oksbi,,32000.00,2653105.21
17/01/2023,16/01/2023,ATM/WDL/5266734695/SBI ATM JAYANAGAR BLR,7800.00,,2645305.21
16/01/2023,16/01/2023,NEFT/8135027759/SUNIL YADAV/HDFC0722665/68351146796577,,18500.00,2663805.21
16/01/2023,16/01/2023,UPI/DR/92899680/SMITHA PILLAI/HDFC0722665/smitha213@paytm,120.00,,2663685.21
17/01/2023,16/01/2023,UPI/DR/653293323174/MALLIKA DAS/HDFC0722665/mallika46@paytm,1250.00,,2662435.21
17/01/2023,16/01/2023,NEFT/0126827932/LALITHA DEVI/HDFC0722665/57075654436641,5200.00,,2657235.21
17/01/2023,17/01/2023,UPI/DR/9429929234/MEENA IYER/HDFC0722665/meena315@oksbi,449.00,,2656786.21
18/01/2023,17/01/2023,IMPS/P2P/8250941642/DEEPAK JOSHI/7475993268,,4800.00,2661586.21
17/01/2023,17/01/2023,UPI/CR/78775958/SUSHMA RAO/HDFC0722665/sushma527@paytm,,4800.00,2666386.21
17/01/2023,17/01/2023,UPI/DR/526524942685/RAHUL SINGH/HDFC0722665/rahul190@okhdfc,850.00,,2665536.21
17/01/2023,17/01/2023,ATM/WDL/57086274/HDFC ATM KORAMANGALA,79.00,,2665457.21
17/01/2023,17/01/2023,CHQ NO 278082 CLEARING,249.00,,2665208.21
17/01/2023,17/01/2023,UPI/CR/73193319/GANESH KUMAR/HDFC0722665/ganesh772@okhdfc,,18500.00,2683708.21
19/01/2023,18/01/2023,CASH DEPOSIT/BRANCH COUNTER/BANJARA HILLS HYDERABAD,,2500.00,2686208.21
18/01/2023,18/01/2023,UPI/DR/263241596582/PREETHI IYER/HDFC0722665/preethi57@paytm,49.00,,2686159.21
18/01/2023,18/01/2023,UPI/CR/81507947/GEETA DEVI/HDFC0722665/geeta554@okhdfc,,24000.00,2710159.21
20/01/2023,19/01/2023,UPI/DR/626588285092/ARCHANA PILLAI/HDFC0722665/archana835@paytm,2380.00,,2707779.21
20/01/2023,19/01/2023,ATM/WDL/790904455556/CANARA ATM MYSURU,2380.00,,2705399.21
19/01/2023,19/01/2023,NEFT/1303080482/MALLIKA DAS/HDFC0722665/88296729863895,,11200.00,2716599.21
19/01/2023,19/01/2023,NEFT/672405864744/ARJUN MEHTA/HDFC0722665/18305791776024,,850.00,2717449.21
20/01/2023,19/01/2023,NEFT/862331026643/REKHA PILLAI/HDFC0722665/51895346543384,,4800.00,2722249.21
20/01/2023,20/01/2023,CASH DEPOSIT/BRANCH COUNTER/BANJARA HILLS HYDERABAD,,18500.00,2740749.21
20/01/2023,20/01/2023,UPI/DR/36557632/ROHIT SHARMA/HDFC0722665/rohit859@okaxis,249.00,,2740500.21
20/01/2023,20/01/2023,NEFT/89021978/ANITHA KRISHNAN/HDFC0722665/53516997755969,999.00,,2739501.21
20/01/2023,20/01/2023,CHQ NO 166175 CLEARING,1250.00,,2738251.21
21/01/2023,21/01/2023,UPI/CR/185763605228/HARISH MENON/HDFC0722665/harish87@ybl,,7600.00,2745851.21
21/01/2023,21/01/2023,UPI/DR/43751131/LAKSHMI VENKAT/HDFC0722665/lakshmi268@oksbi,699.00,,2745152.21
21/01/2023,21/01/2023,ATM/WDL/822721897700/SBI ATM JAYANAGAR BLR,310.00,,2744842.21
21/01/2023,21/01/2023,UPI/DR/37130654/SURESH BABU/HDFC0722665/suresh852@okhdfc,1680.00,,2743162.21
23/01/2023,22/01/2023,UPI/CR/54476765/SANJANA HEGDE/HDFC0722665/sanjana743@paytm,,500.00,2743662.21
23/01/2023,22/01/2023,UPI/DR/915915406290/RANJIT SINGH/HDFC0722665/ranjit396@paytm,79.00,,2743583.21
22/01/2023,22/01/2023,NEFT/943567732053/RANJIT SINGH/HDFC0722665/59057835691250,1680.00,,2741903.21
24/01/2023,23/01/2023,UPI/DR/78335185/ARJUN MEHTA/HDFC0722665/arjun303@okhdfc,79.00,,2741824.21
23/01/2023,23/01/2023,ATM/WDL/698715112186/HDFC ATM KORAMANGALA,120.00,,2741704.21
23/01/2023,23/01/2023,CHQ NO 174017 CLEARING,310.00,,2741394.21
23/01/2023,23/01/2023,UPI/DR/70029767/PREETHI IYER/HDFC0722665/preethi741@paytm,699.00,,2740695.21
23/01/2023,23/01/2023,CASH DEPOSIT/BRANCH COUNTER/BANJARA HILLS HYDERABAD,,1200.00,2741895.21
24/01/2023,23/01/2023,UPI/DR/4975322009/USHA RANI/HDFC0722665/usha484@okhdfc,5200.00,,2736695.21
24/01/2023,24/01/2023,CASH DEPOSIT/BRANCH COUNTER/BANJARA HILLS HYDERABAD,,11200.00,2747895.21
24/01/2023,24/01/2023,UPI/CR/7709794560/DEEPA NAIR/HDFC0722665/deepa914@okhdfc,,4800.00,2752695.21
24/01/2023,24/01/2023,UPI/DR/1622990892/GEETA DEVI/HDFC0722665/geeta318@ybl,120.00,,2752575.21
25/01/2023,24/01/2023,ATM/WDL/602406703875/HDFC ATM KORAMANGALA,1250.00,,2751325.21
24/01/2023,24/01/2023,UPI/DR/014503593816/ANAND KUMAR/HDFC0722665/anand529@ybl,79.00,,2751246.21
24/01/2023,24/01/2023,UPI/DR/82242685/NAVEEN KUMAR/HDFC0722665/naveen244@paytm,1250.00,,2749996.21
24/01/2023,24/01/2023,UPI/DR/01920668/KIRAN REDDY/HDFC0722665/kiran978@okhdfc,999.00,,2748997.21
25/01/2023,24/01/2023,UPI/DR/39305562/KAVYA REDDY/HDFC0722665/kavya297@oksbi,7800.00,,2741197.21
26/01/2023,25/01/2023,ATM/WDL/630337565790/HDFC ATM KORAMANGALA,2380.00,,2738817.21
26/01/2023,25/01/2023,UPI/DR/41489891/DEEPA NAIR/HDFC0722665/deepa508@oksbi,49.00,,2738768.21
25/01/2023,25/01/2023,IMPS/P2P/13998458/KAVITHA RAO/7236459721,,24000.00,2762768.21
25/01/2023,25/01/2023,CASH DEPOSIT/BRANCH COUNTER/BANJARA HILLS HYDERABAD,,2500.00,2765268.21
25/01/2023,25/01/2023,NEFT/27623969/ARCHANA PILLAI/HDFC0722665/42028244249976,2380.00,,2762888.21
26/01/2023,25/01/2023,UPI/CR/3767700896/NILESH KULKARNI/HDFC0722665/nilesh141@okaxis,,4800.00,2767688.21
25/01/2023,25/01/2023,UPI/DR/31321262/AYESHA KHAN/HDFC0722665/ayesha31@paytm,7800.00,,2759888.21
25/01/2023,25/01/2023,UPI/DR/0771212248/NADIA HUSSAIN/HDFC0722665/nadia371@oksbi,3499.00,,2756389.21
26/01/2023,26/01/2023,ATM/WDL/46625186/SBI ATM JAYANAGAR BLR,49.00,,2756340.21
26/01/2023,26/01/2023,UPI/DR/34885691/BINDHU NAIR/HDFC0722665/bindhu749@paytm,7800.00,,2748540.21
26/01/2023,26/01/2023,CHQ NO 539236 CLEARING,3499.00,,2745041.21
27/01/2023,26/01/2023,UPI/CR/7801462483/LALITHA DEVI/HDFC0722665/lalitha698@okhdfc,,7600.00,2752641.21
27/01/2023,26/01/2023,ATM/WDL/2096842240/SBI ATM JAYANAGAR BLR,79.00,,2752562.21
27/01/2023,27/01/2023,CASH DEPOSIT/BRANCH COUNTER/BANJARA HILLS HYDERABAD,,32000.00,2784562.21
28/01/2023,27/01/2023,NEFT/30920348/RESHMA KHAN/HDFC0722665/48365932649690,1250.00,,2783312.21
27/01/2023,27/01/2023,IMPS/P2P/825041691410/ROHIT SHARMA/8544172312,,500.00,2783812.21
27/01/2023,27/01/2023,ATM/WDL/3528369892/SBI ATM JAYANAGAR BLR,249.00,,2783563.21
28/01/2023,28/01/2023,IMPS/P2P/550061817100/VIKRAM NAIR/7130162204,,4800.00,2788363.21
28/01/2023,28/01/2023,UPI/DR/117772501994/NAVEEN KUMAR/HDFC0722665/naveen859@okaxis,1250.00,,2787113.21
28/01/2023,28/01/2023,NEFT/40673021/KARTHIK MENON/HDFC0722665/25575559771801,,850.00,2787963.21
28/01/2023,28/01/2023,IMPS/P2P/4470733876/DIVYA MENON/9332684325,,500.00,2788463.21
28/01/2023,28/01/2023,UPI/DR/048408409936/POOJA SHARMA/HDFC0722665/pooja726@ybl,449.00,,2788014.21
29/01/2023,29/01/2023,IMPS/P2P/57472934/AYESHA KHAN/8990020531,,4800.00,2792814.21
29/01/2023,29/01/2023,NEFT/9382695153/RAMESH PILLAI/HDFC0722665/33285675887807,49.00,,2792765.21
29/01/2023,29/01/2023,UPI/DR/5898851021/SANJANA HEGDE/HDFC0722665/sanjana787@paytm,120.00,,2792645.21
29/01/2023,29/01/2023,CHQ NO 631772 CLEARING,310.00,,2792335.21
29/01/2023,29/01/2023,ATM/WDL/6561858339/SBI ATM JAYANAGAR BLR,449.00,,2791886.21
31/01/2023,30/01/2023,UPI/CR/00162402/SUSHMA RAO/HDFC0722665/sushma78@oksbi,,500.00,2792386.21
31/01/2023,30/01/2023,IMPS/P2P/311751122494/KARTHIK MENON/9678232304,,1200.00,2793586.21
30/01/2023,30/01/2023,IMPS/P2P/5341011834/NIKHIL GUPTA/7530194279,,24000.00,2817586.21
30/01/2023,30/01/2023,CHQ NO 336951 CLEARING,1680.00,,2815906.21
31/01/2023,30/01/2023,IMPS/P2P/99870647/SMITHA PILLAI/8346929678,,32000.00,2847906.21
31/01/2023,30/01/2023,UPI/DR/346132095611/ARJUN MEHTA/HDFC0722665/arjun269@okhdfc,5200.00,,2842706.21
30/01/2023,30/01/2023,CASH DEPOSIT/BRANCH COUNTER/BANJARA HILLS HYDERABAD,,7600.00,2850306.21
30/01/2023,30/01/2023,UPI/CR/53135554/KAVYA REDDY/HDFC0722665/kavya519@okaxis,,11200.00,2861506.21
31/01/2023,31/01/2023,ATM/WDL/630131472865/SBI ATM JAYANAGAR BLR,49.00,,2861457.21
01/02/2023,01/02/2023,ATM/WDL/17788443/CANARA ATM MYSURU,2380.00,,2859077.21
01/02/2023,01/02/2023,NEFT/87279837/RAJENDRA PRASAD/HDFC0722665/51446784790471,699.00,,2858378.21
02/02/2023,01/02/2023,UPI/CR/8671183655/RESHMA KHAN/HDFC0722665/reshma510@okaxis,,18500.00,2876878.21
01/02/2023,01/02/2023,CHQ NO 188115 CLEARING,999.00,,2875879.21
01/02/2023,01/02/2023,UPI/CR/8806702584/SURESH NAIR/HDFC0722665/suresh882@ybl,,500.00,2876379.21
01/02/2023,01/02/2023,UPI/CR/97221892/RAMESH PILLAI/HDFC0722665/ramesh975@oksbi,,4800.00,2881179.21
02/02/2023,02/02/2023,CASH DEPOSIT/BRANCH COUNTER/BANJARA HILLS HYDERABAD,,32000.00,2913179.21
02/02/2023,02/02/2023,UPI/DR/9619435320/SUNIL YADAV/HDFC0722665/sunil721@okhdfc,79.00,,2913100.21
03/02/2023,02/02/2023,UPI/CR/33104199/SANJANA HEGDE/HDFC0722665/sanjana516@okhdfc,,18500.00,2931600.21
02/02/2023,02/02/2023,NEFT/0942528396/DEEPAK JOSHI/HDFC0722665/03244214698734,,18500.00,2950100.21
02/02/2023,02/02/2023,UPI/DR/01684470/HARISH MENON/HDFC0722665/harish683@okhdfc,1680.00,,2948420.21
02/02/2023,02/02/2023,CHQ NO 118038 CLEARING,79.00,,2948341.21
03/02/2023,02/02/2023,UPI/DR/95783881/KAVYA REDDY/HDFC0722665/kavya418@okhdfc,249.00,,2948092.21
02/02/2023,02/02/2023,UPI/DR/05194331/PRIYA NAIR/HDFC0722665/priya350@oksbi,2380.00,,2945712.21
03/02/2023,03/02/2023,NEFT/358246448224/SHAHID KHAN/HDFC0722665/35416196181397,,500.00,2946212.21
03/02/2023,03/02/2023,UPI/DR/8114751045/SAVITHA DEVI/HDFC0722665/savitha193@ybl,5200.00,,2941012.21
03/02/2023,03/02/2023,CHQ NO 655516 CLEARING,5200.00,,2935812.21
04/02/2023,04/02/2023,IMPS/P2P/6206430748/LALITHA DEVI/9693304546,,850.00,2936662.21
04/02/2023,04/02/2023,UPI/DR/42644372/SURESH NAIR/HDFC0722665/suresh413@oksbi,7800.00,,2928862.21
04/02/2023,04/02/2023,UPI/CR/37100643/DEEPAK JOSHI/HDFC0722665/deepak156@paytm,,4800.00,2933662.21
04/02/2023,04/02/2023,ATM/WDL/4033217248/SBI ATM JAYANAGAR BLR,1250.00,,2932412.21
04/02/2023,04/02/2023,UPI/DR/26546347/RAHUL SINGH/HDFC0722665/rahul103@okhdfc,79.00,,2932333.21
04/02/2023,04/02/2023,UPI/DR/08516061/IMRAN KHAN/HDFC0722665/imran881@okhdfc,79.00,,2932254.21
06/02/2023,05/02/2023,UPI/DR/5318904916/RAVI KUMAR SHARMA/HDFC0722665/ravi149@paytm,49.00,,2932205.21
05/02/2023,05/02/2023,UPI/DR/334938938954/AYESHA KHAN/HDFC0722665/ayesha588@paytm,699.00,,2931506.21
06/02/2023,05/02/2023,CASH DEPOSIT/BRANCH COUNTER/BANJARA HILLS HYDERABAD,,24000.00,2955506.21
05/02/2023,05/02/2023,UPI/CR/650706378553/SANJANA HEGDE/HDFC0722665/sanjana721@ybl,,24000.00,2979506.21
05/02/2023,05/02/2023,UPI/DR/564665378287/HARISH MENON/HDFC0722665/harish906@oksbi,5200.00,,2974306.21
06/02/2023,06/02/2023,UPI/CR/3124669000/SHEELA DEVI/HDFC0722665/sheela49@ybl,,11200.00,2985506.21
06/02/2023,06/02/2023,UPI/DR/4233168414/MALLIKA DAS/HDFC0722665/mallika493@paytm,49.00,,2985457.21
07/02/2023,06/02/2023,CASH DEPOSIT/BRANCH COUNTER/BANJARA HILLS HYDERABAD,,11200.00,2996657.21
07/02/2023,06/02/2023,UPI/CR/094893666092/SUNIL YADAV/HDFC0722665/sunil628@okaxis,,4800.00,3001457.21
06/02/2023,06/02/2023,IMPS/P2P/865432418712/PRAKASH RAO/8685933668,,11200.00,3012657.21
07/02/2023,06/02/2023,NEFT/96254948/LATHA MURTHY/HDFC0722665/99165162053946,2380.00,,3010277.21
06/02/2023,06/02/2023,ATM/WDL/47498570/CANARA ATM MYSURU,5200.00,,3005077.21
06/02/2023,06/02/2023,CASH DEPOSIT/BRANCH COUNTER/BANJARA HILLS HYDERABAD,,24000.00,3029077.21
06/02/2023,06/02/2023,NEFT/538408604461/SMITHA PILLAI/HDFC0722665/43201669958375,,24000.00,3053077.21
07/02/2023,07/02/2023,CASH DEPOSIT/BRANCH COUNTER/BANJARA HILLS HYDERABAD,,7600.00,3060677.21
07/02/2023,07/02/2023,ATM/WDL/8017889987/SBI ATM JAYANAGAR BLR,49.00,,3060628.21
07/02/2023,07/02/2023,NEFT/432985652148/SANJANA HEGDE/HDFC0722665/04312083858595,7800.00,,3052828.21
08/02/2023,07/02/2023,UPI/DR/7394095337/REKHA PILLAI/HDFC0722665/rekha958@okaxis,699.00,,3052129.21
07/02/2023,07/02/2023,ATM/WDL/639897365360/SBI ATM JAYANAGAR BLR,120.00,,3052009.21
08/02/2023,07/02/2023,NEFT/852443974257/NIKHIL GUPTA/HDFC0722665/36565520355730,,1200.00,3053209.21
07/02/2023,07/02/2023,CHQ NO 761091 CLEARING,49.00,,3053160.21
09/02/2023,08/02/2023,NEFT/9197432427/RAHUL SINGH/HDFC0722665/34459294589591,,18500.00,3071660.21
09/02/2023,08/02/2023,CASH DEPOSIT/BRANCH COUNTER/BANJARA HILLS HYDERABAD,,2500.00,3074160.21
09/02/2023,08/02/2023,UPI/DR/3957492330/NILESH KULKARNI/HDFC0722665/nilesh280@ybl,49.00,,3074111.21
09/02/2023,08/02/2023,CHQ NO 445260 CLEARING,850.00,,3073261.21
08/02/2023,08/02/2023,NEFT/38410988/RAHUL SINGH/HDFC0722665/27635821050951,850.00,,3072411.21
09/02/2023,09/02/2023,NEFT/6305423583/KAVITHA RAO/HDFC0722665/24725085713870,449.00,,3071962.21
10/02/2023,09/02/2023,CASH DEPOSIT/BRANCH COUNTER/BANJARA HILLS HYDERABAD,,2500.00,3074462.21
09/02/2023,09/02/2023,UPI/DR/4739750791/ROHIT SHARMA/HDFC0722665/rohit970@ybl,2380.00,,3072082.21
10/02/2023,09/02/2023,ATM/WDL/1666825757/CANARA ATM MYSURU,79.00,,3072003.21
10/02/2023,09/02/2023,CHQ NO 704063 CLEARING,1250.00,,3070753.21
10/02/2023,10/02/2023,UPI/DR/64444392/SURESH BABU/HDFC0722665/suresh411@okhdfc,850.00,,3069903.21
10/02/2023,10/02/2023,CHQ NO 793366 CLEARING,2380.00,,3067523.21
10/02/2023,10/02/2023,UPI/DR/6534132308/RAMESH PILLAI/HDFC0722665/ramesh66@okhdfc,2380.00,,3065143.21
10/02/2023,10/02/2023,ATM/WDL/485153501489/SBI ATM JAYANAGAR BLR,449.00,,3064694.21
11/02/2023,11/02/2023,UPI/DR/65211353/GEETA DEVI/HDFC0722665/geeta276@oksbi,1250.00,,3063444.21
11/02/2023,11/02/2023,NEFT/036997570571/MOHAN DAS/HDFC0722665/19102205550268,1680.00,,3061764.21
11/02/2023,11/02/2023,ATM/WDL/7065270359/CANARA ATM MYSURU,120.00,,3061644.21
11/02/2023,11/02/2023,NEFT/85253473/DEEPAK JOSHI/HDFC0722665/78184419809532,49.00,,3061595.21
12/02/2023,11/02/2023,UPI/CR/367222398049/ANAND KUMAR/HDFC0722665/anand760@okaxis,,2500.00,3064095.21
12/02/2023,11/02/2023,ATM/WDL/987271637601/HDFC ATM KORAMANGALA,2380.00,,3061715.21
11/02/2023,11/02/2023,ATM/WDL/573342812763/SBI ATM JAYANAGAR BLR,79.00,,3061636.21
13/02/2023,12/02/2023,CASH DEPOSIT/BRANCH COUNTER/BANJARA HILLS HYDERABAD,,7600.00,3069236.21
12/02/2023,12/02/2023,CASH DEPOSIT/BRANCH COUNTER/BANJARA HILLS HYDERABAD,,4800.00,3074036.21
13/02/2023,12/02/2023,UPI/DR/84686418/SAVITHA DEVI/HDFC0722665/savitha786@okhdfc,850.00,,3073186.21
13/02/2023,12/02/2023,UPI/DR/203116837534/PREETHI IYER/HDFC0722665/preethi241@okaxis,3499.00,,3069687.21
13/02/2023,12/02/2023,UPI/DR/7445280870/KARTHIK MENON/HDFC0722665/karthik815@ybl,310.00,,3069377.21
12/02/2023,12/02/2023,UPI/DR/653161542501/LAKSHMI VENKAT/HDFC0722665/lakshmi506@ybl,999.00,,3068378.21
12/02/2023,12/02/2023,CHQ NO 507578 CLEARING,249.00,,3068129.21
12/02/2023,12/02/2023,CASH DEPOSIT/BRANCH COUNTER/BANJARA HILLS HYDERABAD,,7600.00,3075729.21
13/02/2023,13/02/2023,CHQ NO 277628 CLEARING,449.00,,3075280.21
13/02/2023,13/02/2023,NEFT/882859321184/SANTOSH KUMAR/HDFC0722665/39394944226032,49.00,,3075231.21
13/02/2023,13/02/2023,NEFT/1432021847/LAKSHMI VENKAT/HDFC0722665/61239594648337,1250.00,,3073981.21
13/02/2023,13/02/2023,NEFT/7717303185/KAVITHA RAO/HDFC0722665/13761097240533,7800.00,,3066181.21
14/02/2023,14/02/2023,IMPS/P2P/1245145037/MEENA IYER/8121095855,,850.00,3067031.21
15/02/2023,14/02/2023,UPI/CR/65128747/PADMA RAO/HDFC0722665/padma435@okaxis,,7600.00,3074631.21
14/02/2023,14/02/2023,CHQ NO 031409 CLEARING,5200.00,,3069431.21
14/02/2023,14/02/2023,ATM/WDL/92010495/SBI ATM JAYANAGAR BLR,1250.00,,3068181.21
14/02/2023,14/02/2023,CHQ NO 008618 CLEARING,249.00,,3067932.21
16/02/2023,15/02/2023,UPI/CR/445785869096/SURESH BABU/HDFC0722665/suresh538@ybl,,32000.00,3099932.21
15/02/2023,15/02/2023,IMPS/P2P/59907846/REKHA PILLAI/8753744768,,32000.00,3131932.21
15/02/2023,15/02/2023,UPI/DR/0026292293/RAMESH GOWDA/HDFC0722665/ramesh88@ybl,1680.00,,3130252.21
15/02/2023,15/02/2023,NEFT/2237998848/PREETHI IYER/HDFC0722665/22306255777757,49.00,,3130203.21
15/02/2023,15/02/2023,IMPS/P2P/06980911/DEEPA NAIR/7629976858,,850.00,3131053.21
17/02/2023,16/02/2023,CHQ NO 716366 CLEARING,999.00,,3130054.21
16/02/2023,16/02/2023,IMPS/P2P/434752174310/KAVITHA RAO/9966686923,,4800.00,3134854.21
17/02/2023,16/02/2023,UPI/DR/40463014/REKHA PILLAI/HDFC0722665/rekha784@okaxis,3499.00,,3131355.21
16/02/2023,16/02/2023,UPI/DR/22919845/NADIA HUSSAIN/HDFC0722665/nadia765@okhdfc,310.00,,3131045.21
16/02/2023,16/02/2023,IMPS/P2P/1702569912/LAKSHMI VENKAT/7464288340,,850.00,3131895.21
16/02/2023,16/02/2023,UPI/DR/89213846/RAMESH PILLAI/HDFC0722665/ramesh99@ybl,1680.00,,3130215.21
16/02/2023,16/02/2023,CHQ NO 802751 CLEARING,999.00,,3129216.21
18/02/2023,17/02/2023,CASH DEPOSIT/BRANCH COUNTER/BANJARA HILLS HYDERABAD,,500.00,3129716.21
17/02/2023,17/02/2023,UPI/DR/3133243578/VINAY PATIL/HDFC0722665/vinay146@ybl,49.00,,3129667.21
17/02/2023,17/02/2023,NEFT/144501948274/KIRAN REDDY/HDFC0722665/32669743161021,,500.00,3130167.21
18/02/2023,17/02/2023,IMPS/P2P/946482094731/RAHUL SINGH/7867350244,,18500.00,3148667.21
17/02/2023,17/02/2023,NEFT/412172239007/FARHAN KHAN/HDFC0722665/74795527926889,999.00,,3147668.21
18/02/2023,17/02/2023,NEFT/310075005235/SAVITHA DEVI/HDFC0722665/24145732531138,249.00,,3147419.21
17/02/2023,17/02/2023,CHQ NO 093235 CLEARING,999.00,,3146420.21
17/02/2023,17/02/2023,UPI/CR/6677427675/PADMA RAO/HDFC0722665/padma299@paytm,,850.00,3147270.21
18/02/2023,18/02/2023,NEFT/36678452/KAVITHA RAO/HDFC0722665/90124696847706,,850.00,3148120.21
18/02/2023,18/02/2023,UPI/CR/19437898/BINDHU NAIR/HDFC0722665/bindhu442@oksbi,,850.00,3148970.21
19/02/2023,19/02/2023,CASH DEPOSIT/BRANCH COUNTER/BANJARA HILLS HYDERABAD,,1200.00,3150170.21
20/02/2023,20/02/2023,NEFT/142193301505/ANAND KUMAR/HDFC0722665/28358749754021,,1200.00,3151370.21
20/02/2023,20/02/2023,UPI/CR/62445135/MEENA IYER/HDFC0722665/meena418@oksbi,,850.00,3152220.21
20/02/2023,20/02/2023,NEFT/23966548/TANVI RAO/HDFC0722665/04915593189364,,11200.00,3163420.21
20/02/2023,20/02/2023,CHQ NO 420645 CLEARING,2380.00,,3161040.21
20/02/2023,20/02/2023,NEFT/8344306042/SANTOSH KUMAR/HDFC0722665/42932851174494,2380.00,,3158660.21
21/02/2023,20/02/2023,CASH DEPOSIT/BRANCH COUNTER/BANJARA HILLS HYDERABAD,,1200.00,3159860.21
20/02/2023,20/02/2023,ATM/WDL/1061198157/HDFC ATM KORAMANGALA,120.00,,3159740.21
21/02/2023,21/02/2023,NEFT/03181888/GEETA DEVI/HDFC0722665/49366293692197,999.00,,3158741.21
21/02/2023,21/02/2023,IMPS/P2P/664012353307/RAHUL SINGH/9601360515,,4800.00,3163541.21
21/02/2023,21/02/2023,CHQ NO 202057 CLEARING,5200.00,,3158341.21
21/02/2023,21/02/2023,NEFT/1112087207/SURESH BABU/HDFC0722665/12483169339923,,32000.00,3190341.21
21/02/2023,21/02/2023,NEFT/25304345/VIKRAM NAIR/HDFC0722665/13190608821868,1680.00,,3188661.21
21/02/2023,21/02/2023,ATM/WDL/1592239276/CANARA ATM MYSURU,5200.00,,3183461.21
21/02/2023,21/02/2023,CHQ NO 826410 CLEARING,999.00,,3182462.21
22/02/2023,21/02/2023,CASH DEPOSIT/BRANCH COUNTER/BANJARA HILLS HYDERABAD,,32000.00,3214462.21
22/02/2023,22/02/2023,UPI/DR/74604829/VINAY PATIL/HDFC0722665/vinay444@oksbi,999.00,,3213463.21
22/02/2023,22/02/2023,UPI/DR/765686625465/SANJANA HEGDE/HDFC0722665/sanjana521@okaxis,120.00,,3213343.21
23/02/2023,22/02/2023,NEFT/28665256/FARHAN KHAN/HDFC0722665/95008282812085,1250.00,,3212093.21
23/02/2023,23/02/2023,UPI/DR/5187969313/DEEPA NAIR/HDFC0722665/deepa84@paytm,449.00,,3211644.21
23/02/2023,23/02/2023,UPI/DR/41333108/KIRAN REDDY/HDFC0722665/kiran115@paytm,5200.00,,3206444.21
24/02/2023,23/02/2023,ATM/WDL/3520172400/CANARA ATM MYSURU,310.00,,3206134.21
23/02/2023,23/02/2023,UPI/DR/7797641211/VIKRAM NAIR/HDFC0722665/vikram93@ybl,310.00,,3205824.21
23/02/2023,23/02/2023,NEFT/73320614/VENKAT RAO/HDFC0722665/05298536808569,5200.00,,3200624.21
23/02/2023,23/02/2023,CASH DEPOSIT/BRANCH COUNTER/BANJARA HILLS HYDERABAD,,850.00,3201474.21
24/02/2023,24/02/2023,IMPS/P2P/58777161/NADIA HUSSAIN/9802599904,,32000.00,3233474.21
24/02/2023,24/02/2023,UPI/DR/762400993561/SUNITA DEVI/HDFC0722665/sunita356@okhdfc,1250.00,,3232224.21
24/02/2023,24/02/2023,CHQ NO 098998 CLEARING,79.00,,3232145.21
24/02/2023,24/02/2023,ATM/WDL/321754438656/HDFC ATM KORAMANGALA,120.00,,3232025.21
25/02/2023,24/02/2023,IMPS/P2P/302495792478/SURESH BABU/9643517644,,7600.00,3239625.21
24/02/2023,24/02/2023,CASH DEPOSIT/BRANCH COUNTER/BANJARA HILLS HYDERABAD,,1200.00,3240825.21
24/02/2023,24/02/2023,CHQ NO 758860 CLEARING,1680.00,,3239145.21
24/02/2023,24/02/2023,NEFT/1486154988/VINAY PATIL/HDFC0722665/51488730991630,999.00,,3238146.21
24/02/2023,24/02/2023,NEFT/006896950171/ANITHA KRISHNAN/HDFC0722665/62610349406225,310.00,,3237836.21
26/02/2023,25/02/2023,UPI/DR/33823250/MEERA PILLAI/HDFC0722665/meera859@ybl,1250.00,,3236586.21
25/02/2023,25/02/2023,UPI/CR/038191140032/SURESH BABU/HDFC0722665/suresh612@okaxis,,1200.00,3237786.21
26/02/2023,25/02/2023,UPI/DR/703358821016/IMRAN KHAN/HDFC0722665/imran92@oksbi,2380.00,,3235406.21
25/02/2023,25/02/2023,UPI/DR/5404458498/FARHAN KHAN/HDFC0722665/farhan330@ybl,5200.00,,3230206.21
26/02/2023,26/02/2023,UPI/DR/64756497/KARTHIK MENON/HDFC0722665/karthik381@oksbi,249.00,,3229957.21
26/02/2023,26/02/2023,IMPS/P2P/4826084463/SMITHA PILLAI/8538329840,,32000.00,3261957.21
26/02/2023,26/02/2023,CASH DEPOSIT/BRANCH COUNTER/BANJARA HILLS HYDERABAD,,7600.00,3269557.21
26/02/2023,26/02/2023,CHQ NO 984016 CLEARING,850.00,,3268707.21
26/02/2023,26/02/2023,UPI/CR/578244462194/SNEHA PATIL/HDFC0722665/sneha855@oksbi,,850.00,3269557.21
26/02/2023,26/02/2023,UPI/DR/853238700093/MOHAMMED IRFAN/HDFC0722665/mohammed688@ybl,249.00,,3269308.21
26/02/2023,26/02/2023,ATM/WDL/666762827601/CANARA ATM MYSURU,3499.00,,3265809.21
26/02/2023,26/02/2023,NEFT/76135114/GEETA DEVI/HDFC0722665/32785740297515,1250.00,,3264559.21
26/02/2023,26/02/2023,UPI/DR/76435509/KIRAN REDDY/HDFC0722665/kiran61@okaxis,310.00,,3264249.21
27/02/2023,27/02/2023,ATM/WDL/080305053251/SBI ATM JAYANAGAR BLR,7800.00,,3256449.21
28/02/2023,27/02/2023,ATM/WDL/943919595486/CANARA ATM MYSURU,7800.00,,3248649.21
27/02/2023,27/02/2023,NEFT/9066044813/ARCHANA PILLAI/HDFC0722665/61413658671574,120.00,,3248529.21
28/02/2023,27/02/2023,NEFT/112637530465/KAVYA REDDY/HDFC0722665/24457030385475,249.00,,3248280.21
28/02/2023,27/02/2023,NEFT/599821011586/SURESH NAIR/HDFC0722665/08967612331738,850.00,,3247430.21
27/02/2023,27/02/2023,ATM/WDL/3738992133/SBI ATM JAYANAGAR BLR,249.00,,3247181.21
27/02/2023,27/02/2023,CHQ NO 609302 CLEARING,49.00,,3247132.21
27/02/2023,27/02/2023,CHQ NO 082091 CLEARING,3499.00,,3243633.21
28/02/2023,28/02/2023,UPI/DR/411522018730/MALLIKA DAS/HDFC0722665/mallika459@paytm,5200.00,,3238433.21
01/03/2023,28/02/2023,UPI/DR/4418103195/KIRAN REDDY/HDFC0722665/kiran723@oksbi,249.00,,3238184.21
28/02/2023,28/02/2023,UPI/DR/9813359219/RAVI KUMAR SHARMA/HDFC0722665/ravi239@okhdfc,850.00,,3237334.21
28/02/2023,28/02/2023,UPI/DR/9131243013/ARJUN MEHTA/HDFC0722665/arjun439@ybl,49.00,,3237285.21
28/02/2023,28/02/2023,NEFT/7787839816/SUSHMA RAO/HDFC0722665/20198380939432,850.00,,3236435.21
28/02/2023,28/02/2023,UPI/DR/6332772820/MEERA PILLAI/HDFC0722665/meera565@ybl,699.00,,3235736.21
28/02/2023,28/02/2023,UPI/DR/153168697166/ADITYA KUMAR/HDFC0722665/aditya994@paytm,850.00,,3234886.21
28/02/2023,28/02/2023,UPI/DR/33636656/TARA SINGH/HDFC0722665/tara638@ybl,49.00,,3234837.21
01/03/2023,01/03/2023,UPI/DR/467665303443/VINAY PATIL/HDFC0722665/vinay516@ybl,449.00,,3234388.21
02/03/2023,01/03/2023,UPI/DR/721985181723/ARJUN MEHTA/HDFC0722665/arjun122@oksbi,5200.00,,3229188.21
01/03/2023,01/03/2023,NEFT/91059082/RAJENDRA PRASAD/HDFC0722665/40536220572438,5200.00,,3223988.21
02/03/2023,02/03/2023,NEFT/44674542/PADMA RAO/HDFC0722665/33212447131801,699.00,,3223289.21
02/03/2023,02/03/2023,CASH DEPOSIT/BRANCH COUNTER/BANJARA HILLS HYDERABAD,,7600.00,3230889.21
02/03/2023,02/03/2023,NEFT/051632943580/POOJA SHARMA/HDFC0722665/06825055160458,5200.00,,3225689.21
02/03/2023,02/03/2023,UPI/DR/27243498/LAKSHMI VENKAT/HDFC0722665/lakshmi392@oksbi,49.00,,3225640.21
03/03/2023,02/03/2023,UPI/DR/80704080/BABU LAL/HDFC0722665/babu561@paytm,120.00,,3225520.21
02/03/2023,02/03/2023,NEFT/96503521/DEEPA NAIR/HDFC0722665/97708494518884,699.00,,3224821.21
03/03/2023,03/03/2023,CASH DEPOSIT/BRANCH COUNTER/BANJARA HILLS HYDERABAD,,850.00,3225671.21
04/03/2023,03/03/2023,UPI/DR/7921491342/ARUN SHARMA/HDFC0722665/arun502@okhdfc,699.00,,3224972.21
03/03/2023,03/03/2023,IMPS/P2P/5565368253/RAMESH PILLAI/7790820993,,4800.00,3229772.21
05/03/2023,04/03/2023,UPI/CR/705922212297/RAHUL SINGH/HDFC0722665/rahul927@okhdfc,,24000.00,3253772.21
05/03/2023,04/03/2023,UPI/DR/46352483/ARUN SHARMA/HDFC0722665/arun925@oksbi,79.00,,3253693.21
05/03/2023,04/03/2023,UPI/CR/000537060561/BINDHU NAIR/HDFC0722665/bindhu934@ybl,,500.00,3254193.21
04/03/2023,04/03/2023,NEFT/43921855/DEEPA NAIR/HDFC0722665/79265677097616,,11200.00,3265393.21
05/03/2023,05/03/2023,UPI/DR/59538708/HARISH MENON/HDFC0722665/harish352@ybl,79.00,,3265314.21
05/03/2023,05/03/2023,NEFT/733256067221/BABU LAL/HDFC0722665/52148502621343,,850.00,3266164.21
05/03/2023,05/03/2023,ATM/WDL/706812495924/HDFC ATM KORAMANGALA,999.00,,3265165.21
05/03/2023,05/03/2023,CASH DEPOSIT/BRANCH COUNTER/BANJARA HILLS HYDERABAD,,24000.00,3289165.21
06/03/2023,06/03/2023,ATM/WDL/4963711459/SBI ATM JAYANAGAR BLR,49.00,,3289116.21
06/03/2023,06/03/2023,UPI/DR/488519919169/PADMA RAO/HDFC0722665/padma37@oksbi,310.00,,3288806.21
06/03/2023,06/03/2023,UPI/DR/95320394/SURESH BABU/HDFC0722665/suresh385@okaxis,850.00,,3287956.21
06/03/2023,06/03/2023,IMPS/P2P/125400654676/SURESH NAIR/8421531760,,32000.00,3319956.21
06/03/2023,06/03/2023,NEFT/41693032/SNEHA PATIL/HDFC0722665/06047129471593,49.00,,3319907.21
06/03/2023,06/03/2023,UPI/DR/06694176/ARCHANA PILLAI/HDFC0722665/archana640@ybl,1680.00,,3318227.21
06/03/2023,06/03/2023,UPI/CR/0579812159/RAJENDRA PRASAD/HDFC0722665/rajendra924@okaxis,,32000.00,3350227.21
06/03/2023,06/03/2023,UPI/CR/60682277/MEERA PILLAI/HDFC0722665/meera277@ybl,,4800.00,3355027.21
07/03/2023,07/03/2023,UPI/DR/0670838868/PRIYA NAIR/HDFC0722665/priya819@ybl,49.00,,3354978.21
07/03/2023,07/03/2023,UPI/DR/492510874141/LAKSHMI VENKAT/HDFC0722665/lakshmi820@okhdfc,449.00,,3354529.21
07/03/2023,07/03/2023,NEFT/39002660/LALITHA DEVI/HDFC0722665/41313903498741,310.00,,3354219.21
07/03/2023,07/03/2023,UPI/DR/690741905240/ROHIT SHARMA/HDFC0722665/rohit924@okhdfc,249.00,,3353970.21
08/03/2023,08/03/2023,CHQ NO 510360 CLEARING,120.00,,3353850.21
08/03/2023,08/03/2023,CHQ NO 924524 CLEARING,5200.00,,3348650.21
08/03/2023,08/03/2023,NEFT/0165034951/ADITYA KUMAR/HDFC0722665/24449801034579,7800.00,,3340850.21
08/03/2023,08/03/2023,CHQ NO 495895 CLEARING,2380.00,,3338470.21
08/03/2023,08/03/2023,ATM/WDL/134304689127/CANARA ATM MYSURU,1680.00,,3336790.21
08/03/2023,08/03/2023,CASH DEPOSIT/BRANCH COUNTER/BANJARA HILLS HYDERABAD,,11200.00,3347990.21
08/03/2023,08/03/2023,UPI/DR/51287958/NAVEEN KUMAR/HDFC0722665/naveen807@okhdfc,1250.00,,3346740.21
08/03/2023,08/03/2023,NEFT/28144024/CHANDAN SHARMA/HDFC0722665/16756696165053,,1200.00,3347940.21
09/03/2023,08/03/2023,NEFT/915961755690/ROHIT SHARMA/HDFC0722665/64445872739866,3499.00,,3344441.21
09/03/2023,09/03/2023,UPI/DR/840034044979/GEETA DEVI/HDFC0722665/geeta411@ybl,49.00,,3344392.21
09/03/2023,09/03/2023,NEFT/6183261820/ROHIT SHARMA/HDFC0722665/74154278937501,7800.00,,3336592.21
09/03/2023,09/03/2023,UPI/DR/25560888/SMITHA PILLAI/HDFC0722665/smitha628@paytm,999.00,,3335593.21
09/03/2023,09/03/2023,CASH DEPOSIT/BRANCH COUNTER/BANJARA HILLS HYDERABAD,,4800.00,3340393.21
10/03/2023,10/03/2023,UPI/DR/2697944786/LALITHA DEVI/HDFC0722665/lalitha168@okhdfc,7800.00,,3332593.21
10/03/2023,10/03/2023,NEFT/56925819/SANJANA HEGDE/HDFC0722665/17957588495133,999.00,,3331594.21
10/03/2023,10/03/2023,NEFT/0520530746/NIKHIL GUPTA/HDFC0722665/30270495607446,1680.00,,3329914.21
10/03/2023,10/03/2023,CASH DEPOSIT/BRANCH COUNTER/BANJARA HILLS HYDERABAD,,7600.00,3337514.21
10/03/2023,10/03/2023,ATM/WDL/966743039632/CANARA ATM MYSURU,850.00,,3336664.21
10/03/2023,10/03/2023,IMPS/P2P/13724285/SANTOSH KUMAR/9527950235,,11200.00,3347864.21
11/03/2023,10/03/2023,NEFT/21817509/FARHAN KHAN/HDFC0722665/02711453917084,449.00,,3347415.21
10/03/2023,10/03/2023,UPI/CR/3450869862/SNEHA PATIL/HDFC0722665/sneha866@paytm,,32000.00,3379415.21
11/03/2023,11/03/2023,UPI/CR/1987431218/ANITHA KRISHNAN/HDFC0722665/anitha509@oksbi,,500.00,3379915.21
12/03/2023,11/03/2023,ATM/WDL/651177435237/SBI ATM JAYANAGAR BLR,699.00,,3379216.21
11/03/2023,11/03/2023,IMPS/P2P/03378742/HARISH MENON/9509466995,,24000.00,3403216.21
11/03/2023,11/03/2023,UPI/DR/784936006751/POOJA SHARMA/HDFC0722665/pooja271@okaxis,699.00,,3402517.21
12/03/2023,11/03/2023,NEFT/1046412889/MALLIKA DAS/HDFC0722665/97496473390718,,11200.00,3413717.21
11/03/2023,11/03/2023,NEFT/62771997/ADITYA KUMAR/HDFC0722665/34813556400356,,1200.00,3414917.21
12/03/2023,11/03/2023,NEFT/6439718288/RESHMA KHAN/HDFC0722665/30164814835376,3499.00,,3411418.21
13/03/2023,12/03/2023,UPI/CR/5625784471/AYESHA KHAN/HDFC0722665/ayesha289@okhdfc,,7600.00,3419018.21
12/03/2023,12/03/2023,NEFT/98750014/RESHMA KHAN/HDFC0722665/75761317157467,79.00,,3418939.21
12/03/2023,12/03/2023,UPI/DR/046388384551/RAJESH VERMA/HDFC0722665/rajesh471@ybl,1680.00,,3417259.21
13/03/2023,13/03/2023,NEFT/5844238521/SNEHA PATIL/HDFC0722665/34343233772226,,32000.00,3449259.21
13/03/2023,13/03/2023,UPI/CR/283453935464/TARA SINGH/HDFC0722665/tara300@ybl,,11200.00,3460459.21
15/03/2023,14/03/2023,ATM/WDL/97940152/CANARA ATM MYSURU,699.00,,3459760.21
14/03/2023,14/03/2023,IMPS/P2P/047501790196/KAVERI MENON/9121237847,,24000.00,3483760.21
14/03/2023,14/03/2023,CASH DEPOSIT/BRANCH COUNTER/BANJARA HILLS HYDERABAD,,850.00,3484610.21
15/03/2023,14/03/2023,UPI/DR/91676867/VENKAT RAO/HDFC0722665/venkat80@ybl,5200.00,,3479410.21
14/03/2023,14/03/2023,IMPS/P2P/85130712/LATHA MURTHY/8065638880,,11200.00,3490610.21
16/03/2023,15/03/2023,ATM/WDL/9732968509/HDFC ATM KORAMANGALA,5200.00,,3485410.21
16/03/2023,15/03/2023,IMPS/P2P/22527923/SUNIL YADAV/7757131665,,32000.00,3517410.21
15/03/2023,15/03/2023,CASH DEPOSIT/BRANCH COUNTER/BANJARA HILLS HYDERABAD,,11200.00,3528610.21
16/03/2023,16/03/2023,CASH DEPOSIT/BRANCH COUNTER/BANJARA HILLS HYDERABAD,,500.00,3529110.21
17/03/2023,16/03/2023,UPI/DR/58404048/RANJIT SINGH/HDFC0722665/ranjit578@okaxis,249.00,,3528861.21
17/03/2023,16/03/2023,CHQ NO 466122 CLEARING,1250.00,,3527611.21
16/03/2023,16/03/2023,UPI/DR/3985052852/SUSHMA RAO/HDFC0722665/sushma264@paytm,79.00,,3527532.21
16/03/2023,16/03/2023,UPI/DR/741051382771/SURESH NAIR/HDFC0722665/suresh353@okhdfc,1250.00,,3526282.21
16/03/2023,16/03/2023,IMPS/P2P/39098093/MOHAN DAS/8111920657,,11200.00,3537482.21
18/03/2023,17/03/2023,UPI/DR/13263903/SANJANA HEGDE/HDFC0722665/sanjana591@oksbi,1680.00,,3535802.21
17/03/2023,17/03/2023,UPI/DR/2690097740/MEENA IYER/HDFC0722665/meena288@okhdfc,7800.00,,3528002.21
17/03/2023,17/03/2023,IMPS/P2P/0111945305/SHEELA DEVI/7055220131,,7600.00,3535602.21
17/03/2023,17/03/2023,ATM/WDL/539698374156/HDFC ATM KORAMANGALA,999.00,,3534603.21
18/03/2023,18/03/2023,UPI/CR/622907334269/DIVYA MENON/HDFC0722665/divya164@oksbi,,850.00,3535453.21
18/03/2023,18/03/2023,UPI/DR/68201848/RESHMA KHAN/HDFC0722665/reshma738@oksbi,699.00,,3534754.21
19/03/2023,19/03/2023,UPI/DR/12946860/SHEELA DEVI/HDFC0722665/sheela114@ybl,449.00,,3534305.21
20/03/2023,19/03/2023,IMPS/P2P/07063587/GANESH KUMAR/8782835389,,11200.00,3545505.21
20/03/2023,19/03/2023,CHQ NO 808088 CLEARING,5200.00,,3540305.21
20/03/2023,19/03/2023,UPI/DR/13190068/RANJIT SINGH/HDFC0722665/ranjit704@okhdfc,449.00,,3539856.21
19/03/2023,19/03/2023,CHQ NO 292205 CLEARING,49.00,,3539807.21
20/03/2023,20/03/2023,IMPS/P2P/53114690/VIKRAM NAIR/7604009886,,500.00,3540307.21
20/03/2023,20/03/2023,UPI/DR/50413066/RAVI KUMAR SHARMA/HDFC0722665/ravi230@oksbi,3499.00,,3536808.21
21/03/2023,20/03/2023,CASH DEPOSIT/BRANCH COUNTER/BANJARA HILLS HYDERABAD,,18500.00,3555308.21
20/03/2023,20/03/2023,NEFT/4836994139/SANJANA HEGDE/HDFC0722665/85737019683293,249.00,,3555059.21
20/03/2023,20/03/2023,UPI/DR/30305968/VENKAT RAO/HDFC0722665/venkat351@okhdfc,3499.00,,3551560.21
20/03/2023,20/03/2023,ATM/WDL/35377704/SBI ATM JAYANAGAR BLR,449.00,,3551111.21
21/03/2023,20/03/2023,UPI/DR/132312281114/MEENA IYER/HDFC0722665/meena610@paytm,999.00,,3550112.21
21/03/2023,20/03/2023,ATM/WDL/882014870522/SBI ATM JAYANAGAR BLR,120.00,,3549992.21
21/03/2023,21/03/2023,UPI/CR/89069064/TANVI RAO/HDFC0722665/tanvi453@oksbi,,24000.00,3573992.21
21/03/2023,21/03/2023,CHQ NO 256564 CLEARING,310.00,,3573682.21
21/03/2023,21/03/2023,UPI/DR/71869879/SHAHID KHAN/HDFC0722665/shahid900@ybl,79.00,,3573603.21
21/03/2023,21/03/2023,CHQ NO 639395 CLEARING,7800.00,,3565803.21
23/03/2023,22/03/2023,NEFT/602781607174/MEERA PILLAI/HDFC0722665/18350768824426,,850.00,3566653.21
22/03/2023,22/03/2023,NEFT/43016197/KIRAN REDDY/HDFC0722665/54484338110762,5200.00,,3561453.21
23/03/2023,23/03/2023,UPI/DR/76699360/GOPAL VERMA/HDFC0722665/gopal753@oksbi,249.00,,3561204.21
23/03/2023,23/03/2023,UPI/CR/2084732657/MOHAMMED IRFAN/HDFC0722665/mohammed449@ybl,,24000.00,3585204.21
23/03/2023,23/03/2023,UPI/DR/969161889769/NIKHIL GUPTA/HDFC0722665/nikhil559@okaxis,5200.00,,3580004.21
24/03/2023,23/03/2023,ATM/WDL/74795650/HDFC ATM KORAMANGALA,850.00,,3579154.21
23/03/2023,23/03/2023,UPI/DR/918368525594/VENKAT RAO/HDFC0722665/venkat143@paytm,79.00,,3579075.21
24/03/2023,24/03/2023,UPI/DR/550180241292/MOHAN DAS/HDFC0722665/mohan709@ybl,5200.00,,3573875.21
24/03/2023,24/03/2023,CASH DEPOSIT/BRANCH COUNTER/BANJARA HILLS HYDERABAD,,18500.00,3592375.21
26/03/2023,25/03/2023,NEFT/463015856390/SHAHID KHAN/HDFC0722665/49652638087465,,500.00,3592875.21
25/03/2023,25/03/2023,UPI/DR/554120564878/SURESH BABU/HDFC0722665/suresh578@okhdfc,49.00,,3592826.21
26/03/2023,25/03/2023,UPI/DR/55378421/SMITHA PILLAI/HDFC0722665/smitha587@okaxis,249.00,,3592577.21
26/03/2023,25/03/2023,UPI/CR/3997508529/RANJIT SINGH/HDFC0722665/ranjit700@okaxis,,500.00,3593077.21
25/03/2023,25/03/2023,UPI/DR/497340328713/USHA RANI/HDFC0722665/usha545@okaxis,850.00,,3592227.21
26/03/2023,25/03/2023,UPI/DR/66107765/BABU LAL/HDFC0722665/babu893@paytm,310.00,,3591917.21
25/03/2023,25/03/2023,UPI/DR/8363280185/KARTHIK MENON/HDFC0722665/karthik188@okaxis,249.00,,3591668.21
25/03/2023,25/03/2023,CASH DEPOSIT/BRANCH COUNTER/BANJARA HILLS HYDERABAD,,850.00,3592518.21
26/03/2023,25/03/2023,CASH DEPOSIT/BRANCH COUNTER/BANJARA HILLS HYDERABAD,,24000.00,3616518.21
25/03/2023,25/03/2023,ATM/WDL/098214520790/HDFC ATM KORAMANGALA,1250.00,,3615268.21
27/03/2023,26/03/2023,IMPS/P2P/652613497315/RAJESH VERMA/8420686801,,18500.00,3633768.21
27/03/2023,26/03/2023,CASH DEPOSIT/BRANCH COUNTER/BANJARA HILLS HYDERABAD,,2500.00,3636268.21
26/03/2023,26/03/2023,UPI/DR/8029654958/CHANDAN SHARMA/HDFC0722665/chandan438@okaxis,1250.00,,3635018.21
26/03/2023,26/03/2023,NEFT/42540893/RANJIT SINGH/HDFC0722665/73857052273270,79.00,,3634939.21
27/03/2023,27/03/2023,UPI/DR/39445204/KIRAN REDDY/HDFC0722665/kiran280@okaxis,1680.00,,3633259.21
27/03/2023,27/03/2023,ATM/WDL/9640899141/SBI ATM JAYANAGAR BLR,1680.00,,3631579.21
27/03/2023,27/03/2023,ATM/WDL/49241828/SBI ATM JAYANAGAR BLR,3499.00,,3628080.21
27/03/2023,27/03/2023,ATM/WDL/64630814/HDFC ATM KORAMANGALA,7800.00,,3620280.21
28/03/2023,28/03/2023,UPI/CR/06902175/SHAHID KHAN/HDFC0722665/shahid501@okhdfc,,11200.00,3631480.21
28/03/2023,28/03/2023,NEFT/1353381003/VENKAT RAO/HDFC0722665/08049403960043,5200.00,,3626280.21
29/03/2023,29/03/2023,IMPS/P2P/9211408934/VENKAT RAO/7545916536,,500.00,3626780.21
29/03/2023,29/03/2023,UPI/DR/340382736109/NIKHIL GUPTA/HDFC0722665/nikhil959@paytm,449.00,,3626331.21
29/03/2023,29/03/2023,NEFT/653880757761/KAVERI MENON/HDFC0722665/66635020330545,,24000.00,3650331.21
29/03/2023,29/03/2023,UPI/DR/3515916064/VINAY PATIL/HDFC0722665/vinay165@okaxis,699.00,,3649632.21
29/03/2023,29/03/2023,UPI/CR/19818977/PRIYA NAIR/HDFC0722665/priya256@ybl,,2500.00,3652132.21
30/03/2023,30/03/2023,NEFT/0348831998/SHAHID KHAN/HDFC0722665/02660660886984,7800.00,,3644332.21
30/03/2023,30/03/2023,IMPS/P2P/355457019361/MALLIKA DAS/7490957858,,500.00,3644832.21
31/03/2023,30/03/2023,CASH DEPOSIT/BRANCH COUNTER/BANJARA HILLS HYDERABAD,,850.00,3645682.21
31/03/2023,30/03/2023,UPI/DR/9889741014/KAVITHA RAO/HDFC0722665/kavitha232@oksbi,699.00,,3644983.21
30/03/2023,30/03/2023,UPI/DR/27649742/SAVITHA DEVI/HDFC0722665/savitha304@ybl,79.00,,3644904.21
31/03/2023,31/03/2023,UPI/DR/9647295645/GANESH KUMAR/HDFC0722665/ganesh437@paytm,49.00,,3644855.21
31/03/2023,31/03/2023,UPI/CR/588083746241/HARISH MENON/HDFC0722665/harish87@ybl,,24000.00,3668855.21
31/03/2023,31/03/2023,CHQ NO 825958 CLEARING,999.00,,3667856.21
31/03/2023,31/03/2023,NEFT/287138983827/KAVERI MENON/HDFC0722665/05687918602992,1250.00,,3666606.21
31/03/2023,31/03/2023,UPI/DR/35801777/SMITHA PILLAI/HDFC0722665/smitha860@ybl,49.00,,3666557.21
31/03/2023,31/03/2023,NEFT/40706680/MEERA PILLAI/HDFC0722665/97911813519298,,24000.00,3690557.21
31/03/2023,31/03/2023,CHQ NO 745163 CLEARING,999.00,,3689558.21
01/04/2023,31/03/2023,NEFT/3036883649/RANJIT SINGH/HDFC0722665/73287572335722,249.00,,3689309.21
01/04/2023,01/04/2023,CHQ NO 144580 CLEARING,5200.00,,3684109.21
01/04/2023,01/04/2023,CASH DEPOSIT/BRANCH COUNTER/BANJARA HILLS HYDERABAD,,7600.00,3691709.21
02/04/2023,01/04/2023,UPI/CR/54805618/BINDHU NAIR/HDFC0722665/bindhu186@oksbi,,4800.00,3696509.21
01/04/2023,01/04/2023,NEFT/2640070669/LATHA MURTHY/HDFC0722665/92977262839741,999.00,,3695510.21
01/04/2023,01/04/2023,IMPS/P2P/057202911286/VINAY PATIL/7608400389,,7600.00,3703110.21
01/04/2023,01/04/2023,UPI/DR/613768438237/SUNITA DEVI/HDFC0722665/sunita392@okhdfc,999.00,,3702111.21
01/04/2023,01/04/2023,NEFT/7384740586/SUNIL YADAV/HDFC0722665/47001947958878,,4800.00,3706911.21
02/04/2023,01/04/2023,UPI/DR/4481882924/NADIA HUSSAIN/HDFC0722665/nadia777@paytm,699.00,,3706212.21
02/04/2023,01/04/2023,NEFT/067565556083/RANJIT SINGH/HDFC0722665/19268292236775,79.00,,3706133.21
02/04/2023,02/04/2023,NEFT/727988026699/RANJIT SINGH/HDFC0722665/65773218326449,120.00,,3706013.21
03/04/2023,02/04/2023,UPI/DR/311432807706/MEERA PILLAI/HDFC0722665/meera873@paytm,1250.00,,3704763.21
03/04/2023,02/04/2023,UPI/CR/7111364771/VENKAT RAO/HDFC0722665/venkat395@ybl,,2500.00,3707263.21
02/04/2023,02/04/2023,CHQ NO 291065 CLEARING,5200.00,,3702063.21
02/04/2023,02/04/2023,UPI/CR/41399099/RAJESH VERMA/HDFC0722665/rajesh126@paytm,,11200.00,3713263.21
02/04/2023,02/04/2023,UPI/DR/8505815224/MEERA PILLAI/HDFC0722665/meera578@okhdfc,120.00,,3713143.21
02/04/2023,02/04/2023,NEFT/52009581/FARHAN KHAN/HDFC0722665/14717536175728,,2500.00,3715643.21
02/04/2023,02/04/2023,UPI/DR/723529937855/VENKAT RAO/HDFC0722665/venkat56@okaxis,79.00,,3715564.21
03/04/2023,02/04/2023,UPI/DR/08597959/SANTOSH KUMAR/HDFC0722665/santosh618@oksbi,2380.00,,3713184.21
03/04/2023,02/04/2023,UPI/CR/8842252155/TANVI RAO/HDFC0722665/tanvi663@ybl,,1200.00,3714384.21
04/04/2023,03/04/2023,UPI/DR/400762692665/MEENA IYER/HDFC0722665/meena589@okhdfc,7800.00,,3706584.21
04/04/2023,03/04/2023,UPI/DR/608147554691/TANVI RAO/HDFC0722665/tanvi986@okhdfc,2380.00,,3704204.21
03/04/2023,03/04/2023,UPI/CR/7364056864/VIKRAM NAIR/HDFC0722665/vikram155@okaxis,,18500.00,3722704.21
03/04/2023,03/04/2023,UPI/DR/7232905723/MEERA PILLAI/HDFC0722665/meera433@oksbi,5200.00,,3717504.21
03/04/2023,03/04/2023,CASH DEPOSIT/BRANCH COUNTER/BANJARA HILLS HYDERABAD,,850.00,3718354.21
03/04/2023,03/04/2023,NEFT/99738058/SMITHA PILLAI/HDFC0722665/88303649797768,49.00,,3718305.21
03/04/2023,03/04/2023,UPI/DR/3324366319/PRIYA NAIR/HDFC0722665/priya526@paytm,449.00,,3717856.21
03/04/2023,03/04/2023,NEFT/208082063727/GEETA DEVI/HDFC0722665/78600230465482,49.00,,3717807.21
05/04/2023,04/04/2023,CHQ NO 287139 CLEARING,2380.00,,3715427.21
04/04/2023,04/04/2023,CASH DEPOSIT/BRANCH COUNTER/BANJARA HILLS HYDERABAD,,32000.00,3747427.21
04/04/2023,04/04/2023,CHQ NO 159204 CLEARING,79.00,,3747348.21
05/04/2023,05/04/2023,UPI/DR/451024206011/MALLIKA DAS/HDFC0722665/mallika441@paytm,850.00,,3746498.21
06/04/2023,05/04/2023,NEFT/59162123/SURESH NAIR/HDFC0722665/56877120567885,,4800.00,3751298.21
05/04/2023,05/04/2023,CHQ NO 972108 CLEARING,2380.00,,3748918.21
05/04/2023,05/04/2023,UPI/DR/78245283/KAVITHA RAO/HDFC0722665/kavitha920@okhdfc,5200.00,,3743718.21
05/04/2023,05/04/2023,UPI/DR/916363695343/REKHA PILLAI/HDFC0722665/rekha329@okhdfc,5200.00,,3738518.21
06/04/2023,05/04/2023,UPI/DR/814326948606/MEERA PILLAI/HDFC0722665/meera212@paytm,120.00,,3738398.21
05/04/2023,05/04/2023,UPI/DR/4546251366/RAJENDRA PRASAD/HDFC0722665/rajendra879@okhdfc,310.00,,3738088.21
05/04/2023,05/04/2023,UPI/DR/995642352652/DEEPA NAIR/HDFC0722665/deepa66@oksbi,5200.00,,3732888.21
06/04/2023,05/04/2023,UPI/DR/506562654963/SHAHID KHAN/HDFC0722665/shahid606@okaxis,5200.00,,3727688.21
07/04/2023,06/04/2023,CHQ NO 660603 CLEARING,5200.00,,3722488.21
06/04/2023,06/04/2023,IMPS/P2P/4020189278/RAJENDRA PRASAD/7743823945,,1200.00,3723688.21
06/04/2023,06/04/2023,UPI/DR/8445563585/CHANDAN SHARMA/HDFC0722665/chandan595@oksbi,2380.00,,3721308.21
06/04/2023,06/04/2023,ATM/WDL/2068990332/CANARA ATM MYSURU,49.00,,3721259.21
06/04/2023,06/04/2023,UPI/DR/4280337163/ARUN SHARMA/HDFC0722665/arun436@okhdfc,120.00,,3721139.21
07/04/2023,07/04/2023,ATM/WDL/0079137534/HDFC ATM KORAMANGALA,7800.00,,3713339.21
07/04/2023,07/04/2023,IMPS/P2P/56954969/RAMESH PILLAI/8447377545,,4800.00,3718139.21
07/04/2023,07/04/2023,IMPS/P2P/57399495/SMITHA PILLAI/7164903522,,500.00,3718639.21
07/04/2023,07/04/2023,UPI/DR/308568408727/KARTHIK MENON/HDFC0722665/karthik708@okaxis,249.00,,3718390.21
07/04/2023,07/04/2023,UPI/DR/95733102/ANITHA KRISHNAN/HDFC0722665/anitha628@oksbi,310.00,,3718080.21
07/04/2023,07/04/2023,UPI/DR/05704992/DEEPA NAIR/HDFC0722665/deepa89@oksbi,2380.00,,3715700.21
07/04/2023,07/04/2023,UPI/DR/464872487297/RESHMA KHAN/HDFC0722665/reshma436@oksbi,449.00,,3715251.21
08/04/2023,08/04/2023,NEFT/546824785101/PREETHI IYER/HDFC0722665/08043482137303,2380.00,,3712871.21
08/04/2023,08/04/2023,UPI/DR/1226263334/VENKAT RAO/HDFC0722665/venkat603@oksbi,7800.00,,3705071.21
09/04/2023,08/04/2023,CASH DEPOSIT/BRANCH COUNTER/BANJARA HILLS HYDERABAD,,18500.00,3723571.21
08/04/2023,08/04/2023,CHQ NO 962381 CLEARING,120.00,,3723451.21
09/04/2023,08/04/2023,NEFT/946820570914/MEENA IYER/HDFC0722665/83686739497830,310.00,,3723141.21
08/04/2023,08/04/2023,IMPS/P2P/7058265337/LALITHA DEVI/7911676039,,11200.00,3734341.21
08/04/2023,08/04/2023,UPI/CR/765960097583/MOHAN DAS/HDFC0722665/mohan296@okaxis,,32000.00,3766341.21
08/04/2023,08/04/2023,UPI/DR/3326343043/AYESHA KHAN/HDFC0722665/ayesha591@oksbi,850.00,,3765491.21
09/04/2023,09/04/2023,IMPS/P2P/582113934983/SUSHMA RAO/9903234078,,18500.00,3783991.21
09/04/2023,09/04/2023,CHQ NO 487999 CLEARING,850.00,,3783141.21
10/04/2023,09/04/2023,CHQ NO 822851 CLEARING,850.00,,3782291.21
09/04/2023,09/04/2023,CASH DEPOSIT/BRANCH COUNTER/BANJARA HILLS HYDERABAD,,2500.00,3784791.21
09/04/2023,09/04/2023,IMPS/P2P/17190035/REKHA PILLAI/8347342193,,4800.00,3789591.21
09/04/2023,09/04/2023,UPI/CR/93797059/ARUN SHARMA/HDFC0722665/arun987@paytm,,18500.00,3808091.21
09/04/2023,09/04/2023,UPI/CR/0734774139/NILESH KULKARNI/HDFC0722665/nilesh800@okhdfc,,11200.00,3819291.21
10/04/2023,10/04/2023,ATM/WDL/480372516713/HDFC ATM KORAMANGALA,850.00,,3818441.21
10/04/2023,10/04/2023,IMPS/P2P/60789527/NADIA HUSSAIN/8000838176,,32000.00,3850441.21
11/04/2023,10/04/2023,NEFT/15582339/SNEHA PATIL/HDFC0722665/76186895704368,1250.00,,3849191.21
11/04/2023,10/04/2023,UPI/DR/371838564143/LAKSHMI VENKAT/HDFC0722665/lakshmi669@okhdfc,310.00,,3848881.21
10/04/2023,10/04/2023,UPI/DR/4214005745/IMRAN KHAN/HDFC0722665/imran540@ybl,1250.00,,3847631.21
10/04/2023,10/04/2023,NEFT/15940474/LAKSHMI VENKAT/HDFC0722665/91046987271249,,4800.00,3852431.21
10/04/2023,10/04/2023,IMPS/P2P/977370136825/SUNITA DEVI/7272885526,,24000.00,3876431.21
11/04/2023,11/04/2023,NEFT/359597118039/IMRAN KHAN/HDFC0722665/53142133915276,,32000.00,3908431.21
11/04/2023,11/04/2023,ATM/WDL/29626209/SBI ATM JAYANAGAR BLR,1250.00,,3907181.21
11/04/2023,11/04/2023,UPI/DR/747478276648/SUSHMA RAO/HDFC0722665/sushma522@okaxis,449.00,,3906732.21
12/04/2023,11/04/2023,IMPS/P2P/67163306/NIKHIL GUPTA/9317373801,,2500.00,3909232.21
11/04/2023,11/04/2023,UPI/DR/696160888166/IMRAN KHAN/HDFC0722665/imran988@paytm,999.00,,3908233.21
12/04/2023,11/04/2023,CASH DEPOSIT/BRANCH COUNTER/BANJARA HILLS HYDERABAD,,4800.00,3913033.21
11/04/2023,11/04/2023,CHQ NO 029311 CLEARING,79.00,,3912954.21
11/04/2023,11/04/2023,UPI/DR/011241562479/DEEPA NAIR/HDFC0722665/deepa204@ybl,249.00,,3912705.21
12/04/2023,12/04/2023,UPI/DR/7071233147/RAHUL SINGH/HDFC0722665/rahul286@oksbi,1680.00,,3911025.21
12/04/2023,12/04/2023,UPI/CR/584578526954/PREETHI IYER/HDFC0722665/preethi975@okaxis,,500.00,3911525.21
13/04/2023,12/04/2023,ATM/WDL/162742342277/CANARA ATM MYSURU,1680.00,,3909845.21
12/04/2023,12/04/2023,IMPS/P2P/796660128995/CHANDAN SHARMA/7527487621,,850.00,3910695.21
12/04/2023,12/04/2023,UPI/DR/201098109699/CHANDAN SHARMA/HDFC0722665/chandan905@okaxis,79.00,,3910616.21
13/04/2023,13/04/2023,CHQ NO 337055 CLEARING,49.00,,3910567.21
13/04/2023,13/04/2023,NEFT/03606454/KAVITHA RAO/HDFC0722665/66748913109272,850.00,,3909717.21
13/04/2023,13/04/2023,UPI/CR/7379978432/LAKSHMI VENKAT/HDFC0722665/lakshmi648@paytm,,500.00,3910217.21
14/04/2023,14/04/2023,UPI/DR/1014157055/GANESH KUMAR/HDFC0722665/ganesh843@okaxis,310.00,,3909907.21
15/04/2023,14/04/2023,UPI/DR/9599985536/ARUN SHARMA/HDFC0722665/arun98@oksbi,5200.00,,3904707.21
14/04/2023,14/04/2023,CHQ NO 799929 CLEARING,249.00,,3904458.21
15/04/2023,15/04/2023,NEFT/38227449/SMITHA PILLAI/HDFC0722665/59605719540931,699.00,,3903759.21
16/04/2023,15/04/2023,ATM/WDL/56696573/SBI ATM JAYANAGAR BLR,1250.00,,3902509.21
15/04/2023,15/04/2023,UPI/DR/8559386488/REKHA PILLAI/HDFC0722665/rekha11@ybl,249.00,,3902260.21
15/04/2023,15/04/2023,NEFT/9535416455/MALLIKA DAS/HDFC0722665/73589350154884,,18500.00,3920760.21
15/04/2023,15/04/2023,UPI/DR/920545395168/SANTOSH KUMAR/HDFC0722665/santosh642@paytm,850.00,,3919910.21
16/04/2023,15/04/2023,UPI/DR/861042449850/IMRAN KHAN/HDFC0722665/imran624@ybl,120.00,,3919790.21
16/04/2023,15/04/2023,ATM/WDL/1540291364/HDFC ATM KORAMANGALA,7800.00,,3911990.21
16/04/2023,16/04/2023,NEFT/839643645053/RAMESH PILLAI/HDFC0722665/51303752971021,,7600.00,3919590.21
16/04/2023,16/04/2023,CASH DEPOSIT/BRANCH COUNTER/BANJARA HILLS HYDERABAD,,24000.00,3943590.21
16/04/2023,16/04/2023,CHQ NO 720063 CLEARING,1250.00,,3942340.21
18/04/2023,17/04/2023,ATM/WDL/804440459872/CANARA ATM MYSURU,7800.00,,3934540.21
17/04/2023,17/04/2023,UPI/DR/2990404774/LALITHA DEVI/HDFC0722665/lalitha580@okhdfc,3499.00,,3931041.21
17/04/2023,17/04/2023,CHQ NO 467480 CLEARING,249.00,,3930792.21
17/04/2023,17/04/2023,UPI/CR/99768266/TARA SINGH/HDFC0722665/tara936@okaxis,,500.00,3931292.21
17/04/2023,17/04/2023,ATM/WDL/704410358495/HDFC ATM KORAMANGALA,699.00,,3930593.21
17/04/2023,17/04/2023,NEFT/110224351761/RAHUL SINGH/HDFC0722665/29716270223543,,500.00,3931093.21
17/04/2023,17/04/2023,CHQ NO 202960 CLEARING,999.00,,3930094.21
19/04/2023,18/04/2023,NEFT/8811169082/IMRAN KHAN/HDFC0722665/94626464350466,7800.00,,3922294.21
19/04/2023,18/04/2023,NEFT/973279671887/ARUN SHARMA/HDFC0722665/95177821126634,699.00,,3921595.21
18/04/2023,18/04/2023,UPI/DR/5015225002/MEERA PILLAI/HDFC0722665/meera824@okaxis,2380.00,,3919215.21
18/04/2023,18/04/2023,UPI/DR/996363435907/SANTOSH KUMAR/HDFC0722665/santosh933@okaxis,699.00,,3918516.21
18/04/2023,18/04/2023,CASH DEPOSIT/BRANCH COUNTER/BANJARA HILLS HYDERABAD,,18500.00,3937016.21
18/04/2023,18/04/2023,NEFT/067945996370/CHANDAN SHARMA,4800.00,,3932216.21
18/04/2023,18/04/2023,NEFT/90358326/KAVERI MENON/HDFC0722665/13957460580943,3499.00,,3928717.21
18/04/2023,18/04/2023,ATM/WDL/55689912/HDFC ATM KORAMANGALA,1680.00,,3927037.21
19/04/2023,19/04/2023,NEFT/2921326632/GANESH KUMAR/HDFC0722665/88973685059935,,850.00,3927887.21
19/04/2023,19/04/2023,CASH DEPOSIT/BRANCH COUNTER/BANJARA HILLS HYDERABAD,,850.00,3928737.21
20/04/2023,19/04/2023,ATM/WDL/9577285465/CANARA ATM MYSURU,699.00,,3928038.21
19/04/2023,19/04/2023,NEFT/571841950698/GOPAL VERMA/HDFC0722665/99931223013899,,2500.00,3930538.21
19/04/2023,19/04/2023,CASH DEPOSIT/BRANCH COUNTER/BANJARA HILLS HYDERABAD,,2500.00,3933038.21
20/04/2023,19/04/2023,CHQ NO 403636 CLEARING,3499.00,,3929539.21
19/04/2023,19/04/2023,UPI/CR/96605899/SHEELA DEVI/HDFC0722665/sheela812@okaxis,,11200.00,3940739.21
20/04/2023,20/04/2023,CHQ NO 932757 CLEARING,449.00,,3940290.21
20/04/2023,20/04/2023,UPI/DR/65464837/RAHUL SINGH/HDFC0722665/rahul603@paytm,1250.00,,3939040.21
20/04/2023,20/04/2023,NEFT/211103678667/RESHMA KHAN/HDFC0722665/76096404128298,449.00,,3938591.21
20/04/2023,20/04/2023,IMPS/P2P/2636429281/SUNIL YADAV/7542976216,,7600.00,3946191.21
20/04/2023,20/04/2023,REVERSAL-NEFT/PENDING_REV_28134496,,4800.00,3950991.21
21/04/2023,20/04/2023,ATM/WDL/6102827498/SBI ATM JAYANAGAR BLR,7800.00,,3943191.21
21/04/2023,20/04/2023,IMPS/P2P/02016243/SMITHA PILLAI/9433343554,,1200.00,3944391.21
22/04/2023,21/04/2023,UPI/CR/907552582216/KAVERI MENON/HDFC0722665/kaveri690@paytm,,7600.00,3951991.21
23/04/2023,22/04/2023,IMPS/P2P/455409714538/RAJENDRA PRASAD/7208049645,,24000.00,3975991.21
22/04/2023,22/04/2023,CHQ NO 930537 CLEARING,449.00,,3975542.21
22/04/2023,22/04/2023,UPI/DR/96050160/MOHAMMED IRFAN/HDFC0722665/mohammed40@oksbi,249.00,,3975293.21
22/04/2023,22/04/2023,UPI/DR/099955445538/MOHAMMED IRFAN/HDFC0722665/mohammed295@okaxis,7800.00,,3967493.21
22/04/2023,22/04/2023,UPI/DR/6661743659/PADMA RAO/HDFC0722665/padma907@okhdfc,120.00,,3967373.21
22/04/2023,22/04/2023,ATM/WDL/3922629951/CANARA ATM MYSURU,699.00,,3966674.21
23/04/2023,23/04/2023,IMPS/P2P/425342590736/GANESH KUMAR/8377926099,,500.00,3967174.21
23/04/2023,23/04/2023,NEFT/98296836/SHEELA DEVI/HDFC0722665/26577970021036,79.00,,3967095.21
23/04/2023,23/04/2023,CHQ NO 070306 CLEARING,1680.00,,3965415.21
24/04/2023,24/04/2023,UPI/DR/65496951/RAJESH VERMA/HDFC0722665/rajesh346@ybl,449.00,,3964966.21
25/04/2023,25/04/2023,ATM/WDL/9429864597/SBI ATM JAYANAGAR BLR,49.00,,3964917.21
25/04/2023,25/04/2023,CASH DEPOSIT/BRANCH COUNTER/BANJARA HILLS HYDERABAD,,850.00,3965767.21
25/04/2023,25/04/2023,NEFT/10476264/TANVI RAO/HDFC0722665/44954998921349,1250.00,,3964517.21
25/04/2023,25/04/2023,ATM/WDL/744669716222/HDFC ATM KORAMANGALA,5200.00,,3959317.21
25/04/2023,25/04/2023,UPI/CR/28992551/NIKHIL GUPTA/HDFC0722665/nikhil932@paytm,,18500.00,3977817.21
25/04/2023,25/04/2023,IMPS/P2P/785721424165/SHEELA DEVI/8104217090,,1200.00,3979017.21
26/04/2023,26/04/2023,NEFT/636773264423/RAJESH VERMA/HDFC0722665/19170458159170,120.00,,3978897.21
27/04/2023,26/04/2023,ATM/WDL/019961025144/SBI ATM JAYANAGAR BLR,120.00,,3978777.21
26/04/2023,26/04/2023,CASH DEPOSIT/BRANCH COUNTER/BANJARA HILLS HYDERABAD,,500.00,3979277.21
27/04/2023,26/04/2023,UPI/DR/123435112407/FARHAN KHAN/HDFC0722665/farhan181@okhdfc,120.00,,3979157.21
27/04/2023,26/04/2023,NEFT/804122011650/RAJESH VERMA/HDFC0722665/85956821961367,,4800.00,3983957.21
27/04/2023,27/04/2023,CHQ NO 868064 CLEARING,999.00,,3982958.21
27/04/2023,27/04/2023,CASH DEPOSIT/BRANCH COUNTER/BANJARA HILLS HYDERABAD,,7600.00,3990558.21
27/04/2023,27/04/2023,IMPS/P2P/7097996485/PRAKASH RAO/7930144603,,4800.00,3995358.21
28/04/2023,27/04/2023,UPI/CR/33399887/PRIYA NAIR/HDFC0722665/priya274@ybl,,850.00,3996208.21
27/04/2023,27/04/2023,UPI/DR/663206161608/SURESH BABU/HDFC0722665/suresh988@paytm,120.00,,3996088.21
27/04/2023,27/04/2023,NEFT/374484347991/AYESHA KHAN/HDFC0722665/99965505153110,310.00,,3995778.21
28/04/2023,27/04/2023,UPI/DR/094757135029/KAVITHA RAO/HDFC0722665/kavitha112@ybl,850.00,,3994928.21
27/04/2023,27/04/2023,UPI/DR/794961960742/RESHMA KHAN/HDFC0722665/reshma959@okhdfc,310.00,,3994618.21
27/04/2023,27/04/2023,NEFT/52545326/ADITYA KUMAR/HDFC0722665/19883056314828,,4800.00,3999418.21
27/04/2023,27/04/2023,CASH DEPOSIT/BRANCH COUNTER/BANJARA HILLS HYDERABAD,,4800.00,4004218.21
27/04/2023,27/04/2023,UPI/DR/41633692/RAMESH PILLAI/HDFC0722665/ramesh596@oksbi,7800.00,,3996418.21
27/04/2023,27/04/2023,IMPS/P2P/95499623/KARTHIK MENON/7266925525,,11200.00,4007618.21
27/04/2023,27/04/2023,NEFT/68987574/MEERA PILLAI/HDFC0722665/92803940568737,,2500.00,4010118.21
27/04/2023,27/04/2023,CHQ NO 254382 CLEARING,850.00,,4009268.21
27/04/2023,27/04/2023,ATM/WDL/736675097690/CANARA ATM MYSURU,699.00,,4008569.21
28/04/2023,28/04/2023,UPI/DR/956899592683/ARCHANA PILLAI/HDFC0722665/archana756@ybl,449.00,,4008120.21
28/04/2023,28/04/2023,IMPS/P2P/494695975299/ARJUN MEHTA/9205826402,,32000.00,4040120.21
28/04/2023,28/04/2023,UPI/CR/11740314/AYESHA KHAN/HDFC0722665/ayesha193@ybl,,2500.00,4042620.21
29/04/2023,28/04/2023,IMPS/P2P/3078254194/DEEPA NAIR/8433051442,,850.00,4043470.21
29/04/2023,29/04/2023,UPI/DR/54048505/RANJIT SINGH/HDFC0722665/ranjit204@oksbi,249.00,,4043221.21
29/04/2023,29/04/2023,UPI/DR/85484501/VINAY PATIL/HDFC0722665/vinay577@okaxis,449.00,,4042772.21
29/04/2023,29/04/2023,ATM/WDL/98347713/HDFC ATM KORAMANGALA,850.00,,4041922.21
29/04/2023,29/04/2023,UPI/DR/13159618/FATIMA SHEIKH/HDFC0722665/fatima181@oksbi,5200.00,,4036722.21
30/04/2023,30/04/2023,CHQ NO 590898 CLEARING,79.00,,4036643.21
30/04/2023,30/04/2023,NEFT/3132063059/KAVERI MENON/HDFC0722665/62142330619880,,2500.00,4039143.21
30/04/2023,30/04/2023,NEFT/586112774296/RANJIT SINGH/HDFC0722665/82013657805730,79.00,,4039064.21
30/04/2023,30/04/2023,CHQ NO 161143 CLEARING,1680.00,,4037384.21
30/04/2023,30/04/2023,NEFT/343521382188/MEENA IYER/HDFC0722665/67632464632352,,850.00,4038234.21
01/05/2023,30/04/2023,IMPS/P2P/62211096/MEERA PILLAI/9963506557,,2500.00,4040734.21
30/04/2023,30/04/2023,ATM/WDL/3863225294/HDFC ATM KORAMANGALA,1680.00,,4039054.21
02/05/2023,01/05/2023,ATM/WDL/34842282/SBI ATM JAYANAGAR BLR,1250.00,,4037804.21
02/05/2023,01/05/2023,NEFT/486014056336/SHEELA DEVI/HDFC0722665/74987908872462,,850.00,4038654.21
01/05/2023,01/05/2023,UPI/DR/862188165027/SANJANA HEGDE/HDFC0722665/sanjana399@okaxis,310.00,,4038344.21
02/05/2023,01/05/2023,CHQ NO 230992 CLEARING,3499.00,,4034845.21
02/05/2023,02/05/2023,NEFT/1641805821/FARHAN KHAN/HDFC0722665/10732923583800,5200.00,,4029645.21
02/05/2023,02/05/2023,CHQ NO 202048 CLEARING,449.00,,4029196.21
02/05/2023,02/05/2023,CASH DEPOSIT/BRANCH COUNTER/BANJARA HILLS HYDERABAD,,500.00,4029696.21
03/05/2023,02/05/2023,CASH DEPOSIT/BRANCH COUNTER/BANJARA HILLS HYDERABAD,,18500.00,4048196.21
02/05/2023,02/05/2023,NEFT/18661302/SANTOSH KUMAR/HDFC0722665/80432845221891,79.00,,4048117.21
02/05/2023,02/05/2023,NEFT/271319708005/TANVI RAO/HDFC0722665/06434034153071,249.00,,4047868.21
02/05/2023,02/05/2023,IMPS/P2P/1980217343/LATHA MURTHY/8562935519,,850.00,4048718.21
04/05/2023,03/05/2023,CASH DEPOSIT/BRANCH COUNTER/BANJARA HILLS HYDERABAD,,24000.00,4072718.21
03/05/2023,03/05/2023,NEFT/959530801896/REKHA PILLAI/HDFC0722665/93645547217498,,500.00,4073218.21
03/05/2023,03/05/2023,UPI/DR/89988238/PREETHI IYER/HDFC0722665/preethi681@paytm,449.00,,4072769.21
03/05/2023,03/05/2023,CASH DEPOSIT/BRANCH COUNTER/BANJARA HILLS HYDERABAD,,850.00,4073619.21
03/05/2023,03/05/2023,NEFT/2881874585/SANTOSH KUMAR/HDFC0722665/48261176260649,3499.00,,4070120.21
03/05/2023,03/05/2023,UPI/DR/01616837/RANJIT SINGH/HDFC0722665/ranjit769@paytm,1680.00,,4068440.21
03/05/2023,03/05/2023,NEFT/85043046/BINDHU NAIR/HDFC0722665/15208989708369,,4800.00,4073240.21
04/05/2023,03/05/2023,ATM/WDL/1940905180/CANARA ATM MYSURU,449.00,,4072791.21
03/05/2023,03/05/2023,IMPS/P2P/056911259874/NADIA HUSSAIN/9783410716,,18500.00,4091291.21
05/05/2023,04/05/2023,CHQ NO 776897 CLEARING,999.00,,4090292.21
04/05/2023,04/05/2023,CHQ NO 456965 CLEARING,850.00,,4089442.21
04/05/2023,04/05/2023,UPI/DR/24068730/GEETA DEVI/HDFC0722665/geeta349@okhdfc,310.00,,4089132.21
05/05/2023,04/05/2023,ATM/WDL/21564895/CANARA ATM MYSURU,699.00,,4088433.21
05/05/2023,04/05/2023,UPI/DR/1838611677/VENKAT RAO/HDFC0722665/venkat442@okhdfc,5200.00,,4083233.21
05/05/2023,04/05/2023,IMPS/P2P/90102238/PRIYA NAIR/8036741948,,7600.00,4090833.21
06/05/2023,05/05/2023,CASH DEPOSIT/BRANCH COUNTER/BANJARA HILLS HYDERABAD,,32000.00,4122833.21
05/05/2023,05/05/2023,UPI/DR/65583204/PREETHI IYER/HDFC0722665/preethi547@okaxis,5200.00,,4117633.21
06/05/2023,05/05/2023,UPI/DR/2604935065/AYESHA KHAN/HDFC0722665/ayesha452@okhdfc,699.00,,4116934.21
05/05/2023,05/05/2023,UPI/DR/1077773872/ANAND KUMAR/HDFC0722665/anand758@paytm,49.00,,4116885.21
05/05/2023,05/05/2023,UPI/DR/934865122706/RANJIT SINGH/HDFC0722665/ranjit382@ybl,3499.00,,4113386.21
05/05/2023,05/05/2023,ATM/WDL/137589219277/SBI ATM JAYANAGAR BLR,999.00,,4112387.21
06/05/2023,06/05/2023,UPI/DR/20270280/FATIMA SHEIKH/HDFC0722665/fatima295@ybl,249.00,,4112138.21
06/05/2023,06/05/2023,ATM/WDL/9521227812/SBI ATM JAYANAGAR BLR,999.00,,4111139.21
07/05/2023,07/05/2023,UPI/CR/8753120287/FARHAN KHAN/HDFC0722665/farhan298@paytm,,1200.00,4112339.21
07/05/2023,07/05/2023,NEFT/2179060733/SNEHA PATIL/HDFC0722665/69849524348225,1250.00,,4111089.21
07/05/2023,07/05/2023,UPI/CR/2289069904/KAVYA REDDY/HDFC0722665/kavya638@ybl,,1200.00,4112289.21
07/05/2023,07/05/2023,UPI/DR/7753526274/RAVI KUMAR SHARMA/HDFC0722665/ravi464@ybl,1250.00,,4111039.21
07/05/2023,07/05/2023,UPI/DR/4865135974/SANTOSH KUMAR/HDFC0722665/santosh667@ybl,850.00,,4110189.21
07/05/2023,07/05/2023,UPI/DR/5929554569/USHA RANI/HDFC0722665/usha352@okaxis,999.00,,4109190.21
08/05/2023,08/05/2023,ATM/WDL/51234390/CANARA ATM MYSURU,999.00,,4108191.21
08/05/2023,08/05/2023,IMPS/P2P/2593459528/SMITHA PILLAI/7925494212,,4800.00,4112991.21
08/05/2023,08/05/2023,UPI/DR/62843314/NAVEEN KUMAR/HDFC0722665/naveen104@oksbi,249.00,,4112742.21
09/05/2023,08/05/2023,UPI/DR/5151088968/RAHUL SINGH/HDFC0722665/rahul411@ybl,3499.00,,4109243.21
09/05/2023,08/05/2023,CASH DEPOSIT/BRANCH COUNTER/BANJARA HILLS HYDERABAD,,500.00,4109743.21
09/05/2023,09/05/2023,NEFT/598328602579/PRAKASH RAO/HDFC0722665/94338315063501,5200.00,,4104543.21
09/05/2023,09/05/2023,CHQ NO 782875 CLEARING,2380.00,,4102163.21
09/05/2023,09/05/2023,NEFT/097853341853/PRAKASH RAO/HDFC0722665/95382137139133,,18500.00,4120663.21
09/05/2023,09/05/2023,UPI/DR/269362649562/RAVI KUMAR SHARMA/HDFC0722665/ravi946@okaxis,999.00,,4119664.21
10/05/2023,10/05/2023,IMPS/P2P/0854906116/SAVITHA DEVI/7004426949,,11200.00,4130864.21
11/05/2023,10/05/2023,UPI/DR/035441642712/SMITHA PILLAI/HDFC0722665/smitha920@okaxis,249.00,,4130615.21
10/05/2023,10/05/2023,CASH DEPOSIT/BRANCH COUNTER/BANJARA HILLS HYDERABAD,,11200.00,4141815.21
11/05/2023,10/05/2023,CHQ NO 276813 CLEARING,120.00,,4141695.21
10/05/2023,10/05/2023,NEFT/012159322894/MEENA IYER/HDFC0722665/19674257848680,,24000.00,4165695.21
10/05/2023,10/05/2023,UPI/DR/3827119850/RAHUL SINGH/HDFC0722665/rahul678@oksbi,850.00,,4164845.21
10/05/2023,10/05/2023,IMPS/P2P/2682892253/RESHMA KHAN/9593313914,,32000.00,4196845.21
10/05/2023,10/05/2023,CHQ NO 124702 CLEARING,7800.00,,4189045.21
11/05/2023,11/05/2023,ATM/WDL/17839498/SBI ATM JAYANAGAR BLR,310.00,,4188735.21
11/05/2023,11/05/2023,ATM/WDL/173547782157/SBI ATM JAYANAGAR BLR,999.00,,4187736.21
11/05/2023,11/05/2023,UPI/DR/14400492/LALITHA DEVI/HDFC0722665/lalitha173@okhdfc,699.00,,4187037.21
12/05/2023,11/05/2023,NEFT/97496826/SURESH NAIR/HDFC0722665/61213732502688,,2500.00,4189537.21
12/05/2023,12/05/2023,UPI/DR/1781341273/VIKRAM NAIR/HDFC0722665/vikram619@oksbi,3499.00,,4186038.21
12/05/2023,12/05/2023,ATM/WDL/3806206878/HDFC ATM KORAMANGALA,79.00,,4185959.21
12/05/2023,12/05/2023,CHQ NO 872171 CLEARING,3499.00,,4182460.21
12/05/2023,12/05/2023,CHQ NO 805086 CLEARING,49.00,,4182411.21
14/05/2023,13/05/2023,CASH DEPOSIT/BRANCH COUNTER/BANJARA HILLS HYDERABAD,,7600.00,4190011.21
14/05/2023,13/05/2023,CHQ NO 986641 CLEARING,249.00,,4189762.21
13/05/2023,13/05/2023,CHQ NO 998436 CLEARING,699.00,,4189063.21
14/05/2023,14/05/2023,CHQ NO 930356 CLEARING,120.00,,4188943.21
14/05/2023,14/05/2023,IMPS/P2P/30038174/ARUN SHARMA/8761505975,,11200.00,4200143.21
14/05/2023,14/05/2023,IMPS/P2P/269318077350/RAJENDRA PRASAD/8039221619,,2500.00,4202643.21
14/05/2023,14/05/2023,UPI/DR/410071194800/GEETA DEVI/HDFC0722665/geeta774@oksbi,7800.00,,4194843.21
15/05/2023,15/05/2023,CHQ NO 184053 CLEARING,49.00,,4194794.21
15/05/2023,15/05/2023,UPI/DR/666777715988/FARHAN KHAN/HDFC0722665/farhan40@ybl,7800.00,,4186994.21
16/05/2023,15/05/2023,CHQ NO 311848 CLEARING,2380.00,,4184614.21
16/05/2023,15/05/2023,UPI/DR/76093729/LALITHA DEVI/HDFC0722665/lalitha991@okaxis,999.00,,4183615.21
15/05/2023,15/05/2023,IMPS/P2P/507866301125/KAVYA REDDY/9641619014,,11200.00,4194815.21
15/05/2023,15/05/2023,UPI/DR/71684433/VENKAT RAO/HDFC0722665/venkat835@paytm,1250.00,,4193565.21
17/05/2023,16/05/2023,CHQ NO 395735 CLEARING,7800.00,,4185765.21
16/05/2023,16/05/2023,ATM/WDL/13579706/HDFC ATM KORAMANGALA,310.00,,4185455.21
16/05/2023,16/05/2023,NEFT/4831038938/SNEHA PATIL/HDFC0722665/54356847007681,850.00,,4184605.21
16/05/2023,16/05/2023,IMPS/P2P/777911919047/SHEELA DEVI/9980631139,,7600.00,4192205.21
16/05/2023,16/05/2023,ATM/WDL/18036367/SBI ATM JAYANAGAR BLR,310.00,,4191895.21
16/05/2023,16/05/2023,NEFT/8602344417/MALLIKA DAS/HDFC0722665/92122580164593,1250.00,,4190645.21
17/05/2023,17/05/2023,NEFT/9764677562/NAVEEN KUMAR/HDFC0722665/25160556224075,850.00,,4189795.21
17/05/2023,17/05/2023,NEFT/9753821310/SANTOSH KUMAR/HDFC0722665/13295325059085,,32000.00,4221795.21
18/05/2023,17/05/2023,NEFT/559318838170/ANITHA KRISHNAN/HDFC0722665/87823877588020,,4800.00,4226595.21
18/05/2023,17/05/2023,IMPS/P2P/177919319777/RAMESH GOWDA/8603688810,,500.00,4227095.21
17/05/2023,17/05/2023,NEFT/337356482891/VINAY PATIL/HDFC0722665/12794235635910,7800.00,,4219295.21
17/05/2023,17/05/2023,NEFT/06143762/GANESH KUMAR/HDFC0722665/25638966327698,,500.00,4219795.21
18/05/2023,17/05/2023,CASH DEPOSIT/BRANCH COUNTER/BANJARA HILLS HYDERABAD,,4800.00,4224595.21
18/05/2023,18/05/2023,ATM/WDL/475702258924/HDFC ATM KORAMANGALA,699.00,,4223896.21
19/05/2023,18/05/2023,ATM/WDL/393317570067/CANARA ATM MYSURU,449.00,,4223447.21
18/05/2023,18/05/2023,ATM/WDL/47690876/HDFC ATM KORAMANGALA,5200.00,,4218247.21
19/05/2023,19/05/2023,NEFT/303241112443/LAKSHMI VENKAT/HDFC0722665/82348531712399,699.00,,4217548.21
20/05/2023,19/05/2023,NEFT/711602409902/DEEPAK JOSHI/HDFC0722665/48786303340546,,850.00,4218398.21
19/05/2023,19/05/2023,NEFT/636438522414/ADITYA KUMAR/HDFC0722665/04846233668104,120.00,,4218278.21
20/05/2023,19/05/2023,UPI/DR/74905555/SURESH NAIR/HDFC0722665/suresh963@okaxis,449.00,,4217829.21
20/05/2023,20/05/2023,ATM/WDL/88967181/CANARA ATM MYSURU,7800.00,,4210029.21
20/05/2023,20/05/2023,NEFT/275349164226/MOHAN DAS/HDFC0722665/10914442276324,,2500.00,4212529.21
20/05/2023,20/05/2023,UPI/DR/709957992485/USHA RANI/HDFC0722665/usha298@paytm,310.00,,4212219.21
21/05/2023,20/05/2023,IMPS/P2P/465191874544/SNEHA PATIL/7291223583,,11200.00,4223419.21
20/05/2023,20/05/2023,UPI/DR/667826688589/SUSHMA RAO/HDFC0722665/sushma412@okaxis,1680.00,,4221739.21
20/05/2023,20/05/2023,UPI/DR/175899626683/RAVI KUMAR SHARMA/HDFC0722665/ravi288@okaxis,699.00,,4221040.21
20/05/2023,20/05/2023,NEFT/604566390640/RAJESH VERMA/HDFC0722665/84900658021939,5200.00,,4215840.21
21/05/2023,21/05/2023,NEFT/0106467129/POOJA SHARMA/HDFC0722665/37768803616856,79.00,,4215761.21
22/05/2023,21/05/2023,UPI/DR/6354493847/KIRAN REDDY/HDFC0722665/kiran291@oksbi,3499.00,,4212262.21
21/05/2023,21/05/2023,CHQ NO 657492 CLEARING,79.00,,4212183.21
21/05/2023,21/05/2023,UPI/DR/925618288374/RAVI KUMAR SHARMA/HDFC0722665/ravi264@paytm,2380.00,,4209803.21
21/05/2023,21/05/2023,ATM/WDL/5886584449/CANARA ATM MYSURU,310.00,,4209493.21
21/05/2023,21/05/2023,NEFT/023620685443/PRAKASH RAO/HDFC0722665/27892791863366,,7600.00,4217093.21
22/05/2023,22/05/2023,IMPS/P2P/737680408556/VIKRAM NAIR/9685471449,,850.00,4217943.21
22/05/2023,22/05/2023,CHQ NO 937579 CLEARING,999.00,,4216944.21
22/05/2023,22/05/2023,NEFT/191635080135/NADIA HUSSAIN/HDFC0722665/71940722813270,,2500.00,4219444.21
22/05/2023,22/05/2023,ATM/WDL/092618726959/CANARA ATM MYSURU,49.00,,4219395.21
23/05/2023,23/05/2023,ATM/WDL/7932192331/SBI ATM JAYANAGAR BLR,49.00,,4219346.21
23/05/2023,23/05/2023,CHQ NO 256333 CLEARING,249.00,,4219097.21
23/05/2023,23/05/2023,UPI/DR/9408345883/KIRAN REDDY/HDFC0722665/kiran926@paytm,120.00,,4218977.21
24/05/2023,23/05/2023,UPI/DR/9783662784/PRIYA NAIR/HDFC0722665/priya811@okhdfc,49.00,,4218928.21
24/05/2023,24/05/2023,NEFT/629468554760/FARHAN KHAN/HDFC0722665/73998202969966,,32000.00,4250928.21
24/05/2023,24/05/2023,NEFT/6370953868/RAMESH PILLAI/HDFC0722665/95058136020686,120.00,,4250808.21
25/05/2023,24/05/2023,UPI/CR/956311911956/MOHAMMED IRFAN/HDFC0722665/mohammed777@oksbi,,4800.00,4255608.21
24/05/2023,24/05/2023,IMPS/P2P/666152199005/USHA RANI/9754687266,,850.00,4256458.21
24/05/2023,24/05/2023,UPI/CR/69949018/MEERA PILLAI/HDFC0722665/meera383@oksbi,,7600.00,4264058.21
25/05/2023,24/05/2023,CASH DEPOSIT/BRANCH COUNTER/BANJARA HILLS HYDERABAD,,4800.00,4268858.21
24/05/2023,24/05/2023,UPI/CR/4980842786/SANJANA HEGDE/HDFC0722665/sanjana380@okhdfc,,850.00,4269708.21
24/05/2023,24/05/2023,UPI/DR/6145456899/ANAND KUMAR/HDFC0722665/anand821@oksbi,1680.00,,4268028.21
25/05/2023,24/05/2023,CHQ NO 075394 CLEARING,79.00,,4267949.21
25/05/2023,25/05/2023,UPI/DR/48244682/AYESHA KHAN/HDFC0722665/ayesha696@okaxis,310.00,,4267639.21
25/05/2023,25/05/2023,NEFT/729400428672/ROHIT SHARMA/HDFC0722665/16055097239307,,11200.00,4278839.21
26/05/2023,25/05/2023,UPI/DR/720966643837/RAHUL SINGH/HDFC0722665/rahul557@oksbi,7800.00,,4271039.21
26/05/2023,25/05/2023,UPI/DR/6518682905/KAVYA REDDY/HDFC0722665/kavya207@okaxis,3499.00,,4267540.21
25/05/2023,25/05/2023,IMPS/P2P/3961454706/USHA RANI/9424763075,,1200.00,4268740.21
27/05/2023,26/05/2023,NEFT/9011702149/PADMA RAO/HDFC0722665/89188627164194,999.00,,4267741.21
26/05/2023,26/05/2023,UPI/DR/06473828/REKHA PILLAI/HDFC0722665/rekha881@okhdfc,310.00,,4267431.21
26/05/2023,26/05/2023,UPI/DR/351009343878/TARA SINGH/HDFC0722665/tara550@oksbi,5200.00,,4262231.21
27/05/2023,27/05/2023,NEFT/74452851/REKHA PILLAI/HDFC0722665/26890172387735,2380.00,,4259851.21
27/05/2023,27/05/2023,UPI/CR/750680747108/PADMA RAO/HDFC0722665/padma303@okhdfc,,4800.00,4264651.21
27/05/2023,27/05/2023,NEFT/539943441698/KAVERI MENON/HDFC0722665/76546058002535,49.00,,4264602.21
27/05/2023,27/05/2023,UPI/DR/822445877927/DIVYA MENON/HDFC0722665/divya302@oksbi,79.00,,4264523.21
27/05/2023,27/05/2023,NEFT/4052173906/RAJESH VERMA/HDFC0722665/22950494329714,5200.00,,4259323.21
27/05/2023,27/05/2023,NEFT/01774784/PRIYA NAIR/HDFC0722665/95495152113685,449.00,,4258874.21
28/05/2023,28/05/2023,UPI/CR/110386868194/RAJENDRA PRASAD/HDFC0722665/rajendra933@oksbi,,11200.00,4270074.21
28/05/2023,28/05/2023,NEFT/66481826/POOJA SHARMA/HDFC0722665/82172847165984,1250.00,,4268824.21
28/05/2023,28/05/2023,UPI/DR/73959241/HARISH MENON/HDFC0722665/harish977@okaxis,699.00,,4268125.21
29/05/2023,29/05/2023,ATM/WDL/528970706679/SBI ATM JAYANAGAR BLR,999.00,,4267126.21
29/05/2023,29/05/2023,ATM/WDL/1466579485/HDFC ATM KORAMANGALA,5200.00,,4261926.21
29/05/2023,29/05/2023,UPI/DR/2211191652/KIRAN REDDY/HDFC0722665/kiran313@ybl,5200.00,,4256726.21
30/05/2023,30/05/2023,UPI/DR/404017876286/SUNITA DEVI/HDFC0722665/sunita703@okaxis,79.00,,4256647.21
30/05/2023,30/05/2023,UPI/DR/21508030/GANESH KUMAR/HDFC0722665/ganesh50@okhdfc,3499.00,,4253148.21
30/05/2023,30/05/2023,UPI/DR/4184813492/BINDHU NAIR/HDFC0722665/bindhu324@ybl,79.00,,4253069.21
30/05/2023,30/05/2023,UPI/DR/6445565139/ROHIT SHARMA/HDFC0722665/rohit48@paytm,3499.00,,4249570.21
30/05/2023,30/05/2023,UPI/DR/0676483468/MOHAN DAS/HDFC0722665/mohan411@ybl,7800.00,,4241770.21
30/05/2023,30/05/2023,CASH DEPOSIT/BRANCH COUNTER/BANJARA HILLS HYDERABAD,,850.00,4242620.21
30/05/2023,30/05/2023,NEFT/0539772096/BINDHU NAIR/HDFC0722665/21538543750489,79.00,,4242541.21
30/05/2023,30/05/2023,ATM/WDL/80767541/SBI ATM JAYANAGAR BLR,449.00,,4242092.21
30/05/2023,30/05/2023,UPI/DR/9286623154/LATHA MURTHY/HDFC0722665/latha227@paytm,249.00,,4241843.21
31/05/2023,31/05/2023,ATM/WDL/9944148442/CANARA ATM MYSURU,5200.00,,4236643.21
31/05/2023,31/05/2023,IMPS/P2P/3859569129/SANTOSH KUMAR/8643382810,,24000.00,4260643.21
31/05/2023,31/05/2023,CASH DEPOSIT/BRANCH COUNTER/BANJARA HILLS HYDERABAD,,11200.00,4271843.21
31/05/2023,31/05/2023,CHQ NO 683493 CLEARING,850.00,,4270993.21
01/06/2023,01/06/2023,UPI/DR/892571173462/VINAY PATIL/HDFC0722665/vinay490@okaxis,1680.00,,4269313.21
02/06/2023,01/06/2023,CASH DEPOSIT/BRANCH COUNTER/BANJARA HILLS HYDERABAD,,1200.00,4270513.21
01/06/2023,01/06/2023,CHQ NO 160593 CLEARING,3499.00,,4267014.21
01/06/2023,01/06/2023,CASH DEPOSIT/BRANCH COUNTER/BANJARA HILLS HYDERABAD,,11200.00,4278214.21
01/06/2023,01/06/2023,UPI/CR/17079762/KARTHIK MENON/HDFC0722665/karthik17@oksbi,,4800.00,4283014.21
02/06/2023,02/06/2023,UPI/CR/02837153/KAVERI MENON/HDFC0722665/kaveri692@ybl,,850.00,4283864.21
03/06/2023,02/06/2023,NEFT/632391334069/ROHIT SHARMA/HDFC0722665/71570509219333,7800.00,,4276064.21
03/06/2023,03/06/2023,UPI/CR/6804248033/VENKAT RAO/HDFC0722665/venkat273@ybl,,24000.00,4300064.21
04/06/2023,03/06/2023,UPI/DR/5199538346/TANVI RAO/HDFC0722665/tanvi260@paytm,1680.00,,4298384.21
03/06/2023,03/06/2023,NEFT/53109641/SUSHMA RAO/HDFC0722665/87727585330099,,4800.00,4303184.21
03/06/2023,03/06/2023,UPI/DR/649530064252/GOPAL VERMA/HDFC0722665/gopal856@okaxis,1250.00,,4301934.21
04/06/2023,03/06/2023,CASH DEPOSIT/BRANCH COUNTER/BANJARA HILLS HYDERABAD,,2500.00,4304434.21
04/06/2023,03/06/2023,NEFT/862657517592/ANAND KUMAR/HDFC0722665/34160505910012,79.00,,4304355.21
05/06/2023,04/06/2023,UPI/DR/4837082986/TANVI RAO/HDFC0722665/tanvi582@okhdfc,249.00,,4304106.21
04/06/2023,04/06/2023,UPI/CR/66394219/PREETHI IYER/HDFC0722665/preethi124@paytm,,850.00,4304956.21
04/06/2023,04/06/2023,UPI/CR/9451755332/SURESH BABU/HDFC0722665/suresh398@okhdfc,,32000.00,4336956.21
04/06/2023,04/06/2023,UPI/DR/134622283516/FARHAN KHAN/HDFC0722665/farhan148@ybl,120.00,,4336836.21
05/06/2023,05/06/2023,UPI/CR/171421022305/RAVI KUMAR SHARMA/HDFC0722665/ravi665@okhdfc,,4800.00,4341636.21
06/06/2023,05/06/2023,NEFT/1470903597/SANTOSH KUMAR/HDFC0722665/45659596872330,,32000.00,4373636.21
05/06/2023,05/06/2023,UPI/DR/48712345/BINDHU NAIR/HDFC0722665/bindhu751@paytm,249.00,,4373387.21
06/06/2023,05/06/2023,ATM/WDL/2398067124/SBI ATM JAYANAGAR BLR,49.00,,4373338.21
07/06/2023,06/06/2023,CHQ NO 311431 CLEARING,249.00,,4373089.21
07/06/2023,06/06/2023,UPI/CR/525331431977/IMRAN KHAN/HDFC0722665/imran913@ybl,,32000.00,4405089.21
06/06/2023,06/06/2023,NEFT/818455630539/RAMESH GOWDA/HDFC0722665/26614201529876,,850.00,4405939.21
06/06/2023,06/06/2023,ATM/WDL/184432134105/HDFC ATM KORAMANGALA,310.00,,4405629.21
06/06/2023,06/06/2023,ATM/WDL/05872253/HDFC ATM KORAMANGALA,999.00,,4404630.21
06/06/2023,06/06/2023,CHQ NO 611300 CLEARING,850.00,,4403780.21
07/06/2023,06/06/2023,UPI/CR/0056416024/RAJENDRA PRASAD/HDFC0722665/rajendra987@oksbi,,850.00,4404630.21
07/06/2023,07/06/2023,ATM/WDL/454296601858/HDFC ATM KORAMANGALA,2380.00,,4402250.21
07/06/2023,07/06/2023,CHQ NO 613697 CLEARING,699.00,,4401551.21
07/06/2023,07/06/2023,UPI/CR/836679765780/RAVI KUMAR SHARMA/HDFC0722665/ravi796@okaxis,,32000.00,4433551.21
07/06/2023,07/06/2023,UPI/CR/9842513889/MOHAMMED IRFAN/HDFC0722665/mohammed253@oksbi,,2500.00,4436051.21
09/06/2023,08/06/2023,UPI/DR/899371315247/SNEHA PATIL/HDFC0722665/sneha562@okaxis,850.00,,4435201.21
08/06/2023,08/06/2023,CHQ NO 259193 CLEARING,699.00,,4434502.21
08/06/2023,08/06/2023,CASH DEPOSIT/BRANCH COUNTER/BANJARA HILLS HYDERABAD,,4800.00,4439302.21
08/06/2023,08/06/2023,IMPS/P2P/45047332/USHA RANI/7609594641,,850.00,4440152.21
08/06/2023,08/06/2023,UPI/CR/8927000375/HARISH MENON/HDFC0722665/harish567@okhdfc,,24000.00,4464152.21
08/06/2023,08/06/2023,UPI/DR/2605064467/NADIA HUSSAIN/HDFC0722665/nadia669@okaxis,2380.00,,4461772.21
10/06/2023,09/06/2023,NEFT/58527209/SURESH BABU/HDFC0722665/87694391680467,3499.00,,4458273.21
09/06/2023,09/06/2023,ATM/WDL/655693230273/SBI ATM JAYANAGAR BLR,699.00,,4457574.21
10/06/2023,09/06/2023,NEFT/013255564508/RAMESH GOWDA/HDFC0722665/82715126070745,699.00,,4456875.21
11/06/2023,10/06/2023,UPI/DR/8899078765/VINAY PATIL/HDFC0722665/vinay870@oksbi,5200.00,,4451675.21
11/06/2023,10/06/2023,CASH DEPOSIT/BRANCH COUNTER/BANJARA HILLS HYDERABAD,,2500.00,4454175.21
10/06/2023,10/06/2023,ATM/WDL/393903067772/HDFC ATM KORAMANGALA,999.00,,4453176.21
10/06/2023,10/06/2023,CASH DEPOSIT/BRANCH COUNTER/BANJARA HILLS HYDERABAD,,11200.00,4464376.21
10/06/2023,10/06/2023,UPI/DR/7732291127/MEENA IYER/HDFC0722665/meena781@oksbi,120.00,,4464256.21
11/06/2023,11/06/2023,CASH DEPOSIT/BRANCH COUNTER/BANJARA HILLS HYDERABAD,,500.00,4464756.21
11/06/2023,11/06/2023,ATM/WDL/905767323864/SBI ATM JAYANAGAR BLR,5200.00,,4459556.21
11/06/2023,11/06/2023,IMPS/P2P/441181248102/RAHUL SINGH/9213081934,,32000.00,4491556.21
11/06/2023,11/06/2023,UPI/CR/4912576044/GOPAL VERMA/HDFC0722665/gopal642@okaxis,,32000.00,4523556.21
11/06/2023,11/06/2023,UPI/DR/98292368/DIVYA MENON/HDFC0722665/divya394@okaxis,449.00,,4523107.21
11/06/2023,11/06/2023,IMPS/P2P/2692810396/SHAHID KHAN/7335030082,,7600.00,4530707.21
12/06/2023,12/06/2023,IMPS/P2P/480813061937/RANJIT SINGH/7981175002,,7600.00,4538307.21
12/06/2023,12/06/2023,NEFT/76655459/ARUN SHARMA/HDFC0722665/38883110502430,2380.00,,4535927.21
12/06/2023,12/06/2023,UPI/DR/7500748908/SUNIL YADAV/HDFC0722665/sunil566@okhdfc,3499.00,,4532428.21
13/06/2023,12/06/2023,CASH DEPOSIT/BRANCH COUNTER/BANJARA HILLS HYDERABAD,,500.00,4532928.21
12/06/2023,12/06/2023,UPI/DR/1291754423/RAJENDRA PRASAD/HDFC0722665/rajendra314@paytm,1250.00,,4531678.21
12/06/2023,12/06/2023,ATM/WDL/723129924358/HDFC ATM KORAMANGALA,850.00,,4530828.21
13/06/2023,13/06/2023,UPI/DR/281631327153/USHA RANI/HDFC0722665/usha357@oksbi,49.00,,4530779.21
14/06/2023,13/06/2023,NEFT/50505862/RAHUL SINGH/HDFC0722665/23314148150747,,500.00,4531279.21
15/06/2023,14/06/2023,UPI/DR/661745187042/RESHMA KHAN/HDFC0722665/reshma944@paytm,2380.00,,4528899.21
15/06/2023,14/06/2023,UPI/CR/91661958/RAMESH PILLAI/HDFC0722665/ramesh849@oksbi,,4800.00,4533699.21
14/06/2023,14/06/2023,UPI/DR/954571015706/SANTOSH KUMAR/HDFC0722665/santosh362@okhdfc,310.00,,4533389.21
14/06/2023,14/06/2023,UPI/DR/9074381071/IMRAN KHAN/HDFC0722665/imran291@paytm,120.00,,4533269.21
14/06/2023,14/06/2023,IMPS/P2P/25926122/SNEHA PATIL/7577910731,,18500.00,4551769.21
15/06/2023,15/06/2023,CHQ NO 387333 CLEARING,120.00,,4551649.21
15/06/2023,15/06/2023,CASH DEPOSIT/BRANCH COUNTER/BANJARA HILLS HYDERABAD,,11200.00,4562849.21
15/06/2023,15/06/2023,UPI/DR/83519485/DEEPAK JOSHI/HDFC0722665/deepak201@oksbi,3499.00,,4559350.21
15/06/2023,15/06/2023,IMPS/P2P/107253673499/NAVEEN KUMAR/8061000297,,1200.00,4560550.21
15/06/2023,15/06/2023,CASH DEPOSIT/BRANCH COUNTER/BANJARA HILLS HYDERABAD,,2500.00,4563050.21
16/06/2023,16/06/2023,NEFT/828681206361/KAVYA REDDY/HDFC0722665/77740926037177,1680.00,,4561370.21
17/06/2023,16/06/2023,CHQ NO 342436 CLEARING,7800.00,,4553570.21
17/06/2023,16/06/2023,CASH DEPOSIT/BRANCH COUNTER/BANJARA HILLS HYDERABAD,,32000.00,4585570.21
17/06/2023,17/06/2023,IMPS/P2P/60185593/SUSHMA RAO/9769311765,,2500.00,4588070.21
17/06/2023,17/06/2023,CHQ NO 470544 CLEARING,699.00,,4587371.21
18/06/2023,17/06/2023,UPI/CR/9679486147/KARTHIK MENON/HDFC0722665/karthik746@oksbi,,4800.00,4592171.21
18/06/2023,18/06/2023,NEFT/2544531808/ANITHA KRISHNAN/HDFC0722665/70483135147963,79.00,,4592092.21
19/06/2023,18/06/2023,NEFT/73612386/PRAKASH RAO/HDFC0722665/02267721568498,5200.00,,4586892.21
18/06/2023,18/06/2023,IMPS/P2P/3970777798/SHEELA DEVI/9584360980,,500.00,4587392.21
18/06/2023,18/06/2023,UPI/DR/49935728/SHAHID KHAN/HDFC0722665/shahid653@okaxis,7800.00,,4579592.21
19/06/2023,18/06/2023,ATM/WDL/647684150615/SBI ATM JAYANAGAR BLR,79.00,,4579513.21
18/06/2023,18/06/2023,NEFT/8124788589/LATHA MURTHY/HDFC0722665/93685979023300,,24000.00,4603513.21
18/06/2023,18/06/2023,UPI/DR/6236781358/LALITHA DEVI/HDFC0722665/lalitha120@okhdfc,120.00,,4603393.21
19/06/2023,19/06/2023,UPI/DR/38668886/DIVYA MENON/HDFC0722665/divya119@oksbi,79.00,,4603314.21
19/06/2023,19/06/2023,IMPS/P2P/9967862551/NAVEEN KUMAR/9652614225,,32000.00,4635314.21
20/06/2023,19/06/2023,NEFT/93090465/DEEPA NAIR/HDFC0722665/62464175815156,449.00,,4634865.21
19/06/2023,19/06/2023,IMPS/P2P/38979525/SHEELA DEVI/8167534662,,18500.00,4653365.21
20/06/2023,20/06/2023,ATM/WDL/4265943584/CANARA ATM MYSURU,699.00,,4652666.21
20/06/2023,20/06/2023,UPI/DR/647718194290/RAVI KUMAR SHARMA/HDFC0722665/ravi651@okaxis,7800.00,,4644866.21
20/06/2023,20/06/2023,UPI/CR/07080859/GOPAL VERMA/HDFC0722665/gopal874@okhdfc,,7600.00,4652466.21
21/06/2023,21/06/2023,CASH DEPOSIT/BRANCH COUNTER/BANJARA HILLS HYDERABAD,,11200.00,4663666.21
22/06/2023,21/06/2023,UPI/DR/53307511/GANESH KUMAR/HDFC0722665/ganesh619@paytm,2380.00,,4661286.21
21/06/2023,21/06/2023,CASH DEPOSIT/BRANCH COUNTER/BANJARA HILLS HYDERABAD,,11200.00,4672486.21
21/06/2023,21/06/2023,UPI/CR/59324643/KARTHIK MENON/HDFC0722665/karthik350@okhdfc,,2500.00,4674986.21
21/06/2023,21/06/2023,UPI/DR/34431807/BINDHU NAIR/HDFC0722665/bindhu816@paytm,249.00,,4674737.21
21/06/2023,21/06/2023,NEFT/4056950577/GEETA DEVI/HDFC0722665/10876761670959,,18500.00,4693237.21
21/06/2023,21/06/2023,IMPS/P2P/3283538084/GEETA DEVI/8259769965,,18500.00,4711737.21
21/06/2023,21/06/2023,CHQ NO 142427 CLEARING,7800.00,,4703937.21
22/06/2023,21/06/2023,CASH DEPOSIT/BRANCH COUNTER/BANJARA HILLS HYDERABAD,,24000.00,4727937.21
23/06/2023,22/06/2023,IMPS/P2P/8619284456/HARISH MENON/8455755284,,11200.00,4739137.21
22/06/2023,22/06/2023,ATM/WDL/681314179177/CANARA ATM MYSURU,49.00,,4739088.21
23/06/2023,22/06/2023,UPI/DR/0771827076/KARTHIK MENON/HDFC0722665/karthik910@ybl,850.00,,4738238.21
22/06/2023,22/06/2023,UPI/DR/7883641553/SUNITA DEVI/HDFC0722665/sunita606@oksbi,249.00,,4737989.21
22/06/2023,22/06/2023,ATM/WDL/778036427695/HDFC ATM KORAMANGALA,1250.00,,4736739.21
23/06/2023,22/06/2023,UPI/DR/747500080643/RAMESH PILLAI/HDFC0722665/ramesh500@okhdfc,699.00,,4736040.21
24/06/2023,23/06/2023,ATM/WDL/67454033/HDFC ATM KORAMANGALA,49.00,,4735991.21
23/06/2023,23/06/2023,CHQ NO 806775 CLEARING,3499.00,,4732492.21
24/06/2023,23/06/2023,UPI/DR/848996354843/SAVITHA DEVI/HDFC0722665/savitha535@ybl,2380.00,,4730112.21
23/06/2023,23/06/2023,IMPS/P2P/599848243530/ARCHANA PILLAI/8852683641,,11200.00,4741312.21
23/06/2023,23/06/2023,UPI/DR/159333776084/RAVI KUMAR SHARMA/HDFC0722665/ravi609@okhdfc,120.00,,4741192.21
24/06/2023,24/06/2023,ATM/WDL/8707284577/SBI ATM JAYANAGAR BLR,79.00,,4741113.21
26/06/2023,25/06/2023,UPI/DR/896418209364/LATHA MURTHY/HDFC0722665/latha309@oksbi,850.00,,4740263.21
25/06/2023,25/06/2023,UPI/DR/130860482918/DEEPA NAIR/HDFC0722665/deepa63@oksbi,7800.00,,4732463.21
26/06/2023,25/06/2023,NEFT/80095568/DEEPAK JOSHI/HDFC0722665/06818359667562,,500.00,4732963.21
25/06/2023,25/06/2023,NEFT/914374753159/CHANDAN SHARMA/HDFC0722665/59978628463220,,32000.00,4764963.21
26/06/2023,25/06/2023,UPI/DR/4325034130/NAVEEN KUMAR/HDFC0722665/naveen933@okaxis,79.00,,4764884.21
26/06/2023,25/06/2023,CHQ NO 435266 CLEARING,120.00,,4764764.21
27/06/2023,26/06/2023,NEFT/086307074330/ANAND KUMAR/HDFC0722665/11628563573518,,11200.00,4775964.21
26/06/2023,26/06/2023,NEFT/7871602528/BABU LAL/HDFC0722665/84301011308718,999.00,,4774965.21
27/06/2023,26/06/2023,NEFT/219545411996/SAVITHA DEVI/HDFC0722665/55994296501672,,18500.00,4793465.21
26/06/2023,26/06/2023,CHQ NO 183274 CLEARING,79.00,,4793386.21
26/06/2023,26/06/2023,UPI/DR/7821313269/HARISH MENON/HDFC0722665/harish88@paytm,1680.00,,4791706.21
26/06/2023,26/06/2023,NEFT/419219163184/RAVI KUMAR SHARMA/HDFC0722665/10173019916552,3499.00,,4788207.21
26/06/2023,26/06/2023,NEFT/653390683791/PRAKASH RAO/HDFC0722665/42969538217924,120.00,,4788087.21
26/06/2023,26/06/2023,UPI/DR/47910857/VIKRAM NAIR/HDFC0722665/vikram996@okhdfc,120.00,,4787967.21
26/06/2023,26/06/2023,UPI/DR/13735082/MOHAMMED IRFAN/HDFC0722665/mohammed746@okhdfc,1680.00,,4786287.21
28/06/2023,27/06/2023,UPI/DR/51877245/RAVI KUMAR SHARMA/HDFC0722665/ravi383@oksbi,249.00,,4786038.21
27/06/2023,27/06/2023,UPI/DR/73460464/RAJENDRA PRASAD/HDFC0722665/rajendra874@okhdfc,120.00,,4785918.21
27/06/2023,27/06/2023,CASH DEPOSIT/BRANCH COUNTER/BANJARA HILLS HYDERABAD,,32000.00,4817918.21
27/06/2023,27/06/2023,UPI/CR/7785208758/MALLIKA DAS/HDFC0722665/mallika579@paytm,,500.00,4818418.21
27/06/2023,27/06/2023,IMPS/P2P/59568632/LATHA MURTHY/9203102472,,32000.00,4850418.21
27/06/2023,27/06/2023,ATM/WDL/4763546140/HDFC ATM KORAMANGALA,5200.00,,4845218.21
28/06/2023,28/06/2023,CHQ NO 216063 CLEARING,2380.00,,4842838.21
28/06/2023,28/06/2023,CHQ NO 931189 CLEARING,310.00,,4842528.21
29/06/2023,28/06/2023,UPI/DR/75679727/SANTOSH KUMAR/HDFC0722665/santosh248@ybl,3499.00,,4839029.21
29/06/2023,28/06/2023,CASH DEPOSIT/BRANCH COUNTER/BANJARA HILLS HYDERABAD,,850.00,4839879.21
28/06/2023,28/06/2023,UPI/CR/89458890/MALLIKA DAS/HDFC0722665/mallika964@paytm,,4800.00,4844679.21
29/06/2023,29/06/2023,UPI/DR/1517885839/CHANDAN SHARMA/HDFC0722665/chandan999@oksbi,449.00,,4844230.21
29/06/2023,29/06/2023,ATM/WDL/2149290028/SBI ATM JAYANAGAR BLR,79.00,,4844151.21
29/06/2023,29/06/2023,CHQ NO 270891 CLEARING,310.00,,4843841.21
29/06/2023,29/06/2023,UPI/DR/14953796/SMITHA PILLAI/HDFC0722665/smitha555@ybl,5200.00,,4838641.21
29/06/2023,29/06/2023,UPI/DR/89656488/FATIMA SHEIKH/HDFC0722665/fatima854@okaxis,1680.00,,4836961.21
30/06/2023,30/06/2023,UPI/DR/05594933/VINAY PATIL/HDFC0722665/vinay368@okhdfc,850.00,,4836111.21
30/06/2023,30/06/2023,UPI/DR/72207012/TARA SINGH/HDFC0722665/tara949@okaxis,449.00,,4835662.21
30/06/2023,30/06/2023,CHQ NO 060055 CLEARING,5200.00,,4830462.21
30/06/2023,30/06/2023,UPI/DR/76448204/NILESH KULKARNI/HDFC0722665/nilesh26@okhdfc,850.00,,4829612.21
30/06/2023,30/06/2023,NEFT/014177236162/KAVYA REDDY/HDFC0722665/92844353787866,1680.00,,4827932.21
30/06/2023,30/06/2023,UPI/DR/47047779/SUNITA DEVI/HDFC0722665/sunita188@okaxis,5200.00,,4822732.21
30/06/2023,30/06/2023,NEFT/168160912732/GANESH KUMAR/HDFC0722665/35072110287111,79.00,,4822653.21
01/07/2023,01/07/2023,CASH DEPOSIT/BRANCH COUNTER/BANJARA HILLS HYDERABAD,,32000.00,4854653.21
02/07/2023,01/07/2023,IMPS/P2P/52475013/VINAY PATIL/7103187916,,500.00,4855153.21
02/07/2023,01/07/2023,UPI/DR/1562723743/FATIMA SHEIKH/HDFC0722665/fatima491@okaxis,310.00,,4854843.21
01/07/2023,01/07/2023,UPI/DR/763523188913/VIKRAM NAIR/HDFC0722665/vikram672@ybl,310.00,,4854533.21
03/07/2023,02/07/2023,CASH DEPOSIT/BRANCH COUNTER/BANJARA HILLS HYDERABAD,,7600.00,4862133.21
02/07/2023,02/07/2023,NEFT/0706781546/LATHA MURTHY/HDFC0722665/94025104225022,2380.00,,4859753.21
02/07/2023,02/07/2023,CHQ NO 626154 CLEARING,310.00,,4859443.21
02/07/2023,02/07/2023,UPI/DR/8511077180/MALLIKA DAS/HDFC0722665/mallika543@oksbi,120.00,,4859323.21
02/07/2023,02/07/2023,CHQ NO 930321 CLEARING,1680.00,,4857643.21
02/07/2023,02/07/2023,CHQ NO 487852 CLEARING,120.00,,4857523.21
02/07/2023,02/07/2023,UPI/DR/5794870073/LALITHA DEVI/HDFC0722665/lalitha462@ybl,3499.00,,4854024.21
02/07/2023,02/07/2023,CHQ NO 477796 CLEARING,5200.00,,4848824.21
02/07/2023,02/07/2023,UPI/DR/24276816/ARCHANA PILLAI/HDFC0722665/archana874@okhdfc,49.00,,4848775.21
02/07/2023,02/07/2023,UPI/CR/4525233849/BINDHU NAIR/HDFC0722665/bindhu898@ybl,,32000.00,4880775.21
04/07/2023,03/07/2023,CASH DEPOSIT/BRANCH COUNTER/BANJARA HILLS HYDERABAD,,18500.00,4899275.21
04/07/2023,03/07/2023,NEFT/20329908/VINAY PATIL/HDFC0722665/69871789608579,699.00,,4898576.21
04/07/2023,03/07/2023,CASH DEPOSIT/BRANCH COUNTER/BANJARA HILLS HYDERABAD,,500.00,4899076.21
03/07/2023,03/07/2023,UPI/DR/3868184278/SUNIL YADAV/HDFC0722665/sunil858@paytm,1680.00,,4897396.21
03/07/2023,03/07/2023,CASH DEPOSIT/BRANCH COUNTER/BANJARA HILLS HYDERABAD,,4800.00,4902196.21
03/07/2023,03/07/2023,NEFT/840749117984/KIRAN REDDY/HDFC0722665/86920254615123,,24000.00,4926196.21
03/07/2023,03/07/2023,UPI/DR/41074589/DIVYA MENON/HDFC0722665/divya236@oksbi,3499.00,,4922697.21
04/07/2023,03/07/2023,NEFT/0542324612/RAJENDRA PRASAD/HDFC0722665/23221244900745,,24000.00,4946697.21
04/07/2023,04/07/2023,ATM/WDL/855161923182/SBI ATM JAYANAGAR BLR,449.00,,4946248.21
04/07/2023,04/07/2023,NEFT/0911776996/SURESH BABU/HDFC0722665/97285179068829,79.00,,4946169.21
04/07/2023,04/07/2023,UPI/DR/602320483185/USHA RANI/HDFC0722665/usha733@okhdfc,699.00,,4945470.21
04/07/2023,04/07/2023,NEFT/012783738781/NAVEEN KUMAR/HDFC0722665/49322517238983,,4800.00,4950270.21
04/07/2023,04/07/2023,ATM/WDL/73469466/HDFC ATM KORAMANGALA,449.00,,4949821.21
04/07/2023,04/07/2023,UPI/CR/179223412691/TANVI RAO/HDFC0722665/tanvi83@okaxis,,1200.00,4951021.21
05/07/2023,05/07/2023,UPI/DR/819296424782/DEEPA NAIR/HDFC0722665/deepa929@oksbi,79.00,,4950942.21
05/07/2023,05/07/2023,CHQ NO 949061 CLEARING,310.00,,4950632.21
06/07/2023,05/07/2023,UPI/DR/248336215958/PRIYA NAIR/HDFC0722665/priya960@oksbi,310.00,,4950322.21
06/07/2023,05/07/2023,UPI/DR/0397730222/ARUN SHARMA/HDFC0722665/arun920@paytm,1680.00,,4948642.21
06/07/2023,05/07/2023,UPI/CR/48483184/RAMESH PILLAI/HDFC0722665/ramesh787@okaxis,,32000.00,4980642.21
05/07/2023,05/07/2023,IMPS/P2P/13844581/PREETHI IYER/9621216893,,2500.00,4983142.21
06/07/2023,06/07/2023,UPI/DR/89817184/KAVITHA RAO/HDFC0722665/kavitha135@ybl,5200.00,,4977942.21
06/07/2023,06/07/2023,ATM/WDL/633285086096/HDFC ATM KORAMANGALA,310.00,,4977632.21
06/07/2023,06/07/2023,NEFT/626984068765/HARISH MENON/HDFC0722665/43609410943273,699.00,,4976933.21
06/07/2023,06/07/2023,IMPS/P2P/303054323467/RAHUL SINGH/9338701000,,1200.00,4978133.21
06/07/2023,06/07/2023,NEFT/08012858/VIKRAM NAIR/HDFC0722665/76799854275782,310.00,,4977823.21
06/07/2023,06/07/2023,UPI/CR/12541271/AYESHA KHAN/HDFC0722665/ayesha78@ybl,,24000.00,5001823.21
06/07/2023,06/07/2023,ATM/WDL/664707191025/SBI ATM JAYANAGAR BLR,1250.00,,5000573.21
07/07/2023,06/07/2023,NEFT/80988244/USHA RANI/HDFC0722665/95457829696711,,4800.00,5005373.21
07/07/2023,07/07/2023,ATM/WDL/570306936350/CANARA ATM MYSURU,999.00,,5004374.21
08/07/2023,07/07/2023,CASH DEPOSIT/BRANCH COUNTER/BANJARA HILLS HYDERABAD,,1200.00,5005574.21
07/07/2023,07/07/2023,UPI/DR/129796630257/NADIA HUSSAIN/HDFC0722665/nadia915@ybl,1680.00,,5003894.21
07/07/2023,07/07/2023,NEFT/253138907590/RANJIT SINGH/HDFC0722665/67258878956522,49.00,,5003845.21
07/07/2023,07/07/2023,ATM/WDL/09802612/CANARA ATM MYSURU,249.00,,5003596.21
08/07/2023,07/07/2023,UPI/DR/047038748915/ARCHANA PILLAI/HDFC0722665/archana768@paytm,449.00,,5003147.21
08/07/2023,07/07/2023,NEFT/585355533461/PREETHI IYER/HDFC0722665/66573221084800,,18500.00,5021647.21
09/07/2023,08/07/2023,NEFT/65985658/SHEELA DEVI/HDFC0722665/24861197130355,,18500.00,5040147.21
08/07/2023,08/07/2023,IMPS/P2P/5549992822/KAVYA REDDY/7871466867,,11200.00,5051347.21
08/07/2023,08/07/2023,UPI/DR/939399415116/KIRAN REDDY/HDFC0722665/kiran936@okhdfc,249.00,,5051098.21
09/07/2023,08/07/2023,UPI/DR/59200534/SNEHA PATIL/HDFC0722665/sneha434@ybl,699.00,,5050399.21
08/07/2023,08/07/2023,UPI/CR/5036153053/NADIA HUSSAIN/HDFC0722665/nadia522@okhdfc,,24000.00,5074399.21
09/07/2023,08/07/2023,UPI/CR/014852261837/BINDHU NAIR/HDFC0722665/bindhu480@okhdfc,,24000.00,5098399.21
08/07/2023,08/07/2023,UPI/DR/878647989163/SHAHID KHAN/HDFC0722665/shahid487@okaxis,120.00,,5098279.21
08/07/2023,08/07/2023,IMPS/P2P/500547485937/VENKAT RAO/9034891820,,32000.00,5130279.21
09/07/2023,09/07/2023,UPI/DR/4480284124/DEEPA NAIR/HDFC0722665/deepa709@okaxis,7800.00,,5122479.21
09/07/2023,09/07/2023,UPI/CR/4158756716/RAMESH PILLAI/HDFC0722665/ramesh214@oksbi,,7600.00,5130079.21
10/07/2023,09/07/2023,ATM/WDL/6944091487/CANARA ATM MYSURU,5200.00,,5124879.21
10/07/2023,09/07/2023,UPI/DR/411251003847/KAVERI MENON/HDFC0722665/kaveri740@oksbi,79.00,,5124800.21
09/07/2023,09/07/2023,ATM/WDL/347375693520/HDFC ATM KORAMANGALA,120.00,,5124680.21
09/07/2023,09/07/2023,UPI/DR/7008527558/KAVYA REDDY/HDFC0722665/kavya438@ybl,79.00,,5124601.21
10/07/2023,09/07/2023,NEFT/242283018501/DEEPA NAIR/HDFC0722665/57631783567948,,500.00,5125101.21
10/07/2023,10/07/2023,UPI/CR/7762153180/PADMA RAO/HDFC0722665/padma440@okaxis,,850.00,5125951.21
10/07/2023,10/07/2023,CHQ NO 820243 CLEARING,1250.00,,5124701.21
10/07/2023,10/07/2023,NEFT/927022039323/RANJIT SINGH/HDFC0722665/13702124613862,,500.00,5125201.21
11/07/2023,10/07/2023,NEFT/6289280998/LAKSHMI VENKAT/HDFC0722665/75808238630494,,18500.00,5143701.21
10/07/2023,10/07/2023,NEFT/759838486112/SHEELA DEVI/HDFC0722665/79368931781470,1250.00,,5142451.21
10/07/2023,10/07/2023,UPI/DR/43392615/RAJENDRA PRASAD/HDFC0722665/rajendra439@paytm,249.00,,5142202.21
10/07/2023,10/07/2023,ATM/WDL/329886641576/CANARA ATM MYSURU,449.00,,5141753.21
11/07/2023,11/07/2023,UPI/DR/29643473/RAJESH VERMA/HDFC0722665/rajesh61@okaxis,49.00,,5141704.21
11/07/2023,11/07/2023,CHQ NO 805236 CLEARING,120.00,,5141584.21
12/07/2023,11/07/2023,UPI/DR/2646075676/GANESH KUMAR/HDFC0722665/ganesh771@okaxis,2380.00,,5139204.21
11/07/2023,11/07/2023,UPI/DR/081633688842/SHAHID KHAN/HDFC0722665/shahid485@paytm,449.00,,5138755.21
11/07/2023,11/07/2023,UPI/DR/1183292669/ARUN SHARMA/HDFC0722665/arun628@okaxis,1680.00,,5137075.21
11/07/2023,11/07/2023,ATM/WDL/90785672/HDFC ATM KORAMANGALA,79.00,,5136996.21
11/07/2023,11/07/2023,NEFT/757670631198/RAJESH VERMA/HDFC0722665/02208309235317,449.00,,5136547.21
12/07/2023,12/07/2023,ATM/WDL/69948444/HDFC ATM KORAMANGALA,3499.00,,5133048.21
12/07/2023,12/07/2023,UPI/DR/17236029/PRIYA NAIR/HDFC0722665/priya521@paytm,999.00,,5132049.21
12/07/2023,12/07/2023,NEFT/04320242/FATIMA SHEIKH/HDFC0722665/74492368407599,3499.00,,5128550.21
12/07/2023,12/07/2023,UPI/DR/79291537/KARTHIK MENON/HDFC0722665/karthik449@okhdfc,310.00,,5128240.21
13/07/2023,12/07/2023,CASH DEPOSIT/BRANCH COUNTER/BANJARA HILLS HYDERABAD,,32000.00,5160240.21
13/07/2023,12/07/2023,NEFT/016115468899/IMRAN KHAN/HDFC0722665/90639393064789,,11200.00,5171440.21
12/07/2023,12/07/2023,NEFT/38987903/RANJIT SINGH/HDFC0722665/06482529010526,,1200.00,5172640.21
14/07/2023,13/07/2023,CHQ NO 532026 CLEARING,1680.00,,5170960.21
13/07/2023,13/07/2023,CHQ NO 352898 CLEARING,999.00,,5169961.21
14/07/2023,13/07/2023,NEFT/1472127175/NIKHIL GUPTA/HDFC0722665/28602751248855,310.00,,5169651.21
13/07/2023,13/07/2023,UPI/DR/298238498821/RAMESH GOWDA/HDFC0722665/ramesh202@oksbi,850.00,,5168801.21
14/07/2023,14/07/2023,ATM/WDL/587019451787/SBI ATM JAYANAGAR BLR,999.00,,5167802.21
15/07/2023,14/07/2023,UPI/DR/164555478396/DIVYA MENON/HDFC0722665/divya244@okaxis,850.00,,5166952.21
15/07/2023,14/07/2023,ATM/WDL/16528955/HDFC ATM KORAMANGALA,1680.00,,5165272.21
14/07/2023,14/07/2023,UPI/DR/5762967607/SURESH NAIR/HDFC0722665/suresh870@oksbi,1680.00,,5163592.21
15/07/2023,15/07/2023,UPI/CR/30301347/RESHMA KHAN/HDFC0722665/reshma100@paytm,,500.00,5164092.21
15/07/2023,15/07/2023,UPI/DR/95567317/ADITYA KUMAR/HDFC0722665/aditya614@oksbi,1680.00,,5162412.21
16/07/2023,15/07/2023,NEFT/501502833336/POOJA SHARMA/HDFC0722665/60876722001457,,850.00,5163262.21
16/07/2023,16/07/2023,UPI/CR/1495345688/VIKRAM NAIR/HDFC0722665/vikram901@paytm,,1200.00,5164462.21
16/07/2023,16/07/2023,CASH DEPOSIT/BRANCH COUNTER/BANJARA HILLS HYDERABAD,,850.00,5165312.21
17/07/2023,16/07/2023,UPI/CR/10293315/PRIYA NAIR/HDFC0722665/priya639@ybl,,11200.00,5176512.21
16/07/2023,16/07/2023,UPI/DR/6835830073/SUNITA DEVI/HDFC0722665/sunita100@oksbi,2380.00,,5174132.21
17/07/2023,17/07/2023,UPI/CR/2457932487/REKHA PILLAI/HDFC0722665/rekha147@okhdfc,,7600.00,5181732.21
17/07/2023,17/07/2023,UPI/DR/31021053/NILESH KULKARNI/HDFC0722665/nilesh792@okaxis,5200.00,,5176532.21
17/07/2023,17/07/2023,UPI/DR/892468010406/MEENA IYER/HDFC0722665/meena562@ybl,699.00,,5175833.21
17/07/2023,17/07/2023,NEFT/077929984050/USHA RANI/HDFC0722665/61168505725749,310.00,,5175523.21
17/07/2023,17/07/2023,CASH DEPOSIT/BRANCH COUNTER/BANJARA HILLS HYDERABAD,,2500.00,5178023.21
17/07/2023,17/07/2023,ATM/WDL/639795137561/CANARA ATM MYSURU,249.00,,5177774.21
17/07/2023,17/07/2023,UPI/DR/52830053/PADMA RAO/HDFC0722665/padma794@paytm,49.00,,5177725.21
18/07/2023,18/07/2023,UPI/DR/94244646/TANVI RAO/HDFC0722665/tanvi528@okaxis,5200.00,,5172525.21
18/07/2023,18/07/2023,IMPS/P2P/8644939983/MEERA PILLAI/9483541534,,1200.00,5173725.21
18/07/2023,18/07/2023,UPI/CR/3694935123/ANITHA KRISHNAN/HDFC0722665/anitha680@paytm,,7600.00,5181325.21
19/07/2023,18/07/2023,ATM/WDL/633909779527/HDFC ATM KORAMANGALA,120.00,,5181205.21
18/07/2023,18/07/2023,UPI/DR/6843697314/NADIA HUSSAIN/HDFC0722665/nadia174@oksbi,120.00,,5181085.21
18/07/2023,18/07/2023,UPI/DR/712604272415/RAMESH GOWDA/HDFC0722665/ramesh528@okhdfc,79.00,,5181006.21
19/07/2023,19/07/2023,UPI/CR/94402676/RAVI KUMAR SHARMA/HDFC0722665/ravi584@ybl,,7600.00,5188606.21
19/07/2023,19/07/2023,CASH DEPOSIT/BRANCH COUNTER/BANJARA HILLS HYDERABAD,,32000.00,5220606.21
19/07/2023,19/07/2023,UPI/DR/04848279/ANITHA KRISHNAN/HDFC0722665/anitha206@okhdfc,2380.00,,5218226.21
19/07/2023,19/07/2023,CASH DEPOSIT/BRANCH COUNTER/BANJARA HILLS HYDERABAD,,4800.00,5223026.21
20/07/2023,20/07/2023,NEFT/084440760602/NADIA HUSSAIN/HDFC0722665/11512368979950,5200.00,,5217826.21
21/07/2023,20/07/2023,NEFT/494484887968/ARUN SHARMA/HDFC0722665/24039639607020,79.00,,5217747.21
20/07/2023,20/07/2023,UPI/DR/940602903679/RAMESH GOWDA/HDFC0722665/ramesh753@oksbi,79.00,,5217668.21
21/07/2023,20/07/2023,IMPS/P2P/12295419/RAMESH PILLAI/9385947056,,850.00,5218518.21
20/07/2023,20/07/2023,CASH DEPOSIT/BRANCH COUNTER/BANJARA HILLS HYDERABAD,,2500.00,5221018.21
21/07/2023,21/07/2023,UPI/DR/124404311362/SHEELA DEVI/HDFC0722665/sheela870@okhdfc,249.00,,5220769.21
22/07/2023,21/07/2023,UPI/DR/366081463550/LATHA MURTHY/HDFC0722665/latha134@oksbi,5200.00,,5215569.21
21/07/2023,21/07/2023,IMPS/P2P/937597941364/ARUN SHARMA/7077580977,,18500.00,5234069.21
21/07/2023,21/07/2023,CHQ NO 468165 CLEARING,310.00,,5233759.21
22/07/2023,22/07/2023,IMPS/P2P/72674945/PRIYA NAIR/7201976316,,24000.00,5257759.21
22/07/2023,22/07/2023,CHQ NO 993719 CLEARING,2380.00,,5255379.21
22/07/2023,22/07/2023,ATM/WDL/344440904756/SBI ATM JAYANAGAR BLR,7800.00,,5247579.21
22/07/2023,22/07/2023,NEFT/12837729/MOHAN DAS/HDFC0722665/40827921921702,,18500.00,5266079.21
22/07/2023,22/07/2023,CASH DEPOSIT/BRANCH COUNTER/BANJARA HILLS HYDERABAD,,1200.00,5267279.21
23/07/2023,22/07/2023,CHQ NO 257800 CLEARING,1680.00,,5265599.21
22/07/2023,22/07/2023,CASH DEPOSIT/BRANCH COUNTER/BANJARA HILLS HYDERABAD,,32000.00,5297599.21
24/07/2023,23/07/2023,CHQ NO 266486 CLEARING,850.00,,5296749.21
23/07/2023,23/07/2023,CASH DEPOSIT/BRANCH COUNTER/BANJARA HILLS HYDERABAD,,1200.00,5297949.21
23/07/2023,23/07/2023,UPI/CR/57851344/ARUN SHARMA/HDFC0722665/arun532@okaxis,,850.00,5298799.21
23/07/2023,23/07/2023,UPI/DR/0109335158/SAVITHA DEVI/HDFC0722665/savitha605@ybl,79.00,,5298720.21
24/07/2023,23/07/2023,CHQ NO 029953 CLEARING,449.00,,5298271.21
24/07/2023,24/07/2023,ATM/WDL/965568755635/SBI ATM JAYANAGAR BLR,3499.00,,5294772.21
24/07/2023,24/07/2023,CASH DEPOSIT/BRANCH COUNTER/BANJARA HILLS HYDERABAD,,500.00,5295272.21
24/07/2023,24/07/2023,UPI/CR/303292939251/PRAKASH RAO/HDFC0722665/prakash555@ybl,,24000.00,5319272.21
24/07/2023,24/07/2023,CASH DEPOSIT/BRANCH COUNTER/BANJARA HILLS HYDERABAD,,18500.00,5337772.21
25/07/2023,24/07/2023,UPI/CR/85937648/RAJESH VERMA/HDFC0722665/rajesh718@ybl,,2500.00,5340272.21
25/07/2023,25/07/2023,CASH DEPOSIT/BRANCH COUNTER/BANJARA HILLS HYDERABAD,,18500.00,5358772.21
25/07/2023,25/07/2023,UPI/CR/3493840216/GOPAL VERMA/HDFC0722665/gopal183@okhdfc,,32000.00,5390772.21
25/07/2023,25/07/2023,UPI/DR/823295438128/IMRAN KHAN/HDFC0722665/imran258@oksbi,999.00,,5389773.21
25/07/2023,25/07/2023,CHQ NO 730785 CLEARING,1250.00,,5388523.21
25/07/2023,25/07/2023,UPI/DR/341064120503/LATHA MURTHY/HDFC0722665/latha228@paytm,310.00,,5388213.21
25/07/2023,25/07/2023,UPI/CR/45118586/MOHAMMED IRFAN/HDFC0722665/mohammed919@paytm,,1200.00,5389413.21
27/07/2023,26/07/2023,NEFT/47262009/KIRAN REDDY/HDFC0722665/43911123153559,449.00,,5388964.21
26/07/2023,26/07/2023,UPI/DR/55896649/KIRAN REDDY/HDFC0722665/kiran70@okhdfc,2380.00,,5386584.21
26/07/2023,26/07/2023,UPI/DR/04121643/KIRAN REDDY/HDFC0722665/kiran673@okaxis,1680.00,,5384904.21
27/07/2023,27/07/2023,UPI/DR/28942440/DEEPA NAIR/HDFC0722665/deepa323@okaxis,249.00,,5384655.21
27/07/2023,27/07/2023,UPI/CR/4753123307/ADITYA KUMAR/HDFC0722665/aditya632@okhdfc,,1200.00,5385855.21
28/07/2023,27/07/2023,NEFT/41448123/NADIA HUSSAIN/HDFC0722665/46094262043889,5200.00,,5380655.21
28/07/2023,27/07/2023,CHQ NO 392142 CLEARING,49.00,,5380606.21
28/07/2023,28/07/2023,UPI/CR/050165818311/CHANDAN SHARMA/HDFC0722665/chandan591@oksbi,,2500.00,5383106.21
29/07/2023,28/07/2023,NEFT/51283460/RAJESH VERMA/HDFC0722665/06847546635841,,18500.00,5401606.21
28/07/2023,28/07/2023,NEFT/6798795784/ROHIT SHARMA/HDFC0722665/53958725548833,79.00,,5401527.21
28/07/2023,28/07/2023,UPI/CR/138983141594/NILESH KULKARNI/HDFC0722665/nilesh668@okaxis,,32000.00,5433527.21
28/07/2023,28/07/2023,ATM/WDL/77236987/SBI ATM JAYANAGAR BLR,5200.00,,5428327.21
28/07/2023,28/07/2023,NEFT/12929040/SURESH BABU/HDFC0722665/01110791982488,,32000.00,5460327.21
29/07/2023,28/07/2023,UPI/DR/1772690531/SUSHMA RAO/HDFC0722665/sushma966@ybl,2380.00,,5457947.21
29/07/2023,29/07/2023,IMPS/P2P/196723514531/BINDHU NAIR/7512559330,,11200.00,5469147.21
29/07/2023,29/07/2023,UPI/DR/430677359176/RAHUL SINGH/HDFC0722665/rahul960@oksbi,1680.00,,5467467.21
29/07/2023,29/07/2023,IMPS/P2P/7643758363/USHA RANI/8501161418,,500.00,5467967.21
29/07/2023,29/07/2023,UPI/DR/64450011/ARJUN MEHTA/HDFC0722665/arjun536@oksbi,7800.00,,5460167.21
29/07/2023,29/07/2023,NEFT/823183256838/IMRAN KHAN/HDFC0722665/11641512406040,5200.00,,5454967.21
30/07/2023,29/07/2023,IMPS/P2P/4382496713/ARJUN MEHTA/8091013434,,2500.00,5457467.21
30/07/2023,30/07/2023,UPI/DR/86004327/KIRAN REDDY/HDFC0722665/kiran49@ybl,310.00,,5457157.21
30/07/2023,30/07/2023,NEFT/404696793474/ARCHANA PILLAI/HDFC0722665/14760568521421,999.00,,5456158.21
30/07/2023,30/07/2023,UPI/CR/07256437/ARJUN MEHTA/HDFC0722665/arjun518@paytm,,1200.00,5457358.21
31/07/2023,31/07/2023,UPI/CR/75584676/KAVYA REDDY/HDFC0722665/kavya748@okaxis,,500.00,5457858.21
01/08/2023,31/07/2023,ATM/WDL/4862021852/CANARA ATM MYSURU,2380.00,,5455478.21
31/07/2023,31/07/2023,IMPS/P2P/129645470023/KAVERI MENON/8393226994,,18500.00,5473978.21
31/07/2023,31/07/2023,CASH DEPOSIT/BRANCH COUNTER/BANJARA HILLS HYDERABAD,,500.00,5474478.21
31/07/2023,31/07/2023,NEFT/4831331547/RAJESH VERMA/HDFC0722665/66462359839449,79.00,,5474399.21
01/08/2023,01/08/2023,NEFT/228377617358/TANVI RAO/HDFC0722665/33331732328857,,1200.00,5475599.21
02/08/2023,01/08/2023,ATM/WDL/34249252/CANARA ATM MYSURU,699.00,,5474900.21
01/08/2023,01/08/2023,IMPS/P2P/887886323806/CHANDAN SHARMA/7074524448,,32000.00,5506900.21
02/08/2023,02/08/2023,ATM/WDL/5414035555/HDFC ATM KORAMANGALA,49.00,,5506851.21
02/08/2023,02/08/2023,UPI/DR/2644541604/SHEELA DEVI/HDFC0722665/sheela965@oksbi,5200.00,,5501651.21
02/08/2023,02/08/2023,ATM/WDL/84309718/CANARA ATM MYSURU,699.00,,5500952.21
02/08/2023,02/08/2023,UPI/DR/4279231534/DEEPAK JOSHI/HDFC0722665/deepak873@oksbi,2380.00,,5498572.21
03/08/2023,03/08/2023,UPI/DR/87011439/GANESH KUMAR/HDFC0722665/ganesh208@okaxis,79.00,,5498493.21
03/08/2023,03/08/2023,CASH DEPOSIT/BRANCH COUNTER/BANJARA HILLS HYDERABAD,,24000.00,5522493.21
04/08/2023,03/08/2023,CHQ NO 269947 CLEARING,850.00,,5521643.21
03/08/2023,03/08/2023,CASH DEPOSIT/BRANCH COUNTER/BANJARA HILLS HYDERABAD,,32000.00,5553643.21
04/08/2023,04/08/2023,UPI/CR/21589160/RESHMA KHAN/HDFC0722665/reshma444@paytm,,24000.00,5577643.21
05/08/2023,04/08/2023,UPI/DR/1142920591/DEEPA NAIR/HDFC0722665/deepa929@okhdfc,449.00,,5577194.21
04/08/2023,04/08/2023,CASH DEPOSIT/BRANCH COUNTER/BANJARA HILLS HYDERABAD,,7600.00,5584794.21
05/08/2023,04/08/2023,UPI/DR/00839168/DEEPA NAIR/HDFC0722665/deepa656@oksbi,310.00,,5584484.21
04/08/2023,04/08/2023,ATM/WDL/4125210937/SBI ATM JAYANAGAR BLR,79.00,,5584405.21
04/08/2023,04/08/2023,ATM/WDL/390239225036/CANARA ATM MYSURU,5200.00,,5579205.21
04/08/2023,04/08/2023,CHQ NO 681236 CLEARING,49.00,,5579156.21
05/08/2023,04/08/2023,NEFT/5540152117/POOJA SHARMA/HDFC0722665/40854497888982,,2500.00,5581656.21
05/08/2023,04/08/2023,NEFT/0381998807/RAJESH VERMA/HDFC0722665/55213335820378,,2500.00,5584156.21
06/08/2023,05/08/2023,IMPS/P2P/8814323597/RAMESH GOWDA/7000094799,,7600.00,5591756.21
05/08/2023,05/08/2023,UPI/DR/513871713923/HARISH MENON/HDFC0722665/harish454@okhdfc,49.00,,5591707.21
05/08/2023,05/08/2023,UPI/DR/7782676567/ANITHA KRISHNAN/HDFC0722665/anitha757@okhdfc,249.00,,5591458.21
05/08/2023,05/08/2023,ATM/WDL/698053413774/CANARA ATM MYSURU,1250.00,,5590208.21
05/08/2023,05/08/2023,CHQ NO 426772 CLEARING,79.00,,5590129.21
06/08/2023,06/08/2023,UPI/CR/0597117139/ARCHANA PILLAI/HDFC0722665/archana34@oksbi,,4800.00,5594929.21
06/08/2023,06/08/2023,IMPS/P2P/074494180023/RANJIT SINGH/8356179848,,4800.00,5599729.21
06/08/2023,06/08/2023,UPI/DR/852979488997/KAVYA REDDY/HDFC0722665/kavya747@okhdfc,1250.00,,5598479.21
06/08/2023,06/08/2023,UPI/DR/2053222810/SUSHMA RAO/HDFC0722665/sushma915@ybl,999.00,,5597480.21
08/08/2023,07/08/2023,CHQ NO 460382 CLEARING,850.00,,5596630.21
07/08/2023,07/08/2023,CHQ NO 762355 CLEARING,449.00,,5596181.21
07/08/2023,07/08/2023,CHQ NO 582727 CLEARING,699.00,,5595482.21
07/08/2023,07/08/2023,IMPS/P2P/55054482/SANJANA HEGDE/8813018625,,4800.00,5600282.21
08/08/2023,08/08/2023,UPI/DR/02040217/ARJUN MEHTA/HDFC0722665/arjun840@ybl,49.00,,5600233.21
08/08/2023,08/08/2023,IMPS/P2P/89328657/LAKSHMI VENKAT/8500814840,,2500.00,5602733.21
08/08/2023,08/08/2023,UPI/DR/987200187938/TARA SINGH/HDFC0722665/tara565@okhdfc,1250.00,,5601483.21
08/08/2023,08/08/2023,CHQ NO 404482 CLEARING,1250.00,,5600233.21
09/08/2023,09/08/2023,NEFT/141362752333/ROHIT SHARMA/HDFC0722665/77223358196270,,500.00,5600733.21
09/08/2023,09/08/2023,CASH DEPOSIT/BRANCH COUNTER/BANJARA HILLS HYDERABAD,,7600.00,5608333.21
09/08/2023,09/08/2023,UPI/CR/46676689/KAVITHA RAO/HDFC0722665/kavitha554@paytm,,500.00,5608833.21
10/08/2023,09/08/2023,ATM/WDL/4319329865/CANARA ATM MYSURU,5200.00,,5603633.21
09/08/2023,09/08/2023,CHQ NO 364880 CLEARING,850.00,,5602783.21
10/08/2023,09/08/2023,UPI/CR/3581478597/ARUN SHARMA/HDFC0722665/arun874@okhdfc,,32000.00,5634783.21
09/08/2023,09/08/2023,UPI/DR/82423675/RAVI KUMAR SHARMA/HDFC0722665/ravi781@okhdfc,999.00,,5633784.21
10/08/2023,09/08/2023,CASH DEPOSIT/BRANCH COUNTER/BANJARA HILLS HYDERABAD,,7600.00,5641384.21
10/08/2023,09/08/2023,UPI/DR/065712096165/ANAND KUMAR/HDFC0722665/anand503@paytm,249.00,,5641135.21
10/08/2023,10/08/2023,CASH DEPOSIT/BRANCH COUNTER/BANJARA HILLS HYDERABAD,,2500.00,5643635.21
10/08/2023,10/08/2023,NEFT/7777868364/ARUN SHARMA/HDFC0722665/02014621191601,5200.00,,5638435.21
10/08/2023,10/08/2023,CHQ NO 784175 CLEARING,3499.00,,5634936.21
10/08/2023,10/08/2023,NEFT/2273194424/PREETHI IYER/HDFC0722665/42595058449181,999.00,,5633937.21
11/08/2023,10/08/2023,UPI/CR/18301194/VENKAT RAO/HDFC0722665/venkat686@paytm,,850.00,5634787.21
10/08/2023,10/08/2023,CASH DEPOSIT/BRANCH COUNTER/BANJARA HILLS HYDERABAD,,24000.00,5658787.21
11/08/2023,11/08/2023,ATM/WDL/248407700757/SBI ATM JAYANAGAR BLR,3499.00,,5655288.21
11/08/2023,11/08/2023,UPI/DR/2255379786/TARA SINGH/HDFC0722665/tara342@okhdfc,120.00,,5655168.21
11/08/2023,11/08/2023,NEFT/7338300078/NAVEEN KUMAR/HDFC0722665/00663038865225,850.00,,5654318.21
12/08/2023,11/08/2023,NEFT/288003904406/KAVERI MENON/HDFC0722665/22571382347590,699.00,,5653619.21
11/08/2023,11/08/2023,UPI/DR/94508815/MEERA PILLAI/HDFC0722665/meera12@paytm,3499.00,,5650120.21
11/08/2023,11/08/2023,UPI/DR/467467738554/ARJUN MEHTA/HDFC0722665/arjun271@okaxis,5200.00,,5644920.21
12/08/2023,12/08/2023,IMPS/P2P/6350541304/VINAY PATIL/8791379982,,2500.00,5647420.21
12/08/2023,12/08/2023,UPI/CR/855119158262/BINDHU NAIR/HDFC0722665/bindhu839@oksbi,,7600.00,5655020.21
12/08/2023,12/08/2023,UPI/CR/270178756819/MOHAMMED IRFAN/HDFC0722665/mohammed873@okhdfc,,7600.00,5662620.21
12/08/2023,12/08/2023,NEFT/80535080/MALLIKA DAS/HDFC0722665/39303357492939,,1200.00,5663820.21
13/08/2023,12/08/2023,NEFT/0469523344/DIVYA MENON/HDFC0722665/23522538486489,,2500.00,5666320.21
12/08/2023,12/08/2023,CHQ NO 471343 CLEARING,3499.00,,5662821.21
12/08/2023,12/08/2023,CHQ NO 973893 CLEARING,120.00,,5662701.21
12/08/2023,12/08/2023,CASH DEPOSIT/BRANCH COUNTER/BANJARA HILLS HYDERABAD,,2500.00,5665201.21
13/08/2023,12/08/2023,UPI/DR/8781620151/POOJA SHARMA/HDFC0722665/pooja35@paytm,49.00,,5665152.21
14/08/2023,13/08/2023,UPI/DR/946090354637/GEETA DEVI/HDFC0722665/geeta481@oksbi,449.00,,5664703.21
14/08/2023,14/08/2023,UPI/DR/8617463895/SANTOSH KUMAR/HDFC0722665/santosh27@paytm,120.00,,5664583.21
14/08/2023,14/08/2023,UPI/DR/0769134532/NILESH KULKARNI/HDFC0722665/nilesh189@okaxis,850.00,,5663733.21
14/08/2023,14/08/2023,UPI/CR/4191364137/FARHAN KHAN/HDFC0722665/farhan720@paytm,,11200.00,5674933.21
15/08/2023,15/08/2023,ATM/WDL/728179227660/SBI ATM JAYANAGAR BLR,3499.00,,5671434.21
16/08/2023,15/08/2023,NEFT/7936269041/CHANDAN SHARMA/HDFC0722665/43479217779003,49.00,,5671385.21
16/08/2023,15/08/2023,NEFT/937307631269/RESHMA KHAN/HDFC0722665/34610678138383,5200.00,,5666185.21
15/08/2023,15/08/2023,UPI/DR/84902475/SAVITHA DEVI/HDFC0722665/savitha710@paytm,449.00,,5665736.21
17/08/2023,16/08/2023,UPI/DR/0371466388/SHEELA DEVI/HDFC0722665/sheela783@oksbi,1250.00,,5664486.21
17/08/2023,16/08/2023,CHQ NO 995706 CLEARING,1250.00,,5663236.21
17/08/2023,16/08/2023,NEFT/14710800/ARCHANA PILLAI/HDFC0722665/04218345214839,,7600.00,5670836.21
16/08/2023,16/08/2023,CASH DEPOSIT/BRANCH COUNTER/BANJARA HILLS HYDERABAD,,1200.00,5672036.21
16/08/2023,16/08/2023,UPI/DR/7426753948/VINAY PATIL/HDFC0722665/vinay480@oksbi,7800.00,,5664236.21
16/08/2023,16/08/2023,NEFT/0963957482/SUNIL YADAV/HDFC0722665/80950030425096,310.00,,5663926.21
17/08/2023,17/08/2023,NEFT/44859989/SUNITA DEVI/HDFC0722665/92722655829940,79.00,,5663847.21
18/08/2023,17/08/2023,ATM/WDL/62995725/HDFC ATM KORAMANGALA,79.00,,5663768.21
17/08/2023,17/08/2023,ATM/WDL/61790262/CANARA ATM MYSURU,5200.00,,5658568.21
17/08/2023,17/08/2023,UPI/DR/8196233685/TARA SINGH/HDFC0722665/tara726@ybl,1250.00,,5657318.21
19/08/2023,18/08/2023,ATM/WDL/16225275/SBI ATM JAYANAGAR BLR,699.00,,5656619.21
19/08/2023,18/08/2023,UPI/DR/663730881288/SAVITHA DEVI/HDFC0722665/savitha283@paytm,1250.00,,5655369.21
19/08/2023,18/08/2023,UPI/DR/39851712/RAHUL SINGH/HDFC0722665/rahul955@okhdfc,999.00,,5654370.21
18/08/2023,18/08/2023,ATM/WDL/62878388/SBI ATM JAYANAGAR BLR,699.00,,5653671.21
18/08/2023,18/08/2023,UPI/DR/59174153/RAVI KUMAR SHARMA/HDFC0722665/ravi947@okhdfc,79.00,,5653592.21
19/08/2023,18/08/2023,NEFT/7203255702/KAVYA REDDY/HDFC0722665/53218253094967,,7600.00,5661192.21
18/08/2023,18/08/2023,ATM/WDL/004169285034/SBI ATM JAYANAGAR BLR,3499.00,,5657693.21
18/08/2023,18/08/2023,CHQ NO 128623 CLEARING,310.00,,5657383.21
19/08/2023,19/08/2023,IMPS/P2P/31076128/RAMESH GOWDA/9220730089,,7600.00,5664983.21
19/08/2023,19/08/2023,CASH DEPOSIT/BRANCH COUNTER/BANJARA HILLS HYDERABAD,,11200.00,5676183.21
19/08/2023,19/08/2023,UPI/DR/56266587/DEEPA NAIR/HDFC0722665/deepa955@oksbi,1680.00,,5674503.21
20/08/2023,19/08/2023,UPI/DR/2216485239/FATIMA SHEIKH/HDFC0722665/fatima742@okaxis,79.00,,5674424.21
19/08/2023,19/08/2023,CHQ NO 901694 CLEARING,850.00,,5673574.21
19/08/2023,19/08/2023,UPI/DR/600478346644/USHA RANI/HDFC0722665/usha40@okhdfc,3499.00,,5670075.21
19/08/2023,19/08/2023,ATM/WDL/9902654336/HDFC ATM KORAMANGALA,1250.00,,5668825.21
20/08/2023,19/08/2023,UPI/DR/4772383835/REKHA PILLAI/HDFC0722665/rekha535@okhdfc,1250.00,,5667575.21
20/08/2023,19/08/2023,NEFT/95460136/FARHAN KHAN/HDFC0722665/31093558663632,,2500.00,5670075.21
20/08/2023,20/08/2023,UPI/DR/90855714/KIRAN REDDY/HDFC0722665/kiran833@paytm,1250.00,,5668825.21
21/08/2023,20/08/2023,UPI/DR/01449952/KAVERI MENON/HDFC0722665/kaveri205@oksbi,2380.00,,5666445.21
20/08/2023,20/08/2023,UPI/DR/19760321/MEERA PILLAI/HDFC0722665/meera134@okaxis,850.00,,5665595.21
21/08/2023,21/08/2023,UPI/DR/421178367803/HARISH MENON/HDFC0722665/harish542@ybl,1680.00,,5663915.21
22/08/2023,21/08/2023,IMPS/P2P/094856385740/DEEPAK JOSHI/8187941183,,1200.00,5665115.21
21/08/2023,21/08/2023,UPI/DR/85440306/VIKRAM NAIR/HDFC0722665/vikram643@okhdfc,310.00,,5664805.21
21/08/2023,21/08/2023,UPI/DR/483092710011/ARUN SHARMA/HDFC0722665/arun27@ybl,310.00,,5664495.21
21/08/2023,21/08/2023,CASH DEPOSIT/BRANCH COUNTER/BANJARA HILLS HYDERABAD,,4800.00,5669295.21
22/08/2023,22/08/2023,UPI/DR/852381396016/FATIMA SHEIKH/HDFC0722665/fatima100@okhdfc,999.00,,5668296.21
22/08/2023,22/08/2023,UPI/DR/88570830/VENKAT RAO/HDFC0722665/venkat488@okaxis,5200.00,,5663096.21
23/08/2023,22/08/2023,CASH DEPOSIT/BRANCH COUNTER/BANJARA HILLS HYDERABAD,,18500.00,5681596.21
22/08/2023,22/08/2023,UPI/DR/0857721984/SHAHID KHAN/HDFC0722665/shahid981@okaxis,7800.00,,5673796.21
23/08/2023,23/08/2023,UPI/DR/895018166809/ADITYA KUMAR/HDFC0722665/aditya234@paytm,79.00,,5673717.21
23/08/2023,23/08/2023,ATM/WDL/7888560083/CANARA ATM MYSURU,79.00,,5673638.21
24/08/2023,24/08/2023,NEFT/6437612887/SNEHA PATIL/HDFC0722665/73504049903000,,32000.00,5705638.21
24/08/2023,24/08/2023,ATM/WDL/8851396480/CANARA ATM MYSURU,999.00,,5704639.21
25/08/2023,24/08/2023,UPI/DR/521596623565/GEETA DEVI/HDFC0722665/geeta538@ybl,2380.00,,5702259.21
24/08/2023,24/08/2023,UPI/DR/3751418751/LAKSHMI VENKAT/HDFC0722665/lakshmi917@oksbi,449.00,,5701810.21
24/08/2023,24/08/2023,UPI/DR/1602621197/MEENA IYER/HDFC0722665/meena603@paytm,120.00,,5701690.21
25/08/2023,25/08/2023,UPI/CR/5970819519/ARUN SHARMA/HDFC0722665/arun947@ybl,,500.00,5702190.21
25/08/2023,25/08/2023,CASH DEPOSIT/BRANCH COUNTER/BANJARA HILLS HYDERABAD,,500.00,5702690.21
25/08/2023,25/08/2023,NEFT/8022311699/SURESH BABU/HDFC0722665/69995419263832,7800.00,,5694890.21
26/08/2023,25/08/2023,CASH DEPOSIT/BRANCH COUNTER/BANJARA HILLS HYDERABAD,,850.00,5695740.21
25/08/2023,25/08/2023,IMPS/P2P/074696615938/HARISH MENON/8465701419,,4800.00,5700540.21
27/08/2023,26/08/2023,UPI/DR/20967703/ANITHA KRISHNAN/HDFC0722665/anitha780@ybl,249.00,,5700291.21
27/08/2023,26/08/2023,CASH DEPOSIT/BRANCH COUNTER/BANJARA HILLS HYDERABAD,,2500.00,5702791.21
27/08/2023,27/08/2023,UPI/DR/32489508/PREETHI IYER/HDFC0722665/preethi801@oksbi,79.00,,5702712.21
27/08/2023,27/08/2023,UPI/DR/027862365245/RAJESH VERMA/HDFC0722665/rajesh572@paytm,49.00,,5702663.21
27/08/2023,27/08/2023,UPI/DR/677443498386/FATIMA SHEIKH/HDFC0722665/fatima783@oksbi,249.00,,5702414.21
27/08/2023,27/08/2023,NEFT/027241430306/LATHA MURTHY/HDFC0722665/45427296789566,,7600.00,5710014.21
27/08/2023,27/08/2023,ATM/WDL/44567962/HDFC ATM KORAMANGALA,49.00,,5709965.21
27/08/2023,27/08/2023,UPI/DR/031510431664/SMITHA PILLAI/HDFC0722665/smitha491@oksbi,3499.00,,5706466.21
28/08/2023,28/08/2023,NEFT/69439935/FATIMA SHEIKH/HDFC0722665/90590653748370,850.00,,5705616.21
28/08/2023,28/08/2023,UPI/DR/25570994/BABU LAL/HDFC0722665/babu229@ybl,5200.00,,5700416.21
29/08/2023,28/08/2023,UPI/DR/30459394/GEETA DEVI/HDFC0722665/geeta457@okaxis,850.00,,5699566.21
29/08/2023,28/08/2023,IMPS/P2P/61024467/LATHA MURTHY/7957200680,,2500.00,5702066.21
28/08/2023,28/08/2023,UPI/DR/455427989585/PADMA RAO/HDFC0722665/padma21@oksbi,5200.00,,5696866.21
28/08/2023,28/08/2023,UPI/CR/293084967529/RAMESH PILLAI/HDFC0722665/ramesh192@okaxis,,18500.00,5715366.21
28/08/2023,28/08/2023,UPI/DR/4448575300/MEENA IYER/HDFC0722665/meena545@ybl,850.00,,5714516.21
29/08/2023,29/08/2023,NEFT/51955913/PADMA RAO/HDFC0722665/05684261341811,,24000.00,5738516.21
29/08/2023,29/08/2023,IMPS/P2P/09332955/MOHAMMED IRFAN/9256143202,,2500.00,5741016.21
29/08/2023,29/08/2023,CASH DEPOSIT/BRANCH COUNTER/BANJARA HILLS HYDERABAD,,11200.00,5752216.21
29/08/2023,29/08/2023,CHQ NO 227160 CLEARING,2380.00,,5749836.21
29/08/2023,29/08/2023,NEFT/801880576271/VENKAT RAO/HDFC0722665/06019624273592,999.00,,5748837.21
29/08/2023,29/08/2023,ATM/WDL/1417476168/SBI ATM JAYANAGAR BLR,79.00,,5748758.21
30/08/2023,30/08/2023,UPI/CR/429120203786/KAVITHA RAO/HDFC0722665/kavitha791@ybl,,24000.00,5772758.21
30/08/2023,30/08/2023,ATM/WDL/7388048860/HDFC ATM KORAMANGALA,850.00,,5771908.21
30/08/2023,30/08/2023,NEFT/37812648/SAVITHA DEVI/HDFC0722665/71674378116104,449.00,,5771459.21
31/08/2023,30/08/2023,IMPS/P2P/438576926222/AYESHA KHAN/7819108495,,4800.00,5776259.21
30/08/2023,30/08/2023,ATM/WDL/14855699/CANARA ATM MYSURU,5200.00,,5771059.21
31/08/2023,31/08/2023,NEFT/7526467471/DEEPAK JOSHI/HDFC0722665/55524467688938,,11200.00,5782259.21
31/08/2023,31/08/2023,NEFT/2550855382/PREETHI IYER/HDFC0722665/15146175430043,449.00,,5781810.21
31/08/2023,31/08/2023,UPI/DR/02074733/KAVYA REDDY/HDFC0722665/kavya692@okaxis,449.00,,5781361.21
31/08/2023,31/08/2023,UPI/CR/9182454726/BINDHU NAIR/HDFC0722665/bindhu93@ybl,,500.00,5781861.21
31/08/2023,31/08/2023,ATM/WDL/6598790133/CANARA ATM MYSURU,5200.00,,5776661.21
31/08/2023,31/08/2023,UPI/DR/921432837960/KIRAN REDDY/HDFC0722665/kiran636@okhdfc,3499.00,,5773162.21
01/09/2023,01/09/2023,UPI/CR/242756527116/SNEHA PATIL/HDFC0722665/sneha584@oksbi,,18500.00,5791662.21
03/09/2023,02/09/2023,UPI/DR/72608129/ARCHANA PILLAI/HDFC0722665/archana726@oksbi,999.00,,5790663.21
02/09/2023,02/09/2023,ATM/WDL/425484766123/SBI ATM JAYANAGAR BLR,999.00,,5789664.21
02/09/2023,02/09/2023,NEFT/153048404346/RAJENDRA PRASAD/HDFC0722665/18540855461037,249.00,,5789415.21
02/09/2023,02/09/2023,UPI/DR/1117513997/AYESHA KHAN/HDFC0722665/ayesha114@oksbi,2380.00,,5787035.21
03/09/2023,02/09/2023,CHQ NO 365761 CLEARING,7800.00,,5779235.21
03/09/2023,02/09/2023,CHQ NO 889260 CLEARING,999.00,,5778236.21
04/09/2023,03/09/2023,CHQ NO 807928 CLEARING,3499.00,,5774737.21
04/09/2023,03/09/2023,UPI/DR/86853100/TANVI RAO/HDFC0722665/tanvi787@okaxis,850.00,,5773887.21
03/09/2023,03/09/2023,ATM/WDL/49554962/SBI ATM JAYANAGAR BLR,699.00,,5773188.21
03/09/2023,03/09/2023,ATM/WDL/239819023551/CANARA ATM MYSURU,1680.00,,5771508.21
04/09/2023,03/09/2023,CASH DEPOSIT/BRANCH COUNTER/BANJARA HILLS HYDERABAD,,11200.00,5782708.21
03/09/2023,03/09/2023,NEFT/4172040726/PRAKASH RAO/HDFC0722665/66082952540433,49.00,,5782659.21
04/09/2023,03/09/2023,CASH DEPOSIT/BRANCH COUNTER/BANJARA HILLS HYDERABAD,,11200.00,5793859.21
03/09/2023,03/09/2023,UPI/DR/617128704391/TARA SINGH/HDFC0722665/tara72@okhdfc,7800.00,,5786059.21
04/09/2023,04/09/2023,ATM/WDL/1519559008/SBI ATM JAYANAGAR BLR,1680.00,,5784379.21
04/09/2023,04/09/2023,ATM/WDL/3893051663/SBI ATM JAYANAGAR BLR,999.00,,5783380.21
04/09/2023,04/09/2023,CHQ NO 052607 CLEARING,310.00,,5783070.21
04/09/2023,04/09/2023,UPI/DR/8647825192/GANESH KUMAR/HDFC0722665/ganesh274@paytm,1250.00,,5781820.21
04/09/2023,04/09/2023,UPI/CR/430970536324/SUNITA DEVI/HDFC0722665/sunita642@ybl,,7600.00,5789420.21
04/09/2023,04/09/2023,ATM/WDL/950055936188/HDFC ATM KORAMANGALA,49.00,,5789371.21
04/09/2023,04/09/2023,NEFT/458345361995/RAMESH GOWDA/HDFC0722665/69211255569364,,32000.00,5821371.21
05/09/2023,04/09/2023,CHQ NO 265547 CLEARING,699.00,,5820672.21
05/09/2023,05/09/2023,IMPS/P2P/298274837903/NIKHIL GUPTA/7817940415,,850.00,5821522.21
05/09/2023,05/09/2023,UPI/DR/55409436/IMRAN KHAN/HDFC0722665/imran990@paytm,999.00,,5820523.21
05/09/2023,05/09/2023,UPI/DR/5333705649/KAVYA REDDY/HDFC0722665/kavya814@paytm,449.00,,5820074.21
05/09/2023,05/09/2023,UPI/DR/698474121292/RAJESH VERMA/HDFC0722665/rajesh899@okaxis,1250.00,,5818824.21
05/09/2023,05/09/2023,UPI/DR/52311126/KIRAN REDDY/HDFC0722665/kiran714@ybl,850.00,,5817974.21
05/09/2023,05/09/2023,ATM/WDL/106162603317/HDFC ATM KORAMANGALA,7800.00,,5810174.21
05/09/2023,05/09/2023,CASH DEPOSIT/BRANCH COUNTER/BANJARA HILLS HYDERABAD,,24000.00,5834174.21
05/09/2023,05/09/2023,UPI/DR/682727333263/MALLIKA DAS/HDFC0722665/mallika105@okaxis,79.00,,5834095.21
05/09/2023,05/09/2023,ATM/WDL/96066128/HDFC ATM KORAMANGALA,3499.00,,5830596.21
06/09/2023,06/09/2023,IMPS/P2P/68868501/SANJANA HEGDE/8365129381,,24000.00,5854596.21
06/09/2023,06/09/2023,NEFT/986103940599/RAMESH GOWDA/HDFC0722665/10241382928983,,11200.00,5865796.21
06/09/2023,06/09/2023,UPI/CR/671514589759/RAMESH PILLAI/HDFC0722665/ramesh578@ybl,,11200.00,5876996.21
07/09/2023,06/09/2023,IMPS/P2P/410994466031/SURESH BABU/8873008262,,7600.00,5884596.21
06/09/2023,06/09/2023,UPI/DR/0132025261/KARTHIK MENON/HDFC0722665/karthik610@oksbi,7800.00,,5876796.21
07/09/2023,06/09/2023,CHQ NO 567868 CLEARING,310.00,,5876486.21
06/09/2023,06/09/2023,CASH DEPOSIT/BRANCH COUNTER/BANJARA HILLS HYDERABAD,,11200.00,5887686.21
07/09/2023,06/09/2023,IMPS/P2P/4131604460/NAVEEN KUMAR/9318067516,,11200.00,5898886.21
07/09/2023,06/09/2023,CHQ NO 044504 CLEARING,850.00,,5898036.21
08/09/2023,07/09/2023,UPI/CR/478683177456/ARUN SHARMA/HDFC0722665/arun328@okhdfc,,24000.00,5922036.21
08/09/2023,07/09/2023,NEFT/6454252485/GEETA DEVI/HDFC0722665/23473405191671,79.00,,5921957.21
08/09/2023,07/09/2023,UPI/DR/40935553/RAJESH VERMA/HDFC0722665/rajesh50@okhdfc,79.00,,5921878.21
07/09/2023,07/09/2023,UPI/DR/0422670917/IMRAN KHAN/HDFC0722665/imran87@okaxis,79.00,,5921799.21
07/09/2023,07/09/2023,UPI/CR/239373623017/SUNIL YADAV/HDFC0722665/sunil470@oksbi,,2500.00,5924299.21
07/09/2023,07/09/2023,UPI/DR/1085275777/TANVI RAO/HDFC0722665/tanvi847@oksbi,1680.00,,5922619.21
08/09/2023,07/09/2023,CHQ NO 799431 CLEARING,3499.00,,5919120.21
07/09/2023,07/09/2023,UPI/DR/286043134479/BABU LAL/HDFC0722665/babu948@okhdfc,120.00,,5919000.21
08/09/2023,08/09/2023,IMPS/P2P/430490043962/LAKSHMI VENKAT/7839538488,,11200.00,5930200.21
08/09/2023,08/09/2023,UPI/DR/008049599492/ADITYA KUMAR/HDFC0722665/aditya535@paytm,49.00,,5930151.21
08/09/2023,08/09/2023,CHQ NO 486194 CLEARING,699.00,,5929452.21
09/09/2023,08/09/2023,CASH DEPOSIT/BRANCH COUNTER/BANJARA HILLS HYDERABAD,,500.00,5929952.21
08/09/2023,08/09/2023,CHQ NO 838686 CLEARING,3499.00,,5926453.21
08/09/2023,08/09/2023,CASH DEPOSIT/BRANCH COUNTER/BANJARA HILLS HYDERABAD,,11200.00,5937653.21
09/09/2023,09/09/2023,UPI/DR/898129837027/KAVYA REDDY/HDFC0722665/kavya823@okhdfc,850.00,,5936803.21
09/09/2023,09/09/2023,UPI/DR/6676277356/RAHUL SINGH/HDFC0722665/rahul891@ybl,249.00,,5936554.21
10/09/2023,09/09/2023,CHQ NO 996577 CLEARING,249.00,,5936305.21
09/09/2023,09/09/2023,ATM/WDL/4375458333/HDFC ATM KORAMANGALA,7800.00,,5928505.21
10/09/2023,10/09/2023,CASH DEPOSIT/BRANCH COUNTER/BANJARA HILLS HYDERABAD,,11200.00,5939705.21
11/09/2023,10/09/2023,UPI/DR/576056113233/MEENA IYER/HDFC0722665/meena882@paytm,49.00,,5939656.21
10/09/2023,10/09/2023,UPI/DR/116441329258/ANAND KUMAR/HDFC0722665/anand431@oksbi,3499.00,,5936157.21
10/09/2023,10/09/2023,CHQ NO 350063 CLEARING,999.00,,5935158.21
10/09/2023,10/09/2023,CHQ NO 184630 CLEARING,3499.00,,5931659.21
11/09/2023,11/09/2023,CASH DEPOSIT/BRANCH COUNTER/BANJARA HILLS HYDERABAD,,7600.00,5939259.21
11/09/2023,11/09/2023,UPI/DR/52877917/NILESH KULKARNI/HDFC0722665/nilesh505@ybl,699.00,,5938560.21
11/09/2023,11/09/2023,UPI/DR/670631771079/DIVYA MENON/HDFC0722665/divya774@oksbi,120.00,,5938440.21
11/09/2023,11/09/2023,CASH DEPOSIT/BRANCH COUNTER/BANJARA HILLS HYDERABAD,,2500.00,5940940.21
11/09/2023,11/09/2023,CASH DEPOSIT/BRANCH COUNTER/BANJARA HILLS HYDERABAD,,32000.00,5972940.21
11/09/2023,11/09/2023,UPI/CR/41217856/ROHIT SHARMA/HDFC0722665/rohit933@paytm,,7600.00,5980540.21
11/09/2023,11/09/2023,ATM/WDL/126099064070/SBI ATM JAYANAGAR BLR,49.00,,5980491.21
12/09/2023,12/09/2023,IMPS/P2P/46419676/SANJANA HEGDE/9113098228,,850.00,5981341.21
12/09/2023,12/09/2023,CHQ NO 640069 CLEARING,7800.00,,5973541.21
12/09/2023,12/09/2023,UPI/DR/47327349/SHEELA DEVI/HDFC0722665/sheela465@oksbi,1250.00,,5972291.21
12/09/2023,12/09/2023,CHQ NO 338390 CLEARING,699.00,,5971592.21
13/09/2023,12/09/2023,UPI/CR/96218038/KIRAN REDDY/HDFC0722665/kiran337@ybl,,24000.00,5995592.21
12/09/2023,12/09/2023,CHQ NO 317188 CLEARING,449.00,,5995143.21
12/09/2023,12/09/2023,NEFT/16171413/NADIA HUSSAIN/HDFC0722665/32116767567458,2380.00,,5992763.21
12/09/2023,12/09/2023,UPI/DR/875880258133/FARHAN KHAN/HDFC0722665/farhan77@ybl,120.00,,5992643.21
13/09/2023,13/09/2023,ATM/WDL/08535898/CANARA ATM MYSURU,310.00,,5992333.21
13/09/2023,13/09/2023,UPI/CR/199974459696/SMITHA PILLAI/HDFC0722665/smitha112@oksbi,,850.00,5993183.21
13/09/2023,13/09/2023,NEFT/1883026874/HARISH MENON/HDFC0722665/31153588087611,5200.00,,5987983.21
14/09/2023,13/09/2023,IMPS/P2P/726595371101/RAMESH PILLAI/9296761918,,500.00,5988483.21
14/09/2023,13/09/2023,UPI/DR/791928934427/KIRAN REDDY/HDFC0722665/kiran617@oksbi,310.00,,5988173.21
13/09/2023,13/09/2023,NEFT/0704435595/KAVITHA RAO/HDFC0722665/58563926729680,79.00,,5988094.21
13/09/2023,13/09/2023,CASH DEPOSIT/BRANCH COUNTER/BANJARA HILLS HYDERABAD,,1200.00,5989294.21
13/09/2023,13/09/2023,NEFT/057286561285/RAVI KUMAR SHARMA/HDFC0722665/45723143995452,310.00,,5988984.21
14/09/2023,14/09/2023,IMPS/P2P/54340843/SUNITA DEVI/9905991079,,11200.00,6000184.21
15/09/2023,14/09/2023,UPI/CR/615075747317/SMITHA PILLAI/HDFC0722665/smitha102@oksbi,,2500.00,6002684.21
14/09/2023,14/09/2023,CASH DEPOSIT/BRANCH COUNTER/BANJARA HILLS HYDERABAD,,1200.00,6003884.21
15/09/2023,15/09/2023,NEFT/38152049/SMITHA PILLAI/HDFC0722665/84275886874708,,1200.00,6005084.21
16/09/2023,15/09/2023,UPI/DR/359410033481/ROHIT SHARMA/HDFC0722665/rohit642@oksbi,49.00,,6005035.21
15/09/2023,15/09/2023,UPI/DR/18464448/BABU LAL/HDFC0722665/babu168@ybl,7800.00,,5997235.21
15/09/2023,15/09/2023,UPI/DR/42936255/SHAHID KHAN/HDFC0722665/shahid431@paytm,79.00,,5997156.21
15/09/2023,15/09/2023,CASH DEPOSIT/BRANCH COUNTER/BANJARA HILLS HYDERABAD,,4800.00,6001956.21
15/09/2023,15/09/2023,UPI/DR/0225728415/RAHUL SINGH/HDFC0722665/rahul731@okaxis,1680.00,,6000276.21
16/09/2023,16/09/2023,UPI/DR/7252402103/AYESHA KHAN/HDFC0722665/ayesha740@paytm,49.00,,6000227.21
16/09/2023,16/09/2023,UPI/DR/1902860743/RAJESH VERMA/HDFC0722665/rajesh641@paytm,1250.00,,5998977.21
16/09/2023,16/09/2023,CHQ NO 082003 CLEARING,999.00,,5997978.21
16/09/2023,16/09/2023,UPI/DR/083363945188/GANESH KUMAR/HDFC0722665/ganesh915@ybl,1250.00,,5996728.21
16/09/2023,16/09/2023,NEFT/8831830173/LAKSHMI VENKAT/HDFC0722665/86741938442312,1250.00,,5995478.21
16/09/2023,16/09/2023,IMPS/P2P/007575998386/RAVI KUMAR SHARMA/8020361271,,2500.00,5997978.21
16/09/2023,16/09/2023,CHQ NO 532769 CLEARING,7800.00,,5990178.21
16/09/2023,16/09/2023,NEFT/14824765/DEEPAK JOSHI/HDFC0722665/71050771927967,,500.00,5990678.21
17/09/2023,16/09/2023,CASH DEPOSIT/BRANCH COUNTER/BANJARA HILLS HYDERABAD,,24000.00,6014678.21
17/09/2023,17/09/2023,UPI/DR/125189921992/FARHAN KHAN/HDFC0722665/farhan126@oksbi,49.00,,6014629.21
17/09/2023,17/09/2023,IMPS/P2P/3033341263/LATHA MURTHY/9880038186,,850.00,6015479.21
18/09/2023,17/09/2023,NEFT/63878082/PRAKASH RAO/HDFC0722665/03098786707063,,4800.00,6020279.21
17/09/2023,17/09/2023,NEFT/771322868521/IMRAN KHAN/HDFC0722665/97403637564961,,32000.00,6052279.21
17/09/2023,17/09/2023,UPI/DR/352942767007/NILESH KULKARNI/HDFC0722665/nilesh792@oksbi,79.00,,6052200.21
17/09/2023,17/09/2023,UPI/DR/221913256729/HARISH MENON/HDFC0722665/harish363@ybl,249.00,,6051951.21
17/09/2023,17/09/2023,CASH DEPOSIT/BRANCH COUNTER/BANJARA HILLS HYDERABAD,,1200.00,6053151.21
17/09/2023,17/09/2023,CHQ NO 590217 CLEARING,1680.00,,6051471.21
18/09/2023,18/09/2023,UPI/CR/71038187/RAJESH VERMA/HDFC0722665/rajesh869@paytm,,32000.00,6083471.21
18/09/2023,18/09/2023,UPI/CR/2748189184/PRAKASH RAO/HDFC0722665/prakash335@okaxis,,24000.00,6107471.21
19/09/2023,19/09/2023,CHQ NO 362535 CLEARING,79.00,,6107392.21
19/09/2023,19/09/2023,CASH DEPOSIT/BRANCH COUNTER/BANJARA HILLS HYDERABAD,,18500.00,6125892.21
20/09/2023,19/09/2023,NEFT/860380424657/VENKAT RAO/HDFC0722665/17723589716603,,500.00,6126392.21
19/09/2023,19/09/2023,UPI/CR/667305019598/FARHAN KHAN/HDFC0722665/farhan355@okaxis,,18500.00,6144892.21
19/09/2023,19/09/2023,UPI/CR/5338274013/RAHUL SINGH/HDFC0722665/rahul797@paytm,,1200.00,6146092.21
20/09/2023,20/09/2023,UPI/CR/254281223252/ARUN SHARMA/HDFC0722665/arun267@oksbi,,24000.00,6170092.21
20/09/2023,20/09/2023,CASH DEPOSIT/BRANCH COUNTER/BANJARA HILLS HYDERABAD,,2500.00,6172592.21
21/09/2023,20/09/2023,CHQ NO 144326 CLEARING,310.00,,6172282.21
21/09/2023,21/09/2023,UPI/DR/541893423556/SURESH NAIR/HDFC0722665/suresh816@paytm,2380.00,,6169902.21
21/09/2023,21/09/2023,UPI/DR/85501004/RAHUL SINGH/HDFC0722665/rahul782@oksbi,449.00,,6169453.21
22/09/2023,21/09/2023,NEFT/394193170379/ARUN SHARMA/HDFC0722665/19887913757441,,2500.00,6171953.21
21/09/2023,21/09/2023,NEFT/374653646116/USHA RANI/HDFC0722665/83046239031432,999.00,,6170954.21
21/09/2023,21/09/2023,NEFT/5181982620/SAVITHA DEVI/HDFC0722665/42026561238125,7800.00,,6163154.21
21/09/2023,21/09/2023,NEFT/624296476911/FATIMA SHEIKH/HDFC0722665/07287945132380,49.00,,6163105.21
21/09/2023,21/09/2023,ATM/WDL/340895835496/CANARA ATM MYSURU,310.00,,6162795.21
22/09/2023,21/09/2023,CASH DEPOSIT/BRANCH COUNTER/BANJARA HILLS HYDERABAD,,1200.00,6163995.21
22/09/2023,22/09/2023,UPI/DR/23589946/MEENA IYER/HDFC0722665/meena501@okhdfc,1680.00,,6162315.21
23/09/2023,22/09/2023,UPI/DR/2869961843/NILESH KULKARNI/HDFC0722665/nilesh549@okaxis,310.00,,6162005.21
23/09/2023,22/09/2023,NEFT/375915988593/PADMA RAO/HDFC0722665/40204172692777,1250.00,,6160755.21
22/09/2023,22/09/2023,UPI/CR/5737106793/VINAY PATIL/HDFC0722665/vinay365@oksbi,,850.00,6161605.21
23/09/2023,22/09/2023,NEFT/6706858678/VENKAT RAO/HDFC0722665/74390795296099,449.00,,6161156.21
22/09/2023,22/09/2023,UPI/DR/44564498/MEERA PILLAI/HDFC0722665/meera881@ybl,850.00,,6160306.21
22/09/2023,22/09/2023,CHQ NO 909829 CLEARING,699.00,,6159607.21
23/09/2023,23/09/2023,ATM/WDL/156007937539/SBI ATM JAYANAGAR BLR,999.00,,6158608.21
24/09/2023,23/09/2023,UPI/DR/9679343241/SAVITHA DEVI/HDFC0722665/savitha340@oksbi,310.00,,6158298.21
23/09/2023,23/09/2023,IMPS/P2P/4941479472/TARA SINGH/7539301392,,11200.00,6169498.21
24/09/2023,23/09/2023,NEFT/0984120484/GOPAL VERMA/HDFC0722665/68267795334359,,2500.00,6171998.21
23/09/2023,23/09/2023,NEFT/40980053/PADMA RAO/HDFC0722665/87910543798751,,850.00,6172848.21
24/09/2023,23/09/2023,ATM/WDL/38581477/SBI ATM JAYANAGAR BLR,310.00,,6172538.21
24/09/2023,24/09/2023,NEFT/598470412508/MALLIKA DAS/HDFC0722665/64043739476782,,11200.00,6183738.21
25/09/2023,24/09/2023,NEFT/808414119222/DEEPAK JOSHI/HDFC0722665/02445305694401,449.00,,6183289.21
24/09/2023,24/09/2023,UPI/DR/3538532607/RAJENDRA PRASAD/HDFC0722665/rajendra606@paytm,2380.00,,6180909.21
24/09/2023,24/09/2023,CHQ NO 187673 CLEARING,310.00,,6180599.21
25/09/2023,25/09/2023,CASH DEPOSIT/BRANCH COUNTER/BANJARA HILLS HYDERABAD,,32000.00,6212599.21
26/09/2023,25/09/2023,UPI/CR/9855989585/FARHAN KHAN/HDFC0722665/farhan607@oksbi,,1200.00,6213799.21
26/09/2023,26/09/2023,UPI/DR/14697574/SANJANA HEGDE/HDFC0722665/sanjana729@okhdfc,249.00,,6213550.21
26/09/2023,26/09/2023,CASH DEPOSIT/BRANCH COUNTER/BANJARA HILLS HYDERABAD,,850.00,6214400.21
27/09/2023,26/09/2023,NEFT/821142223314/PADMA RAO/HDFC0722665/82347618823676,,500.00,6214900.21
28/09/2023,27/09/2023,CHQ NO 243814 CLEARING,999.00,,6213901.21
27/09/2023,27/09/2023,NEFT/5129487525/MEENA IYER/HDFC0722665/32543213673773,,1200.00,6215101.21
27/09/2023,27/09/2023,UPI/CR/746393956214/RESHMA KHAN/HDFC0722665/reshma164@okaxis,,32000.00,6247101.21
28/09/2023,27/09/2023,NEFT/5045451802/DEEPAK JOSHI/HDFC0722665/55743435178978,,850.00,6247951.21
28/09/2023,28/09/2023,CASH DEPOSIT/BRANCH COUNTER/BANJARA HILLS HYDERABAD,,1200.00,6249151.21
28/09/2023,28/09/2023,IMPS/P2P/5714580902/SMITHA PILLAI/7491891003,,11200.00,6260351.21
28/09/2023,28/09/2023,UPI/DR/39014321/RAJENDRA PRASAD/HDFC0722665/rajendra760@okaxis,3499.00,,6256852.21
29/09/2023,28/09/2023,UPI/DR/2328437624/MEENA IYER/HDFC0722665/meena940@paytm,1250.00,,6255602.21
28/09/2023,28/09/2023,UPI/CR/35321991/GOPAL VERMA/HDFC0722665/gopal235@okhdfc,,11200.00,6266802.21
28/09/2023,28/09/2023,UPI/CR/41313317/MEENA IYER/HDFC0722665/meena208@ybl,,32000.00,6298802.21
28/09/2023,28/09/2023,UPI/DR/867920014754/TANVI RAO/HDFC0722665/tanvi677@okaxis,120.00,,6298682.21
29/09/2023,29/09/2023,UPI/DR/65720591/PRAKASH RAO/HDFC0722665/prakash917@ybl,120.00,,6298562.21
01/10/2023,30/09/2023,ATM/WDL/7751321524/HDFC ATM KORAMANGALA,79.00,,6298483.21
30/09/2023,30/09/2023,UPI/DR/53386522/VINAY PATIL/HDFC0722665/vinay568@oksbi,7800.00,,6290683.21
01/10/2023,01/10/2023,UPI/DR/7737830837/LATHA MURTHY/HDFC0722665/latha993@paytm,2380.00,,6288303.21
01/10/2023,01/10/2023,UPI/DR/0545513119/CHANDAN SHARMA/HDFC0722665/chandan142@paytm,249.00,,6288054.21
01/10/2023,01/10/2023,UPI/CR/862521664663/DEEPA NAIR/HDFC0722665/deepa726@okhdfc,,18500.00,6306554.21
02/10/2023,02/10/2023,NEFT/3067484076/ARCHANA PILLAI/HDFC0722665/69610113363352,,4800.00,6311354.21
02/10/2023,02/10/2023,CASH DEPOSIT/BRANCH COUNTER/BANJARA HILLS HYDERABAD,,18500.00,6329854.21
03/10/2023,02/10/2023,ATM/WDL/7691609722/HDFC ATM KORAMANGALA,699.00,,6329155.21
04/10/2023,04/10/2023,NEFT/286031181861/TARA SINGH/HDFC0722665/10062641090618,7800.00,,6321355.21
04/10/2023,04/10/2023,UPI/DR/76400787/DIVYA MENON/HDFC0722665/divya535@ybl,850.00,,6320505.21
05/10/2023,05/10/2023,CASH DEPOSIT/BRANCH COUNTER/BANJARA HILLS HYDERABAD,,18500.00,6339005.21
05/10/2023,05/10/2023,UPI/DR/43172358/VENKAT RAO/HDFC0722665/venkat888@okhdfc,310.00,,6338695.21
06/10/2023,05/10/2023,UPI/DR/43696435/SUNIL YADAV/HDFC0722665/sunil788@paytm,999.00,,6337696.21
06/10/2023,06/10/2023,UPI/DR/7667392947/SUNIL YADAV/HDFC0722665/sunil682@oksbi,79.00,,6337617.21
06/10/2023,06/10/2023,CASH DEPOSIT/BRANCH COUNTER/BANJARA HILLS HYDERABAD,,2500.00,6340117.21
06/10/2023,06/10/2023,IMPS/P2P/0904264503/KAVITHA RAO/7764998844,,24000.00,6364117.21
06/10/2023,06/10/2023,NEFT/3428330957/HARISH MENON/HDFC0722665/21268243746332,,850.00,6364967.21
06/10/2023,06/10/2023,NEFT/9711940898/ANITHA KRISHNAN/HDFC0722665/71343198116791,3499.00,,6361468.21
07/10/2023,06/10/2023,NEFT/6438958350/IMRAN KHAN/HDFC0722665/35882357696611,999.00,,6360469.21
07/10/2023,07/10/2023,NEFT/9075611633/ARCHANA PILLAI/HDFC0722665/01611525970661,449.00,,6360020.21
07/10/2023,07/10/2023,ATM/WDL/854332467872/SBI ATM JAYANAGAR BLR,49.00,,6359971.21
07/10/2023,07/10/2023,NEFT/50421152/MOHAN DAS/HDFC0722665/98667975639502,249.00,,6359722.21
07/10/2023,07/10/2023,UPI/CR/05876164/ROHIT SHARMA/HDFC0722665/rohit527@okaxis,,500.00,6360222.21
07/10/2023,07/10/2023,UPI/DR/4276617486/NILESH KULKARNI/HDFC0722665/nilesh746@okaxis,850.00,,6359372.21
07/10/2023,07/10/2023,UPI/CR/4448176909/FATIMA SHEIKH/HDFC0722665/fatima742@ybl,,1200.00,6360572.21
08/10/2023,07/10/2023,ATM/WDL/99535613/CANARA ATM MYSURU,2380.00,,6358192.21
08/10/2023,08/10/2023,UPI/DR/8109245274/SUNIL YADAV/HDFC0722665/sunil49@okaxis,79.00,,6358113.21
08/10/2023,08/10/2023,UPI/DR/302775899952/PRIYA NAIR/HDFC0722665/priya246@okaxis,999.00,,6357114.21
08/10/2023,08/10/2023,UPI/CR/64485983/MALLIKA DAS/HDFC0722665/mallika871@okhdfc,,11200.00,6368314.21
08/10/2023,08/10/2023,UPI/DR/76650209/HARISH MENON/HDFC0722665/harish962@paytm,49.00,,6368265.21
08/10/2023,08/10/2023,UPI/DR/34559125/SAVITHA DEVI/HDFC0722665/savitha932@okaxis,249.00,,6368016.21
08/10/2023,08/10/2023,CASH DEPOSIT/BRANCH COUNTER/BANJARA HILLS HYDERABAD,,850.00,6368866.21
08/10/2023,08/10/2023,NEFT/572085145582/NIKHIL GUPTA/HDFC0722665/45657288982054,,7600.00,6376466.21
09/10/2023,09/10/2023,ATM/WDL/6991046814/SBI ATM JAYANAGAR BLR,120.00,,6376346.21
10/10/2023,09/10/2023,UPI/CR/263537910333/VENKAT RAO/HDFC0722665/venkat939@oksbi,,11200.00,6387546.21
09/10/2023,09/10/2023,UPI/DR/532304076369/MEENA IYER/HDFC0722665/meena901@okhdfc,999.00,,6386547.21
09/10/2023,09/10/2023,UPI/DR/5965348010/ANITHA KRISHNAN/HDFC0722665/anitha292@okhdfc,5200.00,,6381347.21
11/10/2023,10/10/2023,IMPS/P2P/8490949413/SANJANA HEGDE/8706201190,,1200.00,6382547.21
11/10/2023,10/10/2023,IMPS/P2P/60962104/PRAKASH RAO/8047742630,,1200.00,6383747.21
10/10/2023,10/10/2023,UPI/DR/11578215/NILESH KULKARNI/HDFC0722665/nilesh122@okaxis,310.00,,6383437.21
10/10/2023,10/10/2023,ATM/WDL/39682686/SBI ATM JAYANAGAR BLR,3499.00,,6379938.21
11/10/2023,10/10/2023,NEFT/8003271461/SUSHMA RAO/HDFC0722665/91920206407270,,7600.00,6387538.21
11/10/2023,11/10/2023,NEFT/0640431291/MEENA IYER/HDFC0722665/43583000282579,,500.00,6388038.21
11/10/2023,11/10/2023,UPI/CR/97818354/MALLIKA DAS/HDFC0722665/mallika361@oksbi,,11200.00,6399238.21
11/10/2023,11/10/2023,UPI/DR/638732903670/DEEPAK JOSHI/HDFC0722665/deepak363@okaxis,120.00,,6399118.21
11/10/2023,11/10/2023,CHQ NO 999331 CLEARING,79.00,,6399039.21
11/10/2023,11/10/2023,NEFT/603874477223/SMITHA PILLAI/HDFC0722665/05876299463736,,4800.00,6403839.21
12/10/2023,11/10/2023,UPI/DR/5872965414/SUSHMA RAO/HDFC0722665/sushma435@ybl,249.00,,6403590.21
11/10/2023,11/10/2023,NEFT/285181369439/BINDHU NAIR/HDFC0722665/84962056368694,,500.00,6404090.21
12/10/2023,12/10/2023,UPI/DR/808860348505/CHANDAN SHARMA/HDFC0722665/chandan503@okaxis,850.00,,6403240.21
12/10/2023,12/10/2023,ATM/WDL/3651248781/HDFC ATM KORAMANGALA,120.00,,6403120.21
13/10/2023,12/10/2023,CHQ NO 610751 CLEARING,1680.00,,6401440.21
13/10/2023,12/10/2023,NEFT/15728553/VIKRAM NAIR/HDFC0722665/98715117752505,,7600.00,6409040.21
13/10/2023,13/10/2023,CHQ NO 355007 CLEARING,2380.00,,6406660.21
13/10/2023,13/10/2023,UPI/DR/6813453950/SURESH BABU/HDFC0722665/suresh801@okaxis,79.00,,6406581.21
15/10/2023,14/10/2023,UPI/DR/9500258293/SUSHMA RAO/HDFC0722665/sushma859@okaxis,699.00,,6405882.21
14/10/2023,14/10/2023,UPI/DR/41398176/BINDHU NAIR/HDFC0722665/bindhu80@okhdfc,79.00,,6405803.21
14/10/2023,14/10/2023,UPI/DR/615134618898/VENKAT RAO/HDFC0722665/venkat591@oksbi,120.00,,6405683.21
14/10/2023,14/10/2023,CASH DEPOSIT/BRANCH COUNTER/BANJARA HILLS HYDERABAD,,32000.00,6437683.21
15/10/2023,15/10/2023,IMPS/P2P/166903895251/RAJESH VERMA/8098962706,,1200.00,6438883.21
15/10/2023,15/10/2023,NEFT/67848264/REKHA PILLAI/HDFC0722665/16087909480516,310.00,,6438573.21
15/10/2023,15/10/2023,NEFT/850147942294/MOHAN DAS/HDFC0722665/72838681041792,,4800.00,6443373.21
15/10/2023,15/10/2023,NEFT/145782595680/ANAND KUMAR/HDFC0722665/64130724634113,850.00,,6442523.21
17/10/2023,16/10/2023,ATM/WDL/90346225/HDFC ATM KORAMANGALA,310.00,,6442213.21
16/10/2023,16/10/2023,UPI/DR/29735949/CHANDAN SHARMA/HDFC0722665/chandan676@oksbi,49.00,,6442164.21
17/10/2023,16/10/2023,CHQ NO 373953 CLEARING,1680.00,,6440484.21
17/10/2023,16/10/2023,ATM/WDL/777359625013/SBI ATM JAYANAGAR BLR,1250.00,,6439234.21
17/10/2023,16/10/2023,UPI/CR/499153736133/NILESH KULKARNI/HDFC0722665/nilesh204@okhdfc,,7600.00,6446834.21
16/10/2023,16/10/2023,UPI/CR/17579538/SANTOSH KUMAR/HDFC0722665/santosh972@okhdfc,,1200.00,6448034.21
17/10/2023,16/10/2023,NEFT/00417777/GANESH KUMAR/HDFC0722665/30414303494269,699.00,,6447335.21
18/10/2023,17/10/2023,UPI/DR/336136490658/MOHAMMED IRFAN/HDFC0722665/mohammed72@paytm,1250.00,,6446085.21
17/10/2023,17/10/2023,UPI/DR/89623393/VINAY PATIL/HDFC0722665/vinay681@paytm,7800.00,,6438285.21
17/10/2023,17/10/2023,ATM/WDL/46977533/HDFC ATM KORAMANGALA,7800.00,,6430485.21
18/10/2023,18/10/2023,ATM/WDL/992150017705/CANARA ATM MYSURU,1680.00,,6428805.21
18/10/2023,18/10/2023,ATM/WDL/2453196496/HDFC ATM KORAMANGALA,699.00,,6428106.21
18/10/2023,18/10/2023,IMPS/P2P/67582113/VENKAT RAO/8238182141,,2500.00,6430606.21
19/10/2023,18/10/2023,CHQ NO 474647 CLEARING,999.00,,6429607.21
19/10/2023,19/10/2023,NEFT/1282008778/RAHUL SINGH/HDFC0722665/98911337364956,310.00,,6429297.21
19/10/2023,19/10/2023,NEFT/9997546098/RAJENDRA PRASAD/HDFC0722665/52131899837319,850.00,,6428447.21
19/10/2023,19/10/2023,UPI/DR/253712612033/LAKSHMI VENKAT/HDFC0722665/lakshmi110@paytm,79.00,,6428368.21
19/10/2023,19/10/2023,ATM/WDL/2029820919/HDFC ATM KORAMANGALA,449.00,,6427919.21
19/10/2023,19/10/2023,UPI/DR/1633580677/LATHA MURTHY/HDFC0722665/latha948@paytm,999.00,,6426920.21
20/10/2023,19/10/2023,UPI/DR/2117425751/MEENA IYER/HDFC0722665/meena265@ybl,310.00,,6426610.21
20/10/2023,20/10/2023,NEFT/98250745/DIVYA MENON/HDFC0722665/18095641460851,,500.00,6427110.21
20/10/2023,20/10/2023,UPI/CR/305938833439/REKHA PILLAI/HDFC0722665/rekha600@okaxis,,18500.00,6445610.21
20/10/2023,20/10/2023,NEFT/3946546563/MALLIKA DAS/HDFC0722665/92836359463971,,850.00,6446460.21
21/10/2023,20/10/2023,ATM/WDL/3336672721/CANARA ATM MYSURU,1250.00,,6445210.21
20/10/2023,20/10/2023,IMPS/P2P/507297109337/USHA RANI/9022351489,,4800.00,6450010.21
20/10/2023,20/10/2023,NEFT/093765810154/ARJUN MEHTA/HDFC0722665/98450440933693,449.00,,6449561.21
20/10/2023,20/10/2023,UPI/DR/7564751368/BABU LAL/HDFC0722665/babu578@paytm,310.00,,6449251.21
20/10/2023,20/10/2023,UPI/CR/3106050706/SANJANA HEGDE/HDFC0722665/sanjana256@okaxis,,11200.00,6460451.21
21/10/2023,21/10/2023,ATM/WDL/39881986/HDFC ATM KORAMANGALA,310.00,,6460141.21
21/10/2023,21/10/2023,CASH DEPOSIT/BRANCH COUNTER/BANJARA HILLS HYDERABAD,,1200.00,6461341.21
21/10/2023,21/10/2023,UPI/CR/262080324357/DIVYA MENON/HDFC0722665/divya30@okhdfc,,2500.00,6463841.21
21/10/2023,21/10/2023,UPI/DR/36746259/MOHAN DAS/HDFC0722665/mohan305@okaxis,3499.00,,6460342.21
21/10/2023,21/10/2023,UPI/DR/800333748099/VIKRAM NAIR/HDFC0722665/vikram705@okhdfc,850.00,,6459492.21
21/10/2023,21/10/2023,UPI/DR/82918178/FARHAN KHAN/HDFC0722665/farhan527@paytm,49.00,,6459443.21
22/10/2023,22/10/2023,ATM/WDL/9411717223/HDFC ATM KORAMANGALA,310.00,,6459133.21
22/10/2023,22/10/2023,NEFT/59460527/SHAHID KHAN/HDFC0722665/65530262064131,310.00,,6458823.21
22/10/2023,22/10/2023,CASH DEPOSIT/BRANCH COUNTER/BANJARA HILLS HYDERABAD,,850.00,6459673.21
22/10/2023,22/10/2023,UPI/DR/9376734485/ARCHANA PILLAI/HDFC0722665/archana997@okaxis,5200.00,,6454473.21
22/10/2023,22/10/2023,UPI/DR/79547335/ROHIT SHARMA/HDFC0722665/rohit461@oksbi,79.00,,6454394.21
23/10/2023,23/10/2023,UPI/DR/898793634660/MEENA IYER/HDFC0722665/meena241@paytm,5200.00,,6449194.21
24/10/2023,24/10/2023,IMPS/P2P/272755713939/HARISH MENON/9359203410,,7600.00,6456794.21
25/10/2023,24/10/2023,CASH DEPOSIT/BRANCH COUNTER/BANJARA HILLS HYDERABAD,,11200.00,6467994.21
26/10/2023,25/10/2023,UPI/CR/2716889903/KIRAN REDDY/HDFC0722665/kiran570@paytm,,24000.00,6491994.21
26/10/2023,25/10/2023,CHQ NO 900647 CLEARING,120.00,,6491874.21
25/10/2023,25/10/2023,IMPS/P2P/5394559177/TARA SINGH/7610717023,,7600.00,6499474.21
25/10/2023,25/10/2023,CASH DEPOSIT/BRANCH COUNTER/BANJARA HILLS HYDERABAD,,4800.00,6504274.21
25/10/2023,25/10/2023,UPI/DR/0034695011/SANJANA HEGDE/HDFC0722665/sanjana869@okaxis,999.00,,6503275.21
25/10/2023,25/10/2023,UPI/CR/0826296010/PRIYA NAIR/HDFC0722665/priya981@okaxis,,24000.00,6527275.21
26/10/2023,26/10/2023,UPI/DR/2777904100/LALITHA DEVI/HDFC0722665/lalitha197@okaxis,310.00,,6526965.21
27/10/2023,26/10/2023,NEFT/7165541239/DIVYA MENON/HDFC0722665/25942261759915,,32000.00,6558965.21
26/10/2023,26/10/2023,UPI/DR/40429183/RESHMA KHAN/HDFC0722665/reshma10@ybl,249.00,,6558716.21
26/10/2023,26/10/2023,UPI/DR/76577748/DEEPAK JOSHI/HDFC0722665/deepak34@okaxis,79.00,,6558637.21
26/10/2023,26/10/2023,UPI/DR/690981906677/SUSHMA RAO/HDFC0722665/sushma690@paytm,49.00,,6558588.21
26/10/2023,26/10/2023,ATM/WDL/12250137/SBI ATM JAYANAGAR BLR,79.00,,6558509.21
27/10/2023,27/10/2023,UPI/DR/636819518112/ARJUN MEHTA/HDFC0722665/arjun441@paytm,1250.00,,6557259.21
27/10/2023,27/10/2023,NEFT/284884620139/SHAHID KHAN/HDFC0722665/82312929406494,120.00,,6557139.21
27/10/2023,27/10/2023,CHQ NO 660140 CLEARING,249.00,,6556890.21
27/10/2023,27/10/2023,IMPS/P2P/4174778181/RANJIT SINGH/8272999283,,11200.00,6568090.21
27/10/2023,27/10/2023,ATM/WDL/4811602877/CANARA ATM MYSURU,850.00,,6567240.21
27/10/2023,27/10/2023,UPI/CR/7214505685/SUNITA DEVI/HDFC0722665/sunita533@okaxis,,1200.00,6568440.21
28/10/2023,28/10/2023,IMPS/P2P/553301738286/BINDHU NAIR/8207396160,,2500.00,6570940.21
28/10/2023,28/10/2023,NEFT/4023230339/SANTOSH KUMAR/HDFC0722665/80263641806292,,11200.00,6582140.21
28/10/2023,28/10/2023,UPI/DR/750185534111/DEEPAK JOSHI/HDFC0722665/deepak159@okaxis,120.00,,6582020.21
29/10/2023,28/10/2023,IMPS/P2P/7904450792/GOPAL VERMA/8885436085,,4800.00,6586820.21
28/10/2023,28/10/2023,NEFT/5847980228/MOHAMMED IRFAN/HDFC0722665/20448308366250,249.00,,6586571.21
30/10/2023,29/10/2023,NEFT/5736223007/GOPAL VERMA/HDFC0722665/38792462390626,,850.00,6587421.21
29/10/2023,29/10/2023,UPI/DR/58812766/KARTHIK MENON/HDFC0722665/karthik28@ybl,79.00,,6587342.21
30/10/2023,29/10/2023,UPI/DR/60282212/KARTHIK MENON/HDFC0722665/karthik95@paytm,5200.00,,6582142.21
29/10/2023,29/10/2023,NEFT/62277495/ANAND KUMAR/HDFC0722665/94443980253734,3499.00,,6578643.21
29/10/2023,29/10/2023,UPI/CR/6123877289/SURESH NAIR/HDFC0722665/suresh761@okaxis,,32000.00,6610643.21
29/10/2023,29/10/2023,NEFT/69127284/NIKHIL GUPTA/HDFC0722665/83863204732295,,2500.00,6613143.21
29/10/2023,29/10/2023,CHQ NO 763271 CLEARING,699.00,,6612444.21
30/10/2023,30/10/2023,UPI/DR/725511549775/SANTOSH KUMAR/HDFC0722665/santosh617@okhdfc,449.00,,6611995.21
31/10/2023,30/10/2023,UPI/CR/308044090817/PADMA RAO/HDFC0722665/padma415@paytm,,2500.00,6614495.21
30/10/2023,30/10/2023,UPI/DR/877555724134/MOHAMMED IRFAN/HDFC0722665/mohammed735@okhdfc,5200.00,,6609295.21
01/11/2023,31/10/2023,UPI/CR/051886119682/GOPAL VERMA/HDFC0722665/gopal432@okaxis,,500.00,6609795.21
01/11/2023,01/11/2023,NEFT/546991907594/AYESHA KHAN/HDFC0722665/91023334206753,,2500.00,6612295.21
02/11/2023,01/11/2023,UPI/CR/22497209/CHANDAN SHARMA/HDFC0722665/chandan193@paytm,,2500.00,6614795.21
01/11/2023,01/11/2023,UPI/DR/9411681380/LATHA MURTHY/HDFC0722665/latha197@ybl,3499.00,,6611296.21
01/11/2023,01/11/2023,CHQ NO 911578 CLEARING,7800.00,,6603496.21
01/11/2023,01/11/2023,NEFT/10490141/PREETHI IYER/HDFC0722665/32518624328742,699.00,,6602797.21
03/11/2023,02/11/2023,CASH DEPOSIT/BRANCH COUNTER/BANJARA HILLS HYDERABAD,,2500.00,6605297.21
03/11/2023,02/11/2023,CASH DEPOSIT/BRANCH COUNTER/BANJARA HILLS HYDERABAD,,850.00,6606147.21
03/11/2023,02/11/2023,ATM/WDL/66408843/CANARA ATM MYSURU,699.00,,6605448.21
02/11/2023,02/11/2023,ATM/WDL/811011707559/CANARA ATM MYSURU,1250.00,,6604198.21
03/11/2023,03/11/2023,NEFT/5532992360/RAJENDRA PRASAD/HDFC0722665/77572303141719,,4800.00,6608998.21
03/11/2023,03/11/2023,UPI/DR/799479008650/USHA RANI/HDFC0722665/usha983@okhdfc,2380.00,,6606618.21
03/11/2023,03/11/2023,CHQ NO 116129 CLEARING,3499.00,,6603119.21
03/11/2023,03/11/2023,UPI/DR/3957959449/BABU LAL/HDFC0722665/babu972@oksbi,850.00,,6602269.21
05/11/2023,04/11/2023,CASH DEPOSIT/BRANCH COUNTER/BANJARA HILLS HYDERABAD,,4800.00,6607069.21
04/11/2023,04/11/2023,ATM/WDL/2691184518/CANARA ATM MYSURU,1680.00,,6605389.21
04/11/2023,04/11/2023,UPI/DR/25561678/DEEPAK JOSHI/HDFC0722665/deepak622@okhdfc,79.00,,6605310.21
04/11/2023,04/11/2023,NEFT/25651551/GOPAL VERMA/HDFC0722665/85883539559528,,850.00,6606160.21
04/11/2023,04/11/2023,UPI/DR/361502127178/MEENA IYER/HDFC0722665/meena462@okaxis,999.00,,6605161.21
04/11/2023,04/11/2023,NEFT/062288379984/PRAKASH RAO/HDFC0722665/14078218132607,,32000.00,6637161.21
04/11/2023,04/11/2023,UPI/DR/7654670288/NADIA HUSSAIN/HDFC0722665/nadia48@oksbi,449.00,,6636712.21
05/11/2023,04/11/2023,UPI/DR/742185241477/SANTOSH KUMAR/HDFC0722665/santosh300@ybl,310.00,,6636402.21
04/11/2023,04/11/2023,CASH DEPOSIT/BRANCH COUNTER/BANJARA HILLS HYDERABAD,,11200.00,6647602.21
04/11/2023,04/11/2023,UPI/DR/87687448/SHAHID KHAN/HDFC0722665/shahid592@okaxis,1680.00,,6645922.21
05/11/2023,05/11/2023,UPI/DR/38095977/RAHUL SINGH/HDFC0722665/rahul115@okaxis,449.00,,6645473.21
05/11/2023,05/11/2023,NEFT/6583462366/LAKSHMI VENKAT/HDFC0722665/96855734520086,7800.00,,6637673.21
05/11/2023,05/11/2023,UPI/DR/0950345450/ADITYA KUMAR/HDFC0722665/aditya798@paytm,310.00,,6637363.21
06/11/2023,06/11/2023,NEFT/9622211945/IMRAN KHAN/HDFC0722665/91375700349474,,850.00,6638213.21
06/11/2023,06/11/2023,UPI/DR/451430119546/PREETHI IYER/HDFC0722665/preethi169@ybl,1680.00,,6636533.21
06/11/2023,06/11/2023,UPI/DR/789576745865/CHANDAN SHARMA/HDFC0722665/chandan542@ybl,1250.00,,6635283.21
06/11/2023,06/11/2023,UPI/DR/8739732718/RAJESH VERMA/HDFC0722665/rajesh325@okaxis,850.00,,6634433.21
07/11/2023,07/11/2023,ATM/WDL/807567350052/SBI ATM JAYANAGAR BLR,1680.00,,6632753.21
07/11/2023,07/11/2023,ATM/WDL/64572255/CANARA ATM MYSURU,5200.00,,6627553.21
07/11/2023,07/11/2023,CHQ NO 204977 CLEARING,3499.00,,6624054.21
07/11/2023,07/11/2023,CHQ NO 632710 CLEARING,1680.00,,6622374.21
07/11/2023,07/11/2023,UPI/CR/9531279662/SMITHA PILLAI/HDFC0722665/smitha298@ybl,,32000.00,6654374.21
08/11/2023,07/11/2023,UPI/DR/656408969995/PRAKASH RAO/HDFC0722665/prakash146@okhdfc,850.00,,6653524.21
08/11/2023,08/11/2023,UPI/DR/04118756/VENKAT RAO/HDFC0722665/venkat805@paytm,1680.00,,6651844.21
08/11/2023,08/11/2023,UPI/CR/0107713740/KARTHIK MENON/HDFC0722665/karthik130@oksbi,,24000.00,6675844.21
08/11/2023,08/11/2023,NEFT/21195648/MEENA IYER/HDFC0722665/22118359560420,,2500.00,6678344.21
08/11/2023,08/11/2023,UPI/DR/16461296/VINAY PATIL/HDFC0722665/vinay239@paytm,1250.00,,6677094.21
08/11/2023,08/11/2023,NEFT/63842976/KAVERI MENON/HDFC0722665/62588525061748,,850.00,6677944.21
08/11/2023,08/11/2023,NEFT/6376946304/RAMESH PILLAI/HDFC0722665/79590205211512,699.00,,6677245.21
08/11/2023,08/11/2023,IMPS/P2P/464952745960/SHAHID KHAN/8405178077,,11200.00,6688445.21
09/11/2023,09/11/2023,UPI/CR/86033798/MEERA PILLAI/HDFC0722665/meera39@ybl,,11200.00,6699645.21
09/11/2023,09/11/2023,UPI/DR/9726435653/REKHA PILLAI/HDFC0722665/rekha749@paytm,1680.00,,6697965.21
10/11/2023,09/11/2023,UPI/DR/613643095689/REKHA PILLAI/HDFC0722665/rekha384@okhdfc,1680.00,,6696285.21
10/11/2023,10/11/2023,UPI/DR/82844779/PRAKASH RAO/HDFC0722665/prakash900@ybl,120.00,,6696165.21
10/11/2023,10/11/2023,NEFT/7963618427/SHAHID KHAN/HDFC0722665/40599494938041,2380.00,,6693785.21
10/11/2023,10/11/2023,IMPS/P2P/735226325463/TANVI RAO/8184589109,,850.00,6694635.21
10/11/2023,10/11/2023,UPI/DR/21375624/PRAKASH RAO/HDFC0722665/prakash436@ybl,49.00,,6694586.21
11/11/2023,11/11/2023,UPI/CR/723305598147/HARISH MENON/HDFC0722665/harish371@oksbi,,24000.00,6718586.21
12/11/2023,11/11/2023,UPI/DR/6140298055/BABU LAL/HDFC0722665/babu121@okaxis,999.00,,6717587.21
11/11/2023,11/11/2023,UPI/DR/665510645952/CHANDAN SHARMA/HDFC0722665/chandan899@paytm,1680.00,,6715907.21
12/11/2023,12/11/2023,UPI/DR/72321466/RAJENDRA PRASAD/HDFC0722665/rajendra762@okhdfc,1680.00,,6714227.21
12/11/2023,12/11/2023,CHQ NO 455840 CLEARING,449.00,,6713778.21
12/11/2023,12/11/2023,UPI/DR/2180299072/KIRAN REDDY/HDFC0722665/kiran839@oksbi,79.00,,6713699.21
12/11/2023,12/11/2023,UPI/CR/283109630993/SURESH BABU/HDFC0722665/suresh614@okhdfc,,850.00,6714549.21
13/11/2023,12/11/2023,UPI/DR/171685627359/SURESH NAIR/HDFC0722665/suresh14@paytm,2380.00,,6712169.21
12/11/2023,12/11/2023,IMPS/P2P/70156574/SANTOSH KUMAR/8790553617,,4800.00,6716969.21
14/11/2023,13/11/2023,UPI/DR/400607039977/NILESH KULKARNI/HDFC0722665/nilesh233@okhdfc,5200.00,,6711769.21
14/11/2023,13/11/2023,UPI/DR/68530181/LATHA MURTHY/HDFC0722665/latha773@paytm,7800.00,,6703969.21
14/11/2023,13/11/2023,UPI/DR/691113679056/POOJA SHARMA/HDFC0722665/pooja358@okhdfc,1680.00,,6702289.21
14/11/2023,13/11/2023,NEFT/1474243749/DEEPAK JOSHI/HDFC0722665/57507133524257,,2500.00,6704789.21
14/11/2023,13/11/2023,NEFT/6669878562/SUNIL YADAV/HDFC0722665/35682624812077,,850.00,6705639.21
13/11/2023,13/11/2023,ATM/WDL/6782400183/SBI ATM JAYANAGAR BLR,5200.00,,6700439.21
13/11/2023,13/11/2023,UPI/CR/797242922325/BINDHU NAIR/HDFC0722665/bindhu912@ybl,,500.00,6700939.21
14/11/2023,13/11/2023,UPI/DR/67741057/VENKAT RAO/HDFC0722665/venkat578@okaxis,850.00,,6700089.21
13/11/2023,13/11/2023,NEFT/762351974950/FATIMA SHEIKH/HDFC0722665/88805431811513,3499.00,,6696590.21
15/11/2023,14/11/2023,UPI/CR/93029231/SHAHID KHAN/HDFC0722665/shahid34@ybl,,24000.00,6720590.21
14/11/2023,14/11/2023,NEFT/482053626044/ARUN SHARMA/HDFC0722665/90754926202051,120.00,,6720470.21
14/11/2023,14/11/2023,NEFT/234999223770/SAVITHA DEVI/HDFC0722665/79141098427487,,1200.00,6721670.21
14/11/2023,14/11/2023,ATM/WDL/990624369791/CANARA ATM MYSURU,5200.00,,6716470.21
16/11/2023,15/11/2023,CHQ NO 147037 CLEARING,310.00,,6716160.21
16/11/2023,15/11/2023,IMPS/P2P/473356184031/KAVYA REDDY/7789407181,,11200.00,6727360.21
15/11/2023,15/11/2023,IMPS/P2P/7572099169/SAVITHA DEVI/8781181803,,850.00,6728210.21
16/11/2023,15/11/2023,ATM/WDL/19902344/CANARA ATM MYSURU,120.00,,6728090.21
16/11/2023,15/11/2023,IMPS/P2P/52573133/VINAY PATIL/7247410631,,4800.00,6732890.21
16/11/2023,16/11/2023,UPI/DR/524086579109/BABU LAL/HDFC0722665/babu408@okhdfc,310.00,,6732580.21
16/11/2023,16/11/2023,IMPS/P2P/928578170489/NIKHIL GUPTA/7296802585,,11200.00,6743780.21
17/11/2023,16/11/2023,CHQ NO 866252 CLEARING,79.00,,6743701.21
16/11/2023,16/11/2023,UPI/DR/70849595/SUNITA DEVI/HDFC0722665/sunita943@okaxis,5200.00,,6738501.21
17/11/2023,17/11/2023,CASH DEPOSIT/BRANCH COUNTER/BANJARA HILLS HYDERABAD,,500.00,6739001.21
17/11/2023,17/11/2023,IMPS/P2P/27981495/SANJANA HEGDE/9322045456,,2500.00,6741501.21
17/11/2023,17/11/2023,UPI/CR/81209205/MEERA PILLAI/HDFC0722665/meera51@oksbi,,850.00,6742351.21
17/11/2023,17/11/2023,UPI/DR/627083602773/MEENA IYER/HDFC0722665/meena708@paytm,449.00,,6741902.21
18/11/2023,17/11/2023,CASH DEPOSIT/BRANCH COUNTER/BANJARA HILLS HYDERABAD,,32000.00,6773902.21
17/11/2023,17/11/2023,NEFT/206176787351/DIVYA MENON/HDFC0722665/40707852107595,5200.00,,6768702.21
18/11/2023,17/11/2023,UPI/CR/5391270047/GANESH KUMAR/HDFC0722665/ganesh391@okhdfc,,2500.00,6771202.21
18/11/2023,18/11/2023,NEFT/366361307180/FATIMA SHEIKH/HDFC0722665/94155894283985,2380.00,,6768822.21
18/11/2023,18/11/2023,UPI/DR/77940558/ARCHANA PILLAI/HDFC0722665/archana291@okaxis,2380.00,,6766442.21
18/11/2023,18/11/2023,UPI/DR/4166019761/NILESH KULKARNI/HDFC0722665/nilesh889@ybl,999.00,,6765443.21
18/11/2023,18/11/2023,UPI/CR/162707676953/SAVITHA DEVI/HDFC0722665/savitha321@ybl,,1200.00,6766643.21
19/11/2023,18/11/2023,UPI/DR/6738855497/SHAHID KHAN/HDFC0722665/shahid978@paytm,449.00,,6766194.21
19/11/2023,19/11/2023,ATM/WDL/830168723530/SBI ATM JAYANAGAR BLR,120.00,,6766074.21
20/11/2023,19/11/2023,CHQ NO 445608 CLEARING,5200.00,,6760874.21
19/11/2023,19/11/2023,NEFT/653598559039/ANAND KUMAR/HDFC0722665/82650284222540,7800.00,,6753074.21
20/11/2023,20/11/2023,UPI/CR/62304762/DEEPAK JOSHI/HDFC0722665/deepak86@oksbi,,11200.00,6764274.21
20/11/2023,20/11/2023,UPI/DR/38558619/FATIMA SHEIKH/HDFC0722665/fatima54@oksbi,2380.00,,6761894.21
21/11/2023,20/11/2023,UPI/DR/2343835367/GEETA DEVI/HDFC0722665/geeta490@okhdfc,1680.00,,6760214.21
21/11/2023,20/11/2023,CASH DEPOSIT/BRANCH COUNTER/BANJARA HILLS HYDERABAD,,32000.00,6792214.21
21/11/2023,21/11/2023,UPI/DR/2173547445/ARCHANA PILLAI/HDFC0722665/archana569@ybl,79.00,,6792135.21
21/11/2023,21/11/2023,UPI/CR/2182186537/DEEPAK JOSHI/HDFC0722665/deepak420@okhdfc,,18500.00,6810635.21
21/11/2023,21/11/2023,NEFT/100694026472/SUNIL YADAV/HDFC0722665/89609372183953,3499.00,,6807136.21
21/11/2023,21/11/2023,UPI/DR/7221021013/TARA SINGH/HDFC0722665/tara532@ybl,1250.00,,6805886.21
21/11/2023,21/11/2023,UPI/DR/0854893597/ANAND KUMAR/HDFC0722665/anand307@paytm,3499.00,,6802387.21
22/11/2023,21/11/2023,UPI/DR/4951921086/MOHAMMED IRFAN/HDFC0722665/mohammed320@okaxis,2380.00,,6800007.21
22/11/2023,22/11/2023,IMPS/P2P/43973069/REKHA PILLAI/8116415650,,32000.00,6832007.21
22/11/2023,22/11/2023,UPI/DR/3901266224/SUNITA DEVI/HDFC0722665/sunita620@oksbi,3499.00,,6828508.21
22/11/2023,22/11/2023,CASH DEPOSIT/BRANCH COUNTER/BANJARA HILLS HYDERABAD,,18500.00,6847008.21
22/11/2023,22/11/2023,UPI/DR/635935359845/LALITHA DEVI/HDFC0722665/lalitha712@okaxis,999.00,,6846009.21
22/11/2023,22/11/2023,UPI/CR/7500527957/PRAKASH RAO/HDFC0722665/prakash483@paytm,,2500.00,6848509.21
22/11/2023,22/11/2023,ATM/WDL/993421562787/CANARA ATM MYSURU,2380.00,,6846129.21
23/11/2023,23/11/2023,UPI/DR/674887034104/KARTHIK MENON/HDFC0722665/karthik383@okaxis,1680.00,,6844449.21
23/11/2023,23/11/2023,UPI/DR/70078018/KARTHIK MENON/HDFC0722665/karthik543@okaxis,249.00,,6844200.21
24/11/2023,23/11/2023,UPI/DR/13143501/RANJIT SINGH/HDFC0722665/ranjit42@paytm,1250.00,,6842950.21
23/11/2023,23/11/2023,CASH DEPOSIT/BRANCH COUNTER/BANJARA HILLS HYDERABAD,,4800.00,6847750.21
23/11/2023,23/11/2023,UPI/DR/9820175598/DEEPA NAIR/HDFC0722665/deepa179@ybl,3499.00,,6844251.21
24/11/2023,23/11/2023,IMPS/P2P/116504627078/ADITYA KUMAR/7951048679,,24000.00,6868251.21
24/11/2023,24/11/2023,CASH DEPOSIT/BRANCH COUNTER/BANJARA HILLS HYDERABAD,,24000.00,6892251.21
24/11/2023,24/11/2023,UPI/DR/12990713/POOJA SHARMA/HDFC0722665/pooja264@okaxis,7800.00,,6884451.21
24/11/2023,24/11/2023,UPI/DR/187166557903/FATIMA SHEIKH/HDFC0722665/fatima809@okaxis,49.00,,6884402.21
24/11/2023,24/11/2023,UPI/DR/8689610020/RAMESH PILLAI/HDFC0722665/ramesh843@ybl,1680.00,,6882722.21
25/11/2023,24/11/2023,UPI/DR/7291041433/FARHAN KHAN/HDFC0722665/farhan435@paytm,850.00,,6881872.21
25/11/2023,25/11/2023,CHQ NO 855244 CLEARING,449.00,,6881423.21
25/11/2023,25/11/2023,UPI/DR/889331467393/MALLIKA DAS/HDFC0722665/mallika104@oksbi,79.00,,6881344.21
25/11/2023,25/11/2023,UPI/DR/87365428/RAHUL SINGH/HDFC0722665/rahul36@oksbi,79.00,,6881265.21
25/11/2023,25/11/2023,UPI/DR/68647576/BABU LAL/HDFC0722665/babu977@okhdfc,120.00,,6881145.21
26/11/2023,26/11/2023,IMPS/P2P/30044396/GOPAL VERMA/9690290903,,2500.00,6883645.21
26/11/2023,26/11/2023,UPI/DR/82730095/KIRAN REDDY/HDFC0722665/kiran738@okhdfc,699.00,,6882946.21
27/11/2023,26/11/2023,NEFT/4374329962/MOHAMMED IRFAN/HDFC0722665/44916029327014,,24000.00,6906946.21
26/11/2023,26/11/2023,NEFT/34643376/VINAY PATIL/HDFC0722665/94029294730832,,11200.00,6918146.21
26/11/2023,26/11/2023,CHQ NO 116389 CLEARING,699.00,,6917447.21
26/11/2023,26/11/2023,IMPS/P2P/394050888496/SUNIL YADAV/7604474551,,4800.00,6922247.21
26/11/2023,26/11/2023,UPI/DR/145068701748/DEEPAK JOSHI/HDFC0722665/deepak532@paytm,2380.00,,6919867.21
27/11/2023,27/11/2023,CASH DEPOSIT/BRANCH COUNTER/BANJARA HILLS HYDERABAD,,18500.00,6938367.21
28/11/2023,27/11/2023,NEFT/506925027814/REKHA PILLAI/HDFC0722665/75251798211767,850.00,,6937517.21
27/11/2023,27/11/2023,ATM/WDL/024036068015/HDFC ATM KORAMANGALA,999.00,,6936518.21
27/11/2023,27/11/2023,NEFT/006923058660/BINDHU NAIR/HDFC0722665/67427491234603,1680.00,,6934838.21
27/11/2023,27/11/2023,CASH DEPOSIT/BRANCH COUNTER/BANJARA HILLS HYDERABAD,,500.00,6935338.21
28/11/2023,27/11/2023,UPI/DR/3261115564/SMITHA PILLAI/HDFC0722665/smitha399@paytm,999.00,,6934339.21
28/11/2023,28/11/2023,NEFT/56129033/GANESH KUMAR/HDFC0722665/29502092356746,310.00,,6934029.21
28/11/2023,28/11/2023,ATM/WDL/2718662535/HDFC ATM KORAMANGALA,7800.00,,6926229.21
28/11/2023,28/11/2023,IMPS/P2P/5300145732/ROHIT SHARMA/8184291275,,32000.00,6958229.21
28/11/2023,28/11/2023,NEFT/28749075/GANESH KUMAR/HDFC0722665/80484211289430,,7600.00,6965829.21
28/11/2023,28/11/2023,UPI/DR/06413597/RAVI KUMAR SHARMA/HDFC0722665/ravi464@oksbi,79.00,,6965750.21
29/11/2023,29/11/2023,NEFT/8805118192/RANJIT SINGH/HDFC0722665/47072716990999,,11200.00,6976950.21
29/11/2023,29/11/2023,CHQ NO 492820 CLEARING,79.00,,6976871.21
29/11/2023,29/11/2023,CHQ NO 166540 CLEARING,2380.00,,6974491.21
30/11/2023,29/11/2023,UPI/DR/76436051/TARA SINGH/HDFC0722665/tara460@paytm,120.00,,6974371.21
29/11/2023,29/11/2023,UPI/DR/61991752/BABU LAL/HDFC0722665/babu56@okhdfc,5200.00,,6969171.21
29/11/2023,29/11/2023,UPI/CR/214289049713/PREETHI IYER/HDFC0722665/preethi12@paytm,,500.00,6969671.21
29/11/2023,29/11/2023,IMPS/P2P/135663287441/LALITHA DEVI/7569758224,,18500.00,6988171.21
29/11/2023,29/11/2023,UPI/CR/7805556854/KARTHIK MENON/HDFC0722665/karthik893@oksbi,,11200.00,6999371.21
01/12/2023,30/11/2023,ATM/WDL/135732670430/CANARA ATM MYSURU,120.00,,6999251.21
30/11/2023,30/11/2023,UPI/DR/68571499/LAKSHMI VENKAT/HDFC0722665/lakshmi867@okaxis,999.00,,6998252.21
30/11/2023,30/11/2023,UPI/DR/64097654/MEENA IYER/HDFC0722665/meena513@ybl,449.00,,6997803.21
30/11/2023,30/11/2023,UPI/DR/287876101565/KAVYA REDDY/HDFC0722665/kavya273@oksbi,5200.00,,6992603.21
30/11/2023,30/11/2023,CASH DEPOSIT/BRANCH COUNTER/BANJARA HILLS HYDERABAD,,32000.00,7024603.21
30/11/2023,30/11/2023,NEFT/527522722531/SANJANA HEGDE/HDFC0722665/65698626769560,,18500.00,7043103.21
01/12/2023,01/12/2023,UPI/DR/423222584855/KIRAN REDDY/HDFC0722665/kiran600@paytm,1250.00,,7041853.21
01/12/2023,01/12/2023,ATM/WDL/620401097867/HDFC ATM KORAMANGALA,120.00,,7041733.21
01/12/2023,01/12/2023,NEFT/688139569250/RAMESH GOWDA/HDFC0722665/67863633015000,249.00,,7041484.21
01/12/2023,01/12/2023,CASH DEPOSIT/BRANCH COUNTER/BANJARA HILLS HYDERABAD,,24000.00,7065484.21
01/12/2023,01/12/2023,CHQ NO 088785 CLEARING,120.00,,7065364.21
01/12/2023,01/12/2023,UPI/CR/83001735/KIRAN REDDY/HDFC0722665/kiran982@paytm,,7600.00,7072964.21
01/12/2023,01/12/2023,CASH DEPOSIT/BRANCH COUNTER/BANJARA HILLS HYDERABAD,,850.00,7073814.21
01/12/2023,01/12/2023,CHQ NO 921103 CLEARING,1250.00,,7072564.21
03/12/2023,02/12/2023,UPI/DR/358585737015/DEEPA NAIR/HDFC0722665/deepa520@ybl,449.00,,7072115.21
02/12/2023,02/12/2023,CHQ NO 098154 CLEARING,249.00,,7071866.21
02/12/2023,02/12/2023,UPI/CR/38184875/ANITHA KRISHNAN/HDFC0722665/anitha700@oksbi,,24000.00,7095866.21
02/12/2023,02/12/2023,UPI/DR/79174084/SANJANA HEGDE/HDFC0722665/sanjana622@paytm,699.00,,7095167.21
02/12/2023,02/12/2023,ATM/WDL/24639013/CANARA ATM MYSURU,120.00,,7095047.21
03/12/2023,02/12/2023,CASH DEPOSIT/BRANCH COUNTER/BANJARA HILLS HYDERABAD,,500.00,7095547.21
03/12/2023,03/12/2023,CHQ NO 938546 CLEARING,999.00,,7094548.21
03/12/2023,03/12/2023,NEFT/5160173256/MEERA PILLAI/HDFC0722665/15287422509977,,11200.00,7105748.21
03/12/2023,03/12/2023,UPI/CR/447216486337/GOPAL VERMA/HDFC0722665/gopal24@oksbi,,24000.00,7129748.21
04/12/2023,03/12/2023,CASH DEPOSIT/BRANCH COUNTER/BANJARA HILLS HYDERABAD,,2500.00,7132248.21
04/12/2023,03/12/2023,UPI/DR/955223124113/NIKHIL GUPTA/HDFC0722665/nikhil56@ybl,999.00,,7131249.21
03/12/2023,03/12/2023,UPI/DR/070641058509/SHEELA DEVI/HDFC0722665/sheela470@oksbi,699.00,,7130550.21
03/12/2023,03/12/2023,UPI/CR/3662321514/SMITHA PILLAI/HDFC0722665/smitha608@ybl,,11200.00,7141750.21
03/12/2023,03/12/2023,NEFT/25102743/SANTOSH KUMAR/HDFC0722665/00605769492540,,4800.00,7146550.21
04/12/2023,03/12/2023,NEFT/92674458/GEETA DEVI/HDFC0722665/06259001483070,,24000.00,7170550.21
04/12/2023,04/12/2023,NEFT/631431780215/RAMESH GOWDA/HDFC0722665/52268564581918,,500.00,7171050.21
04/12/2023,04/12/2023,UPI/DR/332591410567/MOHAMMED IRFAN/HDFC0722665/mohammed249@ybl,1680.00,,7169370.21
04/12/2023,04/12/2023,IMPS/P2P/545378942123/HARISH MENON/7803832472,,18500.00,7187870.21
04/12/2023,04/12/2023,UPI/CR/4200603156/RAJESH VERMA/HDFC0722665/rajesh731@ybl,,500.00,7188370.21
05/12/2023,05/12/2023,CHQ NO 739482 CLEARING,79.00,,7188291.21
05/12/2023,05/12/2023,UPI/DR/2996180368/SUSHMA RAO/HDFC0722665/sushma544@paytm,249.00,,7188042.21
05/12/2023,05/12/2023,UPI/DR/096719146262/FAILED/TimeOut/Babu Lal,1200.00,,7188042.21
05/12/2023,05/12/2023,NEFT/1182140029/ARUN SHARMA/HDFC0722665/05521498964676,,11200.00,7199242.21
05/12/2023,05/12/2023,UPI/DR/84822060/SANTOSH KUMAR/HDFC0722665/santosh734@okaxis,3499.00,,7195743.21
05/12/2023,05/12/2023,NEFT/442767578173/GEETA DEVI/HDFC0722665/54477129820458,,18500.00,7214243.21
05/12/2023,05/12/2023,UPI/DR/8312747424/TARA SINGH/HDFC0722665/tara266@ybl,1680.00,,7212563.21
07/12/2023,06/12/2023,UPI/CR/06825447/TANVI RAO/HDFC0722665/tanvi30@okhdfc,,500.00,7213063.21
06/12/2023,06/12/2023,UPI/DR/9554308961/DIVYA MENON/HDFC0722665/divya908@okaxis,850.00,,7212213.21
06/12/2023,06/12/2023,UPI/DR/618458136809/GEETA DEVI/HDFC0722665/geeta281@paytm,249.00,,7211964.21
06/12/2023,06/12/2023,CHQ NO 989284 CLEARING,249.00,,7211715.21
06/12/2023,06/12/2023,UPI/DR/8758086982/SHAHID KHAN/HDFC0722665/shahid349@okaxis,449.00,,7211266.21
08/12/2023,07/12/2023,NEFT/18508458/RAJESH VERMA/HDFC0722665/46185193522834,,1200.00,7212466.21
07/12/2023,07/12/2023,UPI/CR/020488222967/POOJA SHARMA/HDFC0722665/pooja278@okhdfc,,850.00,7213316.21
07/12/2023,07/12/2023,NEFT/863995555644/USHA RANI/HDFC0722665/60512359880181,449.00,,7212867.21
08/12/2023,08/12/2023,UPI/DR/59286334/SANJANA HEGDE/HDFC0722665/sanjana346@okaxis,79.00,,7212788.21
08/12/2023,08/12/2023,UPI/DR/3245324198/KAVITHA RAO/HDFC0722665/kavitha937@okaxis,699.00,,7212089.21
09/12/2023,09/12/2023,IMPS/P2P/84367016/NIKHIL GUPTA/8803414897,,24000.00,7236089.21
11/12/2023,10/12/2023,CASH DEPOSIT/BRANCH COUNTER/BANJARA HILLS HYDERABAD,,7600.00,7243689.21
10/12/2023,10/12/2023,ATM/WDL/7075473463/HDFC ATM KORAMANGALA,79.00,,7243610.21
10/12/2023,10/12/2023,CHQ NO 037129 CLEARING,310.00,,7243300.21
11/12/2023,10/12/2023,UPI/DR/9934044174/LALITHA DEVI/HDFC0722665/lalitha778@ybl,120.00,,7243180.21
11/12/2023,10/12/2023,IMPS/P2P/43998769/RAHUL SINGH/9459383800,,4800.00,7247980.21
10/12/2023,10/12/2023,NEFT/1195320783/MOHAMMED IRFAN/HDFC0722665/84514622642130,,500.00,7248480.21
10/12/2023,10/12/2023,ATM/WDL/09784774/HDFC ATM KORAMANGALA,3499.00,,7244981.21
10/12/2023,10/12/2023,ATM/WDL/927464100677/CANARA ATM MYSURU,1250.00,,7243731.21
12/12/2023,11/12/2023,CHQ NO 607787 CLEARING,3499.00,,7240232.21
11/12/2023,11/12/2023,IMPS/P2P/18445467/NADIA HUSSAIN/9754123612,,500.00,7240732.21
11/12/2023,11/12/2023,ATM/WDL/390025152917/SBI ATM JAYANAGAR BLR,449.00,,7240283.21
11/12/2023,11/12/2023,UPI/DR/4726772296/VINAY PATIL/HDFC0722665/vinay597@okhdfc,249.00,,7240034.21
11/12/2023,11/12/2023,CASH DEPOSIT/BRANCH COUNTER/BANJARA HILLS HYDERABAD,,18500.00,7258534.21
13/12/2023,12/12/2023,UPI/DR/7817208178/GEETA DEVI/HDFC0722665/geeta275@okaxis,120.00,,7258414.21
12/12/2023,12/12/2023,UPI/DR/82211219/MALLIKA DAS/HDFC0722665/mallika650@okhdfc,5200.00,,7253214.21
12/12/2023,12/12/2023,UPI/DR/5472080472/NADIA HUSSAIN/HDFC0722665/nadia892@paytm,1680.00,,7251534.21
12/12/2023,12/12/2023,UPI/CR/5282133865/IMRAN KHAN/HDFC0722665/imran573@oksbi,,18500.00,7270034.21
12/12/2023,12/12/2023,ATM/WDL/576090755182/SBI ATM JAYANAGAR BLR,249.00,,7269785.21
12/12/2023,12/12/2023,CHQ NO 018747 CLEARING,120.00,,7269665.21
13/12/2023,12/12/2023,ATM/WDL/1192145134/CANARA ATM MYSURU,699.00,,7268966.21
13/12/2023,12/12/2023,NEFT/32102424/MEENA IYER/HDFC0722665/27593254173341,249.00,,7268717.21
12/12/2023,12/12/2023,CASH DEPOSIT/BRANCH COUNTER/BANJARA HILLS HYDERABAD,,18500.00,7287217.21
13/12/2023,13/12/2023,UPI/CR/093406027938/KAVYA REDDY/HDFC0722665/kavya152@oksbi,,32000.00,7319217.21
14/12/2023,13/12/2023,UPI/CR/20229647/FARHAN KHAN/HDFC0722665/farhan492@okaxis,,24000.00,7343217.21
13/12/2023,13/12/2023,UPI/DR/911351265346/GEETA DEVI/HDFC0722665/geeta996@paytm,120.00,,7343097.21
13/12/2023,13/12/2023,CHQ NO 405718 CLEARING,79.00,,7343018.21
13/12/2023,13/12/2023,NEFT/94595823/KAVYA REDDY/HDFC0722665/30227177805231,,24000.00,7367018.21
13/12/2023,13/12/2023,UPI/DR/792243134870/SNEHA PATIL/HDFC0722665/sneha465@okhdfc,249.00,,7366769.21
14/12/2023,13/12/2023,UPI/DR/975991224009/TARA SINGH/HDFC0722665/tara830@ybl,699.00,,7366070.21
14/12/2023,14/12/2023,CASH DEPOSIT/BRANCH COUNTER/BANJARA HILLS HYDERABAD,,4800.00,7370870.21
14/12/2023,14/12/2023,UPI/DR/7292284434/AYESHA KHAN/HDFC0722665/ayesha743@okaxis,699.00,,7370171.21
15/12/2023,14/12/2023,UPI/CR/012562417685/FARHAN KHAN/HDFC0722665/farhan685@ybl,,4800.00,7374971.21
14/12/2023,14/12/2023,UPI/DR/186135023193/ROHIT SHARMA/HDFC0722665/rohit612@paytm,850.00,,7374121.21
14/12/2023,14/12/2023,NEFT/51068630/MOHAMMED IRFAN/HDFC0722665/44545668085532,,18500.00,7392621.21
15/12/2023,14/12/2023,UPI/DR/507131792735/SMITHA PILLAI/HDFC0722665/smitha964@oksbi,699.00,,7391922.21
14/12/2023,14/12/2023,NEFT/4592042428/NAVEEN KUMAR/HDFC0722665/22687743408707,3499.00,,7388423.21
15/12/2023,15/12/2023,CASH DEPOSIT/BRANCH COUNTER/BANJARA HILLS HYDERABAD,,7600.00,7396023.21
15/12/2023,15/12/2023,IMPS/P2P/740078184213/KAVITHA RAO/8496167046,,24000.00,7420023.21
15/12/2023,15/12/2023,UPI/DR/952864169215/POOJA SHARMA/HDFC0722665/pooja785@paytm,310.00,,7419713.21
15/12/2023,15/12/2023,UPI/DR/5609446307/DIVYA MENON/HDFC0722665/divya614@oksbi,3499.00,,7416214.21
15/12/2023,15/12/2023,CASH DEPOSIT/BRANCH COUNTER/BANJARA HILLS HYDERABAD,,11200.00,7427414.21
15/12/2023,15/12/2023,IMPS/P2P/59992696/RANJIT SINGH/9601693771,,500.00,7427914.21
16/12/2023,16/12/2023,UPI/DR/62003545/SHAHID KHAN/HDFC0722665/shahid662@okhdfc,120.00,,7427794.21
16/12/2023,16/12/2023,ATM/WDL/6862859651/CANARA ATM MYSURU,49.00,,7427745.21
17/12/2023,17/12/2023,CASH DEPOSIT/BRANCH COUNTER/BANJARA HILLS HYDERABAD,,2500.00,7430245.21
17/12/2023,17/12/2023,IMPS/P2P/932692938412/FATIMA SHEIKH/7684121700,,11200.00,7441445.21
18/12/2023,18/12/2023,ATM/WDL/1278165940/CANARA ATM MYSURU,2380.00,,7439065.21
19/12/2023,19/12/2023,UPI/DR/10541435/RESHMA KHAN/HDFC0722665/reshma429@okhdfc,249.00,,7438816.21
19/12/2023,19/12/2023,CHQ NO 233220 CLEARING,2380.00,,7436436.21
19/12/2023,19/12/2023,ATM/WDL/414596543895/HDFC ATM KORAMANGALA,1250.00,,7435186.21
19/12/2023,19/12/2023,UPI/DR/635866135891/ADITYA KUMAR/HDFC0722665/aditya750@ybl,79.00,,7435107.21
19/12/2023,19/12/2023,ATM/WDL/887363434016/HDFC ATM KORAMANGALA,49.00,,7435058.21
20/12/2023,19/12/2023,CASH DEPOSIT/BRANCH COUNTER/BANJARA HILLS HYDERABAD,,850.00,7435908.21
19/12/2023,19/12/2023,CHQ NO 470189 CLEARING,1250.00,,7434658.21
19/12/2023,19/12/2023,UPI/DR/524536790300/GOPAL VERMA/HDFC0722665/gopal991@ybl,249.00,,7434409.21
19/12/2023,19/12/2023,CASH DEPOSIT/BRANCH COUNTER/BANJARA HILLS HYDERABAD,,11200.00,7445609.21
20/12/2023,19/12/2023,CHQ NO 252024 CLEARING,449.00,,7445160.21
20/12/2023,20/12/2023,UPI/CR/85319033/DEEPA NAIR/HDFC0722665/deepa434@okaxis,,18500.00,7463660.21
21/12/2023,21/12/2023,NEFT/5446541134/RAJENDRA PRASAD/HDFC0722665/28569773546892,249.00,,7463411.21
21/12/2023,21/12/2023,ATM/WDL/22318540/HDFC ATM KORAMANGALA,449.00,,7462962.21
21/12/2023,21/12/2023,UPI/DR/4281095095/RESHMA KHAN/HDFC0722665/reshma708@oksbi,2380.00,,7460582.21
21/12/2023,21/12/2023,UPI/DR/3996150645/TARA SINGH/HDFC0722665/tara169@oksbi,79.00,,7460503.21
21/12/2023,21/12/2023,UPI/DR/263849947275/MEENA IYER/HDFC0722665/meena406@ybl,310.00,,7460193.21
21/12/2023,21/12/2023,NEFT/4599971042/SANTOSH KUMAR/HDFC0722665/14543615871198,,2500.00,7462693.21
23/12/2023,22/12/2023,UPI/DR/842474127380/SURESH NAIR/HDFC0722665/suresh717@okaxis,699.00,,7461994.21
23/12/2023,22/12/2023,UPI/DR/9635679834/LATHA MURTHY/HDFC0722665/latha497@paytm,699.00,,7461295.21
22/12/2023,22/12/2023,UPI/DR/51930244/ARJUN MEHTA/HDFC0722665/arjun46@okhdfc,2380.00,,7458915.21
22/12/2023,22/12/2023,NEFT/325270435358/IMRAN KHAN/HDFC0722665/28034340763580,,1200.00,7460115.21
22/12/2023,22/12/2023,UPI/DR/772285274406/ARUN SHARMA/HDFC0722665/arun944@okhdfc,79.00,,7460036.21
22/12/2023,22/12/2023,UPI/DR/2102053324/SHEELA DEVI/HDFC0722665/sheela444@paytm,699.00,,7459337.21
22/12/2023,22/12/2023,UPI/DR/6661190515/DEEPA NAIR/HDFC0722665/deepa634@paytm,120.00,,7459217.21
23/12/2023,23/12/2023,UPI/DR/5844120546/DEEPAK JOSHI/HDFC0722665/deepak388@okaxis,1250.00,,7457967.21
23/12/2023,23/12/2023,CHQ NO 317720 CLEARING,1680.00,,7456287.21
23/12/2023,23/12/2023,UPI/CR/373390345993/GOPAL VERMA/HDFC0722665/gopal684@ybl,,4800.00,7461087.21
23/12/2023,23/12/2023,NEFT/85732887/MALLIKA DAS/HDFC0722665/18071884387737,7800.00,,7453287.21
23/12/2023,23/12/2023,UPI/CR/082440548010/VENKAT RAO/HDFC0722665/venkat106@ybl,,4800.00,7458087.21
23/12/2023,23/12/2023,UPI/DR/1202609338/ROHIT SHARMA/HDFC0722665/rohit359@oksbi,310.00,,7457777.21
23/12/2023,23/12/2023,CHQ NO 435392 CLEARING,3499.00,,7454278.21
23/12/2023,23/12/2023,UPI/DR/539729347757/ARUN SHARMA/HDFC0722665/arun223@oksbi,850.00,,7453428.21
23/12/2023,23/12/2023,UPI/DR/430188067282/RAMESH PILLAI/HDFC0722665/ramesh274@okhdfc,5200.00,,7448228.21
23/12/2023,23/12/2023,UPI/CR/67888506/DEEPAK JOSHI/HDFC0722665/deepak221@oksbi,,11200.00,7459428.21
24/12/2023,24/12/2023,NEFT/47569525/KARTHIK MENON/HDFC0722665/88640054889446,,1200.00,7460628.21
24/12/2023,24/12/2023,IMPS/P2P/551741944425/RAMESH PILLAI/7464977989,,850.00,7461478.21
25/12/2023,24/12/2023,UPI/CR/656728345568/NAVEEN KUMAR/HDFC0722665/naveen960@okhdfc,,850.00,7462328.21
25/12/2023,24/12/2023,CASH DEPOSIT/BRANCH COUNTER/BANJARA HILLS HYDERABAD,,850.00,7463178.21
24/12/2023,24/12/2023,IMPS/P2P/46119507/ARUN SHARMA/8219893211,,11200.00,7474378.21
24/12/2023,24/12/2023,NEFT/228943146769/MOHAMMED IRFAN/HDFC0722665/95896192975952,,2500.00,7476878.21
26/12/2023,25/12/2023,NEFT/59807446/REKHA PILLAI/HDFC0722665/85316921620556,2380.00,,7474498.21
26/12/2023,25/12/2023,NEFT/9714838519/PRIYA NAIR/HDFC0722665/80096734535251,,1200.00,7475698.21
26/12/2023,25/12/2023,UPI/CR/07469403/SANJANA HEGDE/HDFC0722665/sanjana199@oksbi,,18500.00,7494198.21
26/12/2023,25/12/2023,UPI/CR/85181086/SUNITA DEVI/HDFC0722665/sunita277@oksbi,,24000.00,7518198.21
25/12/2023,25/12/2023,UPI/CR/9847068139/TARA SINGH/HDFC0722665/tara540@okaxis,,32000.00,7550198.21
26/12/2023,26/12/2023,UPI/DR/6780841518/PRAKASH RAO/HDFC0722665/prakash874@okaxis,449.00,,7549749.21
27/12/2023,27/12/2023,UPI/DR/41579396/LATHA MURTHY/HDFC0722665/latha44@okaxis,310.00,,7549439.21
28/12/2023,27/12/2023,UPI/DR/8157842977/POOJA SHARMA/HDFC0722665/pooja394@okaxis,79.00,,7549360.21
28/12/2023,27/12/2023,NEFT/33060245/RAJENDRA PRASAD/HDFC0722665/52115531478878,120.00,,7549240.21
27/12/2023,27/12/2023,IMPS/P2P/751986333484/DEEPA NAIR/8580188344,,11200.00,7560440.21
27/12/2023,27/12/2023,UPI/DR/025430819208/BINDHU NAIR/HDFC0722665/bindhu136@okhdfc,449.00,,7559991.21
27/12/2023,27/12/2023,CHQ NO 922445 CLEARING,699.00,,7559292.21
27/12/2023,27/12/2023,UPI/DR/55323925/POOJA SHARMA/HDFC0722665/pooja317@okaxis,5200.00,,7554092.21
28/12/2023,28/12/2023,UPI/DR/2563945033/SMITHA PILLAI/HDFC0722665/smitha307@oksbi,699.00,,7553393.21
29/12/2023,28/12/2023,CHQ NO 536364 CLEARING,2380.00,,7551013.21
28/12/2023,28/12/2023,IMPS/P2P/1604405553/PRIYA NAIR/9654668611,,7600.00,7558613.21
28/12/2023,28/12/2023,CHQ NO 514291 CLEARING,999.00,,7557614.21
29/12/2023,28/12/2023,UPI/DR/4560422410/NILESH KULKARNI/HDFC0722665/nilesh247@okhdfc,699.00,,7556915.21
28/12/2023,28/12/2023,UPI/DR/6008783699/RAVI KUMAR SHARMA/HDFC0722665/ravi185@okaxis,1680.00,,7555235.21
28/12/2023,28/12/2023,UPI/CR/686835288810/PREETHI IYER/HDFC0722665/preethi313@paytm,,11200.00,7566435.21
28/12/2023,28/12/2023,UPI/DR/89526737/SUSHMA RAO/HDFC0722665/sushma810@ybl,5200.00,,7561235.21
28/12/2023,28/12/2023,IMPS/P2P/7999566571/RAJENDRA PRASAD/7355039189,,32000.00,7593235.21
29/12/2023,28/12/2023,NEFT/3330703108/ARCHANA PILLAI/HDFC0722665/67912127264136,1680.00,,7591555.21
29/12/2023,29/12/2023,CHQ NO 663480 CLEARING,79.00,,7591476.21
29/12/2023,29/12/2023,UPI/DR/3370518279/ADITYA KUMAR/HDFC0722665/aditya925@paytm,310.00,,7591166.21
29/12/2023,29/12/2023,IMPS/P2P/020906914413/VIKRAM NAIR/7320689889,,18500.00,7609666.21
31/12/2023,30/12/2023,NEFT/377597700806/PREETHI IYER/HDFC0722665/49415507599944,2380.00,,7607286.21
31/12/2023,30/12/2023,ATM/WDL/28739611/CANARA ATM MYSURU,49.00,,7607237.21
30/12/2023,30/12/2023,CASH DEPOSIT/BRANCH COUNTER/BANJARA HILLS HYDERABAD,,4800.00,7612037.21
30/12/2023,30/12/2023,UPI/DR/5761205957/SURESH NAIR/HDFC0722665/suresh736@ybl,699.00,,7611338.21
01/01/2024,31/12/2023,IMPS/P2P/333904551718/BINDHU NAIR/7319193943,,850.00,7612188.21
31/12/2023,31/12/2023,CHQ NO 848704 CLEARING,699.00,,7611489.21
31/12/2023,31/12/2023,UPI/DR/504594674391/VINAY PATIL/HDFC0722665/vinay567@okaxis,49.00,,7611440.21
31/12/2023,31/12/2023,UPI/DR/50781822/RESHMA KHAN/HDFC0722665/reshma488@okhdfc,79.00,,7611361.21
31/12/2023,31/12/2023,UPI/DR/83911454/MEENA IYER/HDFC0722665/meena114@okhdfc,49.00,,7611312.21
31/12/2023,31/12/2023,IMPS/P2P/7554974745/SURESH NAIR/7841133590,,1200.00,7612512.21
01/01/2024,01/01/2024,IMPS/P2P/14676129/FATIMA SHEIKH/9144074596,,4800.00,7617312.21
01/01/2024,01/01/2024,UPI/DR/62951833/TARA SINGH/HDFC0722665/tara812@okaxis,699.00,,7616613.21
02/01/2024,02/01/2024,ATM/WDL/237408943750/HDFC ATM KORAMANGALA,249.00,,7616364.21
02/01/2024,02/01/2024,UPI/CR/00113059/SUNITA DEVI/HDFC0722665/sunita94@okhdfc,,11200.00,7627564.21
02/01/2024,02/01/2024,UPI/CR/204205048771/SMITHA PILLAI/HDFC0722665/smitha643@okaxis,,32000.00,7659564.21
04/01/2024,03/01/2024,UPI/DR/325677278510/NILESH KULKARNI/HDFC0722665/nilesh16@oksbi,999.00,,7658565.21
04/01/2024,03/01/2024,CHQ NO 533819 CLEARING,249.00,,7658316.21
03/01/2024,03/01/2024,NEFT/20630355/RAJENDRA PRASAD/HDFC0722665/02442796659459,1250.00,,7657066.21
03/01/2024,03/01/2024,CHQ NO 253417 CLEARING,49.00,,7657017.21
04/01/2024,04/01/2024,NEFT/844573934042/GANESH KUMAR/HDFC0722665/75170728594037,,850.00,7657867.21
04/01/2024,04/01/2024,CASH DEPOSIT/BRANCH COUNTER/BANJARA HILLS HYDERABAD,,2500.00,7660367.21
04/01/2024,04/01/2024,ATM/WDL/4212364327/CANARA ATM MYSURU,7800.00,,7652567.21
05/01/2024,05/01/2024,CHQ NO 273158 CLEARING,449.00,,7652118.21
05/01/2024,05/01/2024,UPI/DR/920612907775/AYESHA KHAN/HDFC0722665/ayesha31@okhdfc,310.00,,7651808.21
05/01/2024,05/01/2024,NEFT/662201801597/KARTHIK MENON/HDFC0722665/46765287407592,120.00,,7651688.21
05/01/2024,05/01/2024,NEFT/6251016871/USHA RANI/HDFC0722665/45266426229725,,1200.00,7652888.21
05/01/2024,05/01/2024,UPI/DR/280864236035/GOPAL VERMA/HDFC0722665/gopal707@paytm,850.00,,7652038.21
06/01/2024,06/01/2024,ATM/WDL/43702791/HDFC ATM KORAMANGALA,1250.00,,7650788.21
06/01/2024,06/01/2024,UPI/DR/31614078/LAKSHMI VENKAT/HDFC0722665/lakshmi868@okaxis,310.00,,7650478.21
06/01/2024,06/01/2024,UPI/DR/3869706680/MOHAMMED IRFAN/HDFC0722665/mohammed489@oksbi,310.00,,7650168.21
06/01/2024,06/01/2024,UPI/CR/4637089098/SUNIL YADAV/HDFC0722665/sunil971@ybl,,850.00,7651018.21
07/01/2024,06/01/2024,UPI/DR/3391401060/NILESH KULKARNI/HDFC0722665/nilesh602@okaxis,850.00,,7650168.21
06/01/2024,06/01/2024,NEFT/51080985/TARA SINGH/HDFC0722665/99197614808368,,2500.00,7652668.21
06/01/2024,06/01/2024,CASH DEPOSIT/BRANCH COUNTER/BANJARA HILLS HYDERABAD,,7600.00,7660268.21
06/01/2024,06/01/2024,UPI/DR/5911065307/RAMESH PILLAI/HDFC0722665/ramesh919@okhdfc,310.00,,7659958.21
07/01/2024,07/01/2024,NEFT/874070641230/SAVITHA DEVI/HDFC0722665/57553163120931,1250.00,,7658708.21
07/01/2024,07/01/2024,ATM/WDL/1226628794/CANARA ATM MYSURU,850.00,,7657858.21
07/01/2024,07/01/2024,UPI/CR/5492336003/SANTOSH KUMAR/HDFC0722665/santosh192@okhdfc,,2500.00,7660358.21
08/01/2024,07/01/2024,UPI/CR/8672391860/PRIYA NAIR/HDFC0722665/priya551@okaxis,,18500.00,7678858.21
07/01/2024,07/01/2024,UPI/DR/5526866661/MOHAMMED IRFAN/HDFC0722665/mohammed820@okaxis,1250.00,,7677608.21
08/01/2024,08/01/2024,CASH DEPOSIT/BRANCH COUNTER/BANJARA HILLS HYDERABAD,,1200.00,7678808.21
09/01/2024,08/01/2024,UPI/CR/2955765832/HARISH MENON/HDFC0722665/harish917@okhdfc,,500.00,7679308.21
09/01/2024,08/01/2024,ATM/WDL/13242527/CANARA ATM MYSURU,310.00,,7678998.21
09/01/2024,09/01/2024,UPI/DR/947063879125/TARA SINGH/HDFC0722665/tara585@ybl,2380.00,,7676618.21
09/01/2024,09/01/2024,IMPS/P2P/982244932343/GANESH KUMAR/7530351261,,4800.00,7681418.21
09/01/2024,09/01/2024,IMPS/P2P/583371470813/FARHAN KHAN/8272559293,,500.00,7681918.21
09/01/2024,09/01/2024,UPI/DR/48707061/SANTOSH KUMAR/HDFC0722665/santosh447@paytm,3499.00,,7678419.21
09/01/2024,09/01/2024,UPI/DR/914236471197/ADITYA KUMAR/HDFC0722665/aditya646@okhdfc,699.00,,7677720.21
09/01/2024,09/01/2024,CASH DEPOSIT/BRANCH COUNTER/BANJARA HILLS HYDERABAD,,1200.00,7678920.21
10/01/2024,10/01/2024,CHQ NO 996146 CLEARING,3499.00,,7675421.21
11/01/2024,10/01/2024,NEFT/6342065555/SHEELA DEVI/HDFC0722665/00486167963574,2380.00,,7673041.21
10/01/2024,10/01/2024,UPI/DR/199696186225/GEETA DEVI/HDFC0722665/geeta242@oksbi,120.00,,7672921.21
10/01/2024,10/01/2024,UPI/DR/56598662/ADITYA KUMAR/HDFC0722665/aditya623@ybl,310.00,,7672611.21
10/01/2024,10/01/2024,NEFT/807499074899/RANJIT SINGH/HDFC0722665/51644755390917,1250.00,,7671361.21
11/01/2024,10/01/2024,UPI/DR/22686773/ANAND KUMAR/HDFC0722665/anand316@okhdfc,850.00,,7670511.21
10/01/2024,10/01/2024,IMPS/P2P/49506059/VENKAT RAO/9533058067,,7600.00,7678111.21
13/01/2024,12/01/2024,UPI/DR/572983262311/RAMESH PILLAI/HDFC0722665/ramesh797@okaxis,310.00,,7677801.21
12/01/2024,12/01/2024,UPI/DR/9644281302/NIKHIL GUPTA/HDFC0722665/nikhil982@oksbi,3499.00,,7674302.21
13/01/2024,12/01/2024,CASH DEPOSIT/BRANCH COUNTER/BANJARA HILLS HYDERABAD,,32000.00,7706302.21
12/01/2024,12/01/2024,UPI/CR/57455500/LATHA MURTHY/HDFC0722665/latha809@okhdfc,,850.00,7707152.21
14/01/2024,13/01/2024,ATM/WDL/1055537974/HDFC ATM KORAMANGALA,699.00,,7706453.21
14/01/2024,13/01/2024,NEFT/360637196139/RAMESH PILLAI/HDFC0722665/86867934282902,7800.00,,7698653.21
13/01/2024,13/01/2024,NEFT/953257940071/BINDHU NAIR/HDFC0722665/07243631191881,,32000.00,7730653.21
13/01/2024,13/01/2024,CASH DEPOSIT/BRANCH COUNTER/BANJARA HILLS HYDERABAD,,2500.00,7733153.21
13/01/2024,13/01/2024,UPI/DR/3740151335/ROHIT SHARMA/HDFC0722665/rohit696@okaxis,2380.00,,7730773.21
14/01/2024,14/01/2024,NEFT/1225395298/TARA SINGH/HDFC0722665/51547574197142,,11200.00,7741973.21
14/01/2024,14/01/2024,CASH DEPOSIT/BRANCH COUNTER/BANJARA HILLS HYDERABAD,,4800.00,7746773.21
15/01/2024,14/01/2024,UPI/CR/2467246773/MALLIKA DAS/HDFC0722665/mallika715@oksbi,,11200.00,7757973.21
15/01/2024,15/01/2024,CHQ NO 388197 CLEARING,1680.00,,7756293.21
16/01/2024,15/01/2024,CHQ NO 409334 CLEARING,49.00,,7756244.21
15/01/2024,15/01/2024,UPI/CR/9906985970/ARUN SHARMA/HDFC0722665/arun853@ybl,,32000.00,7788244.21
15/01/2024,15/01/2024,CHQ NO 179163 CLEARING,850.00,,7787394.21
17/01/2024,16/01/2024,UPI/DR/0582334235/FATIMA SHEIKH/HDFC0722665/fatima643@paytm,5200.00,,7782194.21
16/01/2024,16/01/2024,ATM/WDL/088034418424/HDFC ATM KORAMANGALA,699.00,,7781495.21
17/01/2024,16/01/2024,UPI/DR/9486661232/VENKAT RAO/HDFC0722665/venkat312@paytm,120.00,,7781375.21
16/01/2024,16/01/2024,UPI/DR/0940538013/DEEPA NAIR/HDFC0722665/deepa34@ybl,120.00,,7781255.21
17/01/2024,16/01/2024,NEFT/4818121095/NIKHIL GUPTA/HDFC0722665/55516577057446,,2500.00,7783755.21
16/01/2024,16/01/2024,CASH DEPOSIT/BRANCH COUNTER/BANJARA HILLS HYDERABAD,,4800.00,7788555.21
16/01/2024,16/01/2024,CASH DEPOSIT/BRANCH COUNTER/BANJARA HILLS HYDERABAD,,7600.00,7796155.21
17/01/2024,17/01/2024,UPI/DR/856671071847/MALLIKA DAS/HDFC0722665/mallika928@oksbi,1680.00,,7794475.21
17/01/2024,17/01/2024,UPI/DR/104329624028/ROHIT SHARMA/HDFC0722665/rohit80@oksbi,5200.00,,7789275.21
18/01/2024,17/01/2024,IMPS/P2P/00358735/MOHAN DAS/8542425308,,1200.00,7790475.21
17/01/2024,17/01/2024,NEFT/12491280/RAMESH GOWDA/HDFC0722665/58886323418824,5200.00,,7785275.21
18/01/2024,17/01/2024,CHQ NO 563247 CLEARING,2380.00,,7782895.21
19/01/2024,18/01/2024,UPI/DR/03972097/IMRAN KHAN/HDFC0722665/imran565@ybl,249.00,,7782646.21
19/01/2024,18/01/2024,NEFT/79817651/RAJENDRA PRASAD/HDFC0722665/84264349714204,,32000.00,7814646.21
18/01/2024,18/01/2024,NEFT/688817590989/GOPAL VERMA/HDFC0722665/01235554016235,,32000.00,7846646.21
18/01/2024,18/01/2024,UPI/DR/584541881280/RAMESH PILLAI/HDFC0722665/ramesh564@paytm,120.00,,7846526.21
20/01/2024,19/01/2024,IMPS/P2P/4104398297/NIKHIL GUPTA/8132680440,,500.00,7847026.21
20/01/2024,19/01/2024,NEFT/128909964102/GOPAL VERMA/HDFC0722665/57163785340767,,7600.00,7854626.21
20/01/2024,19/01/2024,UPI/DR/84357739/SNEHA PATIL/HDFC0722665/sneha253@ybl,249.00,,7854377.21
19/01/2024,19/01/2024,ATM/WDL/66129490/SBI ATM JAYANAGAR BLR,249.00,,7854128.21
20/01/2024,19/01/2024,CASH DEPOSIT/BRANCH COUNTER/BANJARA HILLS HYDERABAD,,11200.00,7865328.21
19/01/2024,19/01/2024,CASH DEPOSIT/BRANCH COUNTER/BANJARA HILLS HYDERABAD,,24000.00,7889328.21
20/01/2024,20/01/2024,NEFT/25889869/TANVI RAO/HDFC0722665/35009396268675,,18500.00,7907828.21
21/01/2024,20/01/2024,UPI/DR/360347250712/PREETHI IYER/HDFC0722665/preethi680@oksbi,1680.00,,7906148.21
20/01/2024,20/01/2024,UPI/DR/278564573408/RANJIT SINGH/HDFC0722665/ranjit105@oksbi,249.00,,7905899.21
20/01/2024,20/01/2024,UPI/DR/5207665792/RAHUL SINGH/HDFC0722665/rahul183@okaxis,249.00,,7905650.21
20/01/2024,20/01/2024,NEFT/092255247035/FARHAN KHAN/HDFC0722665/38141707329375,699.00,,7904951.21
21/01/2024,21/01/2024,NEFT/8750324630/BABU LAL/HDFC0722665/66904130308222,,1200.00,7906151.21
21/01/2024,21/01/2024,NEFT/4931348518/ANITHA KRISHNAN/HDFC0722665/72687526585031,,4800.00,7910951.21
21/01/2024,21/01/2024,CASH DEPOSIT/BRANCH COUNTER/BANJARA HILLS HYDERABAD,,11200.00,7922151.21
21/01/2024,21/01/2024,NEFT/1238038260/ARUN SHARMA/HDFC0722665/15319377205578,,1200.00,7923351.21
21/01/2024,21/01/2024,CHQ NO 537973 CLEARING,3499.00,,7919852.21
21/01/2024,21/01/2024,CHQ NO 819718 CLEARING,310.00,,7919542.21
22/01/2024,21/01/2024,NEFT/388773495220/ROHIT SHARMA/HDFC0722665/01817046064299,,500.00,7920042.21
23/01/2024,22/01/2024,ATM/WDL/20063257/SBI ATM JAYANAGAR BLR,699.00,,7919343.21
23/01/2024,22/01/2024,NEFT/8810420722/ANITHA KRISHNAN/HDFC0722665/38011764000066,1680.00,,7917663.21
23/01/2024,22/01/2024,UPI/CR/235364853876/DEEPA NAIR/HDFC0722665/deepa595@oksbi,,2500.00,7920163.21
22/01/2024,22/01/2024,CHQ NO 381616 CLEARING,249.00,,7919914.21
23/01/2024,22/01/2024,CASH DEPOSIT/BRANCH COUNTER/BANJARA HILLS HYDERABAD,,11200.00,7931114.21
22/01/2024,22/01/2024,UPI/DR/361065658746/POOJA SHARMA/HDFC0722665/pooja686@ybl,1680.00,,7929434.21
22/01/2024,22/01/2024,NEFT/52828979/TARA SINGH/HDFC0722665/37485812353370,1250.00,,7928184.21
23/01/2024,22/01/2024,UPI/DR/03649104/PADMA RAO/HDFC0722665/padma174@okhdfc,449.00,,7927735.21
24/01/2024,23/01/2024,NEFT/12887632/NAVEEN KUMAR/HDFC0722665/93114652131212,,11200.00,7938935.21
23/01/2024,23/01/2024,CHQ NO 574404 CLEARING,3499.00,,7935436.21
23/01/2024,23/01/2024,UPI/CR/730475239145/RANJIT SINGH/HDFC0722665/ranjit943@paytm,,11200.00,7946636.21
24/01/2024,23/01/2024,NEFT/893948511600/ANAND KUMAR/HDFC0722665/89231353540060,,1200.00,7947836.21
23/01/2024,23/01/2024,UPI/DR/9371720200/ANITHA KRISHNAN/HDFC0722665/anitha138@paytm,1680.00,,7946156.21
23/01/2024,23/01/2024,IMPS/P2P/8793348463/SMITHA PILLAI/9455727266,,1200.00,7947356.21
23/01/2024,23/01/2024,UPI/CR/3888441137/KAVERI MENON/HDFC0722665/kaveri580@oksbi,,500.00,7947856.21
24/01/2024,23/01/2024,NEFT/4305157530/NAVEEN KUMAR/HDFC0722665/97738490379957,449.00,,7947407.21
25/01/2024,24/01/2024,CASH DEPOSIT/BRANCH COUNTER/BANJARA HILLS HYDERABAD,,7600.00,7955007.21
24/01/2024,24/01/2024,UPI/DR/28803463/LATHA MURTHY/HDFC0722665/latha901@ybl,120.00,,7954887.21
24/01/2024,24/01/2024,NEFT/454530695034/RAJESH VERMA/HDFC0722665/77916481307716,49.00,,7954838.21
24/01/2024,24/01/2024,ATM/WDL/3973787882/CANARA ATM MYSURU,3499.00,,7951339.21
25/01/2024,24/01/2024,NEFT/46040694/PRIYA NAIR/HDFC0722665/74589081531389,,11200.00,7962539.21
24/01/2024,24/01/2024,UPI/DR/3620495977/LALITHA DEVI/HDFC0722665/lalitha688@oksbi,850.00,,7961689.21
25/01/2024,25/01/2024,CASH DEPOSIT/BRANCH COUNTER/BANJARA HILLS HYDERABAD,,11200.00,7972889.21
26/01/2024,26/01/2024,UPI/DR/26283999/IMRAN KHAN/HDFC0722665/imran653@ybl,2380.00,,7970509.21
26/01/2024,26/01/2024,CHQ NO 700885 CLEARING,120.00,,7970389.21
26/01/2024,26/01/2024,NEFT/331682816239/KAVERI MENON/HDFC0722665/70919698536100,5200.00,,7965189.21
26/01/2024,26/01/2024,NEFT/7539825449/IMRAN KHAN/HDFC0722665/10136886725242,,18500.00,7983689.21
27/01/2024,27/01/2024,IMPS/P2P/65419124/TANVI RAO/8887708300,,11200.00,7994889.21
28/01/2024,27/01/2024,UPI/CR/7253242469/DEEPA NAIR/HDFC0722665/deepa725@oksbi,,850.00,7995739.21
28/01/2024,27/01/2024,CASH DEPOSIT/BRANCH COUNTER/BANJARA HILLS HYDERABAD,,2500.00,7998239.21
27/01/2024,27/01/2024,UPI/DR/45347108/KAVITHA RAO/HDFC0722665/kavitha738@oksbi,120.00,,7998119.21
28/01/2024,28/01/2024,ATM/WDL/99982067/SBI ATM JAYANAGAR BLR,1680.00,,7996439.21
28/01/2024,28/01/2024,UPI/DR/54997292/REKHA PILLAI/HDFC0722665/rekha506@ybl,2380.00,,7994059.21
28/01/2024,28/01/2024,ATM/WDL/443945317684/CANARA ATM MYSURU,1680.00,,7992379.21
28/01/2024,28/01/2024,UPI/DR/861392289450/RAVI KUMAR SHARMA/HDFC0722665/ravi134@okhdfc,999.00,,7991380.21
28/01/2024,28/01/2024,UPI/DR/029736112402/PRAKASH RAO/HDFC0722665/prakash621@ybl,310.00,,7991070.21
29/01/2024,29/01/2024,CHQ NO 061833 CLEARING,449.00,,7990621.21
29/01/2024,29/01/2024,IMPS/P2P/0705916551/IMRAN KHAN/8137514008,,850.00,7991471.21
29/01/2024,29/01/2024,UPI/DR/09887213/REKHA PILLAI/HDFC0722665/rekha421@okhdfc,999.00,,7990472.21
30/01/2024,30/01/2024,NEFT/195882312385/NADIA HUSSAIN/HDFC0722665/81320698910947,850.00,,7989622.21
30/01/2024,30/01/2024,UPI/CR/2392735732/ARCHANA PILLAI/HDFC0722665/archana594@okhdfc,,500.00,7990122.21
30/01/2024,30/01/2024,CHQ NO 842315 CLEARING,999.00,,7989123.21
30/01/2024,30/01/2024,UPI/DR/5805937602/BINDHU NAIR/HDFC0722665/bindhu703@ybl,310.00,,7988813.21
30/01/2024,30/01/2024,IMPS/P2P/05995484/KARTHIK MENON/9567471269,,18500.00,8007313.21
30/01/2024,30/01/2024,UPI/DR/9792405754/BINDHU NAIR/HDFC0722665/bindhu583@oksbi,699.00,,8006614.21
30/01/2024,30/01/2024,NEFT/56730254/ADITYA KUMAR/HDFC0722665/28262339615984,,11200.00,8017814.21
31/01/2024,30/01/2024,UPI/CR/4946525894/GEETA DEVI/HDFC0722665/geeta874@okhdfc,,11200.00,8029014.21
31/01/2024,31/01/2024,UPI/DR/45450982/NADIA HUSSAIN/HDFC0722665/nadia167@okhdfc,7800.00,,8021214.21
31/01/2024,31/01/2024,CASH DEPOSIT/BRANCH COUNTER/BANJARA HILLS HYDERABAD,,11200.00,8032414.21
01/02/2024,31/01/2024,CHQ NO 887101 CLEARING,449.00,,8031965.21
31/01/2024,31/01/2024,CHQ NO 412850 CLEARING,1250.00,,8030715.21
31/01/2024,31/01/2024,ATM/WDL/2337143297/SBI ATM JAYANAGAR BLR,79.00,,8030636.21
31/01/2024,31/01/2024,NEFT/547851834815/SUNITA DEVI/HDFC0722665/84549853044274,310.00,,8030326.21
01/02/2024,01/02/2024,NEFT/012062366141/SANJANA HEGDE/HDFC0722665/83681714021386,,24000.00,8054326.21
02/02/2024,01/02/2024,UPI/DR/5048426878/PREETHI IYER/HDFC0722665/preethi274@ybl,49.00,,8054277.21
01/02/2024,01/02/2024,CASH DEPOSIT/BRANCH COUNTER/BANJARA HILLS HYDERABAD,,7600.00,8061877.21
01/02/2024,01/02/2024,UPI/CR/8877091947/PADMA RAO/HDFC0722665/padma349@okhdfc,,24000.00,8085877.21
01/02/2024,01/02/2024,IMPS/P2P/495383322564/RAMESH PILLAI/8363435029,,2500.00,8088377.21
01/02/2024,01/02/2024,UPI/DR/2766842238/LATHA MURTHY/HDFC0722665/latha582@oksbi,1250.00,,8087127.21
01/02/2024,01/02/2024,NEFT/022722921656/POOJA SHARMA/HDFC0722665/21843734379845,310.00,,8086817.21
02/02/2024,01/02/2024,CASH DEPOSIT/BRANCH COUNTER/BANJARA HILLS HYDERABAD,,4800.00,8091617.21
03/02/2024,02/02/2024,CHQ NO 961250 CLEARING,249.00,,8091368.21
03/02/2024,02/02/2024,UPI/DR/171278709865/REKHA PILLAI/HDFC0722665/rekha574@ybl,7800.00,,8083568.21
02/02/2024,02/02/2024,IMPS/P2P/6385821760/AYESHA KHAN/7299682175,,11200.00,8094768.21
02/02/2024,02/02/2024,IMPS/P2P/13207162/SUNIL YADAV/8425814164,,7600.00,8102368.21
03/02/2024,03/02/2024,CASH DEPOSIT/BRANCH COUNTER/BANJARA HILLS HYDERABAD,,4800.00,8107168.21
03/02/2024,03/02/2024,ATM/WDL/83228966/CANARA ATM MYSURU,120.00,,8107048.21
04/02/2024,04/02/2024,UPI/DR/18600862/GANESH KUMAR/HDFC0722665/ganesh909@okhdfc,1250.00,,8105798.21
04/02/2024,04/02/2024,UPI/DR/896356386897/MALLIKA DAS/HDFC0722665/mallika383@paytm,999.00,,8104799.21
05/02/2024,05/02/2024,NEFT/4695596658/AYESHA KHAN/HDFC0722665/32155525090656,,11200.00,8115999.21
05/02/2024,05/02/2024,CASH DEPOSIT/BRANCH COUNTER/BANJARA HILLS HYDERABAD,,11200.00,8127199.21
06/02/2024,06/02/2024,ATM/WDL/943380763284/SBI ATM JAYANAGAR BLR,310.00,,8126889.21
06/02/2024,06/02/2024,UPI/CR/3834093594/VIKRAM NAIR/HDFC0722665/vikram242@okhdfc,,2500.00,8129389.21
06/02/2024,06/02/2024,ATM/WDL/16328113/CANARA ATM MYSURU,1680.00,,8127709.21
06/02/2024,06/02/2024,UPI/DR/22447565/ARJUN MEHTA/HDFC0722665/arjun436@ybl,1680.00,,8126029.21
06/02/2024,06/02/2024,UPI/DR/8466496245/RESHMA KHAN/HDFC0722665/reshma358@oksbi,1680.00,,8124349.21
06/02/2024,06/02/2024,UPI/DR/898335426749/USHA RANI/HDFC0722665/usha727@oksbi,1250.00,,8123099.21
06/02/2024,06/02/2024,CASH DEPOSIT/BRANCH COUNTER/BANJARA HILLS HYDERABAD,,24000.00,8147099.21
06/02/2024,06/02/2024,UPI/DR/9839445230/KAVERI MENON/HDFC0722665/kaveri903@ybl,310.00,,8146789.21
06/02/2024,06/02/2024,IMPS/P2P/199371805485/BABU LAL/7170829065,,4800.00,8151589.21
08/02/2024,07/02/2024,CASH DEPOSIT/BRANCH COUNTER/BANJARA HILLS HYDERABAD,,850.00,8152439.21
07/02/2024,07/02/2024,CASH DEPOSIT/BRANCH COUNTER/BANJARA HILLS HYDERABAD,,11200.00,8163639.21
07/02/2024,07/02/2024,ATM/WDL/2017353460/SBI ATM JAYANAGAR BLR,1250.00,,8162389.21
08/02/2024,07/02/2024,UPI/CR/28008988/KAVERI MENON/HDFC0722665/kaveri984@paytm,,32000.00,8194389.21
08/02/2024,08/02/2024,CHQ NO 749573 CLEARING,3499.00,,8190890.21
09/02/2024,08/02/2024,CHQ NO 406621 CLEARING,2380.00,,8188510.21
09/02/2024,08/02/2024,NEFT/541176469399/BABU LAL/HDFC0722665/16371022279542,2380.00,,8186130.21
09/02/2024,09/02/2024,IMPS/P2P/615417187805/RAVI KUMAR SHARMA/9799115020,,32000.00,8218130.21
09/02/2024,09/02/2024,CHQ NO 775527 CLEARING,2380.00,,8215750.21
10/02/2024,09/02/2024,UPI/DR/144452104791/SHAHID KHAN/HDFC0722665/shahid828@paytm,3499.00,,8212251.21
09/02/2024,09/02/2024,IMPS/P2P/36895555/SANTOSH KUMAR/9055441631,,7600.00,8219851.21
09/02/2024,09/02/2024,ATM/WDL/8266034818/HDFC ATM KORAMANGALA,3499.00,,8216352.21
10/02/2024,10/02/2024,UPI/DR/66448663/RANJIT SINGH/HDFC0722665/ranjit750@okaxis,120.00,,8216232.21
10/02/2024,10/02/2024,UPI/DR/919258808330/ADITYA KUMAR/HDFC0722665/aditya107@okhdfc,1250.00,,8214982.21
10/02/2024,10/02/2024,NEFT/09969913/RAJESH VERMA/HDFC0722665/50635297742112,49.00,,8214933.21
10/02/2024,10/02/2024,IMPS/P2P/791850624220/SHEELA DEVI/8173282246,,2500.00,8217433.21
10/02/2024,10/02/2024,NEFT/4013159511/TANVI RAO/HDFC0722665/47905852656831,,500.00,8217933.21
10/02/2024,10/02/2024,ATM/WDL/28423247/HDFC ATM KORAMANGALA,249.00,,8217684.21
11/02/2024,11/02/2024,CASH DEPOSIT/BRANCH COUNTER/BANJARA HILLS HYDERABAD,,850.00,8218534.21
11/02/2024,11/02/2024,UPI/DR/2230257962/REKHA PILLAI/HDFC0722665/rekha816@okhdfc,1680.00,,8216854.21
11/02/2024,11/02/2024,CHQ NO 814889 CLEARING,249.00,,8216605.21
11/02/2024,11/02/2024,ATM/WDL/329743333850/SBI ATM JAYANAGAR BLR,699.00,,8215906.21
11/02/2024,11/02/2024,UPI/DR/4919326817/KAVYA REDDY/HDFC0722665/kavya292@oksbi,999.00,,8214907.21
12/02/2024,12/02/2024,UPI/DR/975790062054/RAVI KUMAR SHARMA/HDFC0722665/ravi493@oksbi,2380.00,,8212527.21
12/02/2024,12/02/2024,UPI/DR/32004305/ARUN SHARMA/HDFC0722665/arun812@okhdfc,310.00,,8212217.21
12/02/2024,12/02/2024,NEFT/9337942206/DEEPA NAIR/HDFC0722665/60893037402432,,850.00,8213067.21
12/02/2024,12/02/2024,NEFT/87831856/KAVITHA RAO/HDFC0722665/48121214200715,699.00,,8212368.21
14/02/2024,13/02/2024,UPI/DR/48550681/CHANDAN SHARMA/HDFC0722665/chandan163@okhdfc,79.00,,8212289.21
15/02/2024,14/02/2024,UPI/DR/736283592045/VINAY PATIL/HDFC0722665/vinay60@ybl,5200.00,,8207089.21
15/02/2024,14/02/2024,CHQ NO 935474 CLEARING,79.00,,8207010.21
14/02/2024,14/02/2024,ATM/WDL/268170811740/CANARA ATM MYSURU,1680.00,,8205330.21
14/02/2024,14/02/2024,NEFT/09569550/PADMA RAO/HDFC0722665/90566399937182,,2500.00,8207830.21
14/02/2024,14/02/2024,NEFT/462486286948/KAVYA REDDY/HDFC0722665/51540939990701,999.00,,8206831.21
14/02/2024,14/02/2024,UPI/DR/3848666830/SUNITA DEVI/HDFC0722665/sunita431@ybl,310.00,,8206521.21
15/02/2024,15/02/2024,CHQ NO 050989 CLEARING,1680.00,,8204841.21
15/02/2024,15/02/2024,UPI/DR/1300234388/SUNIL YADAV/HDFC0722665/sunil142@ybl,79.00,,8204762.21
15/02/2024,15/02/2024,ATM/WDL/96850974/HDFC ATM KORAMANGALA,249.00,,8204513.21
16/02/2024,15/02/2024,NEFT/29135334/KIRAN REDDY/HDFC0722665/24213594513359,,500.00,8205013.21
17/02/2024,16/02/2024,CASH DEPOSIT/BRANCH COUNTER/BANJARA HILLS HYDERABAD,,32000.00,8237013.21
16/02/2024,16/02/2024,CASH DEPOSIT/BRANCH COUNTER/BANJARA HILLS HYDERABAD,,7600.00,8244613.21
17/02/2024,16/02/2024,NEFT/149636146076/SAVITHA DEVI/HDFC0722665/91578614045088,999.00,,8243614.21
16/02/2024,16/02/2024,UPI/DR/605901929708/RANJIT SINGH/HDFC0722665/ranjit109@okhdfc,79.00,,8243535.21
16/02/2024,16/02/2024,NEFT/2716126533/KAVITHA RAO/HDFC0722665/63278641011716,,2500.00,8246035.21
16/02/2024,16/02/2024,UPI/DR/8910381488/SHAHID KHAN/HDFC0722665/shahid673@paytm,2380.00,,8243655.21
16/02/2024,16/02/2024,CHQ NO 794959 CLEARING,850.00,,8242805.21
17/02/2024,17/02/2024,CASH DEPOSIT/BRANCH COUNTER/BANJARA HILLS HYDERABAD,,850.00,8243655.21
18/02/2024,17/02/2024,NEFT/936161414172/PADMA RAO/HDFC0722665/79825668977997,,500.00,8244155.21
18/02/2024,17/02/2024,UPI/DR/531152050856/FATIMA SHEIKH/HDFC0722665/fatima186@okhdfc,1680.00,,8242475.21
17/02/2024,17/02/2024,NEFT/632294882275/NADIA HUSSAIN/HDFC0722665/74374457350451,,32000.00,8274475.21
17/02/2024,17/02/2024,CHQ NO 041863 CLEARING,999.00,,8273476.21
17/02/2024,17/02/2024,UPI/DR/183369471060/SURESH BABU/HDFC0722665/suresh682@oksbi,850.00,,8272626.21
18/02/2024,18/02/2024,ATM/WDL/783697892822/CANARA ATM MYSURU,1250.00,,8271376.21
18/02/2024,18/02/2024,UPI/CR/34021578/KAVYA REDDY/HDFC0722665/kavya867@oksbi,,7600.00,8278976.21
19/02/2024,18/02/2024,NEFT/23302894/LALITHA DEVI/HDFC0722665/22157840472289,3499.00,,8275477.21
18/02/2024,18/02/2024,NEFT/39773972/SHAHID KHAN/HDFC0722665/08531130570210,,850.00,8276327.21
18/02/2024,18/02/2024,UPI/DR/233034895934/NIKHIL GUPTA/HDFC0722665/nikhil950@ybl,49.00,,8276278.21
18/02/2024,18/02/2024,UPI/DR/38657472/SHAHID KHAN/HDFC0722665/shahid777@oksbi,1250.00,,8275028.21
19/02/2024,18/02/2024,UPI/DR/904035797295/PREETHI IYER/HDFC0722665/preethi26@okhdfc,249.00,,8274779.21
19/02/2024,19/02/2024,NEFT/91132983/KAVITHA RAO/HDFC0722665/32977910532935,449.00,,8274330.21
20/02/2024,19/02/2024,UPI/CR/95788102/SUNIL YADAV/HDFC0722665/sunil914@oksbi,,2500.00,8276830.21
20/02/2024,19/02/2024,NEFT/97677489/VENKAT RAO/HDFC0722665/97626104531827,,32000.00,8308830.21
19/02/2024,19/02/2024,NEFT/20984434/AYESHA KHAN/HDFC0722665/94636523903461,,18500.00,8327330.21
19/02/2024,19/02/2024,UPI/DR/509413542055/MALLIKA DAS/HDFC0722665/mallika759@paytm,999.00,,8326331.21
20/02/2024,20/02/2024,CASH DEPOSIT/BRANCH COUNTER/BANJARA HILLS HYDERABAD,,4800.00,8331131.21
21/02/2024,20/02/2024,CASH DEPOSIT/BRANCH COUNTER/BANJARA HILLS HYDERABAD,,32000.00,8363131.21
20/02/2024,20/02/2024,NEFT/5380969006/SANTOSH KUMAR/HDFC0722665/34453543954810,,32000.00,8395131.21
21/02/2024,20/02/2024,NEFT/9005614017/SNEHA PATIL/HDFC0722665/29194163496459,,2500.00,8397631.21
20/02/2024,20/02/2024,CHQ NO 241211 CLEARING,120.00,,8397511.21
21/02/2024,20/02/2024,IMPS/P2P/8171271945/RAMESH GOWDA/9234731056,,7600.00,8405111.21
20/02/2024,20/02/2024,NEFT/8300267052/MALLIKA DAS/HDFC0722665/92696024415263,3499.00,,8401612.21
21/02/2024,21/02/2024,ATM/WDL/205669726819/SBI ATM JAYANAGAR BLR,49.00,,8401563.21
21/02/2024,21/02/2024,CHQ NO 361876 CLEARING,1250.00,,8400313.21
21/02/2024,21/02/2024,ATM/WDL/601353541281/HDFC ATM KORAMANGALA,1680.00,,8398633.21
21/02/2024,21/02/2024,CHQ NO 099459 CLEARING,5200.00,,8393433.21
21/02/2024,21/02/2024,UPI/CR/2522382290/FARHAN KHAN/HDFC0722665/farhan756@oksbi,,4800.00,8398233.21
22/02/2024,21/02/2024,UPI/CR/713299236017/FATIMA SHEIKH/HDFC0722665/fatima854@oksbi,,7600.00,8405833.21
22/02/2024,21/02/2024,UPI/DR/95611245/KIRAN REDDY/HDFC0722665/kiran389@oksbi,699.00,,8405134.21
21/02/2024,21/02/2024,UPI/DR/56339421/SAVITHA DEVI/HDFC0722665/savitha321@okaxis,1680.00,,8403454.21
23/02/2024,22/02/2024,UPI/CR/3157935831/SUSHMA RAO/HDFC0722665/sushma982@paytm,,32000.00,8435454.21
22/02/2024,22/02/2024,CASH DEPOSIT/BRANCH COUNTER/BANJARA HILLS HYDERABAD,,11200.00,8446654.21
22/02/2024,22/02/2024,UPI/DR/3076095065/IMRAN KHAN/HDFC0722665/imran482@oksbi,120.00,,8446534.21
23/02/2024,22/02/2024,ATM/WDL/586942249557/SBI ATM JAYANAGAR BLR,5200.00,,8441334.21
23/02/2024,23/02/2024,UPI/DR/47923830/FARHAN KHAN/HDFC0722665/farhan405@ybl,120.00,,8441214.21
23/02/2024,23/02/2024,CHQ NO 546138 CLEARING,79.00,,8441135.21
24/02/2024,23/02/2024,CASH DEPOSIT/BRANCH COUNTER/BANJARA HILLS HYDERABAD,,500.00,8441635.21
23/02/2024,23/02/2024,UPI/DR/5089398371/ADITYA KUMAR/HDFC0722665/aditya33@ybl,2380.00,,8439255.21
24/02/2024,24/02/2024,UPI/DR/3286293228/LAKSHMI VENKAT/HDFC0722665/lakshmi440@oksbi,999.00,,8438256.21
24/02/2024,24/02/2024,CASH DEPOSIT/BRANCH COUNTER/BANJARA HILLS HYDERABAD,,32000.00,8470256.21
24/02/2024,24/02/2024,NEFT/3276366167/SHEELA DEVI/HDFC0722665/10510011272567,,500.00,8470756.21
24/02/2024,24/02/2024,CHQ NO 786923 CLEARING,999.00,,8469757.21
24/02/2024,24/02/2024,UPI/DR/01085053/MEERA PILLAI/HDFC0722665/meera195@oksbi,3499.00,,8466258.21
24/02/2024,24/02/2024,NEFT/4321997151/NIKHIL GUPTA/HDFC0722665/36192583537521,249.00,,8466009.21
24/02/2024,24/02/2024,UPI/DR/780248306384/SMITHA PILLAI/HDFC0722665/smitha184@okaxis,79.00,,8465930.21
24/02/2024,24/02/2024,IMPS/P2P/1589823468/PRAKASH RAO/7100385730,,4800.00,8470730.21
24/02/2024,24/02/2024,NEFT/268423201292/LATHA MURTHY/HDFC0722665/62811918696046,,24000.00,8494730.21
24/02/2024,24/02/2024,UPI/CR/249606791309/MOHAN DAS/HDFC0722665/mohan466@okaxis,,2500.00,8497230.21
24/02/2024,24/02/2024,UPI/DR/88288793/SURESH NAIR/HDFC0722665/suresh548@ybl,120.00,,8497110.21
24/02/2024,24/02/2024,UPI/DR/07793924/GEETA DEVI/HDFC0722665/geeta476@okhdfc,1250.00,,8495860.21
26/02/2024,25/02/2024,NEFT/175452874409/PRIYA NAIR/HDFC0722665/69426732176515,,7600.00,8503460.21
25/02/2024,25/02/2024,UPI/DR/5605601292/BABU LAL/HDFC0722665/babu992@paytm,249.00,,8503211.21
26/02/2024,25/02/2024,CHQ NO 472423 CLEARING,79.00,,8503132.21
26/02/2024,25/02/2024,ATM/WDL/145263084639/SBI ATM JAYANAGAR BLR,449.00,,8502683.21
25/02/2024,25/02/2024,UPI/DR/635541139181/FATIMA SHEIKH/HDFC0722665/fatima102@okhdfc,850.00,,8501833.21
26/02/2024,26/02/2024,UPI/CR/8347311237/ARCHANA PILLAI/HDFC0722665/archana564@ybl,,4800.00,8506633.21
26/02/2024,26/02/2024,NEFT/994287804358/RAHUL SINGH/HDFC0722665/18115619838278,,4800.00,8511433.21
27/02/2024,26/02/2024,NEFT/305445713028/SAVITHA DEVI/HDFC0722665/16615796879301,449.00,,8510984.21
26/02/2024,26/02/2024,CASH DEPOSIT/BRANCH COUNTER/BANJARA HILLS HYDERABAD,,2500.00,8513484.21
27/02/2024,26/02/2024,UPI/CR/4181835252/USHA RANI/HDFC0722665/usha59@okhdfc,,850.00,8514334.21
27/02/2024,27/02/2024,ATM/WDL/17524199/SBI ATM JAYANAGAR BLR,3499.00,,8510835.21
27/02/2024,27/02/2024,NEFT/3156006491/PRIYA NAIR/HDFC0722665/34931582875993,999.00,,8509836.21
27/02/2024,27/02/2024,UPI/DR/937064940943/SMITHA PILLAI/HDFC0722665/smitha161@paytm,310.00,,8509526.21
27/02/2024,27/02/2024,CHQ NO 679086 CLEARING,2380.00,,8507146.21
27/02/2024,27/02/2024,UPI/DR/540862055124/DEEPAK JOSHI/HDFC0722665/deepak687@ybl,310.00,,8506836.21
27/02/2024,27/02/2024,NEFT/24996962/SURESH NAIR/HDFC0722665/51077236130691,2380.00,,8504456.21
27/02/2024,27/02/2024,NEFT/293990845417/SHAHID KHAN/HDFC0722665/95411598382416,1250.00,,8503206.21
29/02/2024,28/02/2024,UPI/DR/4668094847/RAJESH VERMA/HDFC0722665/rajesh211@ybl,999.00,,8502207.21
29/02/2024,28/02/2024,UPI/DR/6517311647/RAMESH PILLAI/HDFC0722665/ramesh431@ybl,449.00,,8501758.21
28/02/2024,28/02/2024,IMPS/P2P/45420082/AYESHA KHAN/9891447869,,32000.00,8533758.21
29/02/2024,29/02/2024,NEFT/022654959884/SURESH BABU/HDFC0722665/28718211537040,,500.00,8534258.21
29/02/2024,29/02/2024,IMPS/P2P/086845246775/IMRAN KHAN/8427897013,,500.00,8534758.21
29/02/2024,29/02/2024,UPI/DR/7071439457/ROHIT SHARMA/HDFC0722665/rohit257@oksbi,999.00,,8533759.21
02/03/2024,01/03/2024,UPI/DR/454848835844/AYESHA KHAN/HDFC0722665/ayesha588@okaxis,5200.00,,8528559.21
03/03/2024,02/03/2024,UPI/DR/67226349/PRIYA NAIR/HDFC0722665/priya254@paytm,49.00,,8528510.21
02/03/2024,02/03/2024,CASH DEPOSIT/BRANCH COUNTER/BANJARA HILLS HYDERABAD,,7600.00,8536110.21
02/03/2024,02/03/2024,ATM/WDL/9793280861/CANARA ATM MYSURU,79.00,,8536031.21
02/03/2024,02/03/2024,CASH DEPOSIT/BRANCH COUNTER/BANJARA HILLS HYDERABAD,,11200.00,8547231.21
03/03/2024,02/03/2024,NEFT/54525015/LATHA MURTHY/HDFC0722665/11484045685341,49.00,,8547182.21
03/03/2024,03/03/2024,CASH DEPOSIT/BRANCH COUNTER/BANJARA HILLS HYDERABAD,,7600.00,8554782.21
03/03/2024,03/03/2024,CASH DEPOSIT/BRANCH COUNTER/BANJARA HILLS HYDERABAD,,4800.00,8559582.21
03/03/2024,03/03/2024,CASH DEPOSIT/BRANCH COUNTER/BANJARA HILLS HYDERABAD,,4800.00,8564382.21
03/03/2024,03/03/2024,IMPS/P2P/0300799164/MEENA IYER/8773393492,,500.00,8564882.21
03/03/2024,03/03/2024,UPI/CR/827243094369/KAVITHA RAO/HDFC0722665/kavitha361@oksbi,,24000.00,8588882.21
03/03/2024,03/03/2024,UPI/DR/056433447262/CHANDAN SHARMA/HDFC0722665/chandan909@ybl,310.00,,8588572.21
03/03/2024,03/03/2024,ATM/WDL/5486007786/CANARA ATM MYSURU,1680.00,,8586892.21
04/03/2024,04/03/2024,UPI/CR/33365336/NAVEEN KUMAR/HDFC0722665/naveen17@oksbi,,4800.00,8591692.21
04/03/2024,04/03/2024,UPI/DR/6404149335/HARISH MENON/HDFC0722665/harish246@okhdfc,49.00,,8591643.21
04/03/2024,04/03/2024,UPI/DR/22406954/LATHA MURTHY/HDFC0722665/latha529@okaxis,310.00,,8591333.21
06/03/2024,05/03/2024,IMPS/P2P/583616121957/MEERA PILLAI/9285508475,,1200.00,8592533.21
05/03/2024,05/03/2024,UPI/DR/372998929449/NIKHIL GUPTA/HDFC0722665/nikhil832@paytm,249.00,,8592284.21
05/03/2024,05/03/2024,UPI/DR/71886231/RAJESH VERMA/HDFC0722665/rajesh173@paytm,49.00,,8592235.21
07/03/2024,06/03/2024,NEFT/23969040/ANAND KUMAR/HDFC0722665/65851503945248,1250.00,,8590985.21
06/03/2024,06/03/2024,CHQ NO 983363 CLEARING,449.00,,8590536.21
06/03/2024,06/03/2024,UPI/DR/27808968/SUSHMA RAO/HDFC0722665/sushma641@paytm,3499.00,,8587037.21
06/03/2024,06/03/2024,ATM/WDL/962399833876/HDFC ATM KORAMANGALA,120.00,,8586917.21
07/03/2024,06/03/2024,CASH DEPOSIT/BRANCH COUNTER/BANJARA HILLS HYDERABAD,,32000.00,8618917.21
06/03/2024,06/03/2024,NEFT/8397927219/PREETHI IYER/HDFC0722665/98990951321217,2380.00,,8616537.21
06/03/2024,06/03/2024,IMPS/P2P/303375657924/SURESH NAIR/8488573662,,11200.00,8627737.21
06/03/2024,06/03/2024,CHQ NO 610185 CLEARING,5200.00,,8622537.21
06/03/2024,06/03/2024,UPI/CR/608205034670/MOHAN DAS/HDFC0722665/mohan919@oksbi,,24000.00,8646537.21
06/03/2024,06/03/2024,CASH DEPOSIT/BRANCH COUNTER/BANJARA HILLS HYDERABAD,,850.00,8647387.21
07/03/2024,07/03/2024,ATM/WDL/2037068505/CANARA ATM MYSURU,5200.00,,8642187.21
07/03/2024,07/03/2024,ATM/WDL/5752963562/HDFC ATM KORAMANGALA,699.00,,8641488.21
07/03/2024,07/03/2024,ATM/WDL/583832071871/CANARA ATM MYSURU,5200.00,,8636288.21
07/03/2024,07/03/2024,ATM/WDL/82355743/SBI ATM JAYANAGAR BLR,79.00,,8636209.21
07/03/2024,07/03/2024,UPI/DR/36462150/BABU LAL/HDFC0722665/babu215@okaxis,49.00,,8636160.21
07/03/2024,07/03/2024,UPI/DR/3191688128/SURESH BABU/HDFC0722665/suresh257@paytm,2380.00,,8633780.21
08/03/2024,08/03/2024,UPI/DR/0122810902/VENKAT RAO/HDFC0722665/venkat947@okaxis,3499.00,,8630281.21
09/03/2024,08/03/2024,NEFT/164528781081/RANJIT SINGH/HDFC0722665/73639008707312,1250.00,,8629031.21
08/03/2024,08/03/2024,UPI/CR/3806182569/SANTOSH KUMAR/HDFC0722665/santosh769@ybl,,18500.00,8647531.21
09/03/2024,08/03/2024,NEFT/0473244812/SUNIL YADAV/HDFC0722665/88446128904424,,1200.00,8648731.21
09/03/2024,09/03/2024,IMPS/P2P/15536890/SUSHMA RAO/8071856644,,18500.00,8667231.21
10/03/2024,09/03/2024,UPI/DR/77317047/DIVYA MENON/HDFC0722665/divya671@ybl,1680.00,,8665551.21
10/03/2024,09/03/2024,UPI/DR/639333062892/KAVYA REDDY/HDFC0722665/kavya786@okhdfc,7800.00,,8657751.21
09/03/2024,09/03/2024,NEFT/4707280627/ROHIT SHARMA/HDFC0722665/30988468309385,,2500.00,8660251.21
10/03/2024,10/03/2024,IMPS/P2P/00243955/RESHMA KHAN/7937386120,,850.00,8661101.21
10/03/2024,10/03/2024,UPI/DR/963829175312/NADIA HUSSAIN/HDFC0722665/nadia727@oksbi,5200.00,,8655901.21
11/03/2024,10/03/2024,UPI/DR/0752042407/SURESH NAIR/HDFC0722665/suresh445@okhdfc,120.00,,8655781.21
10/03/2024,10/03/2024,UPI/DR/11648734/ARUN SHARMA/HDFC0722665/arun980@paytm,7800.00,,8647981.21
12/03/2024,11/03/2024,UPI/DR/1070249805/LAKSHMI VENKAT/HDFC0722665/lakshmi985@ybl,850.00,,8647131.21
11/03/2024,11/03/2024,UPI/DR/539023447803/NIKHIL GUPTA/HDFC0722665/nikhil872@oksbi,1680.00,,8645451.21
12/03/2024,11/03/2024,CHQ NO 478996 CLEARING,2380.00,,8643071.21
11/03/2024,11/03/2024,CASH DEPOSIT/BRANCH COUNTER/BANJARA HILLS HYDERABAD,,11200.00,8654271.21
12/03/2024,12/03/2024,NEFT/841242025970/KARTHIK MENON/HDFC0722665/51650240319721,120.00,,8654151.21
12/03/2024,12/03/2024,CHQ NO 815763 CLEARING,5200.00,,8648951.21
14/03/2024,13/03/2024,ATM/WDL/87077807/CANARA ATM MYSURU,449.00,,8648502.21
14/03/2024,13/03/2024,UPI/DR/6794729026/PREETHI IYER/HDFC0722665/preethi10@okhdfc,2380.00,,8646122.21
13/03/2024,13/03/2024,CHQ NO 965692 CLEARING,49.00,,8646073.21
13/03/2024,13/03/2024,NEFT/22089414/ROHIT SHARMA/HDFC0722665/47006949760942,,500.00,8646573.21
13/03/2024,13/03/2024,NEFT/44466741/KARTHIK MENON/HDFC0722665/77133336249201,850.00,,8645723.21
14/03/2024,14/03/2024,NEFT/11891628/SHEELA DEVI/HDFC0722665/06062276190999,310.00,,8645413.21
14/03/2024,14/03/2024,UPI/DR/29983924/AYESHA KHAN/HDFC0722665/ayesha496@oksbi,7800.00,,8637613.21
14/03/2024,14/03/2024,CHQ NO 918435 CLEARING,49.00,,8637564.21
15/03/2024,14/03/2024,CASH DEPOSIT/BRANCH COUNTER/BANJARA HILLS HYDERABAD,,1200.00,8638764.21
14/03/2024,14/03/2024,UPI/DR/9614531386/REKHA PILLAI/HDFC0722665/rekha306@ybl,49.00,,8638715.21
15/03/2024,15/03/2024,NEFT/5193915571/SURESH NAIR/HDFC0722665/25249591915731,,24000.00,8662715.21
15/03/2024,15/03/2024,CHQ NO 369271 CLEARING,120.00,,8662595.21
16/03/2024,15/03/2024,NEFT/611873643815/ARJUN MEHTA/HDFC0722665/92158975982870,,500.00,8663095.21
16/03/2024,16/03/2024,CASH DEPOSIT/BRANCH COUNTER/BANJARA HILLS HYDERABAD,,4800.00,8667895.21
16/03/2024,16/03/2024,IMPS/P2P/092834427339/KIRAN REDDY/8883759136,,1200.00,8669095.21
16/03/2024,16/03/2024,NEFT/65036987/RAVI KUMAR SHARMA/HDFC0722665/01446411395290,120.00,,8668975.21
17/03/2024,17/03/2024,UPI/DR/4986986400/ADITYA KUMAR/HDFC0722665/aditya12@paytm,79.00,,8668896.21
18/03/2024,17/03/2024,ATM/WDL/501719439536/HDFC ATM KORAMANGALA,7800.00,,8661096.21
18/03/2024,17/03/2024,CHQ NO 901840 CLEARING,49.00,,8661047.21
17/03/2024,17/03/2024,CASH DEPOSIT/BRANCH COUNTER/BANJARA HILLS HYDERABAD,,24000.00,8685047.21
17/03/2024,17/03/2024,UPI/CR/16647032/MOHAMMED IRFAN/HDFC0722665/mohammed987@oksbi,,2500.00,8687547.21
18/03/2024,17/03/2024,NEFT/7765256598/NILESH KULKARNI/HDFC0722665/72440429146735,79.00,,8687468.21
18/03/2024,18/03/2024,NEFT/520661188121/POOJA SHARMA/HDFC0722665/32973080538137,49.00,,8687419.21
19/03/2024,18/03/2024,NEFT/488831310414/KIRAN REDDY/HDFC0722665/36823064700754,,850.00,8688269.21
18/03/2024,18/03/2024,UPI/DR/4316730437/VENKAT RAO/HDFC0722665/venkat913@ybl,699.00,,8687570.21
18/03/2024,18/03/2024,NEFT/0001487871/SURESH NAIR/HDFC0722665/21368342548675,,7600.00,8695170.21
18/03/2024,18/03/2024,NEFT/5599955985/USHA RANI/HDFC0722665/03474042716189,,850.00,8696020.21
19/03/2024,18/03/2024,UPI/CR/0611392507/SHEELA DEVI/HDFC0722665/sheela441@okaxis,,7600.00,8703620.21
18/03/2024,18/03/2024,UPI/DR/23923715/GANESH KUMAR/HDFC0722665/ganesh307@okhdfc,1250.00,,8702370.21
19/03/2024,19/03/2024,UPI/DR/9779999923/SANTOSH KUMAR/HDFC0722665/santosh136@okaxis,850.00,,8701520.21
19/03/2024,19/03/2024,CHQ NO 535617 CLEARING,249.00,,8701271.21
19/03/2024,19/03/2024,UPI/DR/4954822702/SURESH BABU/HDFC0722665/suresh499@okhdfc,249.00,,8701022.21
19/03/2024,19/03/2024,UPI/DR/40818992/ARJUN MEHTA/HDFC0722665/arjun733@okhdfc,79.00,,8700943.21
19/03/2024,19/03/2024,UPI/DR/0353428396/GANESH KUMAR/HDFC0722665/ganesh409@okhdfc,2380.00,,8698563.21
20/03/2024,20/03/2024,NEFT/3057183872/MOHAMMED IRFAN/HDFC0722665/87995931669461,1250.00,,8697313.21
21/03/2024,20/03/2024,CHQ NO 558075 CLEARING,850.00,,8696463.21
20/03/2024,20/03/2024,CHQ NO 585382 CLEARING,79.00,,8696384.21
20/03/2024,20/03/2024,CHQ NO 990350 CLEARING,120.00,,8696264.21
20/03/2024,20/03/2024,UPI/DR/494666878045/VENKAT RAO/HDFC0722665/venkat578@okhdfc,449.00,,8695815.21
20/03/2024,20/03/2024,UPI/DR/88336419/MALLIKA DAS/HDFC0722665/mallika165@okaxis,79.00,,8695736.21
20/03/2024,20/03/2024,CASH DEPOSIT/BRANCH COUNTER/BANJARA HILLS HYDERABAD,,24000.00,8719736.21
21/03/2024,21/03/2024,CASH DEPOSIT/BRANCH COUNTER/BANJARA HILLS HYDERABAD,,24000.00,8743736.21
22/03/2024,21/03/2024,NEFT/684739785553/NADIA HUSSAIN/HDFC0722665/20275924286164,,18500.00,8762236.21
21/03/2024,21/03/2024,UPI/DR/450350897686/VIKRAM NAIR/HDFC0722665/vikram888@ybl,850.00,,8761386.21
22/03/2024,22/03/2024,IMPS/P2P/503344322138/MEENA IYER/8752264931,,7600.00,8768986.21
22/03/2024,22/03/2024,UPI/DR/02325076/POOJA SHARMA/HDFC0722665/pooja388@ybl,2380.00,,8766606.21
22/03/2024,22/03/2024,IMPS/P2P/0594203969/SHEELA DEVI/7091993567,,18500.00,8785106.21
23/03/2024,22/03/2024,NEFT/235851330158/REKHA PILLAI/HDFC0722665/31452086491468,,2500.00,8787606.21
23/03/2024,23/03/2024,UPI/CR/4047557508/REKHA PILLAI/HDFC0722665/rekha558@okaxis,,2500.00,8790106.21
23/03/2024,23/03/2024,ATM/WDL/73403881/HDFC ATM KORAMANGALA,449.00,,8789657.21
23/03/2024,23/03/2024,CASH DEPOSIT/BRANCH COUNTER/BANJARA HILLS HYDERABAD,,11200.00,8800857.21
23/03/2024,23/03/2024,NEFT/7943940702/RAMESH PILLAI/HDFC0722665/66108283244297,999.00,,8799858.21
24/03/2024,23/03/2024,UPI/CR/08483396/RESHMA KHAN/HDFC0722665/reshma50@paytm,,11200.00,8811058.21
23/03/2024,23/03/2024,ATM/WDL/4852449072/HDFC ATM KORAMANGALA,999.00,,8810059.21
23/03/2024,23/03/2024,UPI/CR/04138947/ARCHANA PILLAI/HDFC0722665/archana54@ybl,,7600.00,8817659.21
24/03/2024,23/03/2024,NEFT/585621911856/REKHA PILLAI/HDFC0722665/05793782894930,120.00,,8817539.21
24/03/2024,23/03/2024,NEFT/58769450/GANESH KUMAR/HDFC0722665/60803465678673,,32000.00,8849539.21
23/03/2024,23/03/2024,CHQ NO 076583 CLEARING,1250.00,,8848289.21
24/03/2024,24/03/2024,UPI/DR/4156808828/GEETA DEVI/HDFC0722665/geeta379@oksbi,850.00,,8847439.21
24/03/2024,24/03/2024,ATM/WDL/1754155044/HDFC ATM KORAMANGALA,699.00,,8846740.21
24/03/2024,24/03/2024,NEFT/602999910682/SUNIL YADAV/HDFC0722665/73993205469665,850.00,,8845890.21
25/03/2024,25/03/2024,UPI/DR/1853959708/DIVYA MENON/HDFC0722665/divya18@okaxis,7800.00,,8838090.21
25/03/2024,25/03/2024,UPI/DR/50358475/TARA SINGH/HDFC0722665/tara852@oksbi,49.00,,8838041.21
25/03/2024,25/03/2024,IMPS/P2P/15439229/REKHA PILLAI/9857471173,,11200.00,8849241.21
26/03/2024,25/03/2024,UPI/DR/98493503/SMITHA PILLAI/HDFC0722665/smitha253@paytm,1680.00,,8847561.21
26/03/2024,26/03/2024,IMPS/P2P/501971940213/NILESH KULKARNI/8820539191,,7600.00,8855161.21
26/03/2024,26/03/2024,UPI/DR/91762536/USHA RANI/HDFC0722665/usha105@okaxis,49.00,,8855112.21
26/03/2024,26/03/2024,UPI/DR/574028700230/KAVYA REDDY/HDFC0722665/kavya94@oksbi,5200.00,,8849912.21
26/03/2024,26/03/2024,NEFT/1188743705/GEETA DEVI/HDFC0722665/73754311397730,120.00,,8849792.21
27/03/2024,27/03/2024,UPI/DR/904966878186/ARCHANA PILLAI/HDFC0722665/archana427@oksbi,699.00,,8849093.21
28/03/2024,27/03/2024,NEFT/173560074155/SURESH NAIR/HDFC0722665/58468814393262,,850.00,8849943.21
27/03/2024,27/03/2024,UPI/DR/452841726740/CHANDAN SHARMA/HDFC0722665/chandan51@okaxis,449.00,,8849494.21
27/03/2024,27/03/2024,NEFT/004223322811/RAMESH GOWDA/HDFC0722665/20095889389457,1250.00,,8848244.21
27/03/2024,27/03/2024,NEFT/95840534/KAVITHA RAO/HDFC0722665/17158305592200,,24000.00,8872244.21
27/03/2024,27/03/2024,UPI/DR/8078525133/SHEELA DEVI/HDFC0722665/sheela116@paytm,2380.00,,8869864.21
27/03/2024,27/03/2024,UPI/DR/81011895/MEENA IYER/HDFC0722665/meena135@oksbi,249.00,,8869615.21
28/03/2024,27/03/2024,NEFT/0338092574/PRAKASH RAO/HDFC0722665/06207364466167,1250.00,,8868365.21
28/03/2024,28/03/2024,NEFT/219857665946/ANITHA KRISHNAN/HDFC0722665/71376486029256,,500.00,8868865.21
29/03/2024,28/03/2024,CHQ NO 342909 CLEARING,3499.00,,8865366.21
28/03/2024,28/03/2024,ATM/WDL/3795400672/HDFC ATM KORAMANGALA,1680.00,,8863686.21
28/03/2024,28/03/2024,UPI/DR/7581187440/MALLIKA DAS/HDFC0722665/mallika620@okaxis,120.00,,8863566.21
28/03/2024,28/03/2024,UPI/CR/33311876/VENKAT RAO/HDFC0722665/venkat237@paytm,,1200.00,8864766.21
28/03/2024,28/03/2024,NEFT/62812734/HARISH MENON/HDFC0722665/48949585999234,,2500.00,8867266.21
28/03/2024,28/03/2024,ATM/WDL/30247121/CANARA ATM MYSURU,3499.00,,8863767.21
29/03/2024,28/03/2024,UPI/DR/7796267322/RAJESH VERMA/HDFC0722665/rajesh69@oksbi,999.00,,8862768.21
30/03/2024,29/03/2024,UPI/DR/48901130/ANITHA KRISHNAN/HDFC0722665/anitha747@okaxis,3499.00,,8859269.21
29/03/2024,29/03/2024,ATM/WDL/122879796859/HDFC ATM KORAMANGALA,1680.00,,8857589.21
30/03/2024,29/03/2024,CHQ NO 720212 CLEARING,1250.00,,8856339.21
29/03/2024,29/03/2024,CHQ NO 298514 CLEARING,7800.00,,8848539.21
30/03/2024,29/03/2024,UPI/DR/135640965564/SMITHA PILLAI/HDFC0722665/smitha940@ybl,3499.00,,8845040.21
30/03/2024,30/03/2024,UPI/CR/573807364684/NAVEEN KUMAR/HDFC0722665/naveen229@okhdfc,,850.00,8845890.21
30/03/2024,30/03/2024,NEFT/220016131677/SHEELA DEVI/HDFC0722665/57433397515425,699.00,,8845191.21
30/03/2024,30/03/2024,CASH DEPOSIT/BRANCH COUNTER/BANJARA HILLS HYDERABAD,,2500.00,8847691.21
31/03/2024,30/03/2024,CASH DEPOSIT/BRANCH COUNTER/BANJARA HILLS HYDERABAD,,850.00,8848541.21
31/03/2024,31/03/2024,IMPS/P2P/2498751983/RAJENDRA PRASAD/9484470772,,7600.00,8856141.21
01/04/2024,31/03/2024,UPI/DR/98448912/PADMA RAO/HDFC0722665/padma751@ybl,79.00,,8856062.21
31/03/2024,31/03/2024,CASH DEPOSIT/BRANCH COUNTER/BANJARA HILLS HYDERABAD,,11200.00,8867262.21
31/03/2024,31/03/2024,UPI/DR/7777186834/NADIA HUSSAIN/HDFC0722665/nadia631@ybl,449.00,,8866813.21
31/03/2024,31/03/2024,UPI/DR/4732459203/KAVITHA RAO/HDFC0722665/kavitha424@ybl,1250.00,,8865563.21
01/04/2024,31/03/2024,UPI/DR/59363231/SUNIL YADAV/HDFC0722665/sunil957@paytm,310.00,,8865253.21
01/04/2024,31/03/2024,CASH DEPOSIT/BRANCH COUNTER/BANJARA HILLS HYDERABAD,,24000.00,8889253.21
31/03/2024,31/03/2024,UPI/DR/96524626/MEENA IYER/HDFC0722665/meena267@paytm,310.00,,8888943.21
31/03/2024,31/03/2024,UPI/DR/052882386095/KIRAN REDDY/HDFC0722665/kiran261@oksbi,699.00,,8888244.21
01/04/2024,01/04/2024,CHQ NO 214340 CLEARING,699.00,,8887545.21
01/04/2024,01/04/2024,CASH DEPOSIT/BRANCH COUNTER/BANJARA HILLS HYDERABAD,,850.00,8888395.21
01/04/2024,01/04/2024,CASH DEPOSIT/BRANCH COUNTER/BANJARA HILLS HYDERABAD,,500.00,8888895.21
01/04/2024,01/04/2024,UPI/DR/471599049774/SUNITA DEVI/HDFC0722665/sunita346@oksbi,999.00,,8887896.21
02/04/2024,01/04/2024,UPI/CR/7475430549/SURESH BABU/HDFC0722665/suresh337@oksbi,,4800.00,8892696.21
03/04/2024,02/04/2024,CASH DEPOSIT/BRANCH COUNTER/BANJARA HILLS HYDERABAD,,1200.00,8893896.21
02/04/2024,02/04/2024,CHQ NO 176152 CLEARING,310.00,,8893586.21
02/04/2024,02/04/2024,UPI/CR/9370342305/ARJUN MEHTA/HDFC0722665/arjun721@okaxis,,500.00,8894086.21
02/04/2024,02/04/2024,CHQ NO 636126 CLEARING,1250.00,,8892836.21
02/04/2024,02/04/2024,UPI/DR/650504780313/FATIMA SHEIKH/HDFC0722665/fatima149@ybl,49.00,,8892787.21
02/04/2024,02/04/2024,UPI/DR/956655634461/MOHAN DAS/HDFC0722665/mohan699@okhdfc,1250.00,,8891537.21
02/04/2024,02/04/2024,UPI/DR/54302852/GOPAL VERMA/HDFC0722665/gopal534@ybl,120.00,,8891417.21
03/04/2024,02/04/2024,UPI/DR/95844653/PRAKASH RAO/HDFC0722665/prakash477@oksbi,999.00,,8890418.21
03/04/2024,03/04/2024,NEFT/94084687/VIKRAM NAIR/HDFC0722665/81472920471346,,11200.00,8901618.21
03/04/2024,03/04/2024,UPI/DR/072748614833/BABU LAL/HDFC0722665/babu356@okaxis,2380.00,,8899238.21
03/04/2024,03/04/2024,UPI/DR/3787883169/SHAHID KHAN/HDFC0722665/shahid798@ybl,7800.00,,8891438.21
04/04/2024,04/04/2024,NEFT/515470380539/SANTOSH KUMAR/HDFC0722665/97771772246712,,18500.00,8909938.21
04/04/2024,04/04/2024,NEFT/901355267214/ANITHA KRISHNAN/HDFC0722665/78009031322730,,18500.00,8928438.21
05/04/2024,04/04/2024,NEFT/41687532/SAVITHA DEVI/HDFC0722665/47536153093191,2380.00,,8926058.21
04/04/2024,04/04/2024,NEFT/823438256113/GOPAL VERMA/HDFC0722665/34098973117037,,32000.00,8958058.21
05/04/2024,04/04/2024,ATM/WDL/965191617745/CANARA ATM MYSURU,49.00,,8958009.21
05/04/2024,05/04/2024,CHQ NO 852298 CLEARING,1250.00,,8956759.21
05/04/2024,05/04/2024,CASH DEPOSIT/BRANCH COUNTER/BANJARA HILLS HYDERABAD,,500.00,8957259.21
05/04/2024,05/04/2024,UPI/DR/64143834/ARUN SHARMA/HDFC0722665/arun37@ybl,7800.00,,8949459.21
05/04/2024,05/04/2024,ATM/WDL/5965070162/SBI ATM JAYANAGAR BLR,2380.00,,8947079.21
06/04/2024,06/04/2024,NEFT/0395378837/IMRAN KHAN/HDFC0722665/54611807088439,,4800.00,8951879.21
06/04/2024,06/04/2024,CASH DEPOSIT/BRANCH COUNTER/BANJARA HILLS HYDERABAD,,850.00,8952729.21
07/04/2024,07/04/2024,NEFT/066657487723/SHAHID KHAN/HDFC0722665/79192136379241,449.00,,8952280.21
08/04/2024,08/04/2024,UPI/DR/82867698/NILESH KULKARNI/HDFC0722665/nilesh476@okhdfc,249.00,,8952031.21
08/04/2024,08/04/2024,ATM/WDL/55499515/HDFC ATM KORAMANGALA,999.00,,8951032.21
08/04/2024,08/04/2024,UPI/DR/1855346803/VENKAT RAO/HDFC0722665/venkat211@oksbi,249.00,,8950783.21
09/04/2024,08/04/2024,UPI/DR/9933919794/GOPAL VERMA/HDFC0722665/gopal998@ybl,79.00,,8950704.21
08/04/2024,08/04/2024,NEFT/12761724/RESHMA KHAN/HDFC0722665/75922670322201,3499.00,,8947205.21
08/04/2024,08/04/2024,UPI/DR/690740363906/TANVI RAO/HDFC0722665/tanvi950@oksbi,249.00,,8946956.21
08/04/2024,08/04/2024,CHQ NO 315714 CLEARING,1680.00,,8945276.21
08/04/2024,08/04/2024,UPI/CR/939418254668/DEEPAK JOSHI/HDFC0722665/deepak774@okaxis,,1200.00,8946476.21
09/04/2024,09/04/2024,CHQ NO 096904 CLEARING,2380.00,,8944096.21
09/04/2024,09/04/2024,ATM/WDL/8643053605/SBI ATM JAYANAGAR BLR,2380.00,,8941716.21
11/04/2024,10/04/2024,NEFT/2399959315/RAMESH PILLAI/HDFC0722665/75894792005173,120.00,,8941596.21
10/04/2024,10/04/2024,ATM/WDL/617080562922/HDFC ATM KORAMANGALA,79.00,,8941517.21
10/04/2024,10/04/2024,UPI/DR/423987069406/REKHA PILLAI/HDFC0722665/rekha422@okhdfc,850.00,,8940667.21
12/04/2024,11/04/2024,NEFT/396509807663/BINDHU NAIR/HDFC0722665/95232375055564,79.00,,8940588.21
11/04/2024,11/04/2024,NEFT/061704460363/DEEPA NAIR/HDFC0722665/10311684350635,,1200.00,8941788.21
11/04/2024,11/04/2024,UPI/DR/928148456093/ARCHANA PILLAI/HDFC0722665/archana562@oksbi,999.00,,8940789.21
12/04/2024,11/04/2024,CASH DEPOSIT/BRANCH COUNTER/BANJARA HILLS HYDERABAD,,500.00,8941289.21
12/04/2024,11/04/2024,UPI/DR/81133554/RAMESH PILLAI/HDFC0722665/ramesh31@oksbi,120.00,,8941169.21
11/04/2024,11/04/2024,UPI/DR/20321816/RAJESH VERMA/HDFC0722665/rajesh240@okaxis,7800.00,,8933369.21
11/04/2024,11/04/2024,CHQ NO 078806 CLEARING,1250.00,,8932119.21
12/04/2024,12/04/2024,UPI/DR/00744842/RAMESH PILLAI/HDFC0722665/ramesh613@oksbi,850.00,,8931269.21
12/04/2024,12/04/2024,UPI/DR/2152392001/SUSHMA RAO/HDFC0722665/sushma93@ybl,5200.00,,8926069.21
13/04/2024,12/04/2024,CASH DEPOSIT/BRANCH COUNTER/BANJARA HILLS HYDERABAD,,500.00,8926569.21
13/04/2024,12/04/2024,CASH DEPOSIT/BRANCH COUNTER/BANJARA HILLS HYDERABAD,,24000.00,8950569.21
12/04/2024,12/04/2024,UPI/CR/379963788957/SAVITHA DEVI/HDFC0722665/savitha848@paytm,,2500.00,8953069.21
13/04/2024,13/04/2024,NEFT/11063917/PRIYA NAIR/HDFC0722665/41351907181442,,4800.00,8957869.21
13/04/2024,13/04/2024,CASH DEPOSIT/BRANCH COUNTER/BANJARA HILLS HYDERABAD,,18500.00,8976369.21
13/04/2024,13/04/2024,NEFT/2031792579/RAHUL SINGH/HDFC0722665/33711995072509,,18500.00,8994869.21
13/04/2024,13/04/2024,CASH DEPOSIT/BRANCH COUNTER/BANJARA HILLS HYDERABAD,,500.00,8995369.21
14/04/2024,13/04/2024,ATM/WDL/258813594568/CANARA ATM MYSURU,120.00,,8995249.21
13/04/2024,13/04/2024,CHQ NO 321853 CLEARING,1680.00,,8993569.21
15/04/2024,14/04/2024,CASH DEPOSIT/BRANCH COUNTER/BANJARA HILLS HYDERABAD,,24000.00,9017569.21
14/04/2024,14/04/2024,UPI/CR/717386224482/SNEHA PATIL/HDFC0722665/sneha299@ybl,,4800.00,9022369.21
14/04/2024,14/04/2024,IMPS/P2P/8471591710/RANJIT SINGH/7052719636,,11200.00,9033569.21
16/04/2024,15/04/2024,NEFT/3861030243/SNEHA PATIL/HDFC0722665/33765316159724,,11200.00,9044769.21
15/04/2024,15/04/2024,UPI/DR/814554793171/ARUN SHARMA/HDFC0722665/arun957@paytm,79.00,,9044690.21
16/04/2024,16/04/2024,CASH DEPOSIT/BRANCH COUNTER/BANJARA HILLS HYDERABAD,,1200.00,9045890.21
16/04/2024,16/04/2024,UPI/DR/8353705104/DIVYA MENON/HDFC0722665/divya355@okhdfc,310.00,,9045580.21
16/04/2024,16/04/2024,NEFT/9957406058/TANVI RAO/HDFC0722665/77027472513377,,32000.00,9077580.21
17/04/2024,16/04/2024,UPI/DR/537111705520/VENKAT RAO/HDFC0722665/venkat713@okhdfc,79.00,,9077501.21
16/04/2024,16/04/2024,UPI/DR/1112806864/TANVI RAO/HDFC0722665/tanvi831@okhdfc,249.00,,9077252.21
16/04/2024,16/04/2024,NEFT/612574450470/RAJENDRA PRASAD/HDFC0722665/71363239488673,,500.00,9077752.21
16/04/2024,16/04/2024,NEFT/989414033530/MOHAN DAS/HDFC0722665/78831511424031,999.00,,9076753.21
16/04/2024,16/04/2024,UPI/DR/0902364503/PRIYA NAIR/HDFC0722665/priya963@paytm,7800.00,,9068953.21
17/04/2024,17/04/2024,CHQ NO 832282 CLEARING,1250.00,,9067703.21
18/04/2024,17/04/2024,CASH DEPOSIT/BRANCH COUNTER/BANJARA HILLS HYDERABAD,,24000.00,9091703.21
18/04/2024,17/04/2024,CASH DEPOSIT/BRANCH COUNTER/BANJARA HILLS HYDERABAD,,1200.00,9092903.21
17/04/2024,17/04/2024,CASH DEPOSIT/BRANCH COUNTER/BANJARA HILLS HYDERABAD,,18500.00,9111403.21
17/04/2024,17/04/2024,CASH DEPOSIT/BRANCH COUNTER/BANJARA HILLS HYDERABAD,,850.00,9112253.21
19/04/2024,18/04/2024,CASH DEPOSIT/BRANCH COUNTER/BANJARA HILLS HYDERABAD,,7600.00,9119853.21
18/04/2024,18/04/2024,UPI/DR/76800055/VENKAT RAO/HDFC0722665/venkat72@paytm,49.00,,9119804.21
18/04/2024,18/04/2024,CASH DEPOSIT/BRANCH COUNTER/BANJARA HILLS HYDERABAD,,500.00,9120304.21
19/04/2024,18/04/2024,CASH DEPOSIT/BRANCH COUNTER/BANJARA HILLS HYDERABAD,,7600.00,9127904.21
20/04/2024,19/04/2024,NEFT/5528170720/RANJIT SINGH/HDFC0722665/12832270168671,,850.00,9128754.21
19/04/2024,19/04/2024,NEFT/299158221450/MALLIKA DAS/HDFC0722665/60523154989654,1680.00,,9127074.21
19/04/2024,19/04/2024,UPI/DR/412311596633/BINDHU NAIR/HDFC0722665/bindhu255@paytm,1680.00,,9125394.21
19/04/2024,19/04/2024,CASH DEPOSIT/BRANCH COUNTER/BANJARA HILLS HYDERABAD,,4800.00,9130194.21
19/04/2024,19/04/2024,ATM/WDL/24635436/SBI ATM JAYANAGAR BLR,249.00,,9129945.21
20/04/2024,20/04/2024,UPI/DR/668369801222/RAJENDRA PRASAD/HDFC0722665/rajendra845@ybl,79.00,,9129866.21
20/04/2024,20/04/2024,UPI/DR/84091883/SUNIL YADAV/HDFC0722665/sunil898@paytm,1250.00,,9128616.21
21/04/2024,20/04/2024,IMPS/P2P/12033808/MEERA PILLAI/8613498960,,850.00,9129466.21
21/04/2024,20/04/2024,CASH DEPOSIT/BRANCH COUNTER/BANJARA HILLS HYDERABAD,,850.00,9130316.21
20/04/2024,20/04/2024,NEFT/285708360994/RAJESH VERMA/HDFC0722665/17329225860835,,18500.00,9148816.21
20/04/2024,20/04/2024,UPI/DR/023005704856/BINDHU NAIR/HDFC0722665/bindhu736@okhdfc,310.00,,9148506.21
21/04/2024,20/04/2024,UPI/DR/9075071599/DIVYA MENON/HDFC0722665/divya585@okaxis,79.00,,9148427.21
20/04/2024,20/04/2024,NEFT/782818504455/SURESH NAIR/HDFC0722665/01075209726084,,2500.00,9150927.21
21/04/2024,21/04/2024,IMPS/P2P/67944066/LATHA MURTHY/7733992636,,850.00,9151777.21
21/04/2024,21/04/2024,UPI/DR/7563558401/VIKRAM NAIR/HDFC0722665/vikram896@ybl,2380.00,,9149397.21
21/04/2024,21/04/2024,UPI/DR/0784378450/PADMA RAO/HDFC0722665/padma973@paytm,310.00,,9149087.21
21/04/2024,21/04/2024,NEFT/2397612373/SANTOSH KUMAR/HDFC0722665/85075024537029,79.00,,9149008.21
21/04/2024,21/04/2024,ATM/WDL/336245258635/CANARA ATM MYSURU,49.00,,9148959.21
22/04/2024,22/04/2024,UPI/DR/31708469/BINDHU NAIR/HDFC0722665/bindhu428@okaxis,249.00,,9148710.21
22/04/2024,22/04/2024,CASH DEPOSIT/BRANCH COUNTER/BANJARA HILLS HYDERABAD,,18500.00,9167210.21
22/04/2024,22/04/2024,ATM/WDL/63235792/CANARA ATM MYSURU,7800.00,,9159410.21
23/04/2024,22/04/2024,NEFT/60318093/ARCHANA PILLAI/HDFC0722665/67530113502015,,500.00,9159910.21
23/04/2024,22/04/2024,NEFT/2473042325/NADIA HUSSAIN/HDFC0722665/89311972600900,79.00,,9159831.21
22/04/2024,22/04/2024,NEFT/694293496449/NIKHIL GUPTA/HDFC0722665/44225797664477,310.00,,9159521.21
22/04/2024,22/04/2024,UPI/DR/26445752/HARISH MENON/HDFC0722665/harish104@okaxis,310.00,,9159211.21
23/04/2024,23/04/2024,CHQ NO 007293 CLEARING,310.00,,9158901.21
23/04/2024,23/04/2024,ATM/WDL/55820707/CANARA ATM MYSURU,449.00,,9158452.21
23/04/2024,23/04/2024,UPI/DR/1049122436/FARHAN KHAN/HDFC0722665/farhan568@ybl,49.00,,9158403.21
24/04/2024,23/04/2024,CHQ NO 966656 CLEARING,310.00,,9158093.21
23/04/2024,23/04/2024,CHQ NO 373383 CLEARING,5200.00,,9152893.21
23/04/2024,23/04/2024,ATM/WDL/61807952/CANARA ATM MYSURU,5200.00,,9147693.21
23/04/2024,23/04/2024,NEFT/5726758656/LATHA MURTHY/HDFC0722665/20963736544063,,18500.00,9166193.21
24/04/2024,24/04/2024,NEFT/14689762/NAVEEN KUMAR/HDFC0722665/03740418982101,,4800.00,9170993.21
24/04/2024,24/04/2024,UPI/DR/77504001/PRIYA NAIR/HDFC0722665/priya316@paytm,449.00,,9170544.21
25/04/2024,25/04/2024,ATM/WDL/90551610/SBI ATM JAYANAGAR BLR,449.00,,9170095.21
25/04/2024,25/04/2024,UPI/DR/521360180470/FARHAN KHAN/HDFC0722665/farhan375@okhdfc,449.00,,9169646.21
26/04/2024,25/04/2024,ATM/WDL/665059203255/SBI ATM JAYANAGAR BLR,5200.00,,9164446.21
25/04/2024,25/04/2024,ATM/WDL/30811149/HDFC ATM KORAMANGALA,1680.00,,9162766.21
26/04/2024,26/04/2024,NEFT/25128365/SURESH NAIR/HDFC0722665/98385691487594,,18500.00,9181266.21
26/04/2024,26/04/2024,ATM/WDL/604305050830/CANARA ATM MYSURU,699.00,,9180567.21
26/04/2024,26/04/2024,NEFT/6921478149/SUNITA DEVI/HDFC0722665/60337991356430,310.00,,9180257.21
26/04/2024,26/04/2024,CHQ NO 071731 CLEARING,49.00,,9180208.21
26/04/2024,26/04/2024,UPI/CR/6171210795/FARHAN KHAN/HDFC0722665/farhan799@okhdfc,,500.00,9180708.21
27/04/2024,27/04/2024,UPI/DR/1375734971/MEERA PILLAI/HDFC0722665/meera448@paytm,999.00,,9179709.21
27/04/2024,27/04/2024,UPI/CR/3709646289/RAMESH PILLAI/HDFC0722665/ramesh241@okhdfc,,500.00,9180209.21
27/04/2024,27/04/2024,UPI/DR/38744232/POOJA SHARMA/HDFC0722665/pooja990@oksbi,2380.00,,9177829.21
27/04/2024,27/04/2024,UPI/DR/427178970662/ROHIT SHARMA/HDFC0722665/rohit796@paytm,850.00,,9176979.21
29/04/2024,28/04/2024,CASH DEPOSIT/BRANCH COUNTER/BANJARA HILLS HYDERABAD,,32000.00,9208979.21
29/04/2024,29/04/2024,UPI/DR/781321363091/CHANDAN SHARMA/HDFC0722665/chandan861@oksbi,850.00,,9208129.21
29/04/2024,29/04/2024,UPI/DR/991158509356/MEERA PILLAI/HDFC0722665/meera303@paytm,850.00,,9207279.21
01/05/2024,01/05/2024,UPI/DR/0159665795/SAVITHA DEVI/HDFC0722665/savitha794@okaxis,120.00,,9207159.21
01/05/2024,01/05/2024,NEFT/1951562313/CHANDAN SHARMA/HDFC0722665/95841361532664,850.00,,9206309.21
01/05/2024,01/05/2024,ATM/WDL/89394901/CANARA ATM MYSURU,2380.00,,9203929.21
02/05/2024,01/05/2024,UPI/DR/4205571389/MALLIKA DAS/HDFC0722665/mallika609@paytm,699.00,,9203230.21
01/05/2024,01/05/2024,CHQ NO 676815 CLEARING,7800.00,,9195430.21
02/05/2024,02/05/2024,NEFT/25041815/TANVI RAO/HDFC0722665/61621013198784,449.00,,9194981.21
02/05/2024,02/05/2024,NEFT/35403851/RANJIT SINGH/HDFC0722665/82507758726610,1680.00,,9193301.21
03/05/2024,02/05/2024,ATM/WDL/4698592685/HDFC ATM KORAMANGALA,49.00,,9193252.21
02/05/2024,02/05/2024,IMPS/P2P/95479280/SUNIL YADAV/7376368502,,500.00,9193752.21
03/05/2024,03/05/2024,NEFT/696433070667/KAVITHA RAO/HDFC0722665/05964278469100,,850.00,9194602.21
04/05/2024,04/05/2024,NEFT/56082391/FARHAN KHAN/HDFC0722665/26783345356301,,11200.00,9205802.21
04/05/2024,04/05/2024,UPI/DR/53048788/CHANDAN SHARMA/HDFC0722665/chandan750@ybl,850.00,,9204952.21
04/05/2024,04/05/2024,NEFT/9574734902/KARTHIK MENON/HDFC0722665/48080639437981,,500.00,9205452.21
04/05/2024,04/05/2024,ATM/WDL/07078268/HDFC ATM KORAMANGALA,999.00,,9204453.21
04/05/2024,04/05/2024,NEFT/40992741/NAVEEN KUMAR/HDFC0722665/61590444950444,,500.00,9204953.21
05/05/2024,04/05/2024,ATM/WDL/38095210/HDFC ATM KORAMANGALA,310.00,,9204643.21
04/05/2024,04/05/2024,CASH DEPOSIT/BRANCH COUNTER/BANJARA HILLS HYDERABAD,,7600.00,9212243.21
04/05/2024,04/05/2024,NEFT/174176639775/SANJANA HEGDE/HDFC0722665/94645956884909,249.00,,9211994.21
06/05/2024,05/05/2024,UPI/DR/97079880/SUSHMA RAO/HDFC0722665/sushma80@oksbi,850.00,,9211144.21
06/05/2024,05/05/2024,IMPS/P2P/5153110628/NADIA HUSSAIN/8955712298,,18500.00,9229644.21
05/05/2024,05/05/2024,UPI/CR/291475264996/VIKRAM NAIR/HDFC0722665/vikram699@ybl,,500.00,9230144.21
07/05/2024,06/05/2024,UPI/DR/9494237339/SURESH NAIR/HDFC0722665/suresh645@paytm,79.00,,9230065.21
06/05/2024,06/05/2024,UPI/CR/245117263831/NILESH KULKARNI/HDFC0722665/nilesh799@oksbi,,7600.00,9237665.21
07/05/2024,06/05/2024,UPI/DR/7680941750/TARA SINGH/HDFC0722665/tara612@okhdfc,3499.00,,9234166.21
08/05/2024,07/05/2024,ATM/WDL/0794768519/HDFC ATM KORAMANGALA,2380.00,,9231786.21
07/05/2024,07/05/2024,IMPS/P2P/93987381/KAVITHA RAO/7295617704,,1200.00,9232986.21
07/05/2024,07/05/2024,CASH DEPOSIT/BRANCH COUNTER/BANJARA HILLS HYDERABAD,,18500.00,9251486.21
07/05/2024,07/05/2024,NEFT/7549648667/MEERA PILLAI/HDFC0722665/99977705449623,,32000.00,9283486.21
08/05/2024,07/05/2024,UPI/DR/27238311/IMRAN KHAN/HDFC0722665/imran695@okaxis,5200.00,,9278286.21
07/05/2024,07/05/2024,CHQ NO 439006 CLEARING,1680.00,,9276606.21
07/05/2024,07/05/2024,IMPS/P2P/20993443/SUNIL YADAV/9667356463,,7600.00,9284206.21
07/05/2024,07/05/2024,IMPS/P2P/1326096497/USHA RANI/9470700695,,2500.00,9286706.21
07/05/2024,07/05/2024,NEFT/0799071677/NILESH KULKARNI/HDFC0722665/79673987374766,,850.00,9287556.21
07/05/2024,07/05/2024,UPI/DR/7211657201/ANITHA KRISHNAN/HDFC0722665/anitha364@ybl,850.00,,9286706.21
09/05/2024,08/05/2024,NEFT/2330544958/LAKSHMI VENKAT/HDFC0722665/96413242665475,999.00,,9285707.21
09/05/2024,08/05/2024,CHQ NO 558928 CLEARING,249.00,,9285458.21
08/05/2024,08/05/2024,UPI/CR/88384551/SANTOSH KUMAR/HDFC0722665/santosh842@oksbi,,11200.00,9296658.21
09/05/2024,08/05/2024,IMPS/P2P/3792718900/NILESH KULKARNI/8405821823,,11200.00,9307858.21
08/05/2024,08/05/2024,CASH DEPOSIT/BRANCH COUNTER/BANJARA HILLS HYDERABAD,,24000.00,9331858.21
08/05/2024,08/05/2024,ATM/WDL/3727530043/SBI ATM JAYANAGAR BLR,2380.00,,9329478.21
09/05/2024,09/05/2024,IMPS/P2P/050872077985/GANESH KUMAR/9589913180,,1200.00,9330678.21
09/05/2024,09/05/2024,CASH DEPOSIT/BRANCH COUNTER/BANJARA HILLS HYDERABAD,,2500.00,9333178.21
09/05/2024,09/05/2024,UPI/DR/393197894222/ANAND KUMAR/HDFC0722665/anand729@ybl,850.00,,9332328.21
09/05/2024,09/05/2024,UPI/DR/2580463604/VIKRAM NAIR/HDFC0722665/vikram254@okhdfc,79.00,,9332249.21
10/05/2024,10/05/2024,ATM/WDL/2963201527/SBI ATM JAYANAGAR BLR,449.00,,9331800.21
10/05/2024,10/05/2024,NEFT/01631261/MOHAN DAS/HDFC0722665/10352670230432,,11200.00,9343000.21
11/05/2024,10/05/2024,NEFT/81485032/GEETA DEVI/HDFC0722665/06524705266417,7800.00,,9335200.21
11/05/2024,10/05/2024,CHQ NO 272059 CLEARING,3499.00,,9331701.21
11/05/2024,11/05/2024,ATM/WDL/23877551/HDFC ATM KORAMANGALA,3499.00,,9328202.21
12/05/2024,11/05/2024,CASH DEPOSIT/BRANCH COUNTER/BANJARA HILLS HYDERABAD,,11200.00,9339402.21
11/05/2024,11/05/2024,NEFT/24796037/HARISH MENON/HDFC0722665/73673726368409,1680.00,,9337722.21
12/05/2024,11/05/2024,UPI/DR/982988303890/PRIYA NAIR/HDFC0722665/priya888@oksbi,79.00,,9337643.21
11/05/2024,11/05/2024,CASH DEPOSIT/BRANCH COUNTER/BANJARA HILLS HYDERABAD,,4800.00,9342443.21
11/05/2024,11/05/2024,UPI/DR/6597080075/ROHIT SHARMA/HDFC0722665/rohit278@ybl,1680.00,,9340763.21
11/05/2024,11/05/2024,UPI/DR/888044293879/GEETA DEVI/HDFC0722665/geeta964@oksbi,699.00,,9340064.21
13/05/2024,12/05/2024,CHQ NO 727895 CLEARING,49.00,,9340015.21
12/05/2024,12/05/2024,NEFT/00650884/RAJENDRA PRASAD/HDFC0722665/55095700959545,,850.00,9340865.21
12/05/2024,12/05/2024,NEFT/633040420794/NILESH KULKARNI/HDFC0722665/08912187697133,,1200.00,9342065.21
12/05/2024,12/05/2024,CASH DEPOSIT/BRANCH COUNTER/BANJARA HILLS HYDERABAD,,18500.00,9360565.21
12/05/2024,12/05/2024,UPI/CR/0401785562/MOHAMMED IRFAN/HDFC0722665/mohammed972@okhdfc,,7600.00,9368165.21
13/05/2024,12/05/2024,NEFT/0456750488/HARISH MENON/HDFC0722665/93921443118871,,850.00,9369015.21
12/05/2024,12/05/2024,NEFT/894487996902/SURESH NAIR/HDFC0722665/58915171635928,249.00,,9368766.21
13/05/2024,13/05/2024,UPI/DR/405020040397/FAILED/TimeOut/Savitha Devi,9500.00,,9368766.21
13/05/2024,13/05/2024,ATM/WDL/37481490/CANARA ATM MYSURU,449.00,,9368317.21
14/05/2024,13/05/2024,UPI/DR/319729930171/MEENA IYER/HDFC0722665/meena768@okaxis,249.00,,9368068.21
13/05/2024,13/05/2024,CHQ NO 429908 CLEARING,7800.00,,9360268.21
14/05/2024,14/05/2024,UPI/CR/34085631/MEERA PILLAI/HDFC0722665/meera495@okhdfc,,1200.00,9361468.21
15/05/2024,14/05/2024,ATM/WDL/01788383/HDFC ATM KORAMANGALA,5200.00,,9356268.21
14/05/2024,14/05/2024,UPI/CR/4532456411/MOHAN DAS/HDFC0722665/mohan44@okhdfc,,4800.00,9361068.21
14/05/2024,14/05/2024,CHQ NO 753784 CLEARING,850.00,,9360218.21
14/05/2024,14/05/2024,NEFT/868142189303/TARA SINGH/HDFC0722665/61844578091552,,4800.00,9365018.21
15/05/2024,15/05/2024,IMPS/P2P/359125650528/SUNITA DEVI/8890030606,,32000.00,9397018.21
15/05/2024,15/05/2024,UPI/CR/1726183196/LATHA MURTHY/HDFC0722665/latha535@okaxis,,2500.00,9399518.21
15/05/2024,15/05/2024,NEFT/49800487/TARA SINGH/HDFC0722665/62510721283402,,32000.00,9431518.21
16/05/2024,15/05/2024,UPI/DR/9612286694/RAHUL SINGH/HDFC0722665/rahul512@ybl,1250.00,,9430268.21
15/05/2024,15/05/2024,UPI/DR/747184340944/MOHAN DAS/HDFC0722665/mohan765@paytm,999.00,,9429269.21
16/05/2024,15/05/2024,NEFT/603463741958/SAVITHA DEVI/HDFC0722665/96908074564504,,4800.00,9434069.21
15/05/2024,15/05/2024,CASH DEPOSIT/BRANCH COUNTER/BANJARA HILLS HYDERABAD,,850.00,9434919.21
16/05/2024,15/05/2024,CHQ NO 422237 CLEARING,49.00,,9434870.21
16/05/2024,15/05/2024,NEFT/6299410197/ANAND KUMAR/HDFC0722665/69127841288280,7800.00,,9427070.21
17/05/2024,16/05/2024,UPI/DR/7724744575/DEEPA NAIR/HDFC0722665/deepa952@okhdfc,79.00,,9426991.21
16/05/2024,16/05/2024,UPI/CR/33459594/AYESHA KHAN/HDFC0722665/ayesha597@oksbi,,24000.00,9450991.21
17/05/2024,17/05/2024,UPI/DR/89735171/PRIYA NAIR/HDFC0722665/priya37@okaxis,79.00,,9450912.21
18/05/2024,18/05/2024,UPI/DR/09739059/SANTOSH KUMAR/HDFC0722665/santosh664@paytm,5200.00,,9445712.21
19/05/2024,18/05/2024,UPI/DR/866933175891/DEEPAK JOSHI/HDFC0722665/deepak884@okaxis,999.00,,9444713.21
18/05/2024,18/05/2024,NEFT/251295985849/KIRAN REDDY/HDFC0722665/00163595891813,2380.00,,9442333.21
18/05/2024,18/05/2024,UPI/CR/870563782445/KIRAN REDDY/HDFC0722665/kiran118@paytm,,24000.00,9466333.21
19/05/2024,18/05/2024,NEFT/571778308822/MEENA IYER/HDFC0722665/62664149402244,,500.00,9466833.21
19/05/2024,19/05/2024,UPI/CR/3201445284/RAHUL SINGH/HDFC0722665/rahul27@ybl,,500.00,9467333.21
19/05/2024,19/05/2024,UPI/DR/488318828221/VENKAT RAO/HDFC0722665/venkat773@okaxis,3499.00,,9463834.21
19/05/2024,19/05/2024,ATM/WDL/7383520148/HDFC ATM KORAMANGALA,1680.00,,9462154.21
19/05/2024,19/05/2024,IMPS/P2P/52187039/TANVI RAO/9494934402,,18500.00,9480654.21
19/05/2024,19/05/2024,IMPS/P2P/41409991/LATHA MURTHY/7032044996,,7600.00,9488254.21
19/05/2024,19/05/2024,CASH DEPOSIT/BRANCH COUNTER/BANJARA HILLS HYDERABAD,,850.00,9489104.21
20/05/2024,20/05/2024,ATM/WDL/2241013856/SBI ATM JAYANAGAR BLR,1250.00,,9487854.21
21/05/2024,20/05/2024,UPI/CR/1431751866/RAJESH VERMA/HDFC0722665/rajesh117@okaxis,,18500.00,9506354.21
21/05/2024,21/05/2024,ATM/WDL/369528960319/CANARA ATM MYSURU,699.00,,9505655.21
21/05/2024,21/05/2024,UPI/DR/7795399598/SHEELA DEVI/HDFC0722665/sheela387@okhdfc,850.00,,9504805.21
22/05/2024,21/05/2024,ATM/WDL/017328470470/CANARA ATM MYSURU,449.00,,9504356.21
21/05/2024,21/05/2024,CASH DEPOSIT/BRANCH COUNTER/BANJARA HILLS HYDERABAD,,7600.00,9511956.21
22/05/2024,21/05/2024,CHQ NO 007980 CLEARING,850.00,,9511106.21
22/05/2024,21/05/2024,NEFT/913421046483/PRAKASH RAO/HDFC0722665/95612528078060,1250.00,,9509856.21
23/05/2024,22/05/2024,UPI/DR/934689661426/NILESH KULKARNI/HDFC0722665/nilesh604@paytm,3499.00,,9506357.21
22/05/2024,22/05/2024,CHQ NO 189080 CLEARING,49.00,,9506308.21
24/05/2024,23/05/2024,CHQ NO 743304 CLEARING,850.00,,9505458.21
24/05/2024,23/05/2024,UPI/DR/184294754904/KAVYA REDDY/HDFC0722665/kavya424@oksbi,699.00,,9504759.21
23/05/2024,23/05/2024,NEFT/1670811962/NAVEEN KUMAR/HDFC0722665/89741969589365,249.00,,9504510.21
23/05/2024,23/05/2024,UPI/DR/4193748609/REKHA PILLAI/HDFC0722665/rekha76@oksbi,5200.00,,9499310.21
23/05/2024,23/05/2024,ATM/WDL/3541706165/HDFC ATM KORAMANGALA,79.00,,9499231.21
24/05/2024,24/05/2024,CASH DEPOSIT/BRANCH COUNTER/BANJARA HILLS HYDERABAD,,500.00,9499731.21
24/05/2024,24/05/2024,UPI/CR/110354078515/MOHAMMED IRFAN/HDFC0722665/mohammed148@okhdfc,,32000.00,9531731.21
24/05/2024,24/05/2024,NEFT/480620254780/RAHUL SINGH/HDFC0722665/29895104447514,,18500.00,9550231.21
24/05/2024,24/05/2024,IMPS/P2P/95898993/PADMA RAO/7430882743,,11200.00,9561431.21
24/05/2024,24/05/2024,UPI/DR/646315023876/PRIYA NAIR/HDFC0722665/priya890@okhdfc,7800.00,,9553631.21
24/05/2024,24/05/2024,UPI/DR/02982022/RESHMA KHAN/HDFC0722665/reshma195@okhdfc,449.00,,9553182.21
24/05/2024,24/05/2024,CASH DEPOSIT/BRANCH COUNTER/BANJARA HILLS HYDERABAD,,1200.00,9554382.21
24/05/2024,24/05/2024,NEFT/557464707798/RAMESH PILLAI/HDFC0722665/63237471454179,79.00,,9554303.21
25/05/2024,25/05/2024,CASH DEPOSIT/BRANCH COUNTER/BANJARA HILLS HYDERABAD,,18500.00,9572803.21
25/05/2024,25/05/2024,UPI/DR/6489693153/SHEELA DEVI/HDFC0722665/sheela949@okaxis,999.00,,9571804.21
25/05/2024,25/05/2024,IMPS/P2P/5068454560/ANITHA KRISHNAN/8052039995,,4800.00,9576604.21
25/05/2024,25/05/2024,NEFT/932495814007/TANVI RAO/HDFC0722665/16528370314213,,24000.00,9600604.21
25/05/2024,25/05/2024,UPI/CR/963427037438/SURESH BABU/HDFC0722665/suresh80@paytm,,2500.00,9603104.21
25/05/2024,25/05/2024,ATM/WDL/595887252635/SBI ATM JAYANAGAR BLR,999.00,,9602105.21
26/05/2024,25/05/2024,ATM/WDL/4490390155/SBI ATM JAYANAGAR BLR,2380.00,,9599725.21
26/05/2024,26/05/2024,UPI/CR/19610226/KAVITHA RAO/HDFC0722665/kavitha88@oksbi,,11200.00,9610925.21
26/05/2024,26/05/2024,NEFT/41434408/BINDHU NAIR/HDFC0722665/58217888063056,,500.00,9611425.21
26/05/2024,26/05/2024,CASH DEPOSIT/BRANCH COUNTER/BANJARA HILLS HYDERABAD,,850.00,9612275.21
28/05/2024,27/05/2024,UPI/DR/35881351/CHANDAN SHARMA/HDFC0722665/chandan15@okaxis,3499.00,,9608776.21
28/05/2024,27/05/2024,CHQ NO 639785 CLEARING,1680.00,,9607096.21
27/05/2024,27/05/2024,CHQ NO 662420 CLEARING,449.00,,9606647.21
28/05/2024,27/05/2024,UPI/DR/979165386408/TANVI RAO/HDFC0722665/tanvi123@oksbi,699.00,,9605948.21
27/05/2024,27/05/2024,UPI/DR/468892113229/GOPAL VERMA/HDFC0722665/gopal713@okhdfc,49.00,,9605899.21
27/05/2024,27/05/2024,UPI/DR/873484522875/KAVYA REDDY/HDFC0722665/kavya291@paytm,7800.00,,9598099.21
27/05/2024,27/05/2024,IMPS/P2P/89250406/ARJUN MEHTA/7452694445,,1200.00,9599299.21
27/05/2024,27/05/2024,UPI/DR/11171897/KAVITHA RAO/HDFC0722665/kavitha346@okaxis,699.00,,9598600.21
28/05/2024,28/05/2024,IMPS/P2P/299146885102/TANVI RAO/7439682149,,7600.00,9606200.21
28/05/2024,28/05/2024,UPI/DR/955430136471/SANJANA HEGDE/HDFC0722665/sanjana61@okaxis,2380.00,,9603820.21
28/05/2024,28/05/2024,NEFT/62485126/DEEPAK JOSHI/HDFC0722665/50084645313306,,24000.00,9627820.21
28/05/2024,28/05/2024,UPI/CR/50215905/MOHAN DAS/HDFC0722665/mohan266@paytm,,7600.00,9635420.21
28/05/2024,28/05/2024,CHQ NO 549443 CLEARING,79.00,,9635341.21
29/05/2024,29/05/2024,ATM/WDL/251255508206/SBI ATM JAYANAGAR BLR,449.00,,9634892.21
29/05/2024,29/05/2024,UPI/DR/78254612/ROHIT SHARMA/HDFC0722665/rohit936@okaxis,1680.00,,9633212.21
29/05/2024,29/05/2024,NEFT/5329381737/PREETHI IYER/HDFC0722665/36206867880992,,1200.00,9634412.21
30/05/2024,29/05/2024,UPI/DR/026544642546/PRAKASH RAO/HDFC0722665/prakash354@okhdfc,999.00,,9633413.21
30/05/2024,29/05/2024,UPI/CR/39360147/BABU LAL/HDFC0722665/babu49@paytm,,24000.00,9657413.21
30/05/2024,29/05/2024,NEFT/1423775749/MALLIKA DAS/HDFC0722665/78014609131145,,11200.00,9668613.21
30/05/2024,30/05/2024,CHQ NO 148315 CLEARING,850.00,,9667763.21
30/05/2024,30/05/2024,UPI/DR/9753029830/KAVYA REDDY/HDFC0722665/kavya358@okhdfc,850.00,,9666913.21
31/05/2024,31/05/2024,UPI/DR/38400615/SHEELA DEVI/HDFC0722665/sheela123@okaxis,1250.00,,9665663.21
01/06/2024,31/05/2024,ATM/WDL/6819722037/HDFC ATM KORAMANGALA,5200.00,,9660463.21
31/05/2024,31/05/2024,IMPS/P2P/5632725687/GOPAL VERMA/8918058303,,2500.00,9662963.21
02/06/2024,01/06/2024,UPI/DR/5357396189/KAVYA REDDY/HDFC0722665/kavya349@okhdfc,249.00,,9662714.21
01/06/2024,01/06/2024,UPI/CR/788187826452/PRAKASH RAO/HDFC0722665/prakash225@ybl,,500.00,9663214.21
01/06/2024,01/06/2024,NEFT/86152601/BABU LAL/HDFC0722665/96283116049332,,24000.00,9687214.21
01/06/2024,01/06/2024,IMPS/P2P/54977487/NIKHIL GUPTA/8129086767,,24000.00,9711214.21
01/06/2024,01/06/2024,UPI/DR/074177943795/MEERA PILLAI/HDFC0722665/meera289@oksbi,310.00,,9710904.21
01/06/2024,01/06/2024,UPI/DR/19124433/USHA RANI/HDFC0722665/usha919@okhdfc,7800.00,,9703104.21
01/06/2024,01/06/2024,UPI/DR/220689322954/SANTOSH KUMAR/HDFC0722665/santosh463@paytm,7800.00,,9695304.21
02/06/2024,02/06/2024,UPI/CR/7878191199/ANITHA KRISHNAN/HDFC0722665/anitha538@okhdfc,,18500.00,9713804.21
02/06/2024,02/06/2024,UPI/DR/512257424490/RAMESH GOWDA/HDFC0722665/ramesh258@paytm,699.00,,9713105.21
03/06/2024,02/06/2024,CASH DEPOSIT/BRANCH COUNTER/BANJARA HILLS HYDERABAD,,4800.00,9717905.21
03/06/2024,03/06/2024,UPI/DR/83412199/VINAY PATIL/HDFC0722665/vinay319@oksbi,449.00,,9717456.21
03/06/2024,03/06/2024,NEFT/51229782/RAHUL SINGH/HDFC0722665/68552630151982,3499.00,,9713957.21
03/06/2024,03/06/2024,NEFT/453801129543/NIKHIL GUPTA/HDFC0722665/28148493023203,,2500.00,9716457.21
03/06/2024,03/06/2024,UPI/CR/729625786007/SURESH BABU/HDFC0722665/suresh735@ybl,,32000.00,9748457.21
04/06/2024,04/06/2024,UPI/DR/152994984904/RAJESH VERMA/HDFC0722665/rajesh416@oksbi,79.00,,9748378.21
05/06/2024,04/06/2024,UPI/DR/904025552392/VIKRAM NAIR/HDFC0722665/vikram450@paytm,1250.00,,9747128.21
04/06/2024,04/06/2024,UPI/CR/582807162236/NAVEEN KUMAR/HDFC0722665/naveen190@paytm,,7600.00,9754728.21
05/06/2024,05/06/2024,IMPS/P2P/85504876/RAJENDRA PRASAD/9930422889,,850.00,9755578.21
05/06/2024,05/06/2024,UPI/CR/8001128936/PRIYA NAIR/HDFC0722665/priya730@paytm,,1200.00,9756778.21
05/06/2024,05/06/2024,IMPS/P2P/536151037758/ARUN SHARMA/9580303395,,4800.00,9761578.21
05/06/2024,05/06/2024,CHQ NO 094148 CLEARING,699.00,,9760879.21
05/06/2024,05/06/2024,UPI/CR/588272166440/KAVITHA RAO/HDFC0722665/kavitha244@paytm,,7600.00,9768479.21
06/06/2024,05/06/2024,CASH DEPOSIT/BRANCH COUNTER/BANJARA HILLS HYDERABAD,,18500.00,9786979.21
06/06/2024,05/06/2024,IMPS/P2P/653395140898/RAMESH PILLAI/7644903133,,2500.00,9789479.21
06/06/2024,06/06/2024,ATM/WDL/90422280/HDFC ATM KORAMANGALA,7800.00,,9781679.21
06/06/2024,06/06/2024,UPI/DR/6505901812/SHAHID KHAN/HDFC0722665/shahid341@okhdfc,249.00,,9781430.21
06/06/2024,06/06/2024,UPI/DR/71045885/SUSHMA RAO/HDFC0722665/sushma948@okhdfc,249.00,,9781181.21
06/06/2024,06/06/2024,CHQ NO 475287 CLEARING,7800.00,,9773381.21
06/06/2024,06/06/2024,UPI/DR/539226950044/ARCHANA PILLAI/HDFC0722665/archana13@paytm,3499.00,,9769882.21
06/06/2024,06/06/2024,UPI/DR/07255831/MEERA PILLAI/HDFC0722665/meera794@paytm,1680.00,,9768202.21
07/06/2024,07/06/2024,CHQ NO 613619 CLEARING,999.00,,9767203.21
08/06/2024,07/06/2024,NEFT/1978469137/RAHUL SINGH/HDFC0722665/10748120202925,7800.00,,9759403.21
07/06/2024,07/06/2024,CASH DEPOSIT/BRANCH COUNTER/BANJARA HILLS HYDERABAD,,24000.00,9783403.21
07/06/2024,07/06/2024,NEFT/469719639267/SANJANA HEGDE/HDFC0722665/29852868983131,,1200.00,9784603.21
07/06/2024,07/06/2024,NEFT/8775686609/LATHA MURTHY/HDFC0722665/40229745738482,,500.00,9785103.21
08/06/2024,07/06/2024,UPI/CR/48789142/SURESH BABU/HDFC0722665/suresh621@okaxis,,4800.00,9789903.21
08/06/2024,08/06/2024,CASH DEPOSIT/BRANCH COUNTER/BANJARA HILLS HYDERABAD,,850.00,9790753.21
09/06/2024,08/06/2024,NEFT/94390072/VENKAT RAO/HDFC0722665/16233726123567,120.00,,9790633.21
08/06/2024,08/06/2024,UPI/DR/48612839/RAHUL SINGH/HDFC0722665/rahul24@oksbi,850.00,,9789783.21
08/06/2024,08/06/2024,UPI/DR/224238663086/SURESH NAIR/HDFC0722665/suresh810@paytm,3499.00,,9786284.21
08/06/2024,08/06/2024,CASH DEPOSIT/BRANCH COUNTER/BANJARA HILLS HYDERABAD,,24000.00,9810284.21
08/06/2024,08/06/2024,UPI/DR/7228654426/DEEPA NAIR/HDFC0722665/deepa829@ybl,5200.00,,9805084.21
08/06/2024,08/06/2024,UPI/DR/0794116363/ARUN SHARMA/HDFC0722665/arun852@oksbi,120.00,,9804964.21
09/06/2024,08/06/2024,CHQ NO 793280 CLEARING,7800.00,,9797164.21
10/06/2024,09/06/2024,CASH DEPOSIT/BRANCH COUNTER/BANJARA HILLS HYDERABAD,,11200.00,9808364.21
09/06/2024,09/06/2024,ATM/WDL/6352440988/CANARA ATM MYSURU,79.00,,9808285.21
09/06/2024,09/06/2024,NEFT/969297097370/DEEPAK JOSHI/HDFC0722665/80025878940975,,1200.00,9809485.21
10/06/2024,10/06/2024,UPI/CR/141600265778/RESHMA KHAN/HDFC0722665/reshma275@okhdfc,,18500.00,9827985.21
10/06/2024,10/06/2024,UPI/DR/7164675617/BINDHU NAIR/HDFC0722665/bindhu424@oksbi,850.00,,9827135.21
10/06/2024,10/06/2024,CASH DEPOSIT/BRANCH COUNTER/BANJARA HILLS HYDERABAD,,850.00,9827985.21
10/06/2024,10/06/2024,IMPS/P2P/966892397360/FATIMA SHEIKH/9195285473,,32000.00,9859985.21
11/06/2024,10/06/2024,IMPS/P2P/42738877/LALITHA DEVI/8283975811,,4800.00,9864785.21
11/06/2024,10/06/2024,NEFT/92958347/SHAHID KHAN/HDFC0722665/46043043493339,,850.00,9865635.21
11/06/2024,10/06/2024,UPI/DR/92063859/SURESH BABU/HDFC0722665/suresh226@paytm,2380.00,,9863255.21
10/06/2024,10/06/2024,UPI/CR/4799339167/RAJESH VERMA/HDFC0722665/rajesh629@ybl,,1200.00,9864455.21
10/06/2024,10/06/2024,ATM/WDL/8937088914/SBI ATM JAYANAGAR BLR,249.00,,9864206.21
11/06/2024,11/06/2024,ATM/WDL/55568793/CANARA ATM MYSURU,120.00,,9864086.21
11/06/2024,11/06/2024,NEFT/294119227173/GOPAL VERMA/HDFC0722665/86561611919496,120.00,,9863966.21
11/06/2024,11/06/2024,UPI/DR/770421028806/SUNIL YADAV/HDFC0722665/sunil525@ybl,999.00,,9862967.21
12/06/2024,11/06/2024,ATM/WDL/7273973854/CANARA ATM MYSURU,5200.00,,9857767.21
12/06/2024,11/06/2024,UPI/DR/8510348852/PADMA RAO/HDFC0722665/padma836@paytm,310.00,,9857457.21
11/06/2024,11/06/2024,UPI/DR/1446986268/ARUN SHARMA/HDFC0722665/arun22@paytm,999.00,,9856458.21
11/06/2024,11/06/2024,CHQ NO 367304 CLEARING,699.00,,9855759.21
12/06/2024,12/06/2024,CASH DEPOSIT/BRANCH COUNTER/BANJARA HILLS HYDERABAD,,18500.00,9874259.21
13/06/2024,12/06/2024,UPI/CR/56390941/LATHA MURTHY/HDFC0722665/latha526@ybl,,4800.00,9879059.21
12/06/2024,12/06/2024,UPI/CR/53564650/RESHMA KHAN/HDFC0722665/reshma892@paytm,,11200.00,9890259.21
13/06/2024,12/06/2024,UPI/DR/822199245666/PADMA RAO/HDFC0722665/padma645@ybl,850.00,,9889409.21
12/06/2024,12/06/2024,CASH DEPOSIT/BRANCH COUNTER/BANJARA HILLS HYDERABAD,,500.00,9889909.21
14/06/2024,13/06/2024,UPI/DR/755203222140/PADMA RAO/HDFC0722665/padma451@ybl,120.00,,9889789.21
13/06/2024,13/06/2024,IMPS/P2P/8624503501/MOHAN DAS/8914926878,,2500.00,9892289.21
13/06/2024,13/06/2024,ATM/WDL/629355758612/CANARA ATM MYSURU,449.00,,9891840.21
13/06/2024,13/06/2024,UPI/DR/50533857/RAMESH GOWDA/HDFC0722665/ramesh678@oksbi,49.00,,9891791.21
14/06/2024,13/06/2024,CHQ NO 104658 CLEARING,79.00,,9891712.21
14/06/2024,13/06/2024,UPI/DR/57566825/PRIYA NAIR/HDFC0722665/priya886@paytm,49.00,,9891663.21
13/06/2024,13/06/2024,IMPS/P2P/763960553596/NIKHIL GUPTA/8605511338,,2500.00,9894163.21
14/06/2024,13/06/2024,CHQ NO 770457 CLEARING,850.00,,9893313.21
14/06/2024,14/06/2024,UPI/CR/6914445879/KIRAN REDDY/HDFC0722665/kiran635@paytm,,500.00,9893813.21
14/06/2024,14/06/2024,UPI/DR/72356702/MEENA IYER/HDFC0722665/meena776@paytm,49.00,,9893764.21
14/06/2024,14/06/2024,CHQ NO 753456 CLEARING,850.00,,9892914.21
14/06/2024,14/06/2024,ATM/WDL/021474201339/HDFC ATM KORAMANGALA,5200.00,,9887714.21
15/06/2024,15/06/2024,NEFT/70352948/BABU LAL/HDFC0722665/35856684685079,,32000.00,9919714.21
16/06/2024,15/06/2024,UPI/DR/2935869881/RESHMA KHAN/HDFC0722665/reshma688@paytm,1250.00,,9918464.21
15/06/2024,15/06/2024,UPI/DR/67973471/MOHAMMED IRFAN/HDFC0722665/mohammed494@okhdfc,850.00,,9917614.21
17/06/2024,16/06/2024,NEFT/8638693026/DIVYA MENON/HDFC0722665/40355525532263,5200.00,,9912414.21
16/06/2024,16/06/2024,ATM/WDL/179506313710/SBI ATM JAYANAGAR BLR,310.00,,9912104.21
16/06/2024,16/06/2024,UPI/CR/5745571677/LAKSHMI VENKAT/HDFC0722665/lakshmi686@oksbi,,7600.00,9919704.21
18/06/2024,17/06/2024,CHQ NO 934630 CLEARING,7800.00,,9911904.21
17/06/2024,17/06/2024,CHQ NO 530699 CLEARING,5200.00,,9906704.21
17/06/2024,17/06/2024,NEFT/797565738135/DEEPA NAIR/HDFC0722665/68343595429777,1250.00,,9905454.21
17/06/2024,17/06/2024,CHQ NO 261995 CLEARING,249.00,,9905205.21
17/06/2024,17/06/2024,IMPS/P2P/97701226/SNEHA PATIL/8895186360,,11200.00,9916405.21
18/06/2024,17/06/2024,UPI/DR/9533572944/ARUN SHARMA/HDFC0722665/arun786@okhdfc,699.00,,9915706.21
17/06/2024,17/06/2024,CHQ NO 074192 CLEARING,2380.00,,9913326.21
18/06/2024,18/06/2024,CHQ NO 926589 CLEARING,1680.00,,9911646.21
18/06/2024,18/06/2024,ATM/WDL/1937524512/SBI ATM JAYANAGAR BLR,999.00,,9910647.21
18/06/2024,18/06/2024,CHQ NO 152760 CLEARING,999.00,,9909648.21
18/06/2024,18/06/2024,CASH DEPOSIT/BRANCH COUNTER/BANJARA HILLS HYDERABAD,,11200.00,9920848.21
18/06/2024,18/06/2024,CASH DEPOSIT/BRANCH COUNTER/BANJARA HILLS HYDERABAD,,32000.00,9952848.21
18/06/2024,18/06/2024,ATM/WDL/3132418516/SBI ATM JAYANAGAR BLR,310.00,,9952538.21
19/06/2024,18/06/2024,UPI/DR/6383316486/DEEPA NAIR/HDFC0722665/deepa709@okaxis,1250.00,,9951288.21
18/06/2024,18/06/2024,IMPS/P2P/54176113/SANTOSH KUMAR/8697778280,,1200.00,9952488.21
18/06/2024,18/06/2024,NEFT/809837719986/SANTOSH KUMAR/HDFC0722665/97151385466609,,2500.00,9954988.21
18/06/2024,18/06/2024,CHQ NO 575774 CLEARING,310.00,,9954678.21
19/06/2024,19/06/2024,IMPS/P2P/9087116763/RAHUL SINGH/9403146520,,24000.00,9978678.21
19/06/2024,19/06/2024,UPI/DR/4347734385/MEERA PILLAI/HDFC0722665/meera174@oksbi,449.00,,9978229.21
19/06/2024,19/06/2024,UPI/CR/296759298452/ADITYA KUMAR/HDFC0722665/aditya415@ybl,,7600.00,9985829.21
19/06/2024,19/06/2024,NEFT/549194378773/SNEHA PATIL/HDFC0722665/56580689922041,,18500.00,10004329.21
19/06/2024,19/06/2024,UPI/CR/15096164/RANJIT SINGH/HDFC0722665/ranjit719@paytm,,850.00,10005179.21
19/06/2024,19/06/2024,CASH DEPOSIT/BRANCH COUNTER/BANJARA HILLS HYDERABAD,,7600.00,10012779.21
19/06/2024,19/06/2024,ATM/WDL/760301142300/CANARA ATM MYSURU,699.00,,10012080.21
20/06/2024,19/06/2024,IMPS/P2P/092955537105/USHA RANI/7212930958,,11200.00,10023280.21
19/06/2024,19/06/2024,NEFT/8282784770/VINAY PATIL/HDFC0722665/95898332146382,,11200.00,10034480.21
19/06/2024,19/06/2024,CASH DEPOSIT/BRANCH COUNTER/BANJARA HILLS HYDERABAD,,7600.00,10042080.21
19/06/2024,19/06/2024,NEFT/15240759/SMITHA PILLAI/HDFC0722665/89595458899598,249.00,,10041831.21
20/06/2024,19/06/2024,CHQ NO 953379 CLEARING,5200.00,,10036631.21
19/06/2024,19/06/2024,NEFT/510477158937/KAVYA REDDY/HDFC0722665/09838839639423,,32000.00,10068631.21
21/06/2024,20/06/2024,CHQ NO 576319 CLEARING,449.00,,10068182.21
20/06/2024,20/06/2024,IMPS/P2P/245070910714/RAHUL SINGH/7750454632,,850.00,10069032.21
20/06/2024,20/06/2024,UPI/DR/734369597483/KARTHIK MENON/HDFC0722665/karthik702@paytm,2380.00,,10066652.21
20/06/2024,20/06/2024,IMPS/P2P/82465647/SMITHA PILLAI/9193887229,,11200.00,10077852.21
21/06/2024,20/06/2024,ATM/WDL/0432542301/CANARA ATM MYSURU,249.00,,10077603.21
20/06/2024,20/06/2024,NEFT/051599402734/DEEPA NAIR/HDFC0722665/50247373336723,,11200.00,10088803.21
20/06/2024,20/06/2024,IMPS/P2P/9754800445/LALITHA DEVI/8236437720,,850.00,10089653.21
21/06/2024,21/06/2024,UPI/DR/98419847/LAKSHMI VENKAT/HDFC0722665/lakshmi417@paytm,249.00,,10089404.21
21/06/2024,21/06/2024,UPI/DR/772921167539/DIVYA MENON/HDFC0722665/divya898@oksbi,49.00,,10089355.21
22/06/2024,22/06/2024,UPI/DR/1186693630/POOJA SHARMA/HDFC0722665/pooja267@paytm,310.00,,10089045.21
22/06/2024,22/06/2024,UPI/DR/6154475111/SURESH BABU/HDFC0722665/suresh730@oksbi,699.00,,10088346.21
23/06/2024,22/06/2024,ATM/WDL/4747384176/HDFC ATM KORAMANGALA,49.00,,10088297.21
23/06/2024,22/06/2024,NEFT/081011300025/KIRAN REDDY/HDFC0722665/83581643894986,,32000.00,10120297.21
23/06/2024,23/06/2024,NEFT/581925206449/SANTOSH KUMAR/HDFC0722665/47464941638483,49.00,,10120248.21
23/06/2024,23/06/2024,UPI/DR/8029948808/KARTHIK MENON/HDFC0722665/karthik640@okhdfc,79.00,,10120169.21
23/06/2024,23/06/2024,CHQ NO 683611 CLEARING,850.00,,10119319.21
23/06/2024,23/06/2024,NEFT/6621078356/ARUN SHARMA/HDFC0722665/52741360194520,699.00,,10118620.21
24/06/2024,23/06/2024,IMPS/P2P/4122116019/LALITHA DEVI/7556434013,,11200.00,10129820.21
24/06/2024,23/06/2024,UPI/CR/960971481211/PRAKASH RAO/HDFC0722665/prakash270@paytm,,32000.00,10161820.21
23/06/2024,23/06/2024,ATM/WDL/58268359/SBI ATM JAYANAGAR BLR,79.00,,10161741.21
23/06/2024,23/06/2024,UPI/DR/948003642520/SANJANA HEGDE/HDFC0722665/sanjana738@oksbi,1250.00,,10160491.21
24/06/2024,24/06/2024,UPI/CR/70350982/VIKRAM NAIR/HDFC0722665/vikram68@okaxis,,1200.00,10161691.21
24/06/2024,24/06/2024,UPI/DR/67776040/DEEPA NAIR/HDFC0722665/deepa856@oksbi,999.00,,10160692.21
25/06/2024,24/06/2024,NEFT/659610574077/NADIA HUSSAIN/HDFC0722665/14701949703498,49.00,,10160643.21
24/06/2024,24/06/2024,UPI/DR/582483943020/FATIMA SHEIKH/HDFC0722665/fatima415@paytm,1250.00,,10159393.21
24/06/2024,24/06/2024,UPI/DR/3897745905/ARJUN MEHTA/HDFC0722665/arjun654@paytm,49.00,,10159344.21
24/06/2024,24/06/2024,IMPS/P2P/4316126745/TANVI RAO/7276724649,,11200.00,10170544.21
25/06/2024,25/06/2024,NEFT/79368072/KARTHIK MENON/HDFC0722665/55943619349668,,4800.00,10175344.21
26/06/2024,25/06/2024,CASH DEPOSIT/BRANCH COUNTER/BANJARA HILLS HYDERABAD,,850.00,10176194.21
25/06/2024,25/06/2024,UPI/CR/84193193/REKHA PILLAI/HDFC0722665/rekha643@okaxis,,2500.00,10178694.21
26/06/2024,25/06/2024,IMPS/P2P/938021741195/ARJUN MEHTA/9669405170,,1200.00,10179894.21
25/06/2024,25/06/2024,NEFT/8485870583/HARISH MENON/HDFC0722665/40824473444001,49.00,,10179845.21
26/06/2024,26/06/2024,NEFT/5803242934/RAJESH VERMA/HDFC0722665/18926017470654,1680.00,,10178165.21
26/06/2024,26/06/2024,ATM/WDL/2132666671/HDFC ATM KORAMANGALA,120.00,,10178045.21
26/06/2024,26/06/2024,UPI/DR/1767212002/NADIA HUSSAIN/HDFC0722665/nadia615@paytm,310.00,,10177735.21
26/06/2024,26/06/2024,NEFT/90376041/REKHA PILLAI/HDFC0722665/65426735587477,310.00,,10177425.21
26/06/2024,26/06/2024,ATM/WDL/86599218/SBI ATM JAYANAGAR BLR,999.00,,10176426.21
26/06/2024,26/06/2024,UPI/DR/73441308/HARISH MENON/HDFC0722665/harish876@paytm,79.00,,10176347.21
27/06/2024,26/06/2024,IMPS/P2P/9128047622/SANTOSH KUMAR/9185163891,,18500.00,10194847.21
27/06/2024,27/06/2024,UPI/DR/035289598174/SMITHA PILLAI/HDFC0722665/smitha836@paytm,3499.00,,10191348.21
27/06/2024,27/06/2024,ATM/WDL/768463367152/CANARA ATM MYSURU,7800.00,,10183548.21
27/06/2024,27/06/2024,CHQ NO 183359 CLEARING,79.00,,10183469.21
28/06/2024,27/06/2024,CHQ NO 002048 CLEARING,999.00,,10182470.21
27/06/2024,27/06/2024,IMPS/P2P/31658406/MEERA PILLAI/9074422055,,500.00,10182970.21
27/06/2024,27/06/2024,IMPS/P2P/8356013252/FATIMA SHEIKH/9220148930,,32000.00,10214970.21
27/06/2024,27/06/2024,NEFT/507931578173/BABU LAL/HDFC0722665/26510376208845,699.00,,10214271.21
28/06/2024,28/06/2024,UPI/DR/8679223173/KIRAN REDDY/HDFC0722665/kiran716@ybl,120.00,,10214151.21
28/06/2024,28/06/2024,UPI/DR/1447205478/KAVERI MENON/HDFC0722665/kaveri202@okhdfc,5200.00,,10208951.21
29/06/2024,29/06/2024,NEFT/61609422/SUNITA DEVI/HDFC0722665/55541592518519,850.00,,10208101.21
30/06/2024,29/06/2024,ATM/WDL/73055374/CANARA ATM MYSURU,7800.00,,10200301.21
30/06/2024,30/06/2024,UPI/CR/6617432038/MOHAN DAS/HDFC0722665/mohan790@okhdfc,,7600.00,10207901.21
30/06/2024,30/06/2024,CASH DEPOSIT/BRANCH COUNTER/BANJARA HILLS HYDERABAD,,7600.00,10215501.21
30/06/2024,30/06/2024,ATM/WDL/98517859/SBI ATM JAYANAGAR BLR,79.00,,10215422.21
