Date,Narration,Ref,Withdrawal,Deposit,Balance
01/08/2022,IMPS/P2P/8666959686/VINAY PATIL/9633662527,TXN0254512,,24000.00,155379.51
01/08/2022,UPI/CR/68219408/SURESH NAIR/KKBK0045457/suresh576@paytm,TXN0254513,,18500.00,173879.51
02/08/2022,UPI/DR/59511114/DEEPAK JOSHI/KKBK0045457/deepak991@oksbi,TXN0254514,7800.00,,166079.51
02/08/2022,NEFT/43996933/IMRAN KHAN/KKBK0045457/82736596420478,TXN0254515,,4800.00,170879.51
02/08/2022,NEFT/6444697102/ARUN SHARMA/KKBK0045457/31840666654845,TXN0254516,120.00,,170759.51
02/08/2022,ATM/WDL/42963468/SBI ATM JAYANAGAR BLR,TXN0254517,79.00,,170680.51
02/08/2022,UPI/DR/79255796/SHAHID KHAN/KKBK0045457/shahid543@okhdfc,TXN0254518,449.00,,170231.51
02/08/2022,UPI/DR/633562049445/PRAKASH RAO/KKBK0045457/prakash24@ybl,TXN0254519,249.00,,169982.51
02/08/2022,UPI/DR/11811773/POOJA SHARMA/KKBK0045457/pooja105@okaxis,TXN0254520,1250.00,,168732.51
02/08/2022,UPI/DR/72259755/DEEPA NAIR/KKBK0045457/deepa817@okaxis,TXN0254521,1250.00,,167482.51
03/08/2022,UPI/DR/0330045284/PADMA RAO/KKBK0045457/padma633@okaxis,TXN0254522,699.00,,166783.51
03/08/2022,IMPS/P2P/770624403232/GEETA DEVI/8018108939,TXN0254523,,11200.00,177983.51
03/08/2022,UPI/CR/379611749325/HARISH MENON/KKBK0045457/harish766@okaxis,TXN0254524,,1200.00,179183.51
03/08/2022,IMPS/P2P/9468326891/ROHIT SHARMA/9640369211,TXN0254525,,1200.00,180383.51
03/08/2022,NEFT/487953873288/PADMA RAO/KKBK0045457/46219362278045,TXN0254526,,18500.00,198883.51
03/08/2022,UPI/DR/629891218669/AYESHA KHAN/KKBK0045457/ayesha279@okaxis,TXN0254527,310.00,,198573.51
03/08/2022,UPI/DR/046168202147/DEEPA NAIR/KKBK0045457/deepa271@paytm,TXN0254528,449.00,,198124.51
04/08/2022,UPI/DR/24756424/PRIYA NAIR/KKBK0045457/priya804@paytm,TXN0254529,49.00,,198075.51
04/08/2022,UPI/DR/00264018/GEETA DEVI/KKBK0045457/geeta124@okhdfc,TXN0254530,699.00,,197376.51
04/08/2022,UPI/CR/9607153238/RAVI KUMAR SHARMA/KKBK0045457/ravi457@okaxis,TXN0254531,,850.00,198226.51
05/08/2022,UPI/DR/8384154752/SUNIL YADAV/KKBK0045457/sunil126@okaxis,TXN0254532,850.00,,197376.51
05/08/2022,UPI/DR/3680457732/SNEHA PATIL/KKBK0045457/sneha792@paytm,TXN0254533,310.00,,197066.51
06/08/2022,UPI/CR/36615872/DEEPAK JOSHI/KKBK0045457/deepak171@ybl,TXN0254534,,11200.00,208266.51
06/08/2022,IMPS/P2P/5418931682/MEENA IYER/7627195652,TXN0254535,,850.00,209116.51
06/08/2022,NEFT/94834991/GEETA DEVI/KKBK0045457/13430479138614,TXN0254536,,4800.00,213916.51
06/08/2022,UPI/DR/026024189388/SNEHA PATIL/KKBK0045457/sneha822@paytm,TXN0254537,49.00,,213867.51
06/08/2022,CHQ NO 052916 CLEARING,TXN0254538,999.00,,212868.51
06/08/2022,UPI/DR/6273802991/DEEPAK JOSHI/KKBK0045457/deepak945@okaxis,TXN0254539,999.00,,211869.51
06/08/2022,UPI/DR/0476831871/BABU LAL/KKBK0045457/babu983@oksbi,TXN0254540,120.00,,211749.51
06/08/2022,UPI/CR/23376210/PRIYA NAIR/KKBK0045457/priya403@paytm,TXN0254541,,7600.00,219349.51
06/08/2022,CHQ NO 159416 CLEARING,TXN0254542,49.00,,219300.51
06/08/2022,UPI/CR/39125329/SAVITHA DEVI/KKBK0045457/savitha557@okaxis,TXN0254543,,7600.00,226900.51
07/08/2022,NEFT/56819084/SUNITA DEVI/KKBK0045457/56759895078718,TXN0254544,79.00,,226821.51
07/08/2022,UPI/DR/12116291/ADITYA KUMAR/KKBK0045457/aditya186@paytm,TXN0254545,449.00,,226372.51
07/08/2022,CASH DEPOSIT/BRANCH COUNTER/BANJARA HILLS HYDERABAD,TXN0254546,,850.00,227222.51
07/08/2022,NEFT/7990288361/BABU LAL/KKBK0045457/94920745962796,TXN0254547,3499.00,,223723.51
07/08/2022,CHQ NO 373894 CLEARING,TXN0254548,5200.00,,218523.51
08/08/2022,NEFT/486263137257/ANITHA KRISHNAN/KKBK0045457/94578022016413,TXN0254549,3499.00,,215024.51
08/08/2022,UPI/CR/78079673/RAJENDRA PRASAD/KKBK0045457/rajendra994@ybl,TXN0254550,,850.00,215874.51
08/08/2022,UPI/DR/257940399999/SANTOSH KUMAR/KKBK0045457/santosh507@ybl,TXN0254551,699.00,,215175.51
08/08/2022,CASH DEPOSIT/BRANCH COUNTER/BANJARA HILLS HYDERABAD,TXN0254552,,4800.00,219975.51
08/08/2022,NEFT/529427396582/SURESH NAIR/KKBK0045457/93848957052352,TXN0254553,449.00,,219526.51
09/08/2022,UPI/DR/460873739862/USHA RANI/KKBK0045457/usha628@paytm,TXN0254554,999.00,,218527.51
09/08/2022,UPI/DR/1248057014/GEETA DEVI/KKBK0045457/geeta405@ybl,TXN0254555,850.00,,217677.51
09/08/2022,ATM/WDL/615465823164/HDFC ATM KORAMANGALA,TXN0254556,49.00,,217628.51
09/08/2022,CASH DEPOSIT/BRANCH COUNTER/BANJARA HILLS HYDERABAD,TXN0254557,,32000.00,249628.51
09/08/2022,CHQ NO 027558 CLEARING,TXN0254558,5200.00,,244428.51
09/08/2022,CHQ NO 063293 CLEARING,TXN0254559,999.00,,243429.51
09/08/2022,UPI/DR/78993626/ARUN SHARMA/KKBK0045457/arun62@oksbi,TXN0254560,1680.00,,241749.51
10/08/2022,UPI/DR/96227214/VENKAT RAO/KKBK0045457/venkat201@okaxis,TXN0254561,120.00,,241629.51
10/08/2022,NEFT/89618601/SUNITA DEVI/KKBK0045457/90500461537023,TXN0254562,49.00,,241580.51
10/08/2022,CASH DEPOSIT/BRANCH COUNTER/BANJARA HILLS HYDERABAD,TXN0254563,,32000.00,273580.51
11/08/2022,CASH DEPOSIT/BRANCH COUNTER/BANJARA HILLS HYDERABAD,TXN0254564,,32000.00,305580.51
11/08/2022,UPI/CR/310326737600/IMRAN KHAN/KKBK0045457/imran99@okaxis,TXN0254565,,11200.00,316780.51
11/08/2022,UPI/DR/5708434529/LATHA MURTHY/KKBK0045457/latha887@okaxis,TXN0254566,3499.00,,313281.51
11/08/2022,IMPS/P2P/06171933/PRIYA NAIR/8359712922,TXN0254567,,2500.00,315781.51
11/08/2022,UPI/DR/6254594479/RAMESH GOWDA/KKBK0045457/ramesh123@okaxis,TXN0254568,3499.00,,312282.51
11/08/2022,CHQ NO 112056 CLEARING,TXN0254569,249.00,,312033.51
11/08/2022,UPI/DR/4497127518/HARISH MENON/KKBK0045457/harish362@okhdfc,TXN0254570,5200.00,,306833.51
12/08/2022,UPI/CR/51201062/LATHA MURTHY/KKBK0045457/latha651@ybl,TXN0254571,,7600.00,314433.51
12/08/2022,UPI/DR/8342764979/MALLIKA DAS/KKBK0045457/mallika562@oksbi,TXN0254572,310.00,,314123.51
12/08/2022,ATM/WDL/69827056/SBI ATM JAYANAGAR BLR,TXN0254573,2380.00,,311743.51
13/08/2022,UPI/DR/983662137876/KIRAN REDDY/KKBK0045457/kiran176@okaxis,TXN0254574,1680.00,,310063.51
13/08/2022,UPI/DR/8019716419/GOPAL VERMA/KKBK0045457/gopal389@oksbi,TXN0254575,449.00,,309614.51
14/08/2022,NEFT/2401027083/KARTHIK MENON/KKBK0045457/38232597656979,TXN0254576,,850.00,310464.51
14/08/2022,UPI/DR/303618316562/KIRAN REDDY/KKBK0045457/kiran691@ybl,TXN0254577,999.00,,309465.51
14/08/2022,UPI/DR/042273235141/KARTHIK MENON/KKBK0045457/karthik938@paytm,TXN0254578,1250.00,,308215.51
14/08/2022,UPI/DR/6666259521/RAMESH PILLAI/KKBK0045457/ramesh703@okhdfc,TXN0254579,5200.00,,303015.51
14/08/2022,CHQ NO 472616 CLEARING,TXN0254580,1250.00,,301765.51
14/08/2022,NEFT/0336558212/SANTOSH KUMAR/KKBK0045457/16536778786269,TXN0254581,,4800.00,306565.51
14/08/2022,IMPS/P2P/33219955/SURESH BABU/7897500983,TXN0254582,,1200.00,307765.51
14/08/2022,UPI/CR/2393960658/KARTHIK MENON/KKBK0045457/karthik568@paytm,TXN0254583,,18500.00,326265.51
14/08/2022,CASH DEPOSIT/BRANCH COUNTER/BANJARA HILLS HYDERABAD,TXN0254584,,32000.00,358265.51
15/08/2022,UPI/CR/57731704/GANESH KUMAR/KKBK0045457/ganesh444@paytm,TXN0254585,,4800.00,363065.51
15/08/2022,UPI/CR/434500245648/ROHIT SHARMA/KKBK0045457/rohit520@paytm,TXN0254586,,24000.00,387065.51
15/08/2022,NEFT/303986162656/ROHIT SHARMA/KKBK0045457/50306240230385,TXN0254587,,7600.00,394665.51
15/08/2022,UPI/DR/833056924320/NILESH KULKARNI/KKBK0045457/nilesh929@oksbi,TXN0254588,1680.00,,392985.51
16/08/2022,IMPS/P2P/28561351/RAMESH PILLAI/8895445431,TXN0254589,,11200.00,404185.51
16/08/2022,ATM/WDL/0421397072/CANARA ATM MYSURU,TXN0254590,999.00,,403186.51
16/08/2022,CHQ NO 275532 CLEARING,TXN0254591,2380.00,,400806.51
17/08/2022,UPI/DR/25727325/SURESH BABU/KKBK0045457/suresh639@ybl,TXN0254592,1250.00,,399556.51
17/08/2022,ATM/WDL/202753702230/HDFC ATM KORAMANGALA,TXN0254593,3499.00,,396057.51
17/08/2022,NEFT/751014135371/SUNIL YADAV/KKBK0045457/11881596475783,TXN0254594,3499.00,,392558.51
18/08/2022,UPI/DR/8223466949/CHANDAN SHARMA/KKBK0045457/chandan492@oksbi,TXN0254595,249.00,,392309.51
18/08/2022,UPI/DR/85782901/SUNIL YADAV/KKBK0045457/sunil727@oksbi,TXN0254596,999.00,,391310.51
18/08/2022,NEFT/97007907/ANITHA KRISHNAN/KKBK0045457/32997649982445,TXN0254597,,500.00,391810.51
19/08/2022,NEFT/373184599472/VINAY PATIL/KKBK0045457/79802646509730,TXN0254598,,24000.00,415810.51
19/08/2022,UPI/DR/691336735846/TARA SINGH/KKBK0045457/tara274@paytm,TXN0254599,2380.00,,413430.51
19/08/2022,IMPS/P2P/8654436440/AYESHA KHAN/7530070133,TXN0254600,,18500.00,431930.51
19/08/2022,CHQ NO 128273 CLEARING,TXN0254601,699.00,,431231.51
19/08/2022,NEFT/5300496417/RAVI KUMAR SHARMA/KKBK0045457/52086556355381,TXN0254602,310.00,,430921.51
19/08/2022,ATM/WDL/209657749405/CANARA ATM MYSURU,TXN0254603,1680.00,,429241.51
20/08/2022,CHQ NO 698426 CLEARING,TXN0254604,7800.00,,421441.51
20/08/2022,UPI/DR/8926239294/NADIA HUSSAIN/KKBK0045457/nadia826@okaxis,TXN0254605,3499.00,,417942.51
21/08/2022,IMPS/P2P/882187707593/ARUN SHARMA/9325327382,TXN0254606,,24000.00,441942.51
21/08/2022,ATM/WDL/132259329914/CANARA ATM MYSURU,TXN0254607,7800.00,,434142.51
21/08/2022,CHQ NO 597854 CLEARING,TXN0254608,5200.00,,428942.51
21/08/2022,CASH DEPOSIT/BRANCH COUNTER/BANJARA HILLS HYDERABAD,TXN0254609,,32000.00,460942.51
21/08/2022,UPI/DR/529476856451/MALLIKA DAS/KKBK0045457/mallika606@okaxis,TXN0254610,5200.00,,455742.51
22/08/2022,CASH DEPOSIT/BRANCH COUNTER/BANJARA HILLS HYDERABAD,TXN0254611,,24000.00,479742.51
22/08/2022,NEFT/4247948755/LATHA MURTHY/KKBK0045457/76327956303813,TXN0254612,310.00,,479432.51
22/08/2022,UPI/DR/6253980610/RANJIT SINGH/KKBK0045457/ranjit688@ybl,TXN0254613,699.00,,478733.51
22/08/2022,CASH DEPOSIT/BRANCH COUNTER/BANJARA HILLS HYDERABAD,TXN0254614,,500.00,479233.51
22/08/2022,IMPS/P2P/4408957282/TARA SINGH/8419339939,TXN0254615,,7600.00,486833.51
22/08/2022,CHQ NO 973741 CLEARING,TXN0254616,699.00,,486134.51
22/08/2022,NEFT/977987412886/AYESHA KHAN/KKBK0045457/17120718598395,TXN0254617,,500.00,486634.51
22/08/2022,UPI/CR/491114278506/FATIMA SHEIKH/KKBK0045457/fatima261@paytm,TXN0254618,,4800.00,491434.51
23/08/2022,NEFT/117991362407/PADMA RAO/KKBK0045457/74414110170739,TXN0254619,,1200.00,492634.51
23/08/2022,UPI/DR/373650250225/SMITHA PILLAI/KKBK0045457/smitha54@paytm,TXN0254620,2380.00,,490254.51
23/08/2022,UPI/CR/7173814437/RAMESH GOWDA/KKBK0045457/ramesh118@okaxis,TXN0254621,,850.00,491104.51
23/08/2022,CASH DEPOSIT/BRANCH COUNTER/BANJARA HILLS HYDERABAD,TXN0254622,,11200.00,502304.51
24/08/2022,NEFT/09369601/BINDHU NAIR/KKBK0045457/88942553799832,TXN0254623,449.00,,501855.51
24/08/2022,UPI/DR/59111627/KAVYA REDDY/KKBK0045457/kavya639@okaxis,TXN0254624,3499.00,,498356.51
24/08/2022,UPI/DR/371910033478/ARJUN MEHTA/KKBK0045457/arjun206@paytm,TXN0254625,79.00,,498277.51
24/08/2022,CHQ NO 208796 CLEARING,TXN0254626,850.00,,497427.51
24/08/2022,ATM/WDL/37137029/HDFC ATM KORAMANGALA,TXN0254627,850.00,,496577.51
24/08/2022,NEFT/931658367892/RANJIT SINGH/KKBK0045457/85844641290629,TXN0254628,,24000.00,520577.51
25/08/2022,UPI/DR/583949133883/POOJA SHARMA/KKBK0045457/pooja215@paytm,TXN0254629,1680.00,,518897.51
25/08/2022,NEFT/5562728327/SUSHMA RAO/KKBK0045457/64130451066361,TXN0254630,1680.00,,517217.51
25/08/2022,ATM/WDL/1503379628/CANARA ATM MYSURU,TXN0254631,310.00,,516907.51
25/08/2022,ATM/WDL/3460868604/HDFC ATM KORAMANGALA,TXN0254632,7800.00,,509107.51
26/08/2022,UPI/DR/9675606492/SURESH BABU/KKBK0045457/suresh905@okhdfc,TXN0254633,449.00,,508658.51
26/08/2022,UPI/DR/9434293977/PADMA RAO/KKBK0045457/padma909@ybl,TXN0254634,5200.00,,503458.51
26/08/2022,ATM/WDL/72719896/SBI ATM JAYANAGAR BLR,TXN0254635,249.00,,503209.51
27/08/2022,IMPS/P2P/5239775689/POOJA SHARMA/9485337856,TXN0254636,,1200.00,504409.51
27/08/2022,CASH DEPOSIT/BRANCH COUNTER/BANJARA HILLS HYDERABAD,TXN0254637,,18500.00,522909.51
28/08/2022,ATM/WDL/30901508/SBI ATM JAYANAGAR BLR,TXN0254638,3499.00,,519410.51
28/08/2022,NEFT/3380799531/RAMESH PILLAI/KKBK0045457/62700934458553,TXN0254639,,500.00,519910.51
28/08/2022,CHQ NO 032255 CLEARING,TXN0254640,2380.00,,517530.51
28/08/2022,UPI/CR/740139614020/IMRAN KHAN/KKBK0045457/imran127@okhdfc,TXN0254641,,850.00,518380.51
28/08/2022,CASH DEPOSIT/BRANCH COUNTER/BANJARA HILLS HYDERABAD,TXN0254642,,24000.00,542380.51
28/08/2022,NEFT/3311476627/MOHAMMED IRFAN/KKBK0045457/48685170579999,TXN0254643,699.00,,541681.51
28/08/2022,UPI/DR/61914316/ROHIT SHARMA/KKBK0045457/rohit724@ybl,TXN0254644,1250.00,,540431.51
28/08/2022,UPI/DR/2621592758/POOJA SHARMA/KKBK0045457/pooja667@ybl,TXN0254645,449.00,,539982.51
29/08/2022,UPI/DR/66286291/SANJANA HEGDE/KKBK0045457/sanjana136@oksbi,TXN0254646,1250.00,,538732.51
29/08/2022,UPI/DR/54166403/DEEPAK JOSHI/KKBK0045457/deepak935@okaxis,TXN0254647,120.00,,538612.51
29/08/2022,NEFT/5396973606/SUNITA DEVI/KKBK0045457/69998736820136,TXN0254648,449.00,,538163.51
29/08/2022,UPI/DR/961400456781/DIVYA MENON/KKBK0045457/divya174@paytm,TXN0254649,79.00,,538084.51
29/08/2022,NEFT/70765851/AYESHA KHAN/KKBK0045457/69403391340273,TXN0254650,,32000.00,570084.51
29/08/2022,UPI/DR/386010411217/LALITHA DEVI/KKBK0045457/lalitha18@okaxis,TXN0254651,5200.00,,564884.51
29/08/2022,UPI/DR/6771958855/MEERA PILLAI/KKBK0045457/meera775@okhdfc,TXN0254652,3499.00,,561385.51
30/08/2022,CHQ NO 027770 CLEARING,TXN0254653,5200.00,,556185.51
30/08/2022,NEFT/49329474/SMITHA PILLAI/KKBK0045457/39782309072203,TXN0254654,,500.00,556685.51
30/08/2022,UPI/DR/10981965/GOPAL VERMA/KKBK0045457/gopal253@okhdfc,TXN0254655,249.00,,556436.51
30/08/2022,UPI/DR/10741573/BINDHU NAIR/KKBK0045457/bindhu886@paytm,TXN0254656,120.00,,556316.51
30/08/2022,NEFT/5258157304/LALITHA DEVI/KKBK0045457/99549741309819,TXN0254657,699.00,,555617.51
30/08/2022,NEFT/5791894284/REKHA PILLAI/KKBK0045457/17538881884095,TXN0254658,,500.00,556117.51
31/08/2022,UPI/DR/37129436/RESHMA KHAN/KKBK0045457/reshma672@paytm,TXN0254659,120.00,,555997.51
31/08/2022,IMPS/P2P/08772691/RAMESH GOWDA/7987725370,TXN0254660,,11200.00,567197.51
31/08/2022,UPI/DR/13225997/NIKHIL GUPTA/KKBK0045457/nikhil31@ybl,TXN0254661,449.00,,566748.51
31/08/2022,NEFT/03082553/POOJA SHARMA/KKBK0045457/30597303525585,TXN0254662,,11200.00,577948.51
01/09/2022,UPI/DR/700113851779/SUSHMA RAO/KKBK0045457/sushma379@oksbi,TXN0254663,3499.00,,574449.51
01/09/2022,IMPS/P2P/1738457598/ARUN SHARMA/9823268632,TXN0254664,,2500.00,576949.51
01/09/2022,NEFT/7452473237/IMRAN KHAN/KKBK0045457/94137143342208,TXN0254665,,18500.00,595449.51
01/09/2022,UPI/CR/68414600/RAMESH GOWDA/KKBK0045457/ramesh690@paytm,TXN0254666,,850.00,596299.51
01/09/2022,CASH DEPOSIT/BRANCH COUNTER/BANJARA HILLS HYDERABAD,TXN0254667,,500.00,596799.51
02/09/2022,UPI/DR/127219146230/RAMESH GOWDA/KKBK0045457/ramesh177@paytm,TXN0254668,699.00,,596100.51
02/09/2022,UPI/DR/391038608300/PRIYA NAIR/KKBK0045457/priya36@paytm,TXN0254669,1680.00,,594420.51
02/09/2022,CASH DEPOSIT/BRANCH COUNTER/BANJARA HILLS HYDERABAD,TXN0254670,,24000.00,618420.51
03/09/2022,CASH DEPOSIT/BRANCH COUNTER/BANJARA HILLS HYDERABAD,TXN0254671,,2500.00,620920.51
03/09/2022,IMPS/P2P/2872167313/RESHMA KHAN/9276615208,TXN0254672,,32000.00,652920.51
03/09/2022,CASH DEPOSIT/BRANCH COUNTER/BANJARA HILLS HYDERABAD,TXN0254673,,18500.00,671420.51
03/09/2022,NEFT/411228708106/KIRAN REDDY/KKBK0045457/03195870854386,TXN0254674,999.00,,670421.51
04/09/2022,NEFT/0750188580/ARUN SHARMA/KKBK0045457/23247713915634,TXN0254675,3499.00,,666922.51
04/09/2022,UPI/CR/6392435024/KAVERI MENON/KKBK0045457/kaveri405@ybl,TXN0254676,,11200.00,678122.51
05/09/2022,NEFT/8616312737/SANTOSH KUMAR/KKBK0045457/88910511682999,TXN0254677,2380.00,,675742.51
05/09/2022,UPI/DR/284679732405/VINAY PATIL/KKBK0045457/vinay393@paytm,TXN0254678,310.00,,675432.51
05/09/2022,UPI/CR/79511200/SURESH BABU/KKBK0045457/suresh550@okaxis,TXN0254679,,18500.00,693932.51
05/09/2022,UPI/CR/7467416337/NAVEEN KUMAR/KKBK0045457/naveen599@okhdfc,TXN0254680,,500.00,694432.51
06/09/2022,CHQ NO 911381 CLEARING,TXN0254681,249.00,,694183.51
06/09/2022,ATM/WDL/74124720/CANARA ATM MYSURU,TXN0254682,7800.00,,686383.51
06/09/2022,ATM/WDL/57466487/CANARA ATM MYSURU,TXN0254683,699.00,,685684.51
06/09/2022,UPI/DR/759975038592/MOHAMMED IRFAN/KKBK0045457/mohammed190@okhdfc,TXN0254684,3499.00,,682185.51
06/09/2022,NEFT/87516327/NAVEEN KUMAR/KKBK0045457/61911530368687,TXN0254685,850.00,,681335.51
06/09/2022,NEFT/313757922717/ADITYA KUMAR/KKBK0045457/72085987319873,TXN0254686,,4800.00,686135.51
07/09/2022,UPI/DR/7696599597/RAJESH VERMA/KKBK0045457/rajesh334@ybl,TXN0254687,5200.00,,680935.51
07/09/2022,ATM/WDL/038536914077/CANARA ATM MYSURU,TXN0254688,1680.00,,679255.51
07/09/2022,UPI/DR/88781240/ARUN SHARMA/KKBK0045457/arun560@oksbi,TXN0254689,120.00,,679135.51
07/09/2022,NEFT/063827050640/SURESH NAIR/KKBK0045457/29441853471777,TXN0254690,,2500.00,681635.51
07/09/2022,UPI/DR/115733086570/HARISH MENON/KKBK0045457/harish99@okhdfc,TXN0254691,2380.00,,679255.51
07/09/2022,CASH DEPOSIT/BRANCH COUNTER/BANJARA HILLS HYDERABAD,TXN0254692,,18500.00,697755.51
07/09/2022,UPI/DR/60585207/MEENA IYER/KKBK0045457/meena793@okaxis,TXN0254693,249.00,,697506.51
07/09/2022,ATM/WDL/4782387184/CANARA ATM MYSURU,TXN0254694,5200.00,,692306.51
07/09/2022,UPI/DR/97596687/LALITHA DEVI/KKBK0045457/lalitha772@paytm,TXN0254695,310.00,,691996.51
07/09/2022,ATM/WDL/211329879890/HDFC ATM KORAMANGALA,TXN0254696,449.00,,691547.51
07/09/2022,CASH DEPOSIT/BRANCH COUNTER/BANJARA HILLS HYDERABAD,TXN0254697,,7600.00,699147.51
07/09/2022,UPI/DR/33111942/VIKRAM NAIR/KKBK0045457/vikram767@okaxis,TXN0254698,49.00,,699098.51
08/09/2022,NEFT/200323995528/DIVYA MENON/KKBK0045457/21894076989810,TXN0254699,,2500.00,701598.51
08/09/2022,UPI/CR/53613179/PADMA RAO/KKBK0045457/padma168@okaxis,TXN0254700,,18500.00,720098.51
08/09/2022,UPI/DR/701378731177/RAJENDRA PRASAD/KKBK0045457/rajendra724@okhdfc,TXN0254701,1250.00,,718848.51
08/09/2022,IMPS/P2P/5505682614/VINAY PATIL/8389339224,TXN0254702,,11200.00,730048.51
09/09/2022,UPI/DR/4446316967/TARA SINGH/KKBK0045457/tara411@okaxis,TXN0254703,1680.00,,728368.51
09/09/2022,IMPS/P2P/25500696/TARA SINGH/8285675344,TXN0254704,,500.00,728868.51
09/09/2022,UPI/DR/387755761114/RAMESH PILLAI/KKBK0045457/ramesh479@paytm,TXN0254705,999.00,,727869.51
10/09/2022,NEFT/36801540/CHANDAN SHARMA/KKBK0045457/90161775782232,TXN0254706,,24000.00,751869.51
10/09/2022,UPI/DR/677351796961/PREETHI IYER/KKBK0045457/preethi484@oksbi,TXN0254707,249.00,,751620.51
10/09/2022,NEFT/73936770/TANVI RAO/KKBK0045457/99142722037351,TXN0254708,2380.00,,749240.51
10/09/2022,UPI/CR/2043919938/GEETA DEVI/KKBK0045457/geeta687@ybl,TXN0254709,,1200.00,750440.51
10/09/2022,UPI/DR/0672832105/BINDHU NAIR/KKBK0045457/bindhu885@okaxis,TXN0254710,49.00,,750391.51
11/09/2022,IMPS/P2P/5613311262/VINAY PATIL/8414773936,TXN0254711,,2500.00,752891.51
11/09/2022,UPI/CR/502788914716/DIVYA MENON/KKBK0045457/divya95@paytm,TXN0254712,,24000.00,776891.51
11/09/2022,ATM/WDL/119788205190/SBI ATM JAYANAGAR BLR,TXN0254713,249.00,,776642.51
12/09/2022,NEFT/861176149777/KARTHIK MENON/KKBK0045457/18832546450454,TXN0254714,,4800.00,781442.51
12/09/2022,UPI/DR/82074981/PRIYA NAIR/KKBK0045457/priya36@ybl,TXN0254715,7800.00,,773642.51
12/09/2022,CASH DEPOSIT/BRANCH COUNTER/BANJARA HILLS HYDERABAD,TXN0254716,,32000.00,805642.51
13/09/2022,NEFT/27276789/IMRAN KHAN/KKBK0045457/95600732578214,TXN0254717,3499.00,,802143.51
13/09/2022,UPI/DR/202920108461/VINAY PATIL/KKBK0045457/vinay892@okhdfc,TXN0254718,120.00,,802023.51
13/09/2022,NEFT/83461460/SHAHID KHAN/KKBK0045457/91103218612272,TXN0254719,5200.00,,796823.51
14/09/2022,UPI/DR/819585095701/RAVI KUMAR SHARMA/KKBK0045457/ravi74@ybl,TXN0254720,1250.00,,795573.51
14/09/2022,UPI/DR/8656459954/SANTOSH KUMAR/KKBK0045457/santosh944@ybl,TXN0254721,699.00,,794874.51
15/09/2022,UPI/DR/8956565274/PADMA RAO/KKBK0045457/padma112@okaxis,TXN0254722,699.00,,794175.51
15/09/2022,NEFT/261104655823/MEERA PILLAI/KKBK0045457/93139941976306,TXN0254723,310.00,,793865.51
15/09/2022,NEFT/99480558/ANAND KUMAR/KKBK0045457/69746782861654,TXN0254724,,850.00,794715.51
15/09/2022,IMPS/P2P/25970932/ROHIT SHARMA/8524133560,TXN0254725,,4800.00,799515.51
15/09/2022,NEFT/015582993681/MALLIKA DAS/KKBK0045457/42031958118939,TXN0254726,,4800.00,804315.51
15/09/2022,UPI/DR/106136194367/SURESH NAIR/KKBK0045457/suresh524@okhdfc,TXN0254727,999.00,,803316.51
16/09/2022,NEFT/670946936634/PREETHI IYER,TXN0254728,2500.00,,800816.51
16/09/2022,ATM/WDL/70251827/HDFC ATM KORAMANGALA,TXN0254729,2380.00,,798436.51
16/09/2022,UPI/DR/1545464451/LAKSHMI VENKAT/KKBK0045457/lakshmi674@okaxis,TXN0254730,49.00,,798387.51
16/09/2022,UPI/DR/19045495/SUNIL YADAV/KKBK0045457/sunil274@okaxis,TXN0254731,1250.00,,797137.51
16/09/2022,UPI/CR/977087665123/RESHMA KHAN/KKBK0045457/reshma876@okaxis,TXN0254732,,4800.00,801937.51
16/09/2022,CASH DEPOSIT/BRANCH COUNTER/BANJARA HILLS HYDERABAD,TXN0254733,,18500.00,820437.51
16/09/2022,NEFT/414883390929/RAMESH GOWDA/KKBK0045457/34439341398546,TXN0254734,5200.00,,815237.51
17/09/2022,IMPS/P2P/98892282/SUSHMA RAO/9843371272,TXN0254735,,18500.00,833737.51
17/09/2022,NEFT/524237863331/RAMESH GOWDA/KKBK0045457/23932692381220,TXN0254736,249.00,,833488.51
17/09/2022,CHQ NO 968943 CLEARING,TXN0254737,2380.00,,831108.51
17/09/2022,NEFT/2366195858/NILESH KULKARNI/KKBK0045457/26391706547891,TXN0254738,,1200.00,832308.51
18/09/2022,CHQ NO 352750 CLEARING,TXN0254739,1680.00,,830628.51
18/09/2022,NEFT/73459537/SUSHMA RAO/KKBK0045457/51683757979123,TXN0254740,310.00,,830318.51
19/09/2022,UPI/CR/591517093265/NAVEEN KUMAR/KKBK0045457/naveen183@okhdfc,TXN0254741,,7600.00,837918.51
19/09/2022,CASH DEPOSIT/BRANCH COUNTER/BANJARA HILLS HYDERABAD,TXN0254742,,18500.00,856418.51
19/09/2022,ATM/WDL/934166029983/SBI ATM JAYANAGAR BLR,TXN0254743,1250.00,,855168.51
19/09/2022,REVERSAL-NEFT/PENDING_REV_82462047,TXN0254744,,2500.00,857668.51
19/09/2022,CASH DEPOSIT/BRANCH COUNTER/BANJARA HILLS HYDERABAD,TXN0254745,,7600.00,865268.51
19/09/2022,IMPS/P2P/27663883/MALLIKA DAS/8693831511,TXN0254746,,4800.00,870068.51
19/09/2022,NEFT/8555547007/KIRAN REDDY/KKBK0045457/49402581006488,TXN0254747,7800.00,,862268.51
19/09/2022,CASH DEPOSIT/BRANCH COUNTER/BANJARA HILLS HYDERABAD,TXN0254748,,24000.00,886268.51
20/09/2022,CHQ NO 476566 CLEARING,TXN0254749,49.00,,886219.51
20/09/2022,UPI/CR/7529760028/POOJA SHARMA/KKBK0045457/pooja382@oksbi,TXN0254750,,500.00,886719.51
20/09/2022,CHQ NO 658559 CLEARING,TXN0254751,79.00,,886640.51
20/09/2022,IMPS/P2P/219539528980/GEETA DEVI/9147303476,TXN0254752,,500.00,887140.51
20/09/2022,UPI/CR/08040108/SANJANA HEGDE/KKBK0045457/sanjana997@paytm,TXN0254753,,2500.00,889640.51
20/09/2022,NEFT/1551959593/PRIYA NAIR/KKBK0045457/02804662347526,TXN0254754,,500.00,890140.51
20/09/2022,UPI/DR/71210389/SURESH NAIR/KKBK0045457/suresh911@oksbi,TXN0254755,49.00,,890091.51
20/09/2022,ATM/WDL/6214699394/SBI ATM JAYANAGAR BLR,TXN0254756,449.00,,889642.51
21/09/2022,UPI/DR/955914341081/NIKHIL GUPTA/KKBK0045457/nikhil805@oksbi,TXN0254757,1250.00,,888392.51
21/09/2022,UPI/DR/14035617/MOHAN DAS/KKBK0045457/mohan969@okhdfc,TXN0254758,3499.00,,884893.51
21/09/2022,NEFT/33194329/ARCHANA PILLAI/KKBK0045457/16027740282378,TXN0254759,999.00,,883894.51
21/09/2022,NEFT/5727012809/PREETHI IYER/KKBK0045457/03222207339331,TXN0254760,,32000.00,915894.51
21/09/2022,NEFT/5229751645/BABU LAL/KKBK0045457/35307153815953,TXN0254761,449.00,,915445.51
21/09/2022,CASH DEPOSIT/BRANCH COUNTER/BANJARA HILLS HYDERABAD,TXN0254762,,7600.00,923045.51
21/09/2022,ATM/WDL/69731547/CANARA ATM MYSURU,TXN0254763,5200.00,,917845.51
22/09/2022,ATM/WDL/1975864378/HDFC ATM KORAMANGALA,TXN0254764,2380.00,,915465.51
22/09/2022,IMPS/P2P/187505278646/PRIYA NAIR/8408769967,TXN0254765,,7600.00,923065.51
22/09/2022,ATM/WDL/31266668/HDFC ATM KORAMANGALA,TXN0254766,449.00,,922616.51
22/09/2022,CASH DEPOSIT/BRANCH COUNTER/BANJARA HILLS HYDERABAD,TXN0254767,,4800.00,927416.51
22/09/2022,ATM/WDL/43056125/CANARA ATM MYSURU,TXN0254768,79.00,,927337.51
22/09/2022,CASH DEPOSIT/BRANCH COUNTER/BANJARA HILLS HYDERABAD,TXN0254769,,850.00,928187.51
22/09/2022,UPI/DR/28467830/LAKSHMI VENKAT/KKBK0045457/lakshmi494@ybl,TXN0254770,449.00,,927738.51
22/09/2022,CHQ NO 884463 CLEARING,TXN0254771,850.00,,926888.51
23/09/2022,UPI/DR/6651779899/DEEPA NAIR/KKBK0045457/deepa200@oksbi,TXN0254772,7800.00,,919088.51
23/09/2022,ATM/WDL/18013763/SBI ATM JAYANAGAR BLR,TXN0254773,1680.00,,917408.51
24/09/2022,NEFT/090220558710/AYESHA KHAN/KKBK0045457/78284873795612,TXN0254774,1250.00,,916158.51
24/09/2022,ATM/WDL/51370902/SBI ATM JAYANAGAR BLR,TXN0254775,699.00,,915459.51
24/09/2022,CASH DEPOSIT/BRANCH COUNTER/BANJARA HILLS HYDERABAD,TXN0254776,,32000.00,947459.51
24/09/2022,NEFT/03099192/MOHAMMED IRFAN/KKBK0045457/78808405928736,TXN0254777,,7600.00,955059.51
25/09/2022,UPI/DR/3356750403/LAKSHMI VENKAT/KKBK0045457/lakshmi240@paytm,TXN0254778,3499.00,,951560.51
25/09/2022,CHQ NO 804643 CLEARING,TXN0254779,310.00,,951250.51
26/09/2022,NEFT/47114154/POOJA SHARMA/KKBK0045457/99973506276543,TXN0254780,850.00,,950400.51
26/09/2022,UPI/DR/279919650694/ADITYA KUMAR/KKBK0045457/aditya168@ybl,TXN0254781,1680.00,,948720.51
26/09/2022,ATM/WDL/767339738842/SBI ATM JAYANAGAR BLR,TXN0254782,7800.00,,940920.51
27/09/2022,NEFT/56600029/POOJA SHARMA/KKBK0045457/62356641332818,TXN0254783,449.00,,940471.51
27/09/2022,UPI/DR/9372973673/PRIYA NAIR/KKBK0045457/priya79@paytm,TXN0254784,249.00,,940222.51
28/09/2022,ATM/WDL/616130276072/HDFC ATM KORAMANGALA,TXN0254785,2380.00,,937842.51
28/09/2022,NEFT/6941262892/SUSHMA RAO/KKBK0045457/03254813778263,TXN0254786,,32000.00,969842.51
28/09/2022,NEFT/0155397146/SNEHA PATIL/KKBK0045457/18938294759224,TXN0254787,,500.00,970342.51
28/09/2022,CHQ NO 569102 CLEARING,TXN0254788,449.00,,969893.51
28/09/2022,IMPS/P2P/26915082/VINAY PATIL/7490599228,TXN0254789,,7600.00,977493.51
28/09/2022,CHQ NO 944512 CLEARING,TXN0254790,449.00,,977044.51
29/09/2022,UPI/DR/5557087754/BINDHU NAIR/KKBK0045457/bindhu594@okaxis,TXN0254791,449.00,,976595.51
29/09/2022,UPI/DR/719444249898/GANESH KUMAR/KKBK0045457/ganesh855@ybl,TXN0254792,249.00,,976346.51
29/09/2022,NEFT/4297975688/ANAND KUMAR/KKBK0045457/03027970657417,TXN0254793,,1200.00,977546.51
30/09/2022,NEFT/426570864903/SUSHMA RAO/KKBK0045457/49232256237260,TXN0254794,,2500.00,980046.51
30/09/2022,NEFT/3112359938/TARA SINGH/KKBK0045457/58777825219274,TXN0254795,1680.00,,978366.51
30/09/2022,NEFT/14727006/MEERA PILLAI/KKBK0045457/13928533579522,TXN0254796,249.00,,978117.51
30/09/2022,UPI/CR/957789955036/TANVI RAO/KKBK0045457/tanvi709@paytm,TXN0254797,,24000.00,1002117.51
30/09/2022,UPI/DR/829086392342/DIVYA MENON/KKBK0045457/divya301@oksbi,TXN0254798,3499.00,,998618.51
30/09/2022,UPI/DR/79345995/ARCHANA PILLAI/KKBK0045457/archana342@oksbi,TXN0254799,850.00,,997768.51
30/09/2022,UPI/DR/79323258/BABU LAL/KKBK0045457/babu68@paytm,TXN0254800,120.00,,997648.51
30/09/2022,NEFT/240511650058/MEERA PILLAI/KKBK0045457/49836629169788,TXN0254801,5200.00,,992448.51
01/10/2022,UPI/DR/348861750971/KAVITHA RAO/KKBK0045457/kavitha415@ybl,TXN0254802,850.00,,991598.51
01/10/2022,NEFT/53214616/POOJA SHARMA/KKBK0045457/70685051365524,TXN0254803,,24000.00,1015598.51
01/10/2022,CASH DEPOSIT/BRANCH COUNTER/BANJARA HILLS HYDERABAD,TXN0254804,,2500.00,1018098.51
01/10/2022,IMPS/P2P/58728260/PREETHI IYER/7006002348,TXN0254805,,2500.00,1020598.51
01/10/2022,UPI/CR/061457128098/LATHA MURTHY/KKBK0045457/latha349@ybl,TXN0254806,,850.00,1021448.51
01/10/2022,UPI/DR/470434114780/RAJENDRA PRASAD/KKBK0045457/rajendra553@ybl,TXN0254807,49.00,,1021399.51
01/10/2022,UPI/DR/1301487901/TARA SINGH/KKBK0045457/tara683@oksbi,TXN0254808,449.00,,1020950.51
02/10/2022,CASH DEPOSIT/BRANCH COUNTER/BANJARA HILLS HYDERABAD,TXN0254809,,24000.00,1044950.51
02/10/2022,UPI/DR/442490182084/SURESH NAIR/KKBK0045457/suresh427@oksbi,TXN0254810,3499.00,,1041451.51
03/10/2022,UPI/CR/575407383864/ADITYA KUMAR/KKBK0045457/aditya923@paytm,TXN0254811,,4800.00,1046251.51
03/10/2022,UPI/DR/310857433193/DEEPA NAIR/KKBK0045457/deepa613@ybl,TXN0254812,449.00,,1045802.51
03/10/2022,UPI/DR/2511315869/RAMESH GOWDA/KKBK0045457/ramesh238@okhdfc,TXN0254813,249.00,,1045553.51
03/10/2022,CASH DEPOSIT/BRANCH COUNTER/BANJARA HILLS HYDERABAD,TXN0254814,,1200.00,1046753.51
03/10/2022,CASH DEPOSIT/BRANCH COUNTER/BANJARA HILLS HYDERABAD,TXN0254815,,11200.00,1057953.51
04/10/2022,ATM/WDL/0967669458/HDFC ATM KORAMANGALA,TXN0254816,310.00,,1057643.51
04/10/2022,NEFT/165381781459/IMRAN KHAN/KKBK0045457/58069818133587,TXN0254817,1250.00,,1056393.51
04/10/2022,UPI/DR/76901110/GOPAL VERMA/KKBK0045457/gopal860@oksbi,TXN0254818,310.00,,1056083.51
04/10/2022,IMPS/P2P/495076751750/SANTOSH KUMAR/7249162316,TXN0254819,,2500.00,1058583.51
04/10/2022,UPI/CR/418377421015/LALITHA DEVI/KKBK0045457/lalitha705@ybl,TXN0254820,,11200.00,1069783.51
04/10/2022,IMPS/P2P/417162296777/NADIA HUSSAIN/9735547039,TXN0254821,,11200.00,1080983.51
04/10/2022,NEFT/198304954445/RAVI KUMAR SHARMA/KKBK0045457/08584228305652,TXN0254822,310.00,,1080673.51
04/10/2022,ATM/WDL/402427878759/HDFC ATM KORAMANGALA,TXN0254823,7800.00,,1072873.51
04/10/2022,CHQ NO 213529 CLEARING,TXN0254824,310.00,,1072563.51
04/10/2022,CASH DEPOSIT/BRANCH COUNTER/BANJARA HILLS HYDERABAD,TXN0254825,,18500.00,1091063.51
05/10/2022,UPI/CR/98027418/SUSHMA RAO/KKBK0045457/sushma304@paytm,TXN0254826,,2500.00,1093563.51
05/10/2022,NEFT/677389073111/MEENA IYER/KKBK0045457/09563212515228,TXN0254827,,2500.00,1096063.51
05/10/2022,NEFT/2524403306/RESHMA KHAN/KKBK0045457/59936054943609,TXN0254828,,18500.00,1114563.51
05/10/2022,NEFT/28614943/MOHAMMED IRFAN/KKBK0045457/33645892419886,TXN0254829,5200.00,,1109363.51
05/10/2022,NEFT/30686762/NIKHIL GUPTA/KKBK0045457/97955718388640,TXN0254830,5200.00,,1104163.51
05/10/2022,NEFT/8392432458/CHANDAN SHARMA/KKBK0045457/89402489048500,TXN0254831,,32000.00,1136163.51
05/10/2022,UPI/CR/93968727/VINAY PATIL/KKBK0045457/vinay515@ybl,TXN0254832,,32000.00,1168163.51
05/10/2022,ATM/WDL/3379302916/HDFC ATM KORAMANGALA,TXN0254833,449.00,,1167714.51
06/10/2022,IMPS/P2P/85622766/SURESH NAIR/7457859968,TXN0254834,,500.00,1168214.51
06/10/2022,IMPS/P2P/177254439595/PADMA RAO/9817539975,TXN0254835,,2500.00,1170714.51
06/10/2022,CHQ NO 738627 CLEARING,TXN0254836,5200.00,,1165514.51
06/10/2022,UPI/DR/8500447387/SUNIL YADAV/KKBK0045457/sunil158@paytm,TXN0254837,249.00,,1165265.51
06/10/2022,CASH DEPOSIT/BRANCH COUNTER/BANJARA HILLS HYDERABAD,TXN0254838,,32000.00,1197265.51
07/10/2022,NEFT/251186319469/DIVYA MENON/KKBK0045457/43337321022840,TXN0254839,,2500.00,1199765.51
07/10/2022,UPI/DR/66259961/SNEHA PATIL/KKBK0045457/sneha409@okaxis,TXN0254840,5200.00,,1194565.51
08/10/2022,NEFT/5209988212/SUNITA DEVI/KKBK0045457/66561327710867,TXN0254841,,1200.00,1195765.51
08/10/2022,ATM/WDL/405926357692/CANARA ATM MYSURU,TXN0254842,699.00,,1195066.51
08/10/2022,ATM/WDL/7842008475/SBI ATM JAYANAGAR BLR,TXN0254843,1680.00,,1193386.51
09/10/2022,UPI/DR/62820938/IMRAN KHAN/KKBK0045457/imran145@paytm,TXN0254844,49.00,,1193337.51
09/10/2022,IMPS/P2P/054672831780/MEENA IYER/9765756932,TXN0254845,,850.00,1194187.51
09/10/2022,CASH DEPOSIT/BRANCH COUNTER/BANJARA HILLS HYDERABAD,TXN0254846,,850.00,1195037.51
09/10/2022,CHQ NO 078072 CLEARING,TXN0254847,850.00,,1194187.51
09/10/2022,IMPS/P2P/01367534/LAKSHMI VENKAT/9802135927,TXN0254848,,4800.00,1198987.51
09/10/2022,UPI/CR/0994636557/PADMA RAO/KKBK0045457/padma264@okhdfc,TXN0254849,,1200.00,1200187.51
09/10/2022,UPI/CR/438757969936/USHA RANI/KKBK0045457/usha598@ybl,TXN0254850,,500.00,1200687.51
10/10/2022,CHQ NO 065653 CLEARING,TXN0254851,1680.00,,1199007.51
10/10/2022,UPI/DR/1737733623/HARISH MENON/KKBK0045457/harish421@okhdfc,TXN0254852,7800.00,,1191207.51
11/10/2022,UPI/DR/4806332349/SURESH BABU/KKBK0045457/suresh326@ybl,TXN0254853,120.00,,1191087.51
11/10/2022,NEFT/0866610821/KIRAN REDDY/KKBK0045457/92403301378145,TXN0254854,1680.00,,1189407.51
11/10/2022,UPI/DR/034300478782/KAVYA REDDY/KKBK0045457/kavya144@ybl,TXN0254855,3499.00,,1185908.51
11/10/2022,CASH DEPOSIT/BRANCH COUNTER/BANJARA HILLS HYDERABAD,TXN0254856,,11200.00,1197108.51
11/10/2022,UPI/DR/4113210871/DEEPAK JOSHI/KKBK0045457/deepak218@ybl,TXN0254857,79.00,,1197029.51
11/10/2022,CHQ NO 711242 CLEARING,TXN0254858,49.00,,1196980.51
11/10/2022,CHQ NO 504007 CLEARING,TXN0254859,1250.00,,1195730.51
11/10/2022,NEFT/41005107/HARISH MENON/KKBK0045457/34266691364691,TXN0254860,449.00,,1195281.51
12/10/2022,NEFT/3029286925/LATHA MURTHY/KKBK0045457/60053637137511,TXN0254861,,18500.00,1213781.51
12/10/2022,UPI/DR/565598722103/ANITHA KRISHNAN/KKBK0045457/anitha394@paytm,TXN0254862,699.00,,1213082.51
13/10/2022,UPI/CR/800729598027/SUSHMA RAO/KKBK0045457/sushma694@okaxis,TXN0254863,,2500.00,1215582.51
13/10/2022,CASH DEPOSIT/BRANCH COUNTER/BANJARA HILLS HYDERABAD,TXN0254864,,1200.00,1216782.51
13/10/2022,UPI/DR/474188236941/ROHIT SHARMA/KKBK0045457/rohit947@paytm,TXN0254865,310.00,,1216472.51
13/10/2022,ATM/WDL/9144188722/SBI ATM JAYANAGAR BLR,TXN0254866,120.00,,1216352.51
14/10/2022,CASH DEPOSIT/BRANCH COUNTER/BANJARA HILLS HYDERABAD,TXN0254867,,850.00,1217202.51
14/10/2022,UPI/DR/10422025/TANVI RAO/KKBK0045457/tanvi866@paytm,TXN0254868,3499.00,,1213703.51
14/10/2022,UPI/DR/550554137018/RANJIT SINGH/KKBK0045457/ranjit332@ybl,TXN0254869,699.00,,1213004.51
15/10/2022,CASH DEPOSIT/BRANCH COUNTER/BANJARA HILLS HYDERABAD,TXN0254870,,32000.00,1245004.51
15/10/2022,ATM/WDL/2510250737/CANARA ATM MYSURU,TXN0254871,49.00,,1244955.51
15/10/2022,IMPS/P2P/77782868/LAKSHMI VENKAT/9497823970,TXN0254872,,24000.00,1268955.51
15/10/2022,NEFT/90449073/SHEELA DEVI/KKBK0045457/19658060931596,TXN0254873,,500.00,1269455.51
15/10/2022,CHQ NO 935605 CLEARING,TXN0254874,1680.00,,1267775.51
16/10/2022,IMPS/P2P/0471930579/AYESHA KHAN/9558559587,TXN0254875,,32000.00,1299775.51
16/10/2022,NEFT/2023811213/FATIMA SHEIKH/KKBK0045457/94483063919711,TXN0254876,,32000.00,1331775.51
16/10/2022,ATM/WDL/936561949202/SBI ATM JAYANAGAR BLR,TXN0254877,249.00,,1331526.51
16/10/2022,UPI/DR/255084710339/SNEHA PATIL/KKBK0045457/sneha961@okaxis,TXN0254878,850.00,,1330676.51
16/10/2022,IMPS/P2P/4783516035/KAVERI MENON/7928040807,TXN0254879,,1200.00,1331876.51
17/10/2022,UPI/CR/7386983573/TARA SINGH/KKBK0045457/tara22@paytm,TXN0254880,,18500.00,1350376.51
17/10/2022,UPI/DR/953149189691/GANESH KUMAR/KKBK0045457/ganesh826@okhdfc,TXN0254881,49.00,,1350327.51
17/10/2022,UPI/DR/8242016579/DIVYA MENON/KKBK0045457/divya371@oksbi,TXN0254882,3499.00,,1346828.51
17/10/2022,IMPS/P2P/7378313864/KIRAN REDDY/7317834535,TXN0254883,,4800.00,1351628.51
17/10/2022,UPI/DR/149890503037/LATHA MURTHY/KKBK0045457/latha541@oksbi,TXN0254884,999.00,,1350629.51
17/10/2022,IMPS/P2P/03300956/VIKRAM NAIR/9435539912,TXN0254885,,11200.00,1361829.51
17/10/2022,UPI/DR/3296297820/RAMESH PILLAI/KKBK0045457/ramesh762@paytm,TXN0254886,699.00,,1361130.51
17/10/2022,ATM/WDL/80681861/HDFC ATM KORAMANGALA,TXN0254887,249.00,,1360881.51
17/10/2022,IMPS/P2P/0159503309/VENKAT RAO/7341005465,TXN0254888,,2500.00,1363381.51
18/10/2022,UPI/CR/74124548/RAJENDRA PRASAD/KKBK0045457/rajendra89@oksbi,TXN0254889,,11200.00,1374581.51
18/10/2022,UPI/DR/48287550/NADIA HUSSAIN/KKBK0045457/nadia689@paytm,TXN0254890,1680.00,,1372901.51
18/10/2022,CASH DEPOSIT/BRANCH COUNTER/BANJARA HILLS HYDERABAD,TXN0254891,,2500.00,1375401.51
18/10/2022,UPI/DR/7276222334/DEEPAK JOSHI/KKBK0045457/deepak978@oksbi,TXN0254892,850.00,,1374551.51
18/10/2022,NEFT/518149711769/VINAY PATIL/KKBK0045457/42083286447519,TXN0254893,,850.00,1375401.51
18/10/2022,UPI/DR/214608394076/SURESH BABU/KKBK0045457/suresh754@ybl,TXN0254894,1680.00,,1373721.51
18/10/2022,NEFT/1172976732/GOPAL VERMA/KKBK0045457/64467540588928,TXN0254895,,24000.00,1397721.51
19/10/2022,UPI/DR/7033886369/NAVEEN KUMAR/KKBK0045457/naveen669@okhdfc,TXN0254896,1250.00,,1396471.51
19/10/2022,NEFT/715700382121/SURESH NAIR/KKBK0045457/00897137442115,TXN0254897,,11200.00,1407671.51
19/10/2022,UPI/DR/80321690/SUNITA DEVI/KKBK0045457/sunita406@ybl,TXN0254898,310.00,,1407361.51
19/10/2022,NEFT/6829425586/RAVI KUMAR SHARMA/KKBK0045457/81595060415984,TXN0254899,,1200.00,1408561.51
19/10/2022,UPI/DR/311115532352/AYESHA KHAN/KKBK0045457/ayesha451@okaxis,TXN0254900,3499.00,,1405062.51
19/10/2022,UPI/DR/72019334/NILESH KULKARNI/KKBK0045457/nilesh505@oksbi,TXN0254901,1680.00,,1403382.51
19/10/2022,NEFT/46147460/KARTHIK MENON/KKBK0045457/55211528429229,TXN0254902,,1200.00,1404582.51
20/10/2022,UPI/DR/19601494/VENKAT RAO/KKBK0045457/venkat688@ybl,TXN0254903,1680.00,,1402902.51
20/10/2022,NEFT/6984386915/RAHUL SINGH/KKBK0045457/31748610596410,TXN0254904,,4800.00,1407702.51
20/10/2022,CASH DEPOSIT/BRANCH COUNTER/BANJARA HILLS HYDERABAD,TXN0254905,,4800.00,1412502.51
20/10/2022,UPI/DR/84531250/GANESH KUMAR/KKBK0045457/ganesh642@ybl,TXN0254906,5200.00,,1407302.51
20/10/2022,NEFT/0379815762/NILESH KULKARNI/KKBK0045457/24422716424538,TXN0254907,,500.00,1407802.51
20/10/2022,CHQ NO 617089 CLEARING,TXN0254908,999.00,,1406803.51
20/10/2022,NEFT/716215263901/RAJENDRA PRASAD/KKBK0045457/19408663139803,TXN0254909,850.00,,1405953.51
21/10/2022,UPI/DR/2837311593/GANESH KUMAR/KKBK0045457/ganesh551@ybl,TXN0254910,3499.00,,1402454.51
21/10/2022,CASH DEPOSIT/BRANCH COUNTER/BANJARA HILLS HYDERABAD,TXN0254911,,11200.00,1413654.51
21/10/2022,NEFT/91485833/KAVITHA RAO/KKBK0045457/98657759714263,TXN0254912,,4800.00,1418454.51
21/10/2022,ATM/WDL/0784468590/SBI ATM JAYANAGAR BLR,TXN0254913,1680.00,,1416774.51
22/10/2022,UPI/CR/9158254062/ARJUN MEHTA/KKBK0045457/arjun788@ybl,TXN0254914,,850.00,1417624.51
22/10/2022,UPI/CR/1215719981/MALLIKA DAS/KKBK0045457/mallika607@okhdfc,TXN0254915,,4800.00,1422424.51
22/10/2022,UPI/CR/121146825061/SUNIL YADAV/KKBK0045457/sunil579@oksbi,TXN0254916,,2500.00,1424924.51
22/10/2022,ATM/WDL/58841307/SBI ATM JAYANAGAR BLR,TXN0254917,49.00,,1424875.51
22/10/2022,UPI/DR/306186984575/RAJENDRA PRASAD/KKBK0045457/rajendra35@okaxis,TXN0254918,249.00,,1424626.51
22/10/2022,UPI/DR/0231854953/SAVITHA DEVI/KKBK0045457/savitha631@ybl,TXN0254919,7800.00,,1416826.51
23/10/2022,NEFT/77449332/MOHAN DAS/KKBK0045457/92039956138233,TXN0254920,,4800.00,1421626.51
23/10/2022,UPI/DR/73824119/MEENA IYER/KKBK0045457/meena67@okaxis,TXN0254921,7800.00,,1413826.51
24/10/2022,IMPS/P2P/4845721477/RAHUL SINGH/9324035351,TXN0254922,,850.00,1414676.51
24/10/2022,UPI/DR/31970526/RESHMA KHAN/KKBK0045457/reshma17@okhdfc,TXN0254923,1680.00,,1412996.51
24/10/2022,ATM/WDL/05758711/SBI ATM JAYANAGAR BLR,TXN0254924,79.00,,1412917.51
24/10/2022,UPI/CR/02701800/NILESH KULKARNI/KKBK0045457/nilesh165@oksbi,TXN0254925,,32000.00,1444917.51
24/10/2022,NEFT/8095422307/REKHA PILLAI/KKBK0045457/11300579725034,TXN0254926,449.00,,1444468.51
24/10/2022,NEFT/583547420417/LAKSHMI VENKAT/KKBK0045457/69614977705477,TXN0254927,,4800.00,1449268.51
25/10/2022,CASH DEPOSIT/BRANCH COUNTER/BANJARA HILLS HYDERABAD,TXN0254928,,7600.00,1456868.51
25/10/2022,NEFT/93863139/DEEPA NAIR/KKBK0045457/88258061550605,TXN0254929,,24000.00,1480868.51
25/10/2022,UPI/DR/721377976004/USHA RANI/KKBK0045457/usha513@oksbi,TXN0254930,999.00,,1479869.51
25/10/2022,NEFT/399217124841/NAVEEN KUMAR/KKBK0045457/28026685227781,TXN0254931,,24000.00,1503869.51
25/10/2022,UPI/DR/5053912924/GEETA DEVI/KKBK0045457/geeta189@oksbi,TXN0254932,1680.00,,1502189.51
25/10/2022,CHQ NO 745676 CLEARING,TXN0254933,249.00,,1501940.51
25/10/2022,UPI/DR/3846822432/DEEPAK JOSHI/KKBK0045457/deepak11@paytm,TXN0254934,1250.00,,1500690.51
26/10/2022,NEFT/419683759506/SANJANA HEGDE/KKBK0045457/11299945447763,TXN0254935,249.00,,1500441.51
26/10/2022,UPI/CR/25131387/DEEPA NAIR/KKBK0045457/deepa40@okaxis,TXN0254936,,1200.00,1501641.51
26/10/2022,CASH DEPOSIT/BRANCH COUNTER/BANJARA HILLS HYDERABAD,TXN0254937,,500.00,1502141.51
26/10/2022,IMPS/P2P/770901244003/REKHA PILLAI/7640907046,TXN0254938,,1200.00,1503341.51
27/10/2022,ATM/WDL/0257669358/SBI ATM JAYANAGAR BLR,TXN0254939,249.00,,1503092.51
27/10/2022,UPI/DR/826732838919/SUNITA DEVI/KKBK0045457/sunita98@okaxis,TXN0254940,79.00,,1503013.51
27/10/2022,NEFT/52686997/SMITHA PILLAI/KKBK0045457/68352554648661,TXN0254941,,850.00,1503863.51
28/10/2022,UPI/CR/6827745167/SURESH BABU/KKBK0045457/suresh559@ybl,TXN0254942,,2500.00,1506363.51
28/10/2022,UPI/DR/54033055/SURESH BABU/KKBK0045457/suresh370@paytm,TXN0254943,79.00,,1506284.51
29/10/2022,UPI/CR/1327159903/SURESH NAIR/KKBK0045457/suresh659@paytm,TXN0254944,,24000.00,1530284.51
29/10/2022,IMPS/P2P/31417163/FATIMA SHEIKH/7796744488,TXN0254945,,850.00,1531134.51
29/10/2022,UPI/CR/25099813/SHAHID KHAN/KKBK0045457/shahid730@okaxis,TXN0254946,,11200.00,1542334.51
29/10/2022,IMPS/P2P/2354487360/DEEPA NAIR/8908038441,TXN0254947,,4800.00,1547134.51
30/10/2022,UPI/DR/70062476/SANTOSH KUMAR/KKBK0045457/santosh489@okhdfc,TXN0254948,999.00,,1546135.51
30/10/2022,NEFT/8346928604/ARCHANA PILLAI/KKBK0045457/70737656295329,TXN0254949,2380.00,,1543755.51
30/10/2022,CHQ NO 083162 CLEARING,TXN0254950,7800.00,,1535955.51
30/10/2022,UPI/CR/7844151057/NILESH KULKARNI/KKBK0045457/nilesh666@okhdfc,TXN0254951,,2500.00,1538455.51
30/10/2022,IMPS/P2P/70034301/SHAHID KHAN/8734999331,TXN0254952,,7600.00,1546055.51
30/10/2022,UPI/DR/96370357/NILESH KULKARNI/KKBK0045457/nilesh816@ybl,TXN0254953,120.00,,1545935.51
31/10/2022,UPI/CR/859539415342/RESHMA KHAN/KKBK0045457/reshma778@okhdfc,TXN0254954,,32000.00,1577935.51
31/10/2022,UPI/DR/395777631055/RAVI KUMAR SHARMA/KKBK0045457/ravi50@okhdfc,TXN0254955,49.00,,1577886.51
31/10/2022,UPI/DR/66100001/ADITYA KUMAR/KKBK0045457/aditya901@paytm,TXN0254956,120.00,,1577766.51
01/11/2022,NEFT/417604978059/VENKAT RAO/KKBK0045457/87041832469170,TXN0254957,,7600.00,1585366.51
02/11/2022,ATM/WDL/152342006915/CANARA ATM MYSURU,TXN0254958,1680.00,,1583686.51
02/11/2022,NEFT/60550725/MOHAN DAS/KKBK0045457/31043839898491,TXN0254959,79.00,,1583607.51
02/11/2022,ATM/WDL/675553382783/HDFC ATM KORAMANGALA,TXN0254960,2380.00,,1581227.51
02/11/2022,CASH DEPOSIT/BRANCH COUNTER/BANJARA HILLS HYDERABAD,TXN0254961,,18500.00,1599727.51
02/11/2022,ATM/WDL/5884017333/HDFC ATM KORAMANGALA,TXN0254962,7800.00,,1591927.51
02/11/2022,CHQ NO 313057 CLEARING,TXN0254963,1250.00,,1590677.51
03/11/2022,UPI/DR/081852388934/IMRAN KHAN/KKBK0045457/imran352@paytm,TXN0254964,2380.00,,1588297.51
03/11/2022,NEFT/1898548174/MEENA IYER/KKBK0045457/03571609712947,TXN0254965,699.00,,1587598.51
03/11/2022,IMPS/P2P/325852510102/HARISH MENON/7813191818,TXN0254966,,7600.00,1595198.51
03/11/2022,NEFT/9896857619/NADIA HUSSAIN/KKBK0045457/72640121722531,TXN0254967,449.00,,1594749.51
04/11/2022,IMPS/P2P/47711469/VENKAT RAO/9035510977,TXN0254968,,11200.00,1605949.51
04/11/2022,UPI/DR/31696598/KARTHIK MENON/KKBK0045457/karthik757@okaxis,TXN0254969,49.00,,1605900.51
04/11/2022,CASH DEPOSIT/BRANCH COUNTER/BANJARA HILLS HYDERABAD,TXN0254970,,850.00,1606750.51
04/11/2022,NEFT/564798460178/KAVERI MENON,TXN0254971,12000.00,,1594750.51
04/11/2022,NEFT/71326986/SANTOSH KUMAR/KKBK0045457/41960414173030,TXN0254972,,18500.00,1613250.51
04/11/2022,UPI/CR/571297058405/GEETA DEVI/KKBK0045457/geeta274@oksbi,TXN0254973,,11200.00,1624450.51
04/11/2022,NEFT/815670242701/MEERA PILLAI/KKBK0045457/43862886080785,TXN0254974,,24000.00,1648450.51
04/11/2022,CHQ NO 931770 CLEARING,TXN0254975,120.00,,1648330.51
04/11/2022,CASH DEPOSIT/BRANCH COUNTER/BANJARA HILLS HYDERABAD,TXN0254976,,11200.00,1659530.51
04/11/2022,CHQ NO 709486 CLEARING,TXN0254977,249.00,,1659281.51
04/11/2022,IMPS/P2P/5725790349/SURESH BABU/7208282294,TXN0254978,,500.00,1659781.51
05/11/2022,UPI/DR/636076343223/GANESH KUMAR/KKBK0045457/ganesh11@paytm,TXN0254979,249.00,,1659532.51
05/11/2022,CHQ NO 370917 CLEARING,TXN0254980,1250.00,,1658282.51
05/11/2022,UPI/DR/3616762965/PADMA RAO/KKBK0045457/padma417@okhdfc,TXN0254981,249.00,,1658033.51
05/11/2022,CASH DEPOSIT/BRANCH COUNTER/BANJARA HILLS HYDERABAD,TXN0254982,,1200.00,1659233.51
05/11/2022,IMPS/P2P/225827367741/RANJIT SINGH/9366571328,TXN0254983,,24000.00,1683233.51
05/11/2022,UPI/DR/10941435/RAMESH PILLAI/KKBK0045457/ramesh259@okhdfc,TXN0254984,120.00,,1683113.51
05/11/2022,NEFT/247426190580/VIKRAM NAIR/KKBK0045457/76714749787519,TXN0254985,,850.00,1683963.51
06/11/2022,NEFT/38329117/BINDHU NAIR/KKBK0045457/65290592455595,TXN0254986,,24000.00,1707963.51
06/11/2022,UPI/DR/698132151874/PRIYA NAIR/KKBK0045457/priya160@paytm,TXN0254987,7800.00,,1700163.51
06/11/2022,UPI/DR/186393132702/MOHAMMED IRFAN/KKBK0045457/mohammed870@oksbi,TXN0254988,79.00,,1700084.51
06/11/2022,CHQ NO 869396 CLEARING,TXN0254989,5200.00,,1694884.51
07/11/2022,REVERSAL-NEFT/PENDING_REV_52960517,TXN0254990,,12000.00,1706884.51
07/11/2022,ATM/WDL/7318263765/SBI ATM JAYANAGAR BLR,TXN0254991,310.00,,1706574.51
07/11/2022,NEFT/547748926539/SURESH BABU/KKBK0045457/34498479809550,TXN0254992,449.00,,1706125.51
07/11/2022,UPI/DR/477317184364/ANITHA KRISHNAN/KKBK0045457/anitha167@okhdfc,TXN0254993,7800.00,,1698325.51
07/11/2022,NEFT/203510793372/RESHMA KHAN/KKBK0045457/90633119087947,TXN0254994,,18500.00,1716825.51
08/11/2022,UPI/DR/43385328/RAMESH GOWDA/KKBK0045457/ramesh248@oksbi,TXN0254995,79.00,,1716746.51
08/11/2022,NEFT/7554329798/SHEELA DEVI/KKBK0045457/54134049672105,TXN0254996,,32000.00,1748746.51
08/11/2022,UPI/DR/198179098933/LATHA MURTHY/KKBK0045457/latha198@paytm,TXN0254997,49.00,,1748697.51
08/11/2022,NEFT/389908910334/SANJANA HEGDE/KKBK0045457/98233916421607,TXN0254998,49.00,,1748648.51
08/11/2022,NEFT/532641540228/RAMESH PILLAI/KKBK0045457/77455008176226,TXN0254999,,4800.00,1753448.51
09/11/2022,NEFT/242903709982/PADMA RAO/KKBK0045457/86766880678861,TXN0255000,,11200.00,1764648.51
09/11/2022,UPI/CR/13464085/ANAND KUMAR/KKBK0045457/anand818@okaxis,TXN0255001,,18500.00,1783148.51
09/11/2022,CASH DEPOSIT/BRANCH COUNTER/BANJARA HILLS HYDERABAD,TXN0255002,,24000.00,1807148.51
09/11/2022,ATM/WDL/6261232713/HDFC ATM KORAMANGALA,TXN0255003,120.00,,1807028.51
09/11/2022,NEFT/763627051284/GANESH KUMAR/KKBK0045457/31783194930829,TXN0255004,310.00,,1806718.51
09/11/2022,CHQ NO 258101 CLEARING,TXN0255005,310.00,,1806408.51
11/11/2022,CHQ NO 700082 CLEARING,TXN0255006,999.00,,1805409.51
11/11/2022,ATM/WDL/63182011/SBI ATM JAYANAGAR BLR,TXN0255007,3499.00,,1801910.51
11/11/2022,UPI/CR/718072906900/DIVYA MENON/KKBK0045457/divya174@ybl,TXN0255008,,24000.00,1825910.51
12/11/2022,CASH DEPOSIT/BRANCH COUNTER/BANJARA HILLS HYDERABAD,TXN0255009,,500.00,1826410.51
12/11/2022,UPI/DR/004650917172/IMRAN KHAN/KKBK0045457/imran641@okaxis,TXN0255010,49.00,,1826361.51
12/11/2022,CASH DEPOSIT/BRANCH COUNTER/BANJARA HILLS HYDERABAD,TXN0255011,,7600.00,1833961.51
12/11/2022,UPI/DR/81159180/SURESH BABU/KKBK0045457/suresh774@okaxis,TXN0255012,850.00,,1833111.51
12/11/2022,UPI/DR/88372631/DEEPAK JOSHI/KKBK0045457/deepak490@oksbi,TXN0255013,999.00,,1832112.51
12/11/2022,UPI/DR/79195400/POOJA SHARMA/KKBK0045457/pooja200@okhdfc,TXN0255014,850.00,,1831262.51
13/11/2022,NEFT/3118105456/MOHAMMED IRFAN/KKBK0045457/14327813314200,TXN0255015,7800.00,,1823462.51
13/11/2022,NEFT/41463972/MEENA IYER/KKBK0045457/17773437546430,TXN0255016,7800.00,,1815662.51
13/11/2022,CHQ NO 380294 CLEARING,TXN0255017,120.00,,1815542.51
13/11/2022,NEFT/491823363110/CHANDAN SHARMA/KKBK0045457/45013079835595,TXN0255018,5200.00,,1810342.51
14/11/2022,UPI/DR/74283513/NAVEEN KUMAR/KKBK0045457/naveen70@paytm,TXN0255019,7800.00,,1802542.51
14/11/2022,ATM/WDL/95264485/SBI ATM JAYANAGAR BLR,TXN0255020,1250.00,,1801292.51
14/11/2022,IMPS/P2P/68313838/GEETA DEVI/7184142384,TXN0255021,,7600.00,1808892.51
14/11/2022,UPI/DR/699470778139/LALITHA DEVI/KKBK0045457/lalitha162@ybl,TXN0255022,49.00,,1808843.51
14/11/2022,CASH DEPOSIT/BRANCH COUNTER/BANJARA HILLS HYDERABAD,TXN0255023,,500.00,1809343.51
15/11/2022,UPI/CR/94105769/HARISH MENON/KKBK0045457/harish51@paytm,TXN0255024,,32000.00,1841343.51
15/11/2022,NEFT/7154730051/KIRAN REDDY/KKBK0045457/66778905638126,TXN0255025,,11200.00,1852543.51
15/11/2022,IMPS/P2P/572860141193/SUSHMA RAO/7644961264,TXN0255026,,7600.00,1860143.51
15/11/2022,CASH DEPOSIT/BRANCH COUNTER/BANJARA HILLS HYDERABAD,TXN0255027,,850.00,1860993.51
15/11/2022,NEFT/889083914127/RAMESH PILLAI/KKBK0045457/92698137525911,TXN0255028,,32000.00,1892993.51
16/11/2022,IMPS/P2P/8641839389/FARHAN KHAN/8841234551,TXN0255029,,11200.00,1904193.51
16/11/2022,UPI/DR/978844547036/SUNIL YADAV/KKBK0045457/sunil570@paytm,TXN0255030,1250.00,,1902943.51
16/11/2022,UPI/DR/83342137/SUNITA DEVI/KKBK0045457/sunita32@oksbi,TXN0255031,120.00,,1902823.51
16/11/2022,NEFT/4314386571/CHANDAN SHARMA/KKBK0045457/76731262290663,TXN0255032,,7600.00,1910423.51
16/11/2022,ATM/WDL/36379340/CANARA ATM MYSURU,TXN0255033,7800.00,,1902623.51
16/11/2022,UPI/DR/0239845795/LATHA MURTHY/KKBK0045457/latha621@paytm,TXN0255034,310.00,,1902313.51
16/11/2022,NEFT/24064826/PRIYA NAIR/KKBK0045457/45754365909010,TXN0255035,699.00,,1901614.51
17/11/2022,CHQ NO 132689 CLEARING,TXN0255036,7800.00,,1893814.51
17/11/2022,NEFT/72974523/HARISH MENON/KKBK0045457/03682156470596,TXN0255037,,32000.00,1925814.51
17/11/2022,UPI/DR/81583586/DEEPA NAIR/KKBK0045457/deepa247@paytm,TXN0255038,1250.00,,1924564.51
17/11/2022,CASH DEPOSIT/BRANCH COUNTER/BANJARA HILLS HYDERABAD,TXN0255039,,4800.00,1929364.51
17/11/2022,NEFT/00587306/SURESH BABU/KKBK0045457/45104559394272,TXN0255040,,2500.00,1931864.51
17/11/2022,IMPS/P2P/1189677891/NILESH KULKARNI/9443970001,TXN0255041,,24000.00,1955864.51
18/11/2022,UPI/DR/833174576241/POOJA SHARMA/KKBK0045457/pooja685@okaxis,TXN0255042,1250.00,,1954614.51
18/11/2022,UPI/CR/184786367187/RAJENDRA PRASAD/KKBK0045457/rajendra144@okhdfc,TXN0255043,,4800.00,1959414.51
18/11/2022,NEFT/907272025694/PRIYA NAIR/KKBK0045457/72165526134181,TXN0255044,,4800.00,1964214.51
18/11/2022,NEFT/2602589962/SANJANA HEGDE/KKBK0045457/84840389177781,TXN0255045,120.00,,1964094.51
18/11/2022,NEFT/1789619711/KAVERI MENON/KKBK0045457/92441618560991,TXN0255046,449.00,,1963645.51
18/11/2022,NEFT/5068200399/PADMA RAO/KKBK0045457/26112323288820,TXN0255047,,18500.00,1982145.51
18/11/2022,CHQ NO 454457 CLEARING,TXN0255048,449.00,,1981696.51
18/11/2022,NEFT/17216130/NILESH KULKARNI/KKBK0045457/50932687725364,TXN0255049,1680.00,,1980016.51
19/11/2022,CHQ NO 563114 CLEARING,TXN0255050,79.00,,1979937.51
19/11/2022,NEFT/2701286059/BINDHU NAIR/KKBK0045457/82018234480129,TXN0255051,,2500.00,1982437.51
19/11/2022,IMPS/P2P/51198016/FATIMA SHEIKH/8821680109,TXN0255052,,18500.00,2000937.51
19/11/2022,UPI/DR/26837627/RAMESH PILLAI/KKBK0045457/ramesh517@okaxis,TXN0255053,1250.00,,1999687.51
19/11/2022,NEFT/402114873996/SURESH NAIR/KKBK0045457/62154491380421,TXN0255054,3499.00,,1996188.51
19/11/2022,UPI/DR/697476732865/ARJUN MEHTA/KKBK0045457/arjun815@ybl,TXN0255055,1250.00,,1994938.51
19/11/2022,IMPS/P2P/1807435573/ROHIT SHARMA/8814175439,TXN0255056,,4800.00,1999738.51
20/11/2022,NEFT/159898183719/VENKAT RAO/KKBK0045457/95028103159051,TXN0255057,2380.00,,1997358.51
20/11/2022,IMPS/P2P/8929703363/SANTOSH KUMAR/7119846841,TXN0255058,,32000.00,2029358.51
20/11/2022,ATM/WDL/1525858716/HDFC ATM KORAMANGALA,TXN0255059,999.00,,2028359.51
20/11/2022,CASH DEPOSIT/BRANCH COUNTER/BANJARA HILLS HYDERABAD,TXN0255060,,24000.00,2052359.51
20/11/2022,UPI/DR/159061062925/DEEPA NAIR/KKBK0045457/deepa964@okhdfc,TXN0255061,1250.00,,2051109.51
21/11/2022,CHQ NO 487374 CLEARING,TXN0255062,850.00,,2050259.51
22/11/2022,NEFT/0540378000/GOPAL VERMA/KKBK0045457/52474654239008,TXN0255063,699.00,,2049560.51
22/11/2022,UPI/CR/615533323444/MALLIKA DAS/KKBK0045457/mallika821@ybl,TXN0255064,,32000.00,2081560.51
22/11/2022,IMPS/P2P/3125827565/POOJA SHARMA/8199686490,TXN0255065,,32000.00,2113560.51
22/11/2022,CHQ NO 178873 CLEARING,TXN0255066,999.00,,2112561.51
22/11/2022,CASH DEPOSIT/BRANCH COUNTER/BANJARA HILLS HYDERABAD,TXN0255067,,2500.00,2115061.51
23/11/2022,UPI/DR/3227752731/LATHA MURTHY/KKBK0045457/latha169@oksbi,TXN0255068,1680.00,,2113381.51
23/11/2022,NEFT/7001294722/DEEPA NAIR/KKBK0045457/78977757258257,TXN0255069,5200.00,,2108181.51
23/11/2022,UPI/DR/82293675/IMRAN KHAN/KKBK0045457/imran531@paytm,TXN0255070,310.00,,2107871.51
23/11/2022,NEFT/6626267028/PRIYA NAIR/KKBK0045457/20951381048331,TXN0255071,310.00,,2107561.51
23/11/2022,UPI/DR/5744768213/SHAHID KHAN/KKBK0045457/shahid681@okaxis,TXN0255072,49.00,,2107512.51
23/11/2022,IMPS/P2P/31768139/KAVITHA RAO/7583865227,TXN0255073,,500.00,2108012.51
23/11/2022,UPI/DR/06452754/MOHAMMED IRFAN/KKBK0045457/mohammed996@oksbi,TXN0255074,1680.00,,2106332.51
23/11/2022,UPI/CR/288178975707/SANTOSH KUMAR/KKBK0045457/santosh323@okhdfc,TXN0255075,,7600.00,2113932.51
24/11/2022,UPI/DR/930245696148/RAJENDRA PRASAD/KKBK0045457/rajendra448@ybl,TXN0255076,249.00,,2113683.51
24/11/2022,ATM/WDL/63944961/HDFC ATM KORAMANGALA,TXN0255077,249.00,,2113434.51
24/11/2022,UPI/DR/612968734958/HARISH MENON/KKBK0045457/harish324@okaxis,TXN0255078,49.00,,2113385.51
24/11/2022,UPI/DR/2032924498/SMITHA PILLAI/KKBK0045457/smitha119@okaxis,TXN0255079,699.00,,2112686.51
24/11/2022,ATM/WDL/45843996/SBI ATM JAYANAGAR BLR,TXN0255080,310.00,,2112376.51
24/11/2022,UPI/CR/732810088435/RAMESH PILLAI/KKBK0045457/ramesh831@okhdfc,TXN0255081,,7600.00,2119976.51
24/11/2022,UPI/CR/602020553393/NAVEEN KUMAR/KKBK0045457/naveen699@okaxis,TXN0255082,,24000.00,2143976.51
25/11/2022,UPI/DR/6411289281/PADMA RAO/KKBK0045457/padma65@okhdfc,TXN0255083,7800.00,,2136176.51
25/11/2022,UPI/CR/858241040423/RESHMA KHAN/KKBK0045457/reshma410@ybl,TXN0255084,,24000.00,2160176.51
25/11/2022,CHQ NO 260870 CLEARING,TXN0255085,1250.00,,2158926.51
25/11/2022,UPI/DR/592511751441/DEEPAK JOSHI/KKBK0045457/deepak971@okhdfc,TXN0255086,5200.00,,2153726.51
26/11/2022,UPI/DR/0321831684/DIVYA MENON/KKBK0045457/divya108@okhdfc,TXN0255087,3499.00,,2150227.51
26/11/2022,NEFT/20072495/TARA SINGH/KKBK0045457/00148360081141,TXN0255088,999.00,,2149228.51
26/11/2022,UPI/CR/664195868924/SURESH NAIR/KKBK0045457/suresh474@okhdfc,TXN0255089,,850.00,2150078.51
26/11/2022,NEFT/63024571/MEENA IYER/KKBK0045457/88040078982556,TXN0255090,,11200.00,2161278.51
26/11/2022,NEFT/6978893518/ROHIT SHARMA/KKBK0045457/96154640359960,TXN0255091,,11200.00,2172478.51
26/11/2022,IMPS/P2P/0155506577/NAVEEN KUMAR/8274524922,TXN0255092,,11200.00,2183678.51
27/11/2022,IMPS/P2P/54882562/KAVERI MENON/8319163024,TXN0255093,,32000.00,2215678.51
27/11/2022,UPI/DR/1694508817/MOHAMMED IRFAN/KKBK0045457/mohammed783@oksbi,TXN0255094,850.00,,2214828.51
27/11/2022,CHQ NO 242130 CLEARING,TXN0255095,850.00,,2213978.51
27/11/2022,IMPS/P2P/429532964785/SANTOSH KUMAR/8400240792,TXN0255096,,1200.00,2215178.51
27/11/2022,CHQ NO 272567 CLEARING,TXN0255097,7800.00,,2207378.51
27/11/2022,NEFT/055316860921/ARJUN MEHTA/KKBK0045457/37537484849969,TXN0255098,2380.00,,2204998.51
28/11/2022,ATM/WDL/28377004/HDFC ATM KORAMANGALA,TXN0255099,850.00,,2204148.51
28/11/2022,IMPS/P2P/5856615896/RANJIT SINGH/8038085395,TXN0255100,,1200.00,2205348.51
28/11/2022,IMPS/P2P/01011676/HARISH MENON/9028192451,TXN0255101,,24000.00,2229348.51
29/11/2022,UPI/CR/79463178/BINDHU NAIR/KKBK0045457/bindhu40@oksbi,TXN0255102,,18500.00,2247848.51
29/11/2022,CHQ NO 644121 CLEARING,TXN0255103,5200.00,,2242648.51
29/11/2022,UPI/DR/22613519/LALITHA DEVI/KKBK0045457/lalitha191@oksbi,TXN0255104,699.00,,2241949.51
29/11/2022,UPI/DR/8975297762/LALITHA DEVI/KKBK0045457/lalitha837@okaxis,TXN0255105,310.00,,2241639.51
29/11/2022,UPI/DR/171979895524/REKHA PILLAI/KKBK0045457/rekha949@oksbi,TXN0255106,5200.00,,2236439.51
29/11/2022,ATM/WDL/34091958/CANARA ATM MYSURU,TXN0255107,1680.00,,2234759.51
30/11/2022,IMPS/P2P/33230513/PRAKASH RAO/8426958995,TXN0255108,,2500.00,2237259.51
30/11/2022,NEFT/835970006723/ARUN SHARMA/KKBK0045457/06942298365136,TXN0255109,2380.00,,2234879.51
30/11/2022,UPI/DR/093584706721/FARHAN KHAN/KKBK0045457/farhan819@ybl,TXN0255110,5200.00,,2229679.51
30/11/2022,NEFT/701215754730/GANESH KUMAR/KKBK0045457/42289366293914,TXN0255111,,11200.00,2240879.51
30/11/2022,CASH DEPOSIT/BRANCH COUNTER/BANJARA HILLS HYDERABAD,TXN0255112,,32000.00,2272879.51
30/11/2022,UPI/DR/07512400/FARHAN KHAN/KKBK0045457/farhan462@ybl,TXN0255113,5200.00,,2267679.51
01/12/2022,UPI/DR/092550632813/RAMESH GOWDA/KKBK0045457/ramesh126@ybl,TXN0255114,7800.00,,2259879.51
01/12/2022,UPI/DR/6334008634/SNEHA PATIL/KKBK0045457/sneha121@oksbi,TXN0255115,310.00,,2259569.51
01/12/2022,IMPS/P2P/21971443/ANAND KUMAR/9588517868,TXN0255116,,24000.00,2283569.51
01/12/2022,NEFT/534143922589/DIVYA MENON/KKBK0045457/26716849401003,TXN0255117,249.00,,2283320.51
01/12/2022,CASH DEPOSIT/BRANCH COUNTER/BANJARA HILLS HYDERABAD,TXN0255118,,7600.00,2290920.51
01/12/2022,IMPS/P2P/4710290169/SUSHMA RAO/8376784879,TXN0255119,,2500.00,2293420.51
01/12/2022,ATM/WDL/902731888279/SBI ATM JAYANAGAR BLR,TXN0255120,699.00,,2292721.51
02/12/2022,NEFT/299789601958/KARTHIK MENON/KKBK0045457/29968683427060,TXN0255121,,850.00,2293571.51
02/12/2022,UPI/DR/4679499935/USHA RANI/KKBK0045457/usha452@paytm,TXN0255122,850.00,,2292721.51
02/12/2022,UPI/DR/989812629630/KAVITHA RAO/KKBK0045457/kavitha308@okaxis,TXN0255123,1680.00,,2291041.51
02/12/2022,UPI/DR/73459452/PADMA RAO/KKBK0045457/padma718@okhdfc,TXN0255124,699.00,,2290342.51
02/12/2022,UPI/CR/5160724532/MALLIKA DAS/KKBK0045457/mallika273@ybl,TXN0255125,,4800.00,2295142.51
02/12/2022,UPI/CR/166239350957/POOJA SHARMA/KKBK0045457/pooja823@oksbi,TXN0255126,,18500.00,2313642.51
02/12/2022,UPI/DR/382907247762/MOHAMMED IRFAN/KKBK0045457/mohammed821@okhdfc,TXN0255127,49.00,,2313593.51
03/12/2022,UPI/DR/1057845332/HARISH MENON/KKBK0045457/harish714@paytm,TXN0255128,850.00,,2312743.51
03/12/2022,IMPS/P2P/6692982896/SURESH BABU/9819071158,TXN0255129,,500.00,2313243.51
03/12/2022,ATM/WDL/7999051034/HDFC ATM KORAMANGALA,TXN0255130,7800.00,,2305443.51
03/12/2022,CHQ NO 843063 CLEARING,TXN0255131,3499.00,,2301944.51
03/12/2022,UPI/DR/48306752/SANTOSH KUMAR/KKBK0045457/santosh705@paytm,TXN0255132,49.00,,2301895.51
03/12/2022,NEFT/96766374/NADIA HUSSAIN/KKBK0045457/39306817547296,TXN0255133,,32000.00,2333895.51
04/12/2022,NEFT/2432149436/RAMESH GOWDA/KKBK0045457/97734085369137,TXN0255134,,18500.00,2352395.51
04/12/2022,CASH DEPOSIT/BRANCH COUNTER/BANJARA HILLS HYDERABAD,TXN0255135,,32000.00,2384395.51
04/12/2022,IMPS/P2P/882920446048/RESHMA KHAN/7031541616,TXN0255136,,500.00,2384895.51
05/12/2022,NEFT/4546090899/PADMA RAO/KKBK0045457/33458670882967,TXN0255137,,850.00,2385745.51
05/12/2022,IMPS/P2P/50602131/KARTHIK MENON/8347610865,TXN0255138,,4800.00,2390545.51
05/12/2022,UPI/CR/673539869038/RAVI KUMAR SHARMA/KKBK0045457/ravi893@okhdfc,TXN0255139,,4800.00,2395345.51
06/12/2022,NEFT/7913519101/AYESHA KHAN/KKBK0045457/29533290526360,TXN0255140,,500.00,2395845.51
06/12/2022,NEFT/43241047/MALLIKA DAS/KKBK0045457/73144874494060,TXN0255141,,24000.00,2419845.51
06/12/2022,UPI/CR/535691250315/SHAHID KHAN/KKBK0045457/shahid150@ybl,TXN0255142,,18500.00,2438345.51
06/12/2022,NEFT/5920658513/MEERA PILLAI/KKBK0045457/16813468758859,TXN0255143,850.00,,2437495.51
06/12/2022,UPI/DR/24163870/TARA SINGH/KKBK0045457/tara808@okaxis,TXN0255144,249.00,,2437246.51
06/12/2022,ATM/WDL/92799815/CANARA ATM MYSURU,TXN0255145,699.00,,2436547.51
06/12/2022,CASH DEPOSIT/BRANCH COUNTER/BANJARA HILLS HYDERABAD,TXN0255146,,1200.00,2437747.51
06/12/2022,CHQ NO 637098 CLEARING,TXN0255147,120.00,,2437627.51
07/12/2022,CHQ NO 484368 CLEARING,TXN0255148,1680.00,,2435947.51
07/12/2022,UPI/DR/169415426604/NADIA HUSSAIN/KKBK0045457/nadia178@oksbi,TXN0255149,7800.00,,2428147.51
07/12/2022,CHQ NO 957913 CLEARING,TXN0255150,3499.00,,2424648.51
07/12/2022,NEFT/5783988480/FATIMA SHEIKH/KKBK0045457/17769020462382,TXN0255151,120.00,,2424528.51
07/12/2022,UPI/DR/85596899/ARJUN MEHTA/KKBK0045457/arjun284@paytm,TXN0255152,310.00,,2424218.51
07/12/2022,ATM/WDL/88467727/CANARA ATM MYSURU,TXN0255153,7800.00,,2416418.51
07/12/2022,CASH DEPOSIT/BRANCH COUNTER/BANJARA HILLS HYDERABAD,TXN0255154,,24000.00,2440418.51
08/12/2022,UPI/DR/5444002977/SUNIL YADAV/KKBK0045457/sunil85@oksbi,TXN0255155,5200.00,,2435218.51
08/12/2022,IMPS/P2P/728443491623/VENKAT RAO/8026118367,TXN0255156,,1200.00,2436418.51
08/12/2022,UPI/DR/9076024209/AYESHA KHAN/KKBK0045457/ayesha401@oksbi,TXN0255157,79.00,,2436339.51
08/12/2022,UPI/DR/3503081453/BINDHU NAIR/KKBK0045457/bindhu123@oksbi,TXN0255158,5200.00,,2431139.51
09/12/2022,IMPS/P2P/79046017/NADIA HUSSAIN/8597991933,TXN0255159,,18500.00,2449639.51
09/12/2022,ATM/WDL/85153574/CANARA ATM MYSURU,TXN0255160,310.00,,2449329.51
09/12/2022,ATM/WDL/515350590215/SBI ATM JAYANAGAR BLR,TXN0255161,5200.00,,2444129.51
09/12/2022,UPI/DR/548862035403/GEETA DEVI/KKBK0045457/geeta316@ybl,TXN0255162,5200.00,,2438929.51
09/12/2022,UPI/DR/04994415/SNEHA PATIL/KKBK0045457/sneha726@oksbi,TXN0255163,449.00,,2438480.51
09/12/2022,UPI/DR/020667886518/ARJUN MEHTA/KKBK0045457/arjun803@oksbi,TXN0255164,850.00,,2437630.51
09/12/2022,UPI/DR/2655329682/BINDHU NAIR/KKBK0045457/bindhu583@okhdfc,TXN0255165,850.00,,2436780.51
09/12/2022,UPI/DR/266580210902/SUSHMA RAO/KKBK0045457/sushma309@ybl,TXN0255166,49.00,,2436731.51
09/12/2022,CHQ NO 376965 CLEARING,TXN0255167,449.00,,2436282.51
09/12/2022,NEFT/984852562770/SANJANA HEGDE/KKBK0045457/75846642151483,TXN0255168,1250.00,,2435032.51
09/12/2022,NEFT/5522401686/VINAY PATIL/KKBK0045457/92927418416161,TXN0255169,,7600.00,2442632.51
09/12/2022,NEFT/97669429/SHEELA DEVI/KKBK0045457/27649113417680,TXN0255170,699.00,,2441933.51
09/12/2022,IMPS/P2P/9483456647/VINAY PATIL/8572267738,TXN0255171,,18500.00,2460433.51
10/12/2022,ATM/WDL/224343773164/HDFC ATM KORAMANGALA,TXN0255172,699.00,,2459734.51
10/12/2022,UPI/CR/48134288/SNEHA PATIL/KKBK0045457/sneha132@paytm,TXN0255173,,32000.00,2491734.51
10/12/2022,NEFT/09777963/VINAY PATIL/KKBK0045457/22324198202929,TXN0255174,120.00,,2491614.51
10/12/2022,UPI/DR/712870233221/REKHA PILLAI/KKBK0045457/rekha321@paytm,TXN0255175,850.00,,2490764.51
10/12/2022,CASH DEPOSIT/BRANCH COUNTER/BANJARA HILLS HYDERABAD,TXN0255176,,11200.00,2501964.51
10/12/2022,NEFT/55814651/MOHAMMED IRFAN/KKBK0045457/02857839150878,TXN0255177,5200.00,,2496764.51
11/12/2022,IMPS/P2P/54170929/FATIMA SHEIKH/9495162394,TXN0255178,,500.00,2497264.51
11/12/2022,UPI/DR/53886422/FARHAN KHAN/KKBK0045457/farhan719@ybl,TXN0255179,1250.00,,2496014.51
11/12/2022,NEFT/8667626956/BABU LAL/KKBK0045457/67349500435271,TXN0255180,3499.00,,2492515.51
11/12/2022,ATM/WDL/3777919874/CANARA ATM MYSURU,TXN0255181,7800.00,,2484715.51
11/12/2022,ATM/WDL/475432386528/CANARA ATM MYSURU,TXN0255182,79.00,,2484636.51
12/12/2022,NEFT/8330664455/FATIMA SHEIKH/KKBK0045457/05714503585633,TXN0255183,2380.00,,2482256.51
12/12/2022,IMPS/P2P/2004173154/LAKSHMI VENKAT/7521018200,TXN0255184,,1200.00,2483456.51
12/12/2022,CHQ NO 300836 CLEARING,TXN0255185,850.00,,2482606.51
12/12/2022,IMPS/P2P/639579074078/PADMA RAO/9953907505,TXN0255186,,32000.00,2514606.51
13/12/2022,CASH DEPOSIT/BRANCH COUNTER/BANJARA HILLS HYDERABAD,TXN0255187,,32000.00,2546606.51
13/12/2022,CASH DEPOSIT/BRANCH COUNTER/BANJARA HILLS HYDERABAD,TXN0255188,,7600.00,2554206.51
13/12/2022,CASH DEPOSIT/BRANCH COUNTER/BANJARA HILLS HYDERABAD,TXN0255189,,32000.00,2586206.51
13/12/2022,UPI/DR/1113960282/SUNITA DEVI/KKBK0045457/sunita79@okaxis,TXN0255190,49.00,,2586157.51
14/12/2022,UPI/DR/1811144071/SURESH BABU/KKBK0045457/suresh625@paytm,TXN0255191,120.00,,2586037.51
14/12/2022,NEFT/6010385845/KARTHIK MENON/KKBK0045457/69480014889677,TXN0255192,1250.00,,2584787.51
14/12/2022,CASH DEPOSIT/BRANCH COUNTER/BANJARA HILLS HYDERABAD,TXN0255193,,500.00,2585287.51
14/12/2022,NEFT/43286588/BABU LAL/KKBK0045457/16076313954711,TXN0255194,,11200.00,2596487.51
14/12/2022,NEFT/5419045877/RAVI KUMAR SHARMA/KKBK0045457/42938325472560,TXN0255195,,7600.00,2604087.51
14/12/2022,ATM/WDL/057515435786/HDFC ATM KORAMANGALA,TXN0255196,1250.00,,2602837.51
14/12/2022,UPI/DR/51616370/ADITYA KUMAR/KKBK0045457/aditya722@okhdfc,TXN0255197,1680.00,,2601157.51
15/12/2022,UPI/DR/738115184719/MOHAN DAS/KKBK0045457/mohan300@okhdfc,TXN0255198,699.00,,2600458.51
15/12/2022,CASH DEPOSIT/BRANCH COUNTER/BANJARA HILLS HYDERABAD,TXN0255199,,2500.00,2602958.51
15/12/2022,NEFT/3908466301/TANVI RAO/KKBK0045457/46557168092282,TXN0255200,49.00,,2602909.51
16/12/2022,ATM/WDL/24610735/CANARA ATM MYSURU,TXN0255201,1250.00,,2601659.51
16/12/2022,UPI/DR/18250925/SAVITHA DEVI/KKBK0045457/savitha547@paytm,TXN0255202,120.00,,2601539.51
16/12/2022,UPI/DR/8033747291/VIKRAM NAIR/KKBK0045457/vikram749@oksbi,TXN0255203,999.00,,2600540.51
16/12/2022,UPI/DR/927106197374/RAJESH VERMA/KKBK0045457/rajesh921@okaxis,TXN0255204,79.00,,2600461.51
16/12/2022,UPI/DR/776991671927/SAVITHA DEVI/KKBK0045457/savitha286@okhdfc,TXN0255205,249.00,,2600212.51
16/12/2022,NEFT/8400813904/TARA SINGH/KKBK0045457/97715296648358,TXN0255206,,18500.00,2618712.51
16/12/2022,NEFT/49125455/KARTHIK MENON/KKBK0045457/36505863665419,TXN0255207,,7600.00,2626312.51
17/12/2022,ATM/WDL/671871590600/SBI ATM JAYANAGAR BLR,TXN0255208,999.00,,2625313.51
17/12/2022,UPI/CR/0718131198/ARJUN MEHTA/KKBK0045457/arjun57@oksbi,TXN0255209,,2500.00,2627813.51
17/12/2022,ATM/WDL/249278596420/SBI ATM JAYANAGAR BLR,TXN0255210,699.00,,2627114.51
17/12/2022,NEFT/666150265747/SUSHMA RAO/KKBK0045457/93470944586999,TXN0255211,,1200.00,2628314.51
18/12/2022,IMPS/P2P/28930020/MEERA PILLAI/9194209359,TXN0255212,,32000.00,2660314.51
18/12/2022,NEFT/0328693384/IMRAN KHAN/KKBK0045457/19777705089267,TXN0255213,,18500.00,2678814.51
18/12/2022,CASH DEPOSIT/BRANCH COUNTER/BANJARA HILLS HYDERABAD,TXN0255214,,4800.00,2683614.51
18/12/2022,UPI/DR/4175565044/VINAY PATIL/KKBK0045457/vinay630@okhdfc,TXN0255215,850.00,,2682764.51
18/12/2022,UPI/DR/47467874/DIVYA MENON/KKBK0045457/divya95@okhdfc,TXN0255216,2380.00,,2680384.51
19/12/2022,CHQ NO 716431 CLEARING,TXN0255217,850.00,,2679534.51
19/12/2022,UPI/DR/8976273706/RAMESH PILLAI/KKBK0045457/ramesh963@oksbi,TXN0255218,999.00,,2678535.51
19/12/2022,CHQ NO 089443 CLEARING,TXN0255219,850.00,,2677685.51
19/12/2022,CHQ NO 788349 CLEARING,TXN0255220,5200.00,,2672485.51
19/12/2022,ATM/WDL/6995670493/SBI ATM JAYANAGAR BLR,TXN0255221,120.00,,2672365.51
19/12/2022,NEFT/24056828/SAVITHA DEVI/KKBK0045457/82733641037609,TXN0255222,49.00,,2672316.51
19/12/2022,ATM/WDL/55759701/HDFC ATM KORAMANGALA,TXN0255223,999.00,,2671317.51
19/12/2022,IMPS/P2P/5154194720/SHAHID KHAN/9618091984,TXN0255224,,4800.00,2676117.51
20/12/2022,CASH DEPOSIT/BRANCH COUNTER/BANJARA HILLS HYDERABAD,TXN0255225,,500.00,2676617.51
20/12/2022,UPI/DR/53449636/ANITHA KRISHNAN/KKBK0045457/anitha161@paytm,TXN0255226,120.00,,2676497.51
20/12/2022,CASH DEPOSIT/BRANCH COUNTER/BANJARA HILLS HYDERABAD,TXN0255227,,18500.00,2694997.51
20/12/2022,UPI/DR/0979849354/NAVEEN KUMAR/KKBK0045457/naveen848@paytm,TXN0255228,1250.00,,2693747.51
20/12/2022,CHQ NO 251126 CLEARING,TXN0255229,1680.00,,2692067.51
20/12/2022,UPI/DR/48100195/PRAKASH RAO/KKBK0045457/prakash211@ybl,TXN0255230,79.00,,2691988.51
21/12/2022,NEFT/6008376651/SANTOSH KUMAR/KKBK0045457/83469174689548,TXN0255231,,2500.00,2694488.51
21/12/2022,UPI/DR/9574425705/AYESHA KHAN/KKBK0045457/ayesha220@oksbi,TXN0255232,2380.00,,2692108.51
21/12/2022,ATM/WDL/680251939325/CANARA ATM MYSURU,TXN0255233,79.00,,2692029.51
21/12/2022,NEFT/390258019704/GANESH KUMAR/KKBK0045457/47773776717394,TXN0255234,,2500.00,2694529.51
21/12/2022,CHQ NO 832525 CLEARING,TXN0255235,120.00,,2694409.51
21/12/2022,UPI/CR/057902337850/GOPAL VERMA/KKBK0045457/gopal642@ybl,TXN0255236,,1200.00,2695609.51
22/12/2022,UPI/DR/660418181066/FATIMA SHEIKH/KKBK0045457/fatima120@oksbi,TXN0255237,3499.00,,2692110.51
22/12/2022,NEFT/702470532764/ANITHA KRISHNAN/KKBK0045457/50440581012882,TXN0255238,120.00,,2691990.51
22/12/2022,UPI/DR/6695132190/TANVI RAO/KKBK0045457/tanvi183@ybl,TXN0255239,5200.00,,2686790.51
22/12/2022,UPI/CR/23779662/SNEHA PATIL/KKBK0045457/sneha755@paytm,TXN0255240,,24000.00,2710790.51
22/12/2022,NEFT/703452842016/NAVEEN KUMAR/KKBK0045457/75873372253957,TXN0255241,999.00,,2709791.51
22/12/2022,CHQ NO 787410 CLEARING,TXN0255242,1680.00,,2708111.51
23/12/2022,IMPS/P2P/8413973849/VINAY PATIL/8755405773,TXN0255243,,850.00,2708961.51
23/12/2022,UPI/DR/3378509134/ANITHA KRISHNAN/KKBK0045457/anitha461@oksbi,TXN0255244,2380.00,,2706581.51
23/12/2022,NEFT/3388179028/BABU LAL/KKBK0045457/21248283537806,TXN0255245,79.00,,2706502.51
23/12/2022,CHQ NO 184243 CLEARING,TXN0255246,999.00,,2705503.51
23/12/2022,CASH DEPOSIT/BRANCH COUNTER/BANJARA HILLS HYDERABAD,TXN0255247,,24000.00,2729503.51
24/12/2022,ATM/WDL/9621067789/HDFC ATM KORAMANGALA,TXN0255248,120.00,,2729383.51
24/12/2022,CASH DEPOSIT/BRANCH COUNTER/BANJARA HILLS HYDERABAD,TXN0255249,,7600.00,2736983.51
24/12/2022,CASH DEPOSIT/BRANCH COUNTER/BANJARA HILLS HYDERABAD,TXN0255250,,32000.00,2768983.51
24/12/2022,UPI/DR/6015349474/FARHAN KHAN/KKBK0045457/farhan655@paytm,TXN0255251,249.00,,2768734.51
25/12/2022,UPI/CR/11249799/SNEHA PATIL/KKBK0045457/sneha962@ybl,TXN0255252,,18500.00,2787234.51
25/12/2022,UPI/CR/216228496126/GOPAL VERMA/KKBK0045457/gopal454@okhdfc,TXN0255253,,850.00,2788084.51
25/12/2022,NEFT/67114167/KIRAN REDDY/KKBK0045457/23960022241760,TXN0255254,5200.00,,2782884.51
26/12/2022,UPI/DR/877722333924/CHANDAN SHARMA/KKBK0045457/chandan71@paytm,TXN0255255,850.00,,2782034.51
26/12/2022,UPI/DR/0744804779/RAJESH VERMA/KKBK0045457/rajesh651@paytm,TXN0255256,3499.00,,2778535.51
26/12/2022,ATM/WDL/78595410/CANARA ATM MYSURU,TXN0255257,1680.00,,2776855.51
26/12/2022,IMPS/P2P/81449723/FATIMA SHEIKH/9548651957,TXN0255258,,7600.00,2784455.51
26/12/2022,UPI/DR/6017980935/VINAY PATIL/KKBK0045457/vinay436@oksbi,TXN0255259,999.00,,2783456.51
26/12/2022,CASH DEPOSIT/BRANCH COUNTER/BANJARA HILLS HYDERABAD,TXN0255260,,18500.00,2801956.51
26/12/2022,IMPS/P2P/44834234/SNEHA PATIL/8849472722,TXN0255261,,32000.00,2833956.51
27/12/2022,CASH DEPOSIT/BRANCH COUNTER/BANJARA HILLS HYDERABAD,TXN0255262,,11200.00,2845156.51
27/12/2022,CASH DEPOSIT/BRANCH COUNTER/BANJARA HILLS HYDERABAD,TXN0255263,,1200.00,2846356.51
27/12/2022,UPI/DR/2426402578/DEEPAK JOSHI/KKBK0045457/deepak387@ybl,TXN0255264,699.00,,2845657.51
27/12/2022,UPI/DR/300262386332/MEENA IYER/KKBK0045457/meena774@ybl,TXN0255265,999.00,,2844658.51
27/12/2022,UPI/DR/2772553401/ROHIT SHARMA/KKBK0045457/rohit480@ybl,TXN0255266,2380.00,,2842278.51
27/12/2022,CASH DEPOSIT/BRANCH COUNTER/BANJARA HILLS HYDERABAD,TXN0255267,,11200.00,2853478.51
27/12/2022,CASH DEPOSIT/BRANCH COUNTER/BANJARA HILLS HYDERABAD,TXN0255268,,1200.00,2854678.51
27/12/2022,ATM/WDL/596832678751/CANARA ATM MYSURU,TXN0255269,999.00,,2853679.51
28/12/2022,UPI/CR/613006362781/RAJESH VERMA/KKBK0045457/rajesh141@paytm,TXN0255270,,24000.00,2877679.51
28/12/2022,ATM/WDL/56002149/SBI ATM JAYANAGAR BLR,TXN0255271,79.00,,2877600.51
28/12/2022,CHQ NO 883157 CLEARING,TXN0255272,850.00,,2876750.51
28/12/2022,UPI/CR/1170603025/SNEHA PATIL/KKBK0045457/sneha690@okhdfc,TXN0255273,,850.00,2877600.51
28/12/2022,UPI/DR/746269074424/SHEELA DEVI/KKBK0045457/sheela419@oksbi,TXN0255274,249.00,,2877351.51
28/12/2022,UPI/DR/018969954417/NILESH KULKARNI/KKBK0045457/nilesh565@okhdfc,TXN0255275,5200.00,,2872151.51
29/12/2022,UPI/DR/35671801/RAVI KUMAR SHARMA/KKBK0045457/ravi595@paytm,TXN0255276,5200.00,,2866951.51
29/12/2022,UPI/DR/097514184636/ANAND KUMAR/KKBK0045457/anand275@okhdfc,TXN0255277,850.00,,2866101.51
29/12/2022,ATM/WDL/361017461915/HDFC ATM KORAMANGALA,TXN0255278,7800.00,,2858301.51
29/12/2022,CASH DEPOSIT/BRANCH COUNTER/BANJARA HILLS HYDERABAD,TXN0255279,,7600.00,2865901.51
30/12/2022,CASH DEPOSIT/BRANCH COUNTER/BANJARA HILLS HYDERABAD,TXN0255280,,7600.00,2873501.51
30/12/2022,UPI/DR/64550568/ARCHANA PILLAI/KKBK0045457/archana834@ybl,TXN0255281,120.00,,2873381.51
30/12/2022,IMPS/P2P/4913691226/LATHA MURTHY/9747281899,TXN0255282,,32000.00,2905381.51
30/12/2022,NEFT/076900477654/LALITHA DEVI/KKBK0045457/32428481555217,TXN0255283,,7600.00,2912981.51
30/12/2022,UPI/DR/2641361481/KAVERI MENON/KKBK0045457/kaveri609@oksbi,TXN0255284,79.00,,2912902.51
30/12/2022,IMPS/P2P/43015212/SHAHID KHAN/7495275140,TXN0255285,,11200.00,2924102.51
31/12/2022,IMPS/P2P/524072527290/NADIA HUSSAIN/8126598665,TXN0255286,,7600.00,2931702.51
31/12/2022,NEFT/464991550195/KAVERI MENON/KKBK0045457/99002820912552,TXN0255287,1250.00,,2930452.51
31/12/2022,UPI/DR/0290276830/NADIA HUSSAIN/KKBK0045457/nadia893@okaxis,TXN0255288,999.00,,2929453.51
31/12/2022,UPI/CR/2164873344/GOPAL VERMA/KKBK0045457/gopal907@okaxis,TXN0255289,,1200.00,2930653.51
31/12/2022,UPI/CR/6100294558/GEETA DEVI/KKBK0045457/geeta340@paytm,TXN0255290,,24000.00,2954653.51
31/12/2022,IMPS/P2P/81367829/SANJANA HEGDE/8698142153,TXN0255291,,4800.00,2959453.51
31/12/2022,UPI/DR/03298369/VIKRAM NAIR/KKBK0045457/vikram409@ybl,TXN0255292,1680.00,,2957773.51
31/12/2022,UPI/DR/42407914/LALITHA DEVI/KKBK0045457/lalitha353@ybl,TXN0255293,1250.00,,2956523.51
31/12/2022,NEFT/89653702/DIVYA MENON/KKBK0045457/44523899699413,TXN0255294,850.00,,2955673.51
31/12/2022,NEFT/91039391/RAJENDRA PRASAD/KKBK0045457/69491986442063,TXN0255295,,32000.00,2987673.51
01/01/2023,CASH DEPOSIT/BRANCH COUNTER/BANJARA HILLS HYDERABAD,TXN0255296,,24000.00,3011673.51
01/01/2023,NEFT/33453339/AYESHA KHAN/KKBK0045457/47421546307724,TXN0255297,49.00,,3011624.51
01/01/2023,ATM/WDL/2080777204/SBI ATM JAYANAGAR BLR,TXN0255298,7800.00,,3003824.51
01/01/2023,UPI/DR/03067175/RAMESH GOWDA/KKBK0045457/ramesh984@ybl,TXN0255299,5200.00,,2998624.51
01/01/2023,NEFT/360933363085/SUNIL YADAV/KKBK0045457/91333380120395,TXN0255300,,4800.00,3003424.51
01/01/2023,NEFT/7634086284/ARUN SHARMA/KKBK0045457/47957422048245,TXN0255301,7800.00,,2995624.51
02/01/2023,CASH DEPOSIT/BRANCH COUNTER/BANJARA HILLS HYDERABAD,TXN0255302,,850.00,2996474.51
02/01/2023,UPI/DR/00986869/ADITYA KUMAR/KKBK0045457/aditya887@ybl,TXN0255303,249.00,,2996225.51
02/01/2023,UPI/DR/1426957200/VIKRAM NAIR/KKBK0045457/vikram536@paytm,TXN0255304,3499.00,,2992726.51
02/01/2023,ATM/WDL/13202778/HDFC ATM KORAMANGALA,TXN0255305,120.00,,2992606.51
02/01/2023,UPI/DR/06349688/KARTHIK MENON/KKBK0045457/karthik587@ybl,TXN0255306,310.00,,2992296.51
03/01/2023,UPI/CR/744112678905/RAVI KUMAR SHARMA/KKBK0045457/ravi335@oksbi,TXN0255307,,4800.00,2997096.51
04/01/2023,UPI/DR/895920256913/VINAY PATIL/KKBK0045457/vinay936@okaxis,TXN0255308,2380.00,,2994716.51
04/01/2023,UPI/DR/87920443/CHANDAN SHARMA/KKBK0045457/chandan322@oksbi,TXN0255309,2380.00,,2992336.51
04/01/2023,UPI/DR/230324658328/BINDHU NAIR/KKBK0045457/bindhu106@okhdfc,TXN0255310,699.00,,2991637.51
04/01/2023,UPI/DR/2072212159/ARCHANA PILLAI/KKBK0045457/archana355@paytm,TXN0255311,999.00,,2990638.51
04/01/2023,NEFT/8354256956/SANTOSH KUMAR/KKBK0045457/90130863153523,TXN0255312,,2500.00,2993138.51
05/01/2023,NEFT/566993519402/RAJENDRA PRASAD/KKBK0045457/78939117078055,TXN0255313,310.00,,2992828.51
05/01/2023,NEFT/4160767955/RAJENDRA PRASAD/KKBK0045457/39421194164927,TXN0255314,850.00,,2991978.51
05/01/2023,UPI/DR/994249065148/KARTHIK MENON/KKBK0045457/karthik240@okaxis,TXN0255315,120.00,,2991858.51
05/01/2023,UPI/DR/5925181735/RAVI KUMAR SHARMA/KKBK0045457/ravi109@okaxis,TXN0255316,449.00,,2991409.51
06/01/2023,UPI/DR/519494525009/SHAHID KHAN/KKBK0045457/shahid68@okhdfc,TXN0255317,1250.00,,2990159.51
06/01/2023,NEFT/84198136/SURESH BABU/KKBK0045457/10774790683583,TXN0255318,,850.00,2991009.51
06/01/2023,UPI/CR/149635757134/DIVYA MENON/KKBK0045457/divya64@okhdfc,TXN0255319,,1200.00,2992209.51
06/01/2023,UPI/DR/17899510/KIRAN REDDY/KKBK0045457/kiran258@okhdfc,TXN0255320,850.00,,2991359.51
06/01/2023,ATM/WDL/77788511/CANARA ATM MYSURU,TXN0255321,3499.00,,2987860.51
06/01/2023,IMPS/P2P/66131471/ARCHANA PILLAI/8527589327,TXN0255322,,24000.00,3011860.51
06/01/2023,NEFT/36970602/NAVEEN KUMAR/KKBK0045457/49389667555745,TXN0255323,2380.00,,3009480.51
07/01/2023,CHQ NO 115762 CLEARING,TXN0255324,79.00,,3009401.51
07/01/2023,ATM/WDL/1151728048/SBI ATM JAYANAGAR BLR,TXN0255325,699.00,,3008702.51
07/01/2023,UPI/CR/4551234338/SAVITHA DEVI/KKBK0045457/savitha794@okhdfc,TXN0255326,,850.00,3009552.51
07/01/2023,UPI/DR/508457426246/LATHA MURTHY/KKBK0045457/latha184@okaxis,TXN0255327,449.00,,3009103.51
07/01/2023,CASH DEPOSIT/BRANCH COUNTER/BANJARA HILLS HYDERABAD,TXN0255328,,850.00,3009953.51
08/01/2023,IMPS/P2P/342270192688/ADITYA KUMAR/9449235723,TXN0255329,,1200.00,3011153.51
08/01/2023,CHQ NO 698726 CLEARING,TXN0255330,79.00,,3011074.51
08/01/2023,UPI/DR/62114433/SURESH NAIR/KKBK0045457/suresh217@okhdfc,TXN0255331,249.00,,3010825.51
08/01/2023,UPI/DR/7204408551/VENKAT RAO/KKBK0045457/venkat423@okhdfc,TXN0255332,249.00,,3010576.51
08/01/2023,IMPS/P2P/7115923981/DIVYA MENON/7389660147,TXN0255333,,1200.00,3011776.51
08/01/2023,UPI/DR/54916357/SURESH NAIR/KKBK0045457/suresh491@okaxis,TXN0255334,850.00,,3010926.51
08/01/2023,NEFT/414806647653/KAVITHA RAO/KKBK0045457/57453384527795,TXN0255335,,7600.00,3018526.51
09/01/2023,UPI/DR/0578949356/TANVI RAO/KKBK0045457/tanvi95@okhdfc,TXN0255336,699.00,,3017827.51
09/01/2023,ATM/WDL/420002235406/HDFC ATM KORAMANGALA,TXN0255337,3499.00,,3014328.51
09/01/2023,CASH DEPOSIT/BRANCH COUNTER/BANJARA HILLS HYDERABAD,TXN0255338,,850.00,3015178.51
09/01/2023,CASH DEPOSIT/BRANCH COUNTER/BANJARA HILLS HYDERABAD,TXN0255339,,24000.00,3039178.51
09/01/2023,UPI/CR/305457484554/NILESH KULKARNI/KKBK0045457/nilesh775@okhdfc,TXN0255340,,24000.00,3063178.51
09/01/2023,NEFT/1769957583/GEETA DEVI/KKBK0045457/91274456504758,TXN0255341,,500.00,3063678.51
09/01/2023,CASH DEPOSIT/BRANCH COUNTER/BANJARA HILLS HYDERABAD,TXN0255342,,500.00,3064178.51
10/01/2023,NEFT/658881702836/NILESH KULKARNI/KKBK0045457/74980816205365,TXN0255343,,32000.00,3096178.51
10/01/2023,CHQ NO 772216 CLEARING,TXN0255344,310.00,,3095868.51
11/01/2023,UPI/DR/37365969/RAMESH PILLAI/KKBK0045457/ramesh254@paytm,TXN0255345,999.00,,3094869.51
11/01/2023,ATM/WDL/43153950/CANARA ATM MYSURU,TXN0255346,1680.00,,3093189.51
11/01/2023,UPI/DR/751424217595/SUNITA DEVI/KKBK0045457/sunita107@paytm,TXN0255347,1250.00,,3091939.51
11/01/2023,UPI/DR/54315992/SURESH NAIR/KKBK0045457/suresh807@ybl,TXN0255348,5200.00,,3086739.51
11/01/2023,CASH DEPOSIT/BRANCH COUNTER/BANJARA HILLS HYDERABAD,TXN0255349,,7600.00,3094339.51
11/01/2023,UPI/DR/703440262772/CHANDAN SHARMA/KKBK0045457/chandan12@ybl,TXN0255350,999.00,,3093340.51
12/01/2023,UPI/DR/30552475/USHA RANI/KKBK0045457/usha247@paytm,TXN0255351,699.00,,3092641.51
12/01/2023,UPI/DR/2037476688/SUSHMA RAO/KKBK0045457/sushma273@okhdfc,TXN0255352,310.00,,3092331.51
12/01/2023,IMPS/P2P/7975710183/SANJANA HEGDE/7962367182,TXN0255353,,1200.00,3093531.51
13/01/2023,UPI/CR/411498010404/NIKHIL GUPTA/KKBK0045457/nikhil981@ybl,TXN0255354,,2500.00,3096031.51
13/01/2023,NEFT/9276330939/RAJESH VERMA/KKBK0045457/07572256176216,TXN0255355,,18500.00,3114531.51
13/01/2023,ATM/WDL/004351927376/HDFC ATM KORAMANGALA,TXN0255356,3499.00,,3111032.51
13/01/2023,NEFT/75685103/SUSHMA RAO/KKBK0045457/41322508530823,TXN0255357,49.00,,3110983.51
13/01/2023,CHQ NO 775591 CLEARING,TXN0255358,449.00,,3110534.51
13/01/2023,NEFT/7590472628/NIKHIL GUPTA/KKBK0045457/36777413396358,TXN0255359,310.00,,3110224.51
13/01/2023,NEFT/24117453/NAVEEN KUMAR/KKBK0045457/03765443622283,TXN0255360,120.00,,3110104.51
13/01/2023,CASH DEPOSIT/BRANCH COUNTER/BANJARA HILLS HYDERABAD,TXN0255361,,7600.00,3117704.51
13/01/2023,ATM/WDL/0515707637/SBI ATM JAYANAGAR BLR,TXN0255362,999.00,,3116705.51
13/01/2023,UPI/DR/9584096203/NIKHIL GUPTA/KKBK0045457/nikhil735@oksbi,TXN0255363,79.00,,3116626.51
14/01/2023,CASH DEPOSIT/BRANCH COUNTER/BANJARA HILLS HYDERABAD,TXN0255364,,2500.00,3119126.51
14/01/2023,UPI/DR/71897379/KAVYA REDDY/KKBK0045457/kavya728@paytm,TXN0255365,79.00,,3119047.51
14/01/2023,UPI/DR/71535332/NILESH KULKARNI/KKBK0045457/nilesh240@ybl,TXN0255366,79.00,,3118968.51
15/01/2023,CASH DEPOSIT/BRANCH COUNTER/BANJARA HILLS HYDERABAD,TXN0255367,,2500.00,3121468.51
15/01/2023,UPI/DR/4621787587/SHAHID KHAN/KKBK0045457/shahid869@oksbi,TXN0255368,850.00,,3120618.51
15/01/2023,CASH DEPOSIT/BRANCH COUNTER/BANJARA HILLS HYDERABAD,TXN0255369,,7600.00,3128218.51
15/01/2023,IMPS/P2P/371529908954/ARUN SHARMA/9018362678,TXN0255370,,11200.00,3139418.51
15/01/2023,UPI/DR/048525522692/MALLIKA DAS/KKBK0045457/mallika172@paytm,TXN0255371,3499.00,,3135919.51
16/01/2023,NEFT/860594500543/REKHA PILLAI/KKBK0045457/30852348297902,TXN0255372,1680.00,,3134239.51
16/01/2023,NEFT/01331764/LALITHA DEVI/KKBK0045457/59537528035431,TXN0255373,,4800.00,3139039.51
16/01/2023,UPI/CR/64302756/RANJIT SINGH/KKBK0045457/ranjit343@oksbi,TXN0255374,,2500.00,3141539.51
16/01/2023,ATM/WDL/817766975281/SBI ATM JAYANAGAR BLR,TXN0255375,3499.00,,3138040.51
16/01/2023,UPI/CR/6736693284/HARISH MENON/KKBK0045457/harish722@okaxis,TXN0255376,,11200.00,3149240.51
16/01/2023,NEFT/7216521343/SURESH NAIR/KKBK0045457/77807018225465,TXN0255377,,850.00,3150090.51
17/01/2023,UPI/DR/39354564/ROHIT SHARMA/KKBK0045457/rohit905@oksbi,TXN0255378,120.00,,3149970.51
17/01/2023,NEFT/76370156/USHA RANI/KKBK0045457/60826422834641,TXN0255379,699.00,,3149271.51
17/01/2023,NEFT/946143595113/PADMA RAO/KKBK0045457/37053920799886,TXN0255380,,850.00,3150121.51
18/01/2023,UPI/DR/5415041140/ANITHA KRISHNAN/KKBK0045457/anitha790@oksbi,TXN0255381,7800.00,,3142321.51
18/01/2023,CASH DEPOSIT/BRANCH COUNTER/BANJARA HILLS HYDERABAD,TXN0255382,,500.00,3142821.51
18/01/2023,UPI/CR/3180524936/BABU LAL/KKBK0045457/babu146@okaxis,TXN0255383,,32000.00,3174821.51
18/01/2023,CHQ NO 820387 CLEARING,TXN0255384,49.00,,3174772.51
18/01/2023,ATM/WDL/6883971424/SBI ATM JAYANAGAR BLR,TXN0255385,79.00,,3174693.51
18/01/2023,CHQ NO 630233 CLEARING,TXN0255386,1680.00,,3173013.51
18/01/2023,CHQ NO 390355 CLEARING,TXN0255387,449.00,,3172564.51
19/01/2023,NEFT/0349566725/GEETA DEVI/KKBK0045457/83659006014927,TXN0255388,699.00,,3171865.51
19/01/2023,UPI/DR/4014085565/GEETA DEVI/KKBK0045457/geeta253@paytm,TXN0255389,999.00,,3170866.51
19/01/2023,IMPS/P2P/93420178/BABU LAL/9985180119,TXN0255390,,7600.00,3178466.51
19/01/2023,ATM/WDL/447469379265/HDFC ATM KORAMANGALA,TXN0255391,49.00,,3178417.51
19/01/2023,UPI/DR/9857154466/MALLIKA DAS/KKBK0045457/mallika168@okhdfc,TXN0255392,249.00,,3178168.51
20/01/2023,NEFT/7547874313/RAMESH GOWDA/KKBK0045457/10747954087169,TXN0255393,,18500.00,3196668.51
20/01/2023,UPI/DR/08894959/ANITHA KRISHNAN/KKBK0045457/anitha846@okhdfc,TXN0255394,2380.00,,3194288.51
21/01/2023,CHQ NO 211670 CLEARING,TXN0255395,3499.00,,3190789.51
21/01/2023,NEFT/6328849350/MEERA PILLAI/KKBK0045457/08211545794069,TXN0255396,,850.00,3191639.51
21/01/2023,UPI/DR/8509285643/ARCHANA PILLAI/KKBK0045457/archana107@ybl,TXN0255397,1250.00,,3190389.51
22/01/2023,NEFT/2830970108/FARHAN KHAN/KKBK0045457/63364507404813,TXN0255398,449.00,,3189940.51
22/01/2023,UPI/DR/2916998827/KIRAN REDDY/KKBK0045457/kiran597@okaxis,TXN0255399,7800.00,,3182140.51
22/01/2023,CHQ NO 950910 CLEARING,TXN0255400,850.00,,3181290.51
22/01/2023,ATM/WDL/1294757553/HDFC ATM KORAMANGALA,TXN0255401,2380.00,,3178910.51
22/01/2023,ATM/WDL/808728136664/SBI ATM JAYANAGAR BLR,TXN0255402,3499.00,,3175411.51
23/01/2023,UPI/DR/46598036/ARJUN MEHTA/KKBK0045457/arjun843@oksbi,TXN0255403,49.00,,3175362.51
23/01/2023,ATM/WDL/796735962416/CANARA ATM MYSURU,TXN0255404,5200.00,,3170162.51
23/01/2023,UPI/CR/98714252/CHANDAN SHARMA/KKBK0045457/chandan902@ybl,TXN0255405,,32000.00,3202162.51
24/01/2023,UPI/DR/2887816756/SAVITHA DEVI/KKBK0045457/savitha910@ybl,TXN0255406,49.00,,3202113.51
24/01/2023,UPI/DR/90898158/ANITHA KRISHNAN/KKBK0045457/anitha886@okaxis,TXN0255407,249.00,,3201864.51
24/01/2023,CHQ NO 016370 CLEARING,TXN0255408,249.00,,3201615.51
24/01/2023,NEFT/05014052/SUSHMA RAO/KKBK0045457/58612646818767,TXN0255409,850.00,,3200765.51
25/01/2023,ATM/WDL/6039840318/HDFC ATM KORAMANGALA,TXN0255410,3499.00,,3197266.51
25/01/2023,NEFT/750022452659/KAVYA REDDY/KKBK0045457/06359472240228,TXN0255411,,18500.00,3215766.51
25/01/2023,UPI/DR/69222982/MEERA PILLAI/KKBK0045457/meera858@oksbi,TXN0255412,120.00,,3215646.51
25/01/2023,CHQ NO 218274 CLEARING,TXN0255413,449.00,,3215197.51
25/01/2023,CHQ NO 829315 CLEARING,TXN0255414,7800.00,,3207397.51
25/01/2023,UPI/CR/312203908589/NIKHIL GUPTA/KKBK0045457/nikhil298@ybl,TXN0255415,,7600.00,3214997.51
25/01/2023,UPI/DR/805637826983/ADITYA KUMAR/KKBK0045457/aditya684@okhdfc,TXN0255416,310.00,,3214687.51
25/01/2023,CHQ NO 608009 CLEARING,TXN0255417,3499.00,,3211188.51
26/01/2023,NEFT/0777621245/RAMESH PILLAI/KKBK0045457/89010466419877,TXN0255418,5200.00,,3205988.51
26/01/2023,UPI/DR/715953291204/VINAY PATIL/KKBK0045457/vinay421@okhdfc,TXN0255419,120.00,,3205868.51
26/01/2023,UPI/DR/88781205/NADIA HUSSAIN/KKBK0045457/nadia806@okhdfc,TXN0255420,850.00,,3205018.51
26/01/2023,UPI/DR/190219698495/BABU LAL/KKBK0045457/babu674@okaxis,TXN0255421,699.00,,3204319.51
26/01/2023,UPI/DR/13711487/RAMESH GOWDA/KKBK0045457/ramesh297@oksbi,TXN0255422,2380.00,,3201939.51
26/01/2023,UPI/DR/49644580/RAHUL SINGH/KKBK0045457/rahul917@ybl,TXN0255423,699.00,,3201240.51
26/01/2023,UPI/DR/9602982114/AYESHA KHAN/KKBK0045457/ayesha877@okhdfc,TXN0255424,3499.00,,3197741.51
26/01/2023,UPI/DR/790574025237/RAVI KUMAR SHARMA/KKBK0045457/ravi243@oksbi,TXN0255425,49.00,,3197692.51
26/01/2023,IMPS/P2P/8472836961/LALITHA DEVI/8075489444,TXN0255426,,850.00,3198542.51
27/01/2023,CASH DEPOSIT/BRANCH COUNTER/BANJARA HILLS HYDERABAD,TXN0255427,,32000.00,3230542.51
27/01/2023,IMPS/P2P/59770929/LATHA MURTHY/7718422395,TXN0255428,,850.00,3231392.51
27/01/2023,CASH DEPOSIT/BRANCH COUNTER/BANJARA HILLS HYDERABAD,TXN0255429,,18500.00,3249892.51
27/01/2023,UPI/DR/01286743/RESHMA KHAN/KKBK0045457/reshma904@oksbi,TXN0255430,7800.00,,3242092.51
27/01/2023,NEFT/932347881375/PRIYA NAIR/KKBK0045457/18951489866087,TXN0255431,,18500.00,3260592.51
27/01/2023,UPI/DR/328418590355/RAJENDRA PRASAD/KKBK0045457/rajendra715@paytm,TXN0255432,850.00,,3259742.51
28/01/2023,NEFT/54086110/SHEELA DEVI/KKBK0045457/67875436142750,TXN0255433,699.00,,3259043.51
28/01/2023,NEFT/130323861900/KAVERI MENON/KKBK0045457/70843001817268,TXN0255434,999.00,,3258044.51
28/01/2023,UPI/DR/11274821/IMRAN KHAN/KKBK0045457/imran522@paytm,TXN0255435,850.00,,3257194.51
28/01/2023,CHQ NO 619183 CLEARING,TXN0255436,999.00,,3256195.51
28/01/2023,CHQ NO 369984 CLEARING,TXN0255437,999.00,,3255196.51
28/01/2023,IMPS/P2P/8507657322/MOHAMMED IRFAN/7884017045,TXN0255438,,500.00,3255696.51
29/01/2023,IMPS/P2P/3378867724/SURESH BABU/9550431999,TXN0255439,,4800.00,3260496.51
29/01/2023,UPI/DR/8273112871/NAVEEN KUMAR/KKBK0045457/naveen578@oksbi,TXN0255440,49.00,,3260447.51
29/01/2023,UPI/DR/2199659290/PREETHI IYER/KKBK0045457/preethi745@ybl,TXN0255441,7800.00,,3252647.51
29/01/2023,UPI/DR/1699888401/BABU LAL/KKBK0045457/babu868@oksbi,TXN0255442,699.00,,3251948.51
29/01/2023,CASH DEPOSIT/BRANCH COUNTER/BANJARA HILLS HYDERABAD,TXN0255443,,4800.00,3256748.51
30/01/2023,CASH DEPOSIT/BRANCH COUNTER/BANJARA HILLS HYDERABAD,TXN0255444,,4800.00,3261548.51
30/01/2023,IMPS/P2P/60585689/PRIYA NAIR/7972194033,TXN0255445,,850.00,3262398.51
30/01/2023,NEFT/0265364813/SURESH BABU/KKBK0045457/53363811823491,TXN0255446,120.00,,3262278.51
31/01/2023,CHQ NO 748175 CLEARING,TXN0255447,310.00,,3261968.51
31/01/2023,UPI/DR/73384131/BABU LAL/KKBK0045457/babu442@oksbi,TXN0255448,449.00,,3261519.51
31/01/2023,ATM/WDL/333020868165/SBI ATM JAYANAGAR BLR,TXN0255449,850.00,,3260669.51
31/01/2023,UPI/DR/79819424/LALITHA DEVI/KKBK0045457/lalitha865@ybl,TXN0255450,249.00,,3260420.51
31/01/2023,CHQ NO 047356 CLEARING,TXN0255451,120.00,,3260300.51
31/01/2023,IMPS/P2P/2504795298/NILESH KULKARNI/9647750236,TXN0255452,,4800.00,3265100.51
31/01/2023,CHQ NO 625077 CLEARING,TXN0255453,3499.00,,3261601.51
31/01/2023,IMPS/P2P/604018758402/SHAHID KHAN/8225546506,TXN0255454,,4800.00,3266401.51
31/01/2023,NEFT/416713991096/TANVI RAO/KKBK0045457/75099966891171,TXN0255455,699.00,,3265702.51
31/01/2023,NEFT/23209091/LALITHA DEVI/KKBK0045457/98187761279909,TXN0255456,49.00,,3265653.51
01/02/2023,UPI/DR/440438546878/SUSHMA RAO/KKBK0045457/sushma282@ybl,TXN0255457,49.00,,3265604.51
01/02/2023,IMPS/P2P/9365588005/KAVITHA RAO/8163572869,TXN0255458,,11200.00,3276804.51
01/02/2023,ATM/WDL/62177677/SBI ATM JAYANAGAR BLR,TXN0255459,79.00,,3276725.51
01/02/2023,NEFT/350183970072/RAJESH VERMA/KKBK0045457/09072879565156,TXN0255460,249.00,,3276476.51
02/02/2023,CASH DEPOSIT/BRANCH COUNTER/BANJARA HILLS HYDERABAD,TXN0255461,,24000.00,3300476.51
02/02/2023,IMPS/P2P/89872985/KIRAN REDDY/7664519466,TXN0255462,,1200.00,3301676.51
02/02/2023,UPI/DR/22714577/CHANDAN SHARMA/KKBK0045457/chandan833@paytm,TXN0255463,699.00,,3300977.51
02/02/2023,NEFT/89198328/ARCHANA PILLAI/KKBK0045457/32049572178696,TXN0255464,,1200.00,3302177.51
02/02/2023,CASH DEPOSIT/BRANCH COUNTER/BANJARA HILLS HYDERABAD,TXN0255465,,4800.00,3306977.51
02/02/2023,CASH DEPOSIT/BRANCH COUNTER/BANJARA HILLS HYDERABAD,TXN0255466,,2500.00,3309477.51
02/02/2023,UPI/DR/72255604/NAVEEN KUMAR/KKBK0045457/naveen609@paytm,TXN0255467,7800.00,,3301677.51
02/02/2023,NEFT/786529283397/SAVITHA DEVI/KKBK0045457/12578453017577,TXN0255468,999.00,,3300678.51
02/02/2023,CHQ NO 514891 CLEARING,TXN0255469,49.00,,3300629.51
02/02/2023,CHQ NO 125750 CLEARING,TXN0255470,310.00,,3300319.51
02/02/2023,UPI/CR/437669615600/DIVYA MENON/KKBK0045457/divya134@okhdfc,TXN0255471,,850.00,3301169.51
02/02/2023,CHQ NO 409568 CLEARING,TXN0255472,79.00,,3301090.51
03/02/2023,CASH DEPOSIT/BRANCH COUNTER/BANJARA HILLS HYDERABAD,TXN0255473,,4800.00,3305890.51
03/02/2023,UPI/DR/5113983132/VIKRAM NAIR/KKBK0045457/vikram950@paytm,TXN0255474,3499.00,,3302391.51
03/02/2023,NEFT/50108765/RAMESH GOWDA/KKBK0045457/86413903989767,TXN0255475,1680.00,,3300711.51
03/02/2023,CASH DEPOSIT/BRANCH COUNTER/BANJARA HILLS HYDERABAD,TXN0255476,,4800.00,3305511.51
03/02/2023,NEFT/822636708519/ANAND KUMAR/KKBK0045457/48062179100987,TXN0255477,49.00,,3305462.51
04/02/2023,UPI/DR/774261905586/ANAND KUMAR/KKBK0045457/anand628@okaxis,TXN0255478,3499.00,,3301963.51
04/02/2023,UPI/DR/54330251/MOHAMMED IRFAN/KKBK0045457/mohammed47@okhdfc,TXN0255479,3499.00,,3298464.51
04/02/2023,UPI/DR/428435273428/SUNIL YADAV/KKBK0045457/sunil220@okhdfc,TXN0255480,449.00,,3298015.51
04/02/2023,UPI/DR/769428845871/SUNITA DEVI/KKBK0045457/sunita22@paytm,TXN0255481,5200.00,,3292815.51
04/02/2023,NEFT/52640793/GOPAL VERMA/KKBK0045457/45216449202927,TXN0255482,,1200.00,3294015.51
04/02/2023,CASH DEPOSIT/BRANCH COUNTER/BANJARA HILLS HYDERABAD,TXN0255483,,4800.00,3298815.51
04/02/2023,UPI/DR/978041605550/POOJA SHARMA/KKBK0045457/pooja105@paytm,TXN0255484,1680.00,,3297135.51
05/02/2023,CASH DEPOSIT/BRANCH COUNTER/BANJARA HILLS HYDERABAD,TXN0255485,,32000.00,3329135.51
05/02/2023,UPI/DR/96462710/ADITYA KUMAR/KKBK0045457/aditya106@oksbi,TXN0255486,49.00,,3329086.51
07/02/2023,IMPS/P2P/065580355595/GEETA DEVI/9843952560,TXN0255487,,500.00,3329586.51
07/02/2023,UPI/DR/486948362444/USHA RANI/KKBK0045457/usha638@paytm,TXN0255488,249.00,,3329337.51
07/02/2023,ATM/WDL/4421405218/HDFC ATM KORAMANGALA,TXN0255489,249.00,,3329088.51
07/02/2023,NEFT/05007942/GANESH KUMAR/KKBK0045457/24077611684580,TXN0255490,,500.00,3329588.51
07/02/2023,UPI/DR/15462023/USHA RANI/KKBK0045457/usha768@okhdfc,TXN0255491,310.00,,3329278.51
07/02/2023,NEFT/66425160/SANJANA HEGDE/KKBK0045457/84706273202450,TXN0255492,850.00,,3328428.51
07/02/2023,CASH DEPOSIT/BRANCH COUNTER/BANJARA HILLS HYDERABAD,TXN0255493,,24000.00,3352428.51
07/02/2023,UPI/DR/2661033255/ADITYA KUMAR/KKBK0045457/aditya15@oksbi,TXN0255494,249.00,,3352179.51
08/02/2023,UPI/DR/7743619644/GOPAL VERMA/KKBK0045457/gopal127@ybl,TXN0255495,3499.00,,3348680.51
08/02/2023,ATM/WDL/792753581608/SBI ATM JAYANAGAR BLR,TXN0255496,3499.00,,3345181.51
08/02/2023,UPI/DR/98163733/ANITHA KRISHNAN/KKBK0045457/anitha785@okhdfc,TXN0255497,1680.00,,3343501.51
08/02/2023,UPI/DR/073624967616/NADIA HUSSAIN/KKBK0045457/nadia55@okhdfc,TXN0255498,999.00,,3342502.51
08/02/2023,ATM/WDL/827214232882/HDFC ATM KORAMANGALA,TXN0255499,1680.00,,3340822.51
08/02/2023,UPI/CR/9940434822/GANESH KUMAR/KKBK0045457/ganesh893@okaxis,TXN0255500,,500.00,3341322.51
08/02/2023,ATM/WDL/243107684675/HDFC ATM KORAMANGALA,TXN0255501,310.00,,3341012.51
09/02/2023,UPI/CR/21125717/KIRAN REDDY/KKBK0045457/kiran904@paytm,TXN0255502,,7600.00,3348612.51
09/02/2023,UPI/CR/192427024097/RANJIT SINGH/KKBK0045457/ranjit543@okhdfc,TXN0255503,,32000.00,3380612.51
09/02/2023,CHQ NO 839916 CLEARING,TXN0255504,249.00,,3380363.51
09/02/2023,UPI/DR/529981833081/BABU LAL/KKBK0045457/babu491@oksbi,TXN0255505,7800.00,,3372563.51
09/02/2023,CHQ NO 058034 CLEARING,TXN0255506,249.00,,3372314.51
09/02/2023,NEFT/4608566607/RESHMA KHAN/KKBK0045457/95035671305002,TXN0255507,49.00,,3372265.51
10/02/2023,UPI/DR/3027029209/PRAKASH RAO/KKBK0045457/prakash585@okaxis,TXN0255508,999.00,,3371266.51
10/02/2023,UPI/CR/72127471/DEEPAK JOSHI/KKBK0045457/deepak653@ybl,TXN0255509,,500.00,3371766.51
10/02/2023,CASH DEPOSIT/BRANCH COUNTER/BANJARA HILLS HYDERABAD,TXN0255510,,18500.00,3390266.51
10/02/2023,UPI/CR/10201331/SAVITHA DEVI/KKBK0045457/savitha560@ybl,TXN0255511,,4800.00,3395066.51
10/02/2023,IMPS/P2P/8447460004/MEENA IYER/9282656970,TXN0255512,,32000.00,3427066.51
10/02/2023,NEFT/74826755/KIRAN REDDY/KKBK0045457/11586519151283,TXN0255513,,850.00,3427916.51
10/02/2023,UPI/DR/266004402941/RANJIT SINGH/KKBK0045457/ranjit90@okhdfc,TXN0255514,310.00,,3427606.51
10/02/2023,UPI/CR/311745734470/AYESHA KHAN/KKBK0045457/ayesha26@paytm,TXN0255515,,2500.00,3430106.51
11/02/2023,UPI/DR/66240613/MEENA IYER/KKBK0045457/meena383@paytm,TXN0255516,3499.00,,3426607.51
11/02/2023,ATM/WDL/68692908/HDFC ATM KORAMANGALA,TXN0255517,310.00,,3426297.51
11/02/2023,NEFT/2296393771/PREETHI IYER/KKBK0045457/50067122670401,TXN0255518,1680.00,,3424617.51
11/02/2023,UPI/DR/10137626/VENKAT RAO/KKBK0045457/venkat278@okaxis,TXN0255519,5200.00,,3419417.51
12/02/2023,NEFT/264472395163/SURESH BABU/KKBK0045457/84564367629629,TXN0255520,,1200.00,3420617.51
12/02/2023,UPI/CR/2298059830/RAMESH GOWDA/KKBK0045457/ramesh126@paytm,TXN0255521,,32000.00,3452617.51
13/02/2023,UPI/DR/1520839640/PREETHI IYER/KKBK0045457/preethi980@okaxis,TXN0255522,49.00,,3452568.51
13/02/2023,CASH DEPOSIT/BRANCH COUNTER/BANJARA HILLS HYDERABAD,TXN0255523,,2500.00,3455068.51
14/02/2023,UPI/DR/75732196/GOPAL VERMA/KKBK0045457/gopal241@paytm,TXN0255524,310.00,,3454758.51
14/02/2023,UPI/DR/65305765/SMITHA PILLAI/KKBK0045457/smitha18@okaxis,TXN0255525,249.00,,3454509.51
14/02/2023,NEFT/701401769513/ARJUN MEHTA/KKBK0045457/96782363373203,TXN0255526,1680.00,,3452829.51
14/02/2023,UPI/DR/2735694783/PADMA RAO/KKBK0045457/padma101@ybl,TXN0255527,310.00,,3452519.51
14/02/2023,UPI/DR/99324772/SANJANA HEGDE/KKBK0045457/sanjana434@oksbi,TXN0255528,850.00,,3451669.51
14/02/2023,UPI/DR/1478619275/KARTHIK MENON/KKBK0045457/karthik858@paytm,TXN0255529,2380.00,,3449289.51
14/02/2023,UPI/DR/594624314388/ARJUN MEHTA/KKBK0045457/arjun458@oksbi,TXN0255530,449.00,,3448840.51
15/02/2023,ATM/WDL/8153216303/HDFC ATM KORAMANGALA,TXN0255531,7800.00,,3441040.51
15/02/2023,ATM/WDL/39756797/SBI ATM JAYANAGAR BLR,TXN0255532,310.00,,3440730.51
15/02/2023,CHQ NO 711283 CLEARING,TXN0255533,850.00,,3439880.51
15/02/2023,NEFT/457572246814/PREETHI IYER/KKBK0045457/52593541285819,TXN0255534,,1200.00,3441080.51
15/02/2023,UPI/DR/79029341/SANTOSH KUMAR/KKBK0045457/santosh147@oksbi,TXN0255535,79.00,,3441001.51
16/02/2023,UPI/DR/05956348/NAVEEN KUMAR/KKBK0045457/naveen419@paytm,TXN0255536,999.00,,3440002.51
16/02/2023,NEFT/007404085639/SNEHA PATIL/KKBK0045457/80005212552214,TXN0255537,1250.00,,3438752.51
17/02/2023,IMPS/P2P/19411009/ROHIT SHARMA/7592709561,TXN0255538,,11200.00,3449952.51
17/02/2023,NEFT/83864007/NILESH KULKARNI/KKBK0045457/18469939826002,TXN0255539,,32000.00,3481952.51
17/02/2023,NEFT/57963226/AYESHA KHAN/KKBK0045457/02834579605919,TXN0255540,449.00,,3481503.51
18/02/2023,ATM/WDL/512683289943/HDFC ATM KORAMANGALA,TXN0255541,79.00,,3481424.51
18/02/2023,UPI/DR/220222632757/MOHAN DAS/KKBK0045457/mohan886@okhdfc,TXN0255542,249.00,,3481175.51
18/02/2023,NEFT/67997352/BABU LAL/KKBK0045457/22224550017671,TXN0255543,1680.00,,3479495.51
19/02/2023,ATM/WDL/86280402/CANARA ATM MYSURU,TXN0255544,999.00,,3478496.51
19/02/2023,IMPS/P2P/8361813010/RAHUL SINGH/9005709465,TXN0255545,,32000.00,3510496.51
19/02/2023,CASH DEPOSIT/BRANCH COUNTER/BANJARA HILLS HYDERABAD,TXN0255546,,1200.00,3511696.51
19/02/2023,UPI/DR/851624524263/LAKSHMI VENKAT/KKBK0045457/lakshmi785@okhdfc,TXN0255547,2380.00,,3509316.51
20/02/2023,NEFT/9889279121/DIVYA MENON/KKBK0045457/28927420485048,TXN0255548,,2500.00,3511816.51
20/02/2023,CHQ NO 779953 CLEARING,TXN0255549,7800.00,,3504016.51
20/02/2023,UPI/DR/1375864084/GEETA DEVI/KKBK0045457/geeta665@oksbi,TXN0255550,3499.00,,3500517.51
20/02/2023,CHQ NO 695899 CLEARING,TXN0255551,3499.00,,3497018.51
20/02/2023,NEFT/5145472373/DEEPAK JOSHI/KKBK0045457/33643504345982,TXN0255552,,32000.00,3529018.51
21/02/2023,NEFT/16122011/SANJANA HEGDE/KKBK0045457/46387408471727,TXN0255553,,1200.00,3530218.51
21/02/2023,NEFT/876323353859/SANJANA HEGDE/KKBK0045457/42493183845938,TXN0255554,79.00,,3530139.51
21/02/2023,ATM/WDL/8009496852/HDFC ATM KORAMANGALA,TXN0255555,79.00,,3530060.51
22/02/2023,CHQ NO 226944 CLEARING,TXN0255556,5200.00,,3524860.51
22/02/2023,NEFT/00613814/LALITHA DEVI/KKBK0045457/01413314038426,TXN0255557,,18500.00,3543360.51
22/02/2023,NEFT/67148700/SURESH BABU/KKBK0045457/96190648784021,TXN0255558,7800.00,,3535560.51
22/02/2023,UPI/CR/341010279414/VENKAT RAO/KKBK0045457/venkat490@okhdfc,TXN0255559,,18500.00,3554060.51
22/02/2023,ATM/WDL/7194648675/SBI ATM JAYANAGAR BLR,TXN0255560,49.00,,3554011.51
22/02/2023,UPI/DR/6479346813/SAVITHA DEVI/KKBK0045457/savitha204@oksbi,TXN0255561,120.00,,3553891.51
22/02/2023,UPI/DR/620845342554/SAVITHA DEVI/KKBK0045457/savitha497@okhdfc,TXN0255562,449.00,,3553442.51
22/02/2023,UPI/DR/613666932686/RAVI KUMAR SHARMA/KKBK0045457/ravi270@paytm,TXN0255563,1680.00,,3551762.51
22/02/2023,NEFT/795039637879/REKHA PILLAI/KKBK0045457/36934657465585,TXN0255564,5200.00,,3546562.51
23/02/2023,NEFT/8981556148/CHANDAN SHARMA/KKBK0045457/61147723246192,TXN0255565,2380.00,,3544182.51
23/02/2023,UPI/DR/934621592669/MOHAMMED IRFAN/KKBK0045457/mohammed781@paytm,TXN0255566,3499.00,,3540683.51
23/02/2023,ATM/WDL/938582142750/CANARA ATM MYSURU,TXN0255567,449.00,,3540234.51
23/02/2023,UPI/CR/430044972191/ANAND KUMAR/KKBK0045457/anand523@paytm,TXN0255568,,11200.00,3551434.51
23/02/2023,UPI/CR/307968789877/RAJESH VERMA/KKBK0045457/rajesh537@paytm,TXN0255569,,24000.00,3575434.51
23/02/2023,ATM/WDL/400496498949/SBI ATM JAYANAGAR BLR,TXN0255570,850.00,,3574584.51
23/02/2023,UPI/DR/717585571010/IMRAN KHAN/KKBK0045457/imran340@okhdfc,TXN0255571,3499.00,,3571085.51
23/02/2023,ATM/WDL/11874636/CANARA ATM MYSURU,TXN0255572,3499.00,,3567586.51
23/02/2023,UPI/DR/67127780/RANJIT SINGH/KKBK0045457/ranjit455@ybl,TXN0255573,449.00,,3567137.51
24/02/2023,CHQ NO 828800 CLEARING,TXN0255574,79.00,,3567058.51
24/02/2023,CHQ NO 938033 CLEARING,TXN0255575,7800.00,,3559258.51
24/02/2023,CHQ NO 480320 CLEARING,TXN0255576,999.00,,3558259.51
24/02/2023,UPI/DR/848050234842/RANJIT SINGH/KKBK0045457/ranjit677@paytm,TXN0255577,310.00,,3557949.51
24/02/2023,CHQ NO 828370 CLEARING,TXN0255578,449.00,,3557500.51
24/02/2023,NEFT/940960198601/RAJENDRA PRASAD/KKBK0045457/72619514784378,TXN0255579,1680.00,,3555820.51
24/02/2023,UPI/DR/49275262/PRIYA NAIR/KKBK0045457/priya302@okhdfc,TXN0255580,120.00,,3555700.51
24/02/2023,UPI/DR/592774304749/ANAND KUMAR/KKBK0045457/anand286@okaxis,TXN0255581,249.00,,3555451.51
25/02/2023,CHQ NO 738624 CLEARING,TXN0255582,49.00,,3555402.51
25/02/2023,CASH DEPOSIT/BRANCH COUNTER/BANJARA HILLS HYDERABAD,TXN0255583,,24000.00,3579402.51
25/02/2023,UPI/DR/994151111303/ANAND KUMAR/KKBK0045457/anand300@okaxis,TXN0255584,5200.00,,3574202.51
26/02/2023,CASH DEPOSIT/BRANCH COUNTER/BANJARA HILLS HYDERABAD,TXN0255585,,2500.00,3576702.51
26/02/2023,ATM/WDL/475058130057/HDFC ATM KORAMANGALA,TXN0255586,79.00,,3576623.51
26/02/2023,CASH DEPOSIT/BRANCH COUNTER/BANJARA HILLS HYDERABAD,TXN0255587,,11200.00,3587823.51
27/02/2023,UPI/DR/11745747/KAVITHA RAO/KKBK0045457/kavitha129@oksbi,TXN0255588,2380.00,,3585443.51
27/02/2023,UPI/CR/699302367951/MOHAN DAS/KKBK0045457/mohan112@okhdfc,TXN0255589,,500.00,3585943.51
27/02/2023,NEFT/0029305300/NADIA HUSSAIN/KKBK0045457/61467199801315,TXN0255590,,1200.00,3587143.51
27/02/2023,NEFT/4260309517/MEERA PILLAI/KKBK0045457/24562916476126,TXN0255591,2380.00,,3584763.51
27/02/2023,UPI/DR/727050063462/SHEELA DEVI/KKBK0045457/sheela647@oksbi,TXN0255592,5200.00,,3579563.51
27/02/2023,UPI/DR/378285170248/ARJUN MEHTA/KKBK0045457/arjun212@okaxis,TXN0255593,120.00,,3579443.51
27/02/2023,CASH DEPOSIT/BRANCH COUNTER/BANJARA HILLS HYDERABAD,TXN0255594,,850.00,3580293.51
27/02/2023,IMPS/P2P/161098582002/ARUN SHARMA/9484005964,TXN0255595,,500.00,3580793.51
28/02/2023,CASH DEPOSIT/BRANCH COUNTER/BANJARA HILLS HYDERABAD,TXN0255596,,850.00,3581643.51
28/02/2023,UPI/DR/8065801908/USHA RANI/KKBK0045457/usha630@oksbi,TXN0255597,79.00,,3581564.51
28/02/2023,UPI/DR/154406051068/HARISH MENON/KKBK0045457/harish906@paytm,TXN0255598,249.00,,3581315.51
28/02/2023,UPI/DR/04831050/ANITHA KRISHNAN/KKBK0045457/anitha792@ybl,TXN0255599,249.00,,3581066.51
28/02/2023,CHQ NO 459902 CLEARING,TXN0255600,7800.00,,3573266.51
01/03/2023,IMPS/P2P/8653846557/RESHMA KHAN/7868273683,TXN0255601,,500.00,3573766.51
01/03/2023,CHQ NO 336501 CLEARING,TXN0255602,999.00,,3572767.51
01/03/2023,UPI/CR/1048713713/SNEHA PATIL/KKBK0045457/sneha561@paytm,TXN0255603,,18500.00,3591267.51
01/03/2023,UPI/DR/0767875733/GEETA DEVI/KKBK0045457/geeta607@okhdfc,TXN0255604,999.00,,3590268.51
02/03/2023,CASH DEPOSIT/BRANCH COUNTER/BANJARA HILLS HYDERABAD,TXN0255605,,4800.00,3595068.51
02/03/2023,UPI/DR/2665990714/KAVERI MENON/KKBK0045457/kaveri730@okaxis,TXN0255606,249.00,,3594819.51
02/03/2023,ATM/WDL/81785522/HDFC ATM KORAMANGALA,TXN0255607,3499.00,,3591320.51
03/03/2023,NEFT/06149549/MOHAMMED IRFAN/KKBK0045457/03350641052048,TXN0255608,,24000.00,3615320.51
03/03/2023,IMPS/P2P/05638888/ADITYA KUMAR/7196163582,TXN0255609,,2500.00,3617820.51
03/03/2023,NEFT/2326116849/RAJESH VERMA/KKBK0045457/75978597221800,TXN0255610,,24000.00,3641820.51
03/03/2023,UPI/DR/9972874782/KARTHIK MENON/KKBK0045457/karthik989@okaxis,TXN0255611,79.00,,3641741.51
03/03/2023,UPI/CR/7877413060/TANVI RAO/KKBK0045457/tanvi355@oksbi,TXN0255612,,1200.00,3642941.51
03/03/2023,CASH DEPOSIT/BRANCH COUNTER/BANJARA HILLS HYDERABAD,TXN0255613,,32000.00,3674941.51
03/03/2023,CHQ NO 056462 CLEARING,TXN0255614,120.00,,3674821.51
04/03/2023,UPI/DR/0647797406/RAJESH VERMA/KKBK0045457/rajesh905@okaxis,TXN0255615,2380.00,,3672441.51
04/03/2023,CASH DEPOSIT/BRANCH COUNTER/BANJARA HILLS HYDERABAD,TXN0255616,,11200.00,3683641.51
04/03/2023,UPI/DR/3196486381/PRAKASH RAO/KKBK0045457/prakash352@okhdfc,TXN0255617,3499.00,,3680142.51
04/03/2023,CASH DEPOSIT/BRANCH COUNTER/BANJARA HILLS HYDERABAD,TXN0255618,,850.00,3680992.51
04/03/2023,NEFT/830544945270/HARISH MENON/KKBK0045457/80261914326765,TXN0255619,,24000.00,3704992.51
04/03/2023,IMPS/P2P/5185530339/MEENA IYER/7200979351,TXN0255620,,500.00,3705492.51
04/03/2023,ATM/WDL/2236502681/CANARA ATM MYSURU,TXN0255621,999.00,,3704493.51
05/03/2023,CHQ NO 104504 CLEARING,TXN0255622,249.00,,3704244.51
05/03/2023,NEFT/41602777/SAVITHA DEVI/KKBK0045457/26680812067507,TXN0255623,999.00,,3703245.51
05/03/2023,UPI/CR/35531689/NAVEEN KUMAR/KKBK0045457/naveen209@paytm,TXN0255624,,7600.00,3710845.51
05/03/2023,CASH DEPOSIT/BRANCH COUNTER/BANJARA HILLS HYDERABAD,TXN0255625,,7600.00,3718445.51
05/03/2023,UPI/CR/6064191913/RAMESH GOWDA/KKBK0045457/ramesh61@ybl,TXN0255626,,24000.00,3742445.51
05/03/2023,UPI/CR/933301787199/PADMA RAO/KKBK0045457/padma444@oksbi,TXN0255627,,18500.00,3760945.51
05/03/2023,NEFT/72200780/RESHMA KHAN/KKBK0045457/25614334205953,TXN0255628,,850.00,3761795.51
05/03/2023,UPI/DR/80127547/NADIA HUSSAIN/KKBK0045457/nadia216@paytm,TXN0255629,79.00,,3761716.51
05/03/2023,UPI/DR/9997733303/NIKHIL GUPTA/KKBK0045457/nikhil322@paytm,TXN0255630,3499.00,,3758217.51
05/03/2023,ATM/WDL/6176544579/SBI ATM JAYANAGAR BLR,TXN0255631,1250.00,,3756967.51
06/03/2023,ATM/WDL/24003969/CANARA ATM MYSURU,TXN0255632,249.00,,3756718.51
06/03/2023,UPI/DR/042843631275/USHA RANI/KKBK0045457/usha747@paytm,TXN0255633,249.00,,3756469.51
06/03/2023,UPI/DR/809100050291/TANVI RAO/KKBK0045457/tanvi347@oksbi,TXN0255634,249.00,,3756220.51
06/03/2023,UPI/DR/344591669461/NAVEEN KUMAR/KKBK0045457/naveen705@oksbi,TXN0255635,850.00,,3755370.51
06/03/2023,CASH DEPOSIT/BRANCH COUNTER/BANJARA HILLS HYDERABAD,TXN0255636,,11200.00,3766570.51
06/03/2023,UPI/DR/679201342289/RAHUL SINGH/KKBK0045457/rahul968@paytm,TXN0255637,79.00,,3766491.51
06/03/2023,NEFT/4003472044/KAVERI MENON/KKBK0045457/64454703902882,TXN0255638,310.00,,3766181.51
07/03/2023,NEFT/629574724990/ANITHA KRISHNAN/KKBK0045457/10756673701308,TXN0255639,,18500.00,3784681.51
07/03/2023,CHQ NO 896731 CLEARING,TXN0255640,3499.00,,3781182.51
07/03/2023,IMPS/P2P/7471016282/NADIA HUSSAIN/9584006239,TXN0255641,,500.00,3781682.51
07/03/2023,NEFT/86307707/SURESH NAIR/KKBK0045457/36251544981953,TXN0255642,,850.00,3782532.51
07/03/2023,NEFT/2403424904/NADIA HUSSAIN/KKBK0045457/98605813906635,TXN0255643,3499.00,,3779033.51
08/03/2023,NEFT/4293525833/MEERA PILLAI/KKBK0045457/38608848491668,TXN0255644,999.00,,3778034.51
08/03/2023,NEFT/145928402825/MOHAMMED IRFAN/KKBK0045457/13043277491405,TXN0255645,,32000.00,3810034.51
09/03/2023,UPI/DR/0866263806/VINAY PATIL/KKBK0045457/vinay279@ybl,TXN0255646,1680.00,,3808354.51
09/03/2023,UPI/DR/3202299383/KIRAN REDDY/KKBK0045457/kiran419@oksbi,TXN0255647,120.00,,3808234.51
09/03/2023,UPI/CR/33860627/RAVI KUMAR SHARMA/KKBK0045457/ravi137@oksbi,TXN0255648,,4800.00,3813034.51
09/03/2023,NEFT/992791586523/BINDHU NAIR/KKBK0045457/31774790966162,TXN0255649,,32000.00,3845034.51
09/03/2023,CHQ NO 839982 CLEARING,TXN0255650,1680.00,,3843354.51
09/03/2023,UPI/DR/99982016/FARHAN KHAN/KKBK0045457/farhan542@ybl,TXN0255651,449.00,,3842905.51
09/03/2023,ATM/WDL/56965274/CANARA ATM MYSURU,TXN0255652,2380.00,,3840525.51
09/03/2023,UPI/DR/538603000040/TANVI RAO/KKBK0045457/tanvi894@paytm,TXN0255653,699.00,,3839826.51
10/03/2023,UPI/DR/266070032140/SAVITHA DEVI/KKBK0045457/savitha965@okhdfc,TXN0255654,5200.00,,3834626.51
10/03/2023,CHQ NO 994991 CLEARING,TXN0255655,3499.00,,3831127.51
10/03/2023,UPI/CR/019781189404/LALITHA DEVI/KKBK0045457/lalitha366@okaxis,TXN0255656,,1200.00,3832327.51
10/03/2023,UPI/DR/9627366904/TANVI RAO/KKBK0045457/tanvi540@okaxis,TXN0255657,79.00,,3832248.51
11/03/2023,CASH DEPOSIT/BRANCH COUNTER/BANJARA HILLS HYDERABAD,TXN0255658,,2500.00,3834748.51
11/03/2023,UPI/DR/0655678480/SMITHA PILLAI/KKBK0045457/smitha387@ybl,TXN0255659,699.00,,3834049.51
11/03/2023,IMPS/P2P/38938302/TARA SINGH/8870471739,TXN0255660,,24000.00,3858049.51
11/03/2023,IMPS/P2P/8357300697/MOHAMMED IRFAN/8904080263,TXN0255661,,11200.00,3869249.51
11/03/2023,UPI/CR/37724838/SURESH BABU/KKBK0045457/suresh609@paytm,TXN0255662,,11200.00,3880449.51
12/03/2023,IMPS/P2P/7352535207/RAJESH VERMA/9397278009,TXN0255663,,850.00,3881299.51
12/03/2023,UPI/DR/977386594515/VIKRAM NAIR/KKBK0045457/vikram137@oksbi,TXN0255664,1250.00,,3880049.51
13/03/2023,UPI/DR/7357669092/KAVITHA RAO/KKBK0045457/kavitha120@oksbi,TXN0255665,699.00,,3879350.51
13/03/2023,UPI/DR/162227271203/PREETHI IYER/KKBK0045457/preethi284@paytm,TXN0255666,49.00,,3879301.51
13/03/2023,UPI/DR/415330238766/DIVYA MENON/KKBK0045457/divya94@ybl,TXN0255667,999.00,,3878302.51
13/03/2023,UPI/DR/74665972/USHA RANI/KKBK0045457/usha855@okaxis,TXN0255668,999.00,,3877303.51
13/03/2023,UPI/DR/4554112758/DEEPA NAIR/KKBK0045457/deepa835@okaxis,TXN0255669,449.00,,3876854.51
13/03/2023,NEFT/21472296/MEENA IYER/KKBK0045457/96848165023076,TXN0255670,3499.00,,3873355.51
13/03/2023,UPI/DR/71971549/NADIA HUSSAIN/KKBK0045457/nadia187@okhdfc,TXN0255671,3499.00,,3869856.51
14/03/2023,IMPS/P2P/38424953/DEEPA NAIR/8752355853,TXN0255672,,18500.00,3888356.51
14/03/2023,NEFT/713380677378/AYESHA KHAN/KKBK0045457/33530130223757,TXN0255673,2380.00,,3885976.51
14/03/2023,IMPS/P2P/5999397338/SMITHA PILLAI/9133704258,TXN0255674,,11200.00,3897176.51
14/03/2023,UPI/DR/566813261651/RAMESH GOWDA/KKBK0045457/ramesh209@oksbi,TXN0255675,249.00,,3896927.51
14/03/2023,UPI/DR/650185561057/DEEPAK JOSHI/KKBK0045457/deepak238@paytm,TXN0255676,1250.00,,3895677.51
14/03/2023,CHQ NO 000828 CLEARING,TXN0255677,310.00,,3895367.51
15/03/2023,ATM/WDL/611945266154/CANARA ATM MYSURU,TXN0255678,5200.00,,3890167.51
15/03/2023,CHQ NO 363967 CLEARING,TXN0255679,1680.00,,3888487.51
15/03/2023,CASH DEPOSIT/BRANCH COUNTER/BANJARA HILLS HYDERABAD,TXN0255680,,24000.00,3912487.51
15/03/2023,NEFT/1471802520/PREETHI IYER/KKBK0045457/21716961721926,TXN0255681,249.00,,3912238.51
15/03/2023,UPI/CR/9120379370/SUSHMA RAO/KKBK0045457/sushma522@paytm,TXN0255682,,850.00,3913088.51
15/03/2023,UPI/DR/04068076/KAVERI MENON/KKBK0045457/kaveri740@ybl,TXN0255683,79.00,,3913009.51
15/03/2023,CASH DEPOSIT/BRANCH COUNTER/BANJARA HILLS HYDERABAD,TXN0255684,,7600.00,3920609.51
15/03/2023,CHQ NO 826031 CLEARING,TXN0255685,310.00,,3920299.51
16/03/2023,UPI/DR/11675176/ANITHA KRISHNAN/KKBK0045457/anitha83@ybl,TXN0255686,5200.00,,3915099.51
16/03/2023,NEFT/7768091006/MOHAN DAS/KKBK0045457/25183911582595,TXN0255687,3499.00,,3911600.51
16/03/2023,NEFT/26975925/SUSHMA RAO/KKBK0045457/88956592666308,TXN0255688,2380.00,,3909220.51
16/03/2023,NEFT/79370263/SAVITHA DEVI/KKBK0045457/61981056369023,TXN0255689,120.00,,3909100.51
16/03/2023,ATM/WDL/30298545/HDFC ATM KORAMANGALA,TXN0255690,249.00,,3908851.51
16/03/2023,CHQ NO 912363 CLEARING,TXN0255691,1250.00,,3907601.51
17/03/2023,CHQ NO 992793 CLEARING,TXN0255692,1250.00,,3906351.51
17/03/2023,NEFT/90016993/GOPAL VERMA/KKBK0045457/41004854498938,TXN0255693,,7600.00,3913951.51
17/03/2023,NEFT/0462694437/DEEPAK JOSHI/KKBK0045457/41595908673067,TXN0255694,120.00,,3913831.51
17/03/2023,NEFT/110583503155/FARHAN KHAN/KKBK0045457/76479094729441,TXN0255695,,18500.00,3932331.51
17/03/2023,UPI/DR/948478649782/REKHA PILLAI/KKBK0045457/rekha306@okaxis,TXN0255696,3499.00,,3928832.51
18/03/2023,UPI/DR/601097175625/KAVERI MENON/KKBK0045457/kaveri767@ybl,TXN0255697,249.00,,3928583.51
18/03/2023,UPI/DR/651523413651/SHAHID KHAN/KKBK0045457/shahid87@okhdfc,TXN0255698,1680.00,,3926903.51
18/03/2023,UPI/CR/501135747297/TARA SINGH/KKBK0045457/tara110@oksbi,TXN0255699,,1200.00,3928103.51
18/03/2023,UPI/DR/7398070797/KAVYA REDDY/KKBK0045457/kavya287@okhdfc,TXN0255700,7800.00,,3920303.51
18/03/2023,UPI/DR/362770891380/RESHMA KHAN/KKBK0045457/reshma58@paytm,TXN0255701,79.00,,3920224.51
18/03/2023,UPI/CR/55564084/MEENA IYER/KKBK0045457/meena470@okhdfc,TXN0255702,,18500.00,3938724.51
19/03/2023,CHQ NO 511278 CLEARING,TXN0255703,3499.00,,3935225.51
19/03/2023,NEFT/95861443/VIKRAM NAIR/KKBK0045457/44535541109335,TXN0255704,7800.00,,3927425.51
19/03/2023,UPI/CR/96488213/NIKHIL GUPTA/KKBK0045457/nikhil628@paytm,TXN0255705,,850.00,3928275.51
19/03/2023,UPI/DR/0756152480/ROHIT SHARMA/KKBK0045457/rohit933@oksbi,TXN0255706,7800.00,,3920475.51
19/03/2023,UPI/DR/29807865/ARJUN MEHTA/KKBK0045457/arjun406@okaxis,TXN0255707,850.00,,3919625.51
19/03/2023,CASH DEPOSIT/BRANCH COUNTER/BANJARA HILLS HYDERABAD,TXN0255708,,1200.00,3920825.51
20/03/2023,UPI/DR/52987530/GEETA DEVI/KKBK0045457/geeta940@paytm,TXN0255709,449.00,,3920376.51
20/03/2023,UPI/DR/82177277/RAMESH GOWDA/KKBK0045457/ramesh184@paytm,TXN0255710,7800.00,,3912576.51
20/03/2023,NEFT/61150484/REKHA PILLAI/KKBK0045457/44711035485179,TXN0255711,3499.00,,3909077.51
20/03/2023,ATM/WDL/48362458/SBI ATM JAYANAGAR BLR,TXN0255712,850.00,,3908227.51
20/03/2023,NEFT/0094806866/PREETHI IYER/KKBK0045457/17072029025966,TXN0255713,310.00,,3907917.51
20/03/2023,CASH DEPOSIT/BRANCH COUNTER/BANJARA HILLS HYDERABAD,TXN0255714,,2500.00,3910417.51
20/03/2023,NEFT/229825845382/VENKAT RAO/KKBK0045457/41988630393565,TXN0255715,2380.00,,3908037.51
21/03/2023,UPI/CR/8974896631/LALITHA DEVI/KKBK0045457/lalitha472@ybl,TXN0255716,,18500.00,3926537.51
21/03/2023,CHQ NO 922991 CLEARING,TXN0255717,49.00,,3926488.51
21/03/2023,IMPS/P2P/93084638/VINAY PATIL/7079680196,TXN0255718,,7600.00,3934088.51
21/03/2023,UPI/CR/6755460760/SMITHA PILLAI/KKBK0045457/smitha528@paytm,TXN0255719,,850.00,3934938.51
21/03/2023,ATM/WDL/928650866007/SBI ATM JAYANAGAR BLR,TXN0255720,850.00,,3934088.51
22/03/2023,NEFT/17011074/BINDHU NAIR/KKBK0045457/15512221665747,TXN0255721,3499.00,,3930589.51
22/03/2023,NEFT/16330896/GOPAL VERMA/KKBK0045457/26063950882039,TXN0255722,1250.00,,3929339.51
22/03/2023,UPI/DR/85660772/KARTHIK MENON/KKBK0045457/karthik213@okhdfc,TXN0255723,120.00,,3929219.51
22/03/2023,UPI/CR/158318360100/LATHA MURTHY/KKBK0045457/latha489@okaxis,TXN0255724,,7600.00,3936819.51
22/03/2023,ATM/WDL/5245356819/CANARA ATM MYSURU,TXN0255725,7800.00,,3929019.51
22/03/2023,UPI/DR/80900441/SHAHID KHAN/KKBK0045457/shahid222@paytm,TXN0255726,1250.00,,3927769.51
22/03/2023,CASH DEPOSIT/BRANCH COUNTER/BANJARA HILLS HYDERABAD,TXN0255727,,500.00,3928269.51
22/03/2023,CHQ NO 384566 CLEARING,TXN0255728,999.00,,3927270.51
23/03/2023,CASH DEPOSIT/BRANCH COUNTER/BANJARA HILLS HYDERABAD,TXN0255729,,500.00,3927770.51
23/03/2023,IMPS/P2P/880786727109/RAJESH VERMA/7195152936,TXN0255730,,24000.00,3951770.51
23/03/2023,UPI/DR/2355090648/USHA RANI/KKBK0045457/usha991@ybl,TXN0255731,120.00,,3951650.51
23/03/2023,UPI/DR/3159236455/KAVYA REDDY/KKBK0045457/kavya446@okaxis,TXN0255732,3499.00,,3948151.51
23/03/2023,CHQ NO 469917 CLEARING,TXN0255733,1680.00,,3946471.51
23/03/2023,UPI/DR/9251099289/SHAHID KHAN/KKBK0045457/shahid142@oksbi,TXN0255734,449.00,,3946022.51
24/03/2023,CHQ NO 745351 CLEARING,TXN0255735,1680.00,,3944342.51
24/03/2023,ATM/WDL/28696352/HDFC ATM KORAMANGALA,TXN0255736,2380.00,,3941962.51
24/03/2023,UPI/DR/766883903388/KIRAN REDDY/KKBK0045457/kiran39@oksbi,TXN0255737,699.00,,3941263.51
24/03/2023,UPI/CR/7070140555/SURESH BABU/KKBK0045457/suresh124@ybl,TXN0255738,,18500.00,3959763.51
24/03/2023,CHQ NO 710210 CLEARING,TXN0255739,999.00,,3958764.51
24/03/2023,UPI/CR/1637046432/KAVYA REDDY/KKBK0045457/kavya899@okhdfc,TXN0255740,,500.00,3959264.51
25/03/2023,ATM/WDL/3237936379/HDFC ATM KORAMANGALA,TXN0255741,7800.00,,3951464.51
25/03/2023,CASH DEPOSIT/BRANCH COUNTER/BANJARA HILLS HYDERABAD,TXN0255742,,7600.00,3959064.51
25/03/2023,CHQ NO 622180 CLEARING,TXN0255743,310.00,,3958754.51
25/03/2023,CASH DEPOSIT/BRANCH COUNTER/BANJARA HILLS HYDERABAD,TXN0255744,,24000.00,3982754.51
26/03/2023,IMPS/P2P/645789720847/GANESH KUMAR/8260311497,TXN0255745,,18500.00,4001254.51
26/03/2023,IMPS/P2P/91043434/USHA RANI/7499808541,TXN0255746,,2500.00,4003754.51
26/03/2023,UPI/CR/371416263969/SHAHID KHAN/KKBK0045457/shahid622@paytm,TXN0255747,,7600.00,4011354.51
26/03/2023,NEFT/28027409/GANESH KUMAR/KKBK0045457/76735297942138,TXN0255748,,18500.00,4029854.51
27/03/2023,UPI/DR/9673461941/PRAKASH RAO/KKBK0045457/prakash931@paytm,TXN0255749,699.00,,4029155.51
27/03/2023,NEFT/41587551/POOJA SHARMA/KKBK0045457/05849976805380,TXN0255750,,18500.00,4047655.51
27/03/2023,ATM/WDL/606578774634/CANARA ATM MYSURU,TXN0255751,49.00,,4047606.51
27/03/2023,NEFT/02250866/HARISH MENON/KKBK0045457/18674774325658,TXN0255752,1250.00,,4046356.51
27/03/2023,UPI/DR/2378868254/TARA SINGH/KKBK0045457/tara409@ybl,TXN0255753,49.00,,4046307.51
27/03/2023,UPI/DR/94510492/NIKHIL GUPTA/KKBK0045457/nikhil329@oksbi,TXN0255754,699.00,,4045608.51
28/03/2023,UPI/DR/25554983/IMRAN KHAN/KKBK0045457/imran633@okhdfc,TXN0255755,120.00,,4045488.51
28/03/2023,CHQ NO 346494 CLEARING,TXN0255756,7800.00,,4037688.51
28/03/2023,ATM/WDL/877613309676/SBI ATM JAYANAGAR BLR,TXN0255757,999.00,,4036689.51
28/03/2023,UPI/DR/802307268777/MOHAMMED IRFAN/KKBK0045457/mohammed117@okhdfc,TXN0255758,449.00,,4036240.51
28/03/2023,CHQ NO 152958 CLEARING,TXN0255759,249.00,,4035991.51
29/03/2023,UPI/CR/3629035584/IMRAN KHAN/KKBK0045457/imran77@ybl,TXN0255760,,18500.00,4054491.51
29/03/2023,UPI/DR/438586976931/ARCHANA PILLAI/KKBK0045457/archana901@okhdfc,TXN0255761,2380.00,,4052111.51
29/03/2023,UPI/DR/4014769105/DEEPA NAIR/KKBK0045457/deepa436@okaxis,TXN0255762,850.00,,4051261.51
30/03/2023,ATM/WDL/6991241567/HDFC ATM KORAMANGALA,TXN0255763,699.00,,4050562.51
30/03/2023,ATM/WDL/180666758059/SBI ATM JAYANAGAR BLR,TXN0255764,310.00,,4050252.51
30/03/2023,NEFT/15988148/KARTHIK MENON/KKBK0045457/09022529885867,TXN0255765,,4800.00,4055052.51
31/03/2023,CHQ NO 814734 CLEARING,TXN0255766,1680.00,,4053372.51
31/03/2023,CHQ NO 991318 CLEARING,TXN0255767,449.00,,4052923.51
31/03/2023,CHQ NO 186965 CLEARING,TXN0255768,699.00,,4052224.51
31/03/2023,NEFT/47411001/NILESH KULKARNI/KKBK0045457/98522466724933,TXN0255769,49.00,,4052175.51
31/03/2023,ATM/WDL/5661550860/HDFC ATM KORAMANGALA,TXN0255770,449.00,,4051726.51
31/03/2023,UPI/DR/242801583222/TANVI RAO/KKBK0045457/tanvi741@oksbi,TXN0255771,449.00,,4051277.51
31/03/2023,UPI/DR/078834195783/ANITHA KRISHNAN/KKBK0045457/anitha538@ybl,TXN0255772,2380.00,,4048897.51
31/03/2023,CHQ NO 639181 CLEARING,TXN0255773,120.00,,4048777.51
01/04/2023,UPI/CR/743854260457/DEEPA NAIR/KKBK0045457/deepa952@okhdfc,TXN0255774,,2500.00,4051277.51
01/04/2023,CHQ NO 874987 CLEARING,TXN0255775,49.00,,4051228.51
01/04/2023,CASH DEPOSIT/BRANCH COUNTER/BANJARA HILLS HYDERABAD,TXN0255776,,2500.00,4053728.51
01/04/2023,IMPS/P2P/8429118086/SHAHID KHAN/7682537982,TXN0255777,,11200.00,4064928.51
02/04/2023,NEFT/595886031203/GOPAL VERMA/KKBK0045457/16807505728594,TXN0255778,1680.00,,4063248.51
02/04/2023,ATM/WDL/63196624/CANARA ATM MYSURU,TXN0255779,7800.00,,4055448.51
02/04/2023,NEFT/198782378156/VENKAT RAO/KKBK0045457/99733621258999,TXN0255780,,850.00,4056298.51
02/04/2023,UPI/DR/02344640/RAMESH PILLAI/KKBK0045457/ramesh170@ybl,TXN0255781,49.00,,4056249.51
02/04/2023,CASH DEPOSIT/BRANCH COUNTER/BANJARA HILLS HYDERABAD,TXN0255782,,7600.00,4063849.51
03/04/2023,UPI/DR/98293154/PADMA RAO/KKBK0045457/padma598@oksbi,TXN0255783,7800.00,,4056049.51
04/04/2023,NEFT/7248802663/PRAKASH RAO/KKBK0045457/17065563042335,TXN0255784,,850.00,4056899.51
04/04/2023,IMPS/P2P/9045207319/KIRAN REDDY/7770443503,TXN0255785,,24000.00,4080899.51
04/04/2023,UPI/DR/85289300/ROHIT SHARMA/KKBK0045457/rohit501@paytm,TXN0255786,7800.00,,4073099.51
05/04/2023,ATM/WDL/0221851183/HDFC ATM KORAMANGALA,TXN0255787,2380.00,,4070719.51
05/04/2023,CHQ NO 987741 CLEARING,TXN0255788,310.00,,4070409.51
05/04/2023,NEFT/12706638/VINAY PATIL/KKBK0045457/30844919083193,TXN0255789,,2500.00,4072909.51
05/04/2023,ATM/WDL/731111006479/HDFC ATM KORAMANGALA,TXN0255790,999.00,,4071910.51
05/04/2023,CASH DEPOSIT/BRANCH COUNTER/BANJARA HILLS HYDERABAD,TXN0255791,,11200.00,4083110.51
05/04/2023,UPI/CR/604487732976/MOHAN DAS/KKBK0045457/mohan125@paytm,TXN0255792,,500.00,4083610.51
06/04/2023,UPI/DR/0138745418/RAHUL SINGH/KKBK0045457/rahul781@oksbi,TXN0255793,120.00,,4083490.51
06/04/2023,UPI/CR/264182954318/SURESH BABU/KKBK0045457/suresh73@ybl,TXN0255794,,32000.00,4115490.51
06/04/2023,IMPS/P2P/37344054/PRIYA NAIR/7293235055,TXN0255795,,500.00,4115990.51
06/04/2023,UPI/DR/3161514860/FARHAN KHAN/KKBK0045457/farhan389@paytm,TXN0255796,1250.00,,4114740.51
07/04/2023,UPI/DR/41002987/PADMA RAO/KKBK0045457/padma40@okhdfc,TXN0255797,120.00,,4114620.51
07/04/2023,ATM/WDL/36330461/SBI ATM JAYANAGAR BLR,TXN0255798,249.00,,4114371.51
07/04/2023,UPI/DR/2239310793/ADITYA KUMAR/KKBK0045457/aditya49@ybl,TXN0255799,249.00,,4114122.51
07/04/2023,CHQ NO 053497 CLEARING,TXN0255800,850.00,,4113272.51
07/04/2023,ATM/WDL/70753121/CANARA ATM MYSURU,TXN0255801,1250.00,,4112022.51
07/04/2023,UPI/DR/348683284974/ARCHANA PILLAI/KKBK0045457/archana557@paytm,TXN0255802,5200.00,,4106822.51
07/04/2023,CHQ NO 094242 CLEARING,TXN0255803,1250.00,,4105572.51
07/04/2023,CHQ NO 896499 CLEARING,TXN0255804,999.00,,4104573.51
08/04/2023,NEFT/58605711/TANVI RAO/KKBK0045457/77749195676254,TXN0255805,,2500.00,4107073.51
08/04/2023,IMPS/P2P/357877384863/LALITHA DEVI/8915320415,TXN0255806,,4800.00,4111873.51
08/04/2023,UPI/DR/0687355828/SURESH NAIR/KKBK0045457/suresh964@ybl,TXN0255807,999.00,,4110874.51
08/04/2023,ATM/WDL/9126159398/SBI ATM JAYANAGAR BLR,TXN0255808,1250.00,,4109624.51
09/04/2023,ATM/WDL/193616308808/CANARA ATM MYSURU,TXN0255809,449.00,,4109175.51
09/04/2023,UPI/DR/194474075972/RAMESH PILLAI/KKBK0045457/ramesh100@oksbi,TXN0255810,999.00,,4108176.51
09/04/2023,UPI/DR/45506100/FATIMA SHEIKH/KKBK0045457/fatima713@paytm,TXN0255811,249.00,,4107927.51
09/04/2023,IMPS/P2P/52912034/KAVYA REDDY/8391914586,TXN0255812,,32000.00,4139927.51
09/04/2023,CASH DEPOSIT/BRANCH COUNTER/BANJARA HILLS HYDERABAD,TXN0255813,,24000.00,4163927.51
09/04/2023,NEFT/394031287371/SANTOSH KUMAR/KKBK0045457/53550250786720,TXN0255814,310.00,,4163617.51
10/04/2023,CASH DEPOSIT/BRANCH COUNTER/BANJARA HILLS HYDERABAD,TXN0255815,,24000.00,4187617.51
10/04/2023,NEFT/33489408/DIVYA MENON/KKBK0045457/87368263046184,TXN0255816,850.00,,4186767.51
10/04/2023,UPI/DR/8992734109/KAVITHA RAO/KKBK0045457/kavitha504@okhdfc,TXN0255817,699.00,,4186068.51
10/04/2023,UPI/DR/7341082480/NILESH KULKARNI/KKBK0045457/nilesh497@okhdfc,TXN0255818,49.00,,4186019.51
10/04/2023,CHQ NO 055284 CLEARING,TXN0255819,79.00,,4185940.51
10/04/2023,CASH DEPOSIT/BRANCH COUNTER/BANJARA HILLS HYDERABAD,TXN0255820,,32000.00,4217940.51
10/04/2023,UPI/CR/45457951/ANAND KUMAR/KKBK0045457/anand47@ybl,TXN0255821,,1200.00,4219140.51
10/04/2023,IMPS/P2P/55843075/MOHAN DAS/7035128084,TXN0255822,,11200.00,4230340.51
10/04/2023,ATM/WDL/6981781725/CANARA ATM MYSURU,TXN0255823,699.00,,4229641.51
11/04/2023,CASH DEPOSIT/BRANCH COUNTER/BANJARA HILLS HYDERABAD,TXN0255824,,32000.00,4261641.51
11/04/2023,CASH DEPOSIT/BRANCH COUNTER/BANJARA HILLS HYDERABAD,TXN0255825,,1200.00,4262841.51
11/04/2023,CASH DEPOSIT/BRANCH COUNTER/BANJARA HILLS HYDERABAD,TXN0255826,,1200.00,4264041.51
11/04/2023,UPI/DR/67800307/PRIYA NAIR/KKBK0045457/priya999@ybl,TXN0255827,3499.00,,4260542.51
11/04/2023,UPI/DR/06805288/GEETA DEVI/KKBK0045457/geeta483@okaxis,TXN0255828,1250.00,,4259292.51
11/04/2023,CASH DEPOSIT/BRANCH COUNTER/BANJARA HILLS HYDERABAD,TXN0255829,,18500.00,4277792.51
12/04/2023,CHQ NO 248990 CLEARING,TXN0255830,79.00,,4277713.51
12/04/2023,NEFT/21979193/SHAHID KHAN/KKBK0045457/27080252566538,TXN0255831,79.00,,4277634.51
13/04/2023,CASH DEPOSIT/BRANCH COUNTER/BANJARA HILLS HYDERABAD,TXN0255832,,11200.00,4288834.51
13/04/2023,NEFT/0703607545/MEENA IYER/KKBK0045457/87515994029277,TXN0255833,310.00,,4288524.51
13/04/2023,ATM/WDL/803178018036/CANARA ATM MYSURU,TXN0255834,79.00,,4288445.51
14/04/2023,CASH DEPOSIT/BRANCH COUNTER/BANJARA HILLS HYDERABAD,TXN0255835,,1200.00,4289645.51
14/04/2023,CASH DEPOSIT/BRANCH COUNTER/BANJARA HILLS HYDERABAD,TXN0255836,,4800.00,4294445.51
14/04/2023,NEFT/7734961238/IMRAN KHAN/KKBK0045457/86496542217640,TXN0255837,,18500.00,4312945.51
14/04/2023,NEFT/6696293232/RAVI KUMAR SHARMA/KKBK0045457/77701741811071,TXN0255838,,2500.00,4315445.51
15/04/2023,ATM/WDL/76948607/CANARA ATM MYSURU,TXN0255839,999.00,,4314446.51
15/04/2023,UPI/DR/845740584593/SNEHA PATIL/KKBK0045457/sneha83@ybl,TXN0255840,249.00,,4314197.51
15/04/2023,CASH DEPOSIT/BRANCH COUNTER/BANJARA HILLS HYDERABAD,TXN0255841,,11200.00,4325397.51
15/04/2023,NEFT/9627165108/SURESH BABU/KKBK0045457/88887101446727,TXN0255842,699.00,,4324698.51
15/04/2023,UPI/CR/178155998648/RESHMA KHAN/KKBK0045457/reshma455@okhdfc,TXN0255843,,24000.00,4348698.51
16/04/2023,UPI/DR/64963005/GOPAL VERMA/KKBK0045457/gopal885@okaxis,TXN0255844,49.00,,4348649.51
16/04/2023,NEFT/989563270454/MEENA IYER/KKBK0045457/10137480837526,TXN0255845,,32000.00,4380649.51
16/04/2023,IMPS/P2P/5494340105/LATHA MURTHY/8755208459,TXN0255846,,500.00,4381149.51
16/04/2023,UPI/DR/49801603/PREETHI IYER/KKBK0045457/preethi530@ybl,TXN0255847,1680.00,,4379469.51
16/04/2023,NEFT/175814753041/KARTHIK MENON/KKBK0045457/18277420967497,TXN0255848,120.00,,4379349.51
17/04/2023,NEFT/2882370457/ARUN SHARMA/KKBK0045457/45716893631115,TXN0255849,,18500.00,4397849.51
17/04/2023,NEFT/6680865446/FARHAN KHAN/KKBK0045457/57148561889987,TXN0255850,79.00,,4397770.51
17/04/2023,CHQ NO 145047 CLEARING,TXN0255851,2380.00,,4395390.51
17/04/2023,UPI/DR/168474496378/TANVI RAO/KKBK0045457/tanvi622@paytm,TXN0255852,249.00,,4395141.51
17/04/2023,NEFT/29512614/RAHUL SINGH/KKBK0045457/34993014357924,TXN0255853,,850.00,4395991.51
17/04/2023,UPI/DR/714196229643/SANJANA HEGDE/KKBK0045457/sanjana610@okaxis,TXN0255854,310.00,,4395681.51
18/04/2023,UPI/CR/950164742755/GEETA DEVI/KKBK0045457/geeta827@oksbi,TXN0255855,,1200.00,4396881.51
18/04/2023,UPI/CR/54401127/SUNITA DEVI/KKBK0045457/sunita597@ybl,TXN0255856,,11200.00,4408081.51
18/04/2023,UPI/DR/7899105697/ARUN SHARMA/KKBK0045457/arun52@paytm,TXN0255857,310.00,,4407771.51
19/04/2023,ATM/WDL/24100005/HDFC ATM KORAMANGALA,TXN0255858,120.00,,4407651.51
19/04/2023,CASH DEPOSIT/BRANCH COUNTER/BANJARA HILLS HYDERABAD,TXN0255859,,2500.00,4410151.51
19/04/2023,UPI/CR/42495553/SURESH NAIR/KKBK0045457/suresh666@paytm,TXN0255860,,850.00,4411001.51
20/04/2023,UPI/DR/87068159/RAMESH GOWDA/KKBK0045457/ramesh774@ybl,TXN0255861,49.00,,4410952.51
20/04/2023,ATM/WDL/0618360080/CANARA ATM MYSURU,TXN0255862,120.00,,4410832.51
20/04/2023,UPI/CR/94037978/ROHIT SHARMA/KKBK0045457/rohit915@okaxis,TXN0255863,,11200.00,4422032.51
20/04/2023,UPI/DR/7597972943/ARCHANA PILLAI/KKBK0045457/archana845@okaxis,TXN0255864,1250.00,,4420782.51
21/04/2023,UPI/DR/56961406/KAVYA REDDY/KKBK0045457/kavya201@okaxis,TXN0255865,699.00,,4420083.51
21/04/2023,UPI/DR/4988356860/GOPAL VERMA/KKBK0045457/gopal287@okaxis,TXN0255866,310.00,,4419773.51
21/04/2023,UPI/DR/5657693066/RAJENDRA PRASAD/KKBK0045457/rajendra489@paytm,TXN0255867,79.00,,4419694.51
21/04/2023,IMPS/P2P/155350742931/LATHA MURTHY/9210290936,TXN0255868,,7600.00,4427294.51
21/04/2023,NEFT/277793859691/KIRAN REDDY/KKBK0045457/36762958178198,TXN0255869,,18500.00,4445794.51
21/04/2023,UPI/CR/21365429/FATIMA SHEIKH/KKBK0045457/fatima642@okhdfc,TXN0255870,,500.00,4446294.51
21/04/2023,UPI/DR/7974411635/BABU LAL/KKBK0045457/babu934@ybl,TXN0255871,1680.00,,4444614.51
21/04/2023,NEFT/401349493510/SURESH BABU/KKBK0045457/31876409156862,TXN0255872,2380.00,,4442234.51
21/04/2023,ATM/WDL/893553957332/CANARA ATM MYSURU,TXN0255873,999.00,,4441235.51
22/04/2023,UPI/DR/6433604118/DEEPA NAIR/KKBK0045457/deepa167@ybl,TXN0255874,310.00,,4440925.51
22/04/2023,NEFT/672144510241/LAKSHMI VENKAT/KKBK0045457/88531029981568,TXN0255875,,4800.00,4445725.51
22/04/2023,UPI/DR/295519973772/RAJENDRA PRASAD/KKBK0045457/rajendra385@okhdfc,TXN0255876,249.00,,4445476.51
23/04/2023,UPI/DR/228622492309/AYESHA KHAN/KKBK0045457/ayesha88@okhdfc,TXN0255877,49.00,,4445427.51
24/04/2023,NEFT/1410365021/FATIMA SHEIKH/KKBK0045457/70727122047964,TXN0255878,449.00,,4444978.51
24/04/2023,UPI/DR/27958924/PRIYA NAIR/KKBK0045457/priya636@ybl,TXN0255879,699.00,,4444279.51
24/04/2023,NEFT/4487725813/NADIA HUSSAIN/KKBK0045457/65066007267919,TXN0255880,,500.00,4444779.51
24/04/2023,UPI/DR/9935995668/SANTOSH KUMAR/KKBK0045457/santosh486@okaxis,TXN0255881,850.00,,4443929.51
25/04/2023,NEFT/594833634219/RAMESH PILLAI/KKBK0045457/74781953278374,TXN0255882,5200.00,,4438729.51
25/04/2023,NEFT/4717991309/FARHAN KHAN/KKBK0045457/26142192164964,TXN0255883,,7600.00,4446329.51
25/04/2023,IMPS/P2P/901149595559/FATIMA SHEIKH/8383238900,TXN0255884,,7600.00,4453929.51
25/04/2023,IMPS/P2P/9330823970/SUNIL YADAV/8367965239,TXN0255885,,1200.00,4455129.51
25/04/2023,NEFT/27283080/KIRAN REDDY/KKBK0045457/16616678958349,TXN0255886,,18500.00,4473629.51
25/04/2023,UPI/CR/62665825/SURESH NAIR/KKBK0045457/suresh768@paytm,TXN0255887,,500.00,4474129.51
25/04/2023,IMPS/P2P/63765513/GOPAL VERMA/8634963867,TXN0255888,,24000.00,4498129.51
26/04/2023,UPI/DR/926168158250/SUSHMA RAO/KKBK0045457/sushma435@oksbi,TXN0255889,449.00,,4497680.51
26/04/2023,ATM/WDL/3891926149/HDFC ATM KORAMANGALA,TXN0255890,1250.00,,4496430.51
26/04/2023,IMPS/P2P/9658623441/SANJANA HEGDE/9949402587,TXN0255891,,850.00,4497280.51
26/04/2023,UPI/DR/47328363/RAJENDRA PRASAD/KKBK0045457/rajendra794@okaxis,TXN0255892,310.00,,4496970.51
26/04/2023,IMPS/P2P/718274618399/PRAKASH RAO/9875439299,TXN0255893,,24000.00,4520970.51
26/04/2023,IMPS/P2P/70255466/LAKSHMI VENKAT/9077460750,TXN0255894,,24000.00,4544970.51
26/04/2023,ATM/WDL/3686933590/SBI ATM JAYANAGAR BLR,TXN0255895,3499.00,,4541471.51
27/04/2023,UPI/DR/162883997912/KAVITHA RAO/KKBK0045457/kavitha758@okaxis,TXN0255896,1250.00,,4540221.51
27/04/2023,UPI/DR/569447952651/PREETHI IYER/KKBK0045457/preethi753@okaxis,TXN0255897,310.00,,4539911.51
28/04/2023,UPI/DR/73080635/DEEPAK JOSHI/KKBK0045457/deepak414@okhdfc,TXN0255898,1250.00,,4538661.51
28/04/2023,CHQ NO 536499 CLEARING,TXN0255899,2380.00,,4536281.51
28/04/2023,ATM/WDL/18013038/SBI ATM JAYANAGAR BLR,TXN0255900,699.00,,4535582.51
28/04/2023,NEFT/2341297571/KAVYA REDDY/KKBK0045457/24975220277127,TXN0255901,120.00,,4535462.51
28/04/2023,UPI/DR/516953752982/RANJIT SINGH/KKBK0045457/ranjit468@paytm,TXN0255902,850.00,,4534612.51
28/04/2023,UPI/DR/2601316198/VENKAT RAO/KKBK0045457/venkat775@oksbi,TXN0255903,249.00,,4534363.51
28/04/2023,NEFT/1493406738/SMITHA PILLAI/KKBK0045457/81389772018293,TXN0255904,2380.00,,4531983.51
29/04/2023,CHQ NO 458621 CLEARING,TXN0255905,5200.00,,4526783.51
29/04/2023,UPI/CR/38730342/MEENA IYER/KKBK0045457/meena716@ybl,TXN0255906,,1200.00,4527983.51
29/04/2023,UPI/DR/638012520972/TARA SINGH/KKBK0045457/tara168@oksbi,TXN0255907,999.00,,4526984.51
29/04/2023,UPI/DR/40609124/NIKHIL GUPTA/KKBK0045457/nikhil952@oksbi,TXN0255908,49.00,,4526935.51
29/04/2023,UPI/DR/8270237770/SANJANA HEGDE/KKBK0045457/sanjana988@paytm,TXN0255909,1680.00,,4525255.51
29/04/2023,CASH DEPOSIT/BRANCH COUNTER/BANJARA HILLS HYDERABAD,TXN0255910,,4800.00,4530055.51
29/04/2023,CASH DEPOSIT/BRANCH COUNTER/BANJARA HILLS HYDERABAD,TXN0255911,,11200.00,4541255.51
30/04/2023,CASH DEPOSIT/BRANCH COUNTER/BANJARA HILLS HYDERABAD,TXN0255912,,24000.00,4565255.51
30/04/2023,IMPS/P2P/491170391950/SHEELA DEVI/8435905820,TXN0255913,,18500.00,4583755.51
30/04/2023,NEFT/612216191775/KAVERI MENON/KKBK0045457/68748395810914,TXN0255914,49.00,,4583706.51
01/05/2023,ATM/WDL/790211492573/CANARA ATM MYSURU,TXN0255915,3499.00,,4580207.51
02/05/2023,UPI/DR/944261982610/VINAY PATIL/KKBK0045457/vinay776@okaxis,TXN0255916,1680.00,,4578527.51
02/05/2023,CASH DEPOSIT/BRANCH COUNTER/BANJARA HILLS HYDERABAD,TXN0255917,,11200.00,4589727.51
02/05/2023,UPI/DR/784541949324/SAVITHA DEVI/KKBK0045457/savitha875@okhdfc,TXN0255918,7800.00,,4581927.51
03/05/2023,UPI/DR/9002458172/DEEPA NAIR/KKBK0045457/deepa726@paytm,TXN0255919,1680.00,,4580247.51
03/05/2023,UPI/DR/278226693589/USHA RANI/KKBK0045457/usha602@okhdfc,TXN0255920,2380.00,,4577867.51
03/05/2023,ATM/WDL/8110728355/SBI ATM JAYANAGAR BLR,TXN0255921,999.00,,4576868.51
04/05/2023,CHQ NO 151711 CLEARING,TXN0255922,249.00,,4576619.51
04/05/2023,UPI/CR/62922102/DEEPAK JOSHI/KKBK0045457/deepak236@okhdfc,TXN0255923,,18500.00,4595119.51
04/05/2023,NEFT/24149721/REKHA PILLAI/KKBK0045457/11052517948510,TXN0255924,,11200.00,4606319.51
05/05/2023,UPI/DR/0814959154/GANESH KUMAR/KKBK0045457/ganesh233@paytm,TXN0255925,3499.00,,4602820.51
06/05/2023,IMPS/P2P/6033116250/SUNIL YADAV/8854706610,TXN0255926,,18500.00,4621320.51
06/05/2023,UPI/CR/498674823970/MOHAN DAS/KKBK0045457/mohan976@okaxis,TXN0255927,,7600.00,4628920.51
06/05/2023,UPI/DR/349854626911/SANJANA HEGDE/KKBK0045457/sanjana824@okaxis,TXN0255928,1680.00,,4627240.51
06/05/2023,UPI/DR/5283832471/ARJUN MEHTA/KKBK0045457/arjun329@oksbi,TXN0255929,3499.00,,4623741.51
06/05/2023,CHQ NO 234426 CLEARING,TXN0255930,1250.00,,4622491.51
07/05/2023,NEFT/776987374496/MALLIKA DAS/KKBK0045457/66525697133705,TXN0255931,79.00,,4622412.51
07/05/2023,UPI/DR/01013711/ARJUN MEHTA/KKBK0045457/arjun835@okaxis,TXN0255932,79.00,,4622333.51
07/05/2023,NEFT/355621327907/IMRAN KHAN/KKBK0045457/81462695784025,TXN0255933,850.00,,4621483.51
07/05/2023,UPI/DR/855648901618/VINAY PATIL/KKBK0045457/vinay739@okhdfc,TXN0255934,310.00,,4621173.51
07/05/2023,UPI/CR/282347058866/LATHA MURTHY/KKBK0045457/latha630@okaxis,TXN0255935,,4800.00,4625973.51
07/05/2023,UPI/DR/7573032482/BINDHU NAIR/KKBK0045457/bindhu144@paytm,TXN0255936,850.00,,4625123.51
08/05/2023,IMPS/P2P/5952951648/RANJIT SINGH/8099914665,TXN0255937,,2500.00,4627623.51
08/05/2023,CASH DEPOSIT/BRANCH COUNTER/BANJARA HILLS HYDERABAD,TXN0255938,,24000.00,4651623.51
08/05/2023,ATM/WDL/26092265/CANARA ATM MYSURU,TXN0255939,1250.00,,4650373.51
08/05/2023,NEFT/923912192768/RAHUL SINGH/KKBK0045457/97720480299848,TXN0255940,850.00,,4649523.51
08/05/2023,ATM/WDL/3516217768/CANARA ATM MYSURU,TXN0255941,310.00,,4649213.51
09/05/2023,NEFT/27679828/ARUN SHARMA/KKBK0045457/38519446104420,TXN0255942,999.00,,4648214.51
09/05/2023,CHQ NO 552454 CLEARING,TXN0255943,49.00,,4648165.51
09/05/2023,CASH DEPOSIT/BRANCH COUNTER/BANJARA HILLS HYDERABAD,TXN0255944,,500.00,4648665.51
09/05/2023,UPI/CR/573108714619/MOHAN DAS/KKBK0045457/mohan799@okaxis,TXN0255945,,18500.00,4667165.51
09/05/2023,UPI/DR/0272045461/VINAY PATIL/KKBK0045457/vinay918@ybl,TXN0255946,2380.00,,4664785.51
09/05/2023,NEFT/994481351402/TANVI RAO/KKBK0045457/38035258274666,TXN0255947,2380.00,,4662405.51
09/05/2023,CHQ NO 805111 CLEARING,TXN0255948,699.00,,4661706.51
10/05/2023,IMPS/P2P/457046426049/NAVEEN KUMAR/9806256856,TXN0255949,,1200.00,4662906.51
10/05/2023,NEFT/5954182121/MOHAMMED IRFAN/KKBK0045457/58920415658886,TXN0255950,,32000.00,4694906.51
10/05/2023,CASH DEPOSIT/BRANCH COUNTER/BANJARA HILLS HYDERABAD,TXN0255951,,11200.00,4706106.51
10/05/2023,CHQ NO 212669 CLEARING,TXN0255952,999.00,,4705107.51
10/05/2023,ATM/WDL/49770043/CANARA ATM MYSURU,TXN0255953,1680.00,,4703427.51
10/05/2023,UPI/DR/6047649232/BINDHU NAIR/KKBK0045457/bindhu76@oksbi,TXN0255954,49.00,,4703378.51
10/05/2023,UPI/DR/719954741551/GEETA DEVI/KKBK0045457/geeta89@ybl,TXN0255955,999.00,,4702379.51
11/05/2023,ATM/WDL/832012550858/CANARA ATM MYSURU,TXN0255956,79.00,,4702300.51
11/05/2023,ATM/WDL/58576476/HDFC ATM KORAMANGALA,TXN0255957,1680.00,,4700620.51
11/05/2023,UPI/CR/301980631651/LALITHA DEVI/KKBK0045457/lalitha404@oksbi,TXN0255958,,850.00,4701470.51
11/05/2023,NEFT/0483501333/SANJANA HEGDE/KKBK0045457/13001292010715,TXN0255959,,24000.00,4725470.51
11/05/2023,UPI/DR/3557041497/MEERA PILLAI/KKBK0045457/meera185@okhdfc,TXN0255960,310.00,,4725160.51
11/05/2023,UPI/DR/8438826754/MALLIKA DAS/KKBK0045457/mallika105@okhdfc,TXN0255961,449.00,,4724711.51
11/05/2023,IMPS/P2P/0886703516/FARHAN KHAN/9088142665,TXN0255962,,24000.00,4748711.51
12/05/2023,UPI/CR/025795893602/SUNIL YADAV/KKBK0045457/sunil929@ybl,TXN0255963,,500.00,4749211.51
12/05/2023,CASH DEPOSIT/BRANCH COUNTER/BANJARA HILLS HYDERABAD,TXN0255964,,500.00,4749711.51
12/05/2023,ATM/WDL/27934690/CANARA ATM MYSURU,TXN0255965,49.00,,4749662.51
12/05/2023,UPI/DR/669172880948/PREETHI IYER/KKBK0045457/preethi92@okhdfc,TXN0255966,1680.00,,4747982.51
12/05/2023,UPI/CR/4196796931/SUNIL YADAV/KKBK0045457/sunil841@oksbi,TXN0255967,,4800.00,4752782.51
12/05/2023,NEFT/0797084574/PRAKASH RAO/KKBK0045457/14779035212082,TXN0255968,1250.00,,4751532.51
12/05/2023,NEFT/9099196135/VIKRAM NAIR/KKBK0045457/97969122161186,TXN0255969,5200.00,,4746332.51
12/05/2023,CASH DEPOSIT/BRANCH COUNTER/BANJARA HILLS HYDERABAD,TXN0255970,,4800.00,4751132.51
13/05/2023,CASH DEPOSIT/BRANCH COUNTER/BANJARA HILLS HYDERABAD,TXN0255971,,18500.00,4769632.51
13/05/2023,IMPS/P2P/820432306665/MALLIKA DAS/9423445264,TXN0255972,,11200.00,4780832.51
13/05/2023,IMPS/P2P/202973725606/SHEELA DEVI/7620973105,TXN0255973,,7600.00,4788432.51
13/05/2023,IMPS/P2P/813860045783/SMITHA PILLAI/8688567081,TXN0255974,,500.00,4788932.51
14/05/2023,UPI/DR/36372252/KAVYA REDDY/KKBK0045457/kavya412@paytm,TXN0255975,310.00,,4788622.51
14/05/2023,NEFT/509908553682/POOJA SHARMA/KKBK0045457/85681005345564,TXN0255976,3499.00,,4785123.51
14/05/2023,IMPS/P2P/660579702713/MALLIKA DAS/8574714808,TXN0255977,,850.00,4785973.51
15/05/2023,NEFT/0508243987/RAHUL SINGH/KKBK0045457/46559313795759,TXN0255978,,850.00,4786823.51
15/05/2023,ATM/WDL/7987458813/HDFC ATM KORAMANGALA,TXN0255979,449.00,,4786374.51
16/05/2023,UPI/DR/02684345/MOHAMMED IRFAN/KKBK0045457/mohammed854@oksbi,TXN0255980,49.00,,4786325.51
16/05/2023,IMPS/P2P/97446657/SNEHA PATIL/9912183992,TXN0255981,,500.00,4786825.51
16/05/2023,NEFT/910422906211/SANJANA HEGDE/KKBK0045457/27232757734089,TXN0255982,699.00,,4786126.51
16/05/2023,CASH DEPOSIT/BRANCH COUNTER/BANJARA HILLS HYDERABAD,TXN0255983,,500.00,4786626.51
16/05/2023,UPI/DR/847175391561/ARJUN MEHTA/KKBK0045457/arjun745@paytm,TXN0255984,1680.00,,4784946.51
17/05/2023,ATM/WDL/889323045563/CANARA ATM MYSURU,TXN0255985,120.00,,4784826.51
17/05/2023,UPI/DR/109751403320/VINAY PATIL/KKBK0045457/vinay503@okhdfc,TXN0255986,5200.00,,4779626.51
17/05/2023,UPI/CR/4448513671/RAMESH GOWDA/KKBK0045457/ramesh729@paytm,TXN0255987,,7600.00,4787226.51
17/05/2023,UPI/DR/19073384/RAJESH VERMA/KKBK0045457/rajesh510@oksbi,TXN0255988,1250.00,,4785976.51
18/05/2023,ATM/WDL/3201368260/CANARA ATM MYSURU,TXN0255989,120.00,,4785856.51
18/05/2023,CASH DEPOSIT/BRANCH COUNTER/BANJARA HILLS HYDERABAD,TXN0255990,,32000.00,4817856.51
18/05/2023,CHQ NO 664500 CLEARING,TXN0255991,5200.00,,4812656.51
18/05/2023,NEFT/8624322853/LATHA MURTHY/KKBK0045457/61581080763338,TXN0255992,,500.00,4813156.51
18/05/2023,CASH DEPOSIT/BRANCH COUNTER/BANJARA HILLS HYDERABAD,TXN0255993,,850.00,4814006.51
19/05/2023,IMPS/P2P/033656054886/PRAKASH RAO/7090442340,TXN0255994,,850.00,4814856.51
19/05/2023,NEFT/25494910/CHANDAN SHARMA/KKBK0045457/27671746962261,TXN0255995,699.00,,4814157.51
19/05/2023,UPI/DR/2706996289/ARJUN MEHTA/KKBK0045457/arjun24@paytm,TXN0255996,1250.00,,4812907.51
19/05/2023,UPI/DR/059118614659/MOHAMMED IRFAN/KKBK0045457/mohammed981@okaxis,TXN0255997,999.00,,4811908.51
19/05/2023,ATM/WDL/5731693112/HDFC ATM KORAMANGALA,TXN0255998,79.00,,4811829.51
20/05/2023,UPI/DR/5864045864/VINAY PATIL/KKBK0045457/vinay307@paytm,TXN0255999,310.00,,4811519.51
20/05/2023,UPI/DR/006287862916/RAVI KUMAR SHARMA/KKBK0045457/ravi851@oksbi,TXN0256000,49.00,,4811470.51
20/05/2023,ATM/WDL/799373422918/SBI ATM JAYANAGAR BLR,TXN0256001,7800.00,,4803670.51
20/05/2023,UPI/DR/9098303855/KAVERI MENON/KKBK0045457/kaveri78@okhdfc,TXN0256002,310.00,,4803360.51
21/05/2023,CHQ NO 768012 CLEARING,TXN0256003,2380.00,,4800980.51
21/05/2023,UPI/DR/59657716/TANVI RAO/KKBK0045457/tanvi708@okaxis,TXN0256004,2380.00,,4798600.51
21/05/2023,UPI/DR/75463437/LATHA MURTHY/KKBK0045457/latha991@oksbi,TXN0256005,249.00,,4798351.51
22/05/2023,NEFT/97592353/RAVI KUMAR SHARMA/KKBK0045457/32690427591119,TXN0256006,,32000.00,4830351.51
22/05/2023,CASH DEPOSIT/BRANCH COUNTER/BANJARA HILLS HYDERABAD,TXN0256007,,24000.00,4854351.51
22/05/2023,UPI/DR/3647220182/RAJESH VERMA/KKBK0045457/rajesh180@oksbi,TXN0256008,3499.00,,4850852.51
22/05/2023,CHQ NO 806149 CLEARING,TXN0256009,3499.00,,4847353.51
22/05/2023,NEFT/946150783822/NADIA HUSSAIN/KKBK0045457/41989983838348,TXN0256010,,24000.00,4871353.51
22/05/2023,NEFT/322992554185/ROHIT SHARMA/KKBK0045457/35416586572905,TXN0256011,1680.00,,4869673.51
22/05/2023,UPI/DR/05532156/RAVI KUMAR SHARMA/KKBK0045457/ravi444@okaxis,TXN0256012,5200.00,,4864473.51
22/05/2023,NEFT/7048950188/RAJESH VERMA/KKBK0045457/44689675399357,TXN0256013,120.00,,4864353.51
22/05/2023,NEFT/483362163607/SUSHMA RAO/KKBK0045457/73614144342531,TXN0256014,,2500.00,4866853.51
23/05/2023,NEFT/103436495290/KIRAN REDDY/KKBK0045457/09354918003679,TXN0256015,310.00,,4866543.51
23/05/2023,NEFT/546654237947/SURESH BABU/KKBK0045457/56883452877192,TXN0256016,699.00,,4865844.51
24/05/2023,ATM/WDL/886380970400/HDFC ATM KORAMANGALA,TXN0256017,120.00,,4865724.51
24/05/2023,CHQ NO 659121 CLEARING,TXN0256018,49.00,,4865675.51
24/05/2023,UPI/CR/6794900200/NILESH KULKARNI/KKBK0045457/nilesh718@oksbi,TXN0256019,,850.00,4866525.51
24/05/2023,UPI/DR/80043470/ROHIT SHARMA/KKBK0045457/rohit339@paytm,TXN0256020,310.00,,4866215.51
24/05/2023,NEFT/383833444163/ARCHANA PILLAI/KKBK0045457/99788432359202,TXN0256021,79.00,,4866136.51
24/05/2023,UPI/DR/4435570689/POOJA SHARMA/KKBK0045457/pooja164@okaxis,TXN0256022,249.00,,4865887.51
24/05/2023,UPI/DR/238106594513/BINDHU NAIR/KKBK0045457/bindhu891@paytm,TXN0256023,999.00,,4864888.51
24/05/2023,UPI/CR/46731230/SNEHA PATIL/KKBK0045457/sneha436@ybl,TXN0256024,,11200.00,4876088.51
24/05/2023,NEFT/04115372/ADITYA KUMAR/KKBK0045457/17081389183583,TXN0256025,79.00,,4876009.51
24/05/2023,UPI/DR/7369776857/KIRAN REDDY/KKBK0045457/kiran745@paytm,TXN0256026,999.00,,4875010.51
25/05/2023,CHQ NO 757734 CLEARING,TXN0256027,999.00,,4874011.51
25/05/2023,UPI/DR/5618751255/SANTOSH KUMAR/KKBK0045457/santosh922@ybl,TXN0256028,3499.00,,4870512.51
25/05/2023,UPI/CR/3096592557/LALITHA DEVI/KKBK0045457/lalitha138@okhdfc,TXN0256029,,2500.00,4873012.51
25/05/2023,UPI/DR/1023100754/DEEPAK JOSHI/KKBK0045457/deepak373@oksbi,TXN0256030,120.00,,4872892.51
26/05/2023,NEFT/79607080/SUNIL YADAV/KKBK0045457/46175351658046,TXN0256031,,24000.00,4896892.51
26/05/2023,ATM/WDL/60690012/SBI ATM JAYANAGAR BLR,TXN0256032,1250.00,,4895642.51
26/05/2023,UPI/DR/32246647/SNEHA PATIL/KKBK0045457/sneha769@okaxis,TXN0256033,49.00,,4895593.51
26/05/2023,NEFT/3078827690/PRAKASH RAO/KKBK0045457/59641860640478,TXN0256034,249.00,,4895344.51
26/05/2023,UPI/DR/597069495716/TANVI RAO/KKBK0045457/tanvi346@okhdfc,TXN0256035,7800.00,,4887544.51
27/05/2023,ATM/WDL/954651303201/HDFC ATM KORAMANGALA,TXN0256036,699.00,,4886845.51
27/05/2023,CASH DEPOSIT/BRANCH COUNTER/BANJARA HILLS HYDERABAD,TXN0256037,,18500.00,4905345.51
27/05/2023,ATM/WDL/11566520/HDFC ATM KORAMANGALA,TXN0256038,5200.00,,4900145.51
27/05/2023,UPI/CR/17797642/KIRAN REDDY/KKBK0045457/kiran333@paytm,TXN0256039,,32000.00,4932145.51
27/05/2023,UPI/DR/21259329/DIVYA MENON/KKBK0045457/divya628@paytm,TXN0256040,999.00,,4931146.51
27/05/2023,UPI/CR/7588052191/RAMESH GOWDA/KKBK0045457/ramesh676@okaxis,TXN0256041,,4800.00,4935946.51
27/05/2023,CHQ NO 378246 CLEARING,TXN0256042,49.00,,4935897.51
27/05/2023,UPI/CR/9451458140/NIKHIL GUPTA/KKBK0045457/nikhil141@oksbi,TXN0256043,,850.00,4936747.51
27/05/2023,IMPS/P2P/278163385440/SNEHA PATIL/9246410103,TXN0256044,,7600.00,4944347.51
27/05/2023,NEFT/9732565540/SANJANA HEGDE/KKBK0045457/50631890750428,TXN0256045,79.00,,4944268.51
28/05/2023,ATM/WDL/24887556/CANARA ATM MYSURU,TXN0256046,310.00,,4943958.51
28/05/2023,UPI/DR/038071592964/REKHA PILLAI/KKBK0045457/rekha805@okhdfc,TXN0256047,79.00,,4943879.51
28/05/2023,ATM/WDL/7159103191/SBI ATM JAYANAGAR BLR,TXN0256048,1250.00,,4942629.51
29/05/2023,UPI/DR/258237960750/KAVITHA RAO/KKBK0045457/kavitha253@paytm,TXN0256049,310.00,,4942319.51
29/05/2023,IMPS/P2P/239584378672/LAKSHMI VENKAT/8376460315,TXN0256050,,1200.00,4943519.51
29/05/2023,ATM/WDL/342123343406/CANARA ATM MYSURU,TXN0256051,310.00,,4943209.51
29/05/2023,UPI/CR/999134842966/VENKAT RAO/KKBK0045457/venkat377@paytm,TXN0256052,,4800.00,4948009.51
29/05/2023,CHQ NO 567824 CLEARING,TXN0256053,7800.00,,4940209.51
30/05/2023,CHQ NO 732628 CLEARING,TXN0256054,5200.00,,4935009.51
30/05/2023,UPI/DR/07560770/REKHA PILLAI/KKBK0045457/rekha149@okhdfc,TXN0256055,850.00,,4934159.51
30/05/2023,NEFT/51217072/MOHAN DAS/KKBK0045457/73574863954626,TXN0256056,,4800.00,4938959.51
30/05/2023,UPI/DR/5850294858/RAMESH GOWDA/KKBK0045457/ramesh275@okhdfc,TXN0256057,3499.00,,4935460.51
30/05/2023,CASH DEPOSIT/BRANCH COUNTER/BANJARA HILLS HYDERABAD,TXN0256058,,11200.00,4946660.51
30/05/2023,IMPS/P2P/23712779/ANAND KUMAR/8533375001,TXN0256059,,32000.00,4978660.51
30/05/2023,NEFT/611117533723/HARISH MENON/KKBK0045457/68482163987267,TXN0256060,120.00,,4978540.51
30/05/2023,UPI/CR/31624121/ROHIT SHARMA/KKBK0045457/rohit631@paytm,TXN0256061,,500.00,4979040.51
30/05/2023,UPI/DR/530933132965/SUNITA DEVI/KKBK0045457/sunita899@ybl,TXN0256062,999.00,,4978041.51
31/05/2023,ATM/WDL/575956727587/SBI ATM JAYANAGAR BLR,TXN0256063,850.00,,4977191.51
31/05/2023,UPI/DR/9189789460/TANVI RAO/KKBK0045457/tanvi458@paytm,TXN0256064,5200.00,,4971991.51
31/05/2023,UPI/DR/2999798394/RAHUL SINGH/KKBK0045457/rahul914@paytm,TXN0256065,310.00,,4971681.51
01/06/2023,CHQ NO 607651 CLEARING,TXN0256066,7800.00,,4963881.51
01/06/2023,NEFT/8399581303/SAVITHA DEVI/KKBK0045457/76263460945718,TXN0256067,,24000.00,4987881.51
01/06/2023,UPI/DR/23418603/ANITHA KRISHNAN/KKBK0045457/anitha516@okaxis,TXN0256068,699.00,,4987182.51
01/06/2023,ATM/WDL/09460577/HDFC ATM KORAMANGALA,TXN0256069,5200.00,,4981982.51
01/06/2023,CASH DEPOSIT/BRANCH COUNTER/BANJARA HILLS HYDERABAD,TXN0256070,,4800.00,4986782.51
02/06/2023,IMPS/P2P/04132075/RAJENDRA PRASAD/8394166459,TXN0256071,,7600.00,4994382.51
02/06/2023,CHQ NO 195318 CLEARING,TXN0256072,3499.00,,4990883.51
02/06/2023,UPI/DR/84794142/REKHA PILLAI/KKBK0045457/rekha389@okhdfc,TXN0256073,999.00,,4989884.51
02/06/2023,UPI/DR/46420423/ARJUN MEHTA/KKBK0045457/arjun44@okaxis,TXN0256074,49.00,,4989835.51
03/06/2023,ATM/WDL/12323055/CANARA ATM MYSURU,TXN0256075,49.00,,4989786.51
03/06/2023,UPI/DR/7040375682/IMRAN KHAN/KKBK0045457/imran20@okaxis,TXN0256076,310.00,,4989476.51
03/06/2023,UPI/DR/08569238/ROHIT SHARMA/KKBK0045457/rohit306@okaxis,TXN0256077,120.00,,4989356.51
03/06/2023,UPI/DR/467328190397/SUSHMA RAO/KKBK0045457/sushma624@ybl,TXN0256078,5200.00,,4984156.51
03/06/2023,IMPS/P2P/97737460/PRAKASH RAO/9203217196,TXN0256079,,7600.00,4991756.51
03/06/2023,ATM/WDL/371771077480/SBI ATM JAYANAGAR BLR,TXN0256080,699.00,,4991057.51
03/06/2023,UPI/CR/9248640603/SURESH NAIR/KKBK0045457/suresh285@ybl,TXN0256081,,850.00,4991907.51
04/06/2023,CASH DEPOSIT/BRANCH COUNTER/BANJARA HILLS HYDERABAD,TXN0256082,,32000.00,5023907.51
04/06/2023,CHQ NO 310606 CLEARING,TXN0256083,449.00,,5023458.51
04/06/2023,NEFT/510239798169/VINAY PATIL/KKBK0045457/94171599842497,TXN0256084,,500.00,5023958.51
05/06/2023,CHQ NO 272257 CLEARING,TXN0256085,3499.00,,5020459.51
05/06/2023,IMPS/P2P/203559516924/MEENA IYER/8938351601,TXN0256086,,2500.00,5022959.51
05/06/2023,UPI/DR/8937597471/IMRAN KHAN/KKBK0045457/imran783@paytm,TXN0256087,5200.00,,5017759.51
05/06/2023,NEFT/9277009122/KARTHIK MENON/KKBK0045457/16649009921186,TXN0256088,,7600.00,5025359.51
05/06/2023,UPI/DR/1436141538/BABU LAL/KKBK0045457/babu649@oksbi,TXN0256089,310.00,,5025049.51
06/06/2023,ATM/WDL/14181587/HDFC ATM KORAMANGALA,TXN0256090,3499.00,,5021550.51
06/06/2023,CHQ NO 990159 CLEARING,TXN0256091,850.00,,5020700.51
06/06/2023,UPI/DR/8803109107/MOHAMMED IRFAN/KKBK0045457/mohammed505@oksbi,TXN0256092,120.00,,5020580.51
06/06/2023,UPI/CR/538832888600/SURESH NAIR/KKBK0045457/suresh127@oksbi,TXN0256093,,7600.00,5028180.51
06/06/2023,NEFT/85624693/ARJUN MEHTA/KKBK0045457/50029566711910,TXN0256094,699.00,,5027481.51
06/06/2023,UPI/DR/7701816303/MEENA IYER/KKBK0045457/meena713@oksbi,TXN0256095,1680.00,,5025801.51
06/06/2023,CHQ NO 903848 CLEARING,TXN0256096,49.00,,5025752.51
07/06/2023,CHQ NO 526075 CLEARING,TXN0256097,699.00,,5025053.51
07/06/2023,IMPS/P2P/408222019732/NADIA HUSSAIN/9830970005,TXN0256098,,850.00,5025903.51
07/06/2023,CHQ NO 332614 CLEARING,TXN0256099,49.00,,5025854.51
07/06/2023,NEFT/203734699517/SMITHA PILLAI/KKBK0045457/69623329661872,TXN0256100,,18500.00,5044354.51
07/06/2023,ATM/WDL/3144084209/SBI ATM JAYANAGAR BLR,TXN0256101,120.00,,5044234.51
07/06/2023,UPI/DR/5355253170/RAVI KUMAR SHARMA/KKBK0045457/ravi779@oksbi,TXN0256102,7800.00,,5036434.51
08/06/2023,IMPS/P2P/07316805/SHAHID KHAN/8806586366,TXN0256103,,7600.00,5044034.51
08/06/2023,UPI/DR/696101206043/DEEPA NAIR/KKBK0045457/deepa522@ybl,TXN0256104,3499.00,,5040535.51
08/06/2023,UPI/CR/9028124214/PREETHI IYER/KKBK0045457/preethi938@oksbi,TXN0256105,,18500.00,5059035.51
08/06/2023,CHQ NO 852662 CLEARING,TXN0256106,1250.00,,5057785.51
08/06/2023,UPI/DR/7239761242/VINAY PATIL/KKBK0045457/vinay342@okhdfc,TXN0256107,49.00,,5057736.51
08/06/2023,CASH DEPOSIT/BRANCH COUNTER/BANJARA HILLS HYDERABAD,TXN0256108,,1200.00,5058936.51
08/06/2023,ATM/WDL/4134369144/CANARA ATM MYSURU,TXN0256109,1250.00,,5057686.51
09/06/2023,CASH DEPOSIT/BRANCH COUNTER/BANJARA HILLS HYDERABAD,TXN0256110,,850.00,5058536.51
09/06/2023,NEFT/2135608048/SHAHID KHAN/KKBK0045457/97122691090950,TXN0256111,,4800.00,5063336.51
09/06/2023,NEFT/078602867423/KIRAN REDDY/KKBK0045457/74932676028525,TXN0256112,310.00,,5063026.51
09/06/2023,UPI/CR/455716573716/DEEPAK JOSHI/KKBK0045457/deepak90@ybl,TXN0256113,,850.00,5063876.51
09/06/2023,UPI/DR/244706220383/SNEHA PATIL/KKBK0045457/sneha791@oksbi,TXN0256114,5200.00,,5058676.51
10/06/2023,CASH DEPOSIT/BRANCH COUNTER/BANJARA HILLS HYDERABAD,TXN0256115,,18500.00,5077176.51
10/06/2023,UPI/DR/35868006/ANITHA KRISHNAN/KKBK0045457/anitha167@ybl,TXN0256116,2380.00,,5074796.51
10/06/2023,CHQ NO 731095 CLEARING,TXN0256117,2380.00,,5072416.51
10/06/2023,UPI/DR/18193077/SANTOSH KUMAR/KKBK0045457/santosh251@okhdfc,TXN0256118,5200.00,,5067216.51
10/06/2023,UPI/DR/61753967/LALITHA DEVI/KKBK0045457/lalitha992@okhdfc,TXN0256119,449.00,,5066767.51
10/06/2023,IMPS/P2P/75085658/NADIA HUSSAIN/8137590321,TXN0256120,,850.00,5067617.51
11/06/2023,UPI/CR/27366532/MOHAN DAS/KKBK0045457/mohan985@okhdfc,TXN0256121,,32000.00,5099617.51
11/06/2023,NEFT/5895838820/ANAND KUMAR/KKBK0045457/35870082075793,TXN0256122,,850.00,5100467.51
11/06/2023,CHQ NO 572352 CLEARING,TXN0256123,699.00,,5099768.51
11/06/2023,CHQ NO 518460 CLEARING,TXN0256124,999.00,,5098769.51
11/06/2023,IMPS/P2P/7733518647/SUNITA DEVI/7101738913,TXN0256125,,24000.00,5122769.51
11/06/2023,ATM/WDL/6845991879/SBI ATM JAYANAGAR BLR,TXN0256126,7800.00,,5114969.51
11/06/2023,UPI/DR/3389646062/MEERA PILLAI/KKBK0045457/meera638@ybl,TXN0256127,49.00,,5114920.51
11/06/2023,NEFT/7765273642/GANESH KUMAR/KKBK0045457/08670964813531,TXN0256128,1250.00,,5113670.51
11/06/2023,CHQ NO 020665 CLEARING,TXN0256129,1250.00,,5112420.51
12/06/2023,ATM/WDL/910933624000/HDFC ATM KORAMANGALA,TXN0256130,3499.00,,5108921.51
12/06/2023,ATM/WDL/5885251033/SBI ATM JAYANAGAR BLR,TXN0256131,310.00,,5108611.51
13/06/2023,UPI/CR/700850626486/LATHA MURTHY/KKBK0045457/latha143@okaxis,TXN0256132,,7600.00,5116211.51
13/06/2023,CHQ NO 859299 CLEARING,TXN0256133,449.00,,5115762.51
15/06/2023,UPI/DR/272025548353/KAVYA REDDY/KKBK0045457/kavya698@ybl,TXN0256134,3499.00,,5112263.51
15/06/2023,NEFT/2533976590/SUSHMA RAO/KKBK0045457/32457576762563,TXN0256135,999.00,,5111264.51
15/06/2023,UPI/DR/654014705629/ROHIT SHARMA/KKBK0045457/rohit658@oksbi,TXN0256136,120.00,,5111144.51
15/06/2023,NEFT/440676421604/SURESH NAIR/KKBK0045457/96395143791156,TXN0256137,,11200.00,5122344.51
15/06/2023,CASH DEPOSIT/BRANCH COUNTER/BANJARA HILLS HYDERABAD,TXN0256138,,500.00,5122844.51
16/06/2023,UPI/DR/33805038/VENKAT RAO/KKBK0045457/venkat865@okhdfc,TXN0256139,699.00,,5122145.51
16/06/2023,CHQ NO 885339 CLEARING,TXN0256140,850.00,,5121295.51
16/06/2023,NEFT/61970031/DEEPA NAIR/KKBK0045457/31143768064765,TXN0256141,,1200.00,5122495.51
16/06/2023,UPI/DR/2586119466/GANESH KUMAR/KKBK0045457/ganesh843@ybl,TXN0256142,850.00,,5121645.51
17/06/2023,CASH DEPOSIT/BRANCH COUNTER/BANJARA HILLS HYDERABAD,TXN0256143,,11200.00,5132845.51
17/06/2023,IMPS/P2P/63452917/SUNIL YADAV/9049826535,TXN0256144,,2500.00,5135345.51
17/06/2023,CHQ NO 047388 CLEARING,TXN0256145,1250.00,,5134095.51
17/06/2023,ATM/WDL/75025055/HDFC ATM KORAMANGALA,TXN0256146,49.00,,5134046.51
17/06/2023,UPI/CR/8879311024/VENKAT RAO/KKBK0045457/venkat565@okhdfc,TXN0256147,,2500.00,5136546.51
17/06/2023,CASH DEPOSIT/BRANCH COUNTER/BANJARA HILLS HYDERABAD,TXN0256148,,500.00,5137046.51
18/06/2023,NEFT/33917141/MEENA IYER/KKBK0045457/54240766069279,TXN0256149,449.00,,5136597.51
18/06/2023,NEFT/89916653/ANITHA KRISHNAN/KKBK0045457/72186425164443,TXN0256150,5200.00,,5131397.51
18/06/2023,UPI/DR/5724801347/NAVEEN KUMAR/KKBK0045457/naveen538@okhdfc,TXN0256151,79.00,,5131318.51
18/06/2023,UPI/DR/16733957/RESHMA KHAN/KKBK0045457/reshma550@okhdfc,TXN0256152,49.00,,5131269.51
18/06/2023,UPI/DR/97049703/RANJIT SINGH/KKBK0045457/ranjit309@paytm,TXN0256153,249.00,,5131020.51
18/06/2023,NEFT/43372613/CHANDAN SHARMA/KKBK0045457/92876697081779,TXN0256154,999.00,,5130021.51
18/06/2023,UPI/DR/775407898310/LALITHA DEVI/KKBK0045457/lalitha822@okaxis,TXN0256155,850.00,,5129171.51
19/06/2023,NEFT/6755631175/SUNIL YADAV/KKBK0045457/79508480793145,TXN0256156,120.00,,5129051.51
19/06/2023,CHQ NO 128005 CLEARING,TXN0256157,79.00,,5128972.51
19/06/2023,ATM/WDL/400537874533/SBI ATM JAYANAGAR BLR,TXN0256158,2380.00,,5126592.51
19/06/2023,CHQ NO 252005 CLEARING,TXN0256159,49.00,,5126543.51
19/06/2023,CHQ NO 162268 CLEARING,TXN0256160,49.00,,5126494.51
20/06/2023,UPI/DR/2256288659/PREETHI IYER/KKBK0045457/preethi938@oksbi,TXN0256161,3499.00,,5122995.51
21/06/2023,CASH DEPOSIT/BRANCH COUNTER/BANJARA HILLS HYDERABAD,TXN0256162,,18500.00,5141495.51
21/06/2023,NEFT/8784369951/MOHAN DAS/KKBK0045457/51162843554984,TXN0256163,,4800.00,5146295.51
21/06/2023,CHQ NO 519396 CLEARING,TXN0256164,120.00,,5146175.51
21/06/2023,UPI/DR/640096548082/DEEPAK JOSHI/KKBK0045457/deepak838@paytm,TXN0256165,449.00,,5145726.51
22/06/2023,NEFT/264070119268/RAVI KUMAR SHARMA/KKBK0045457/51689016377334,TXN0256166,,32000.00,5177726.51
22/06/2023,ATM/WDL/320282699519/HDFC ATM KORAMANGALA,TXN0256167,3499.00,,5174227.51
23/06/2023,UPI/DR/3380134346/DEEPA NAIR/KKBK0045457/deepa384@okaxis,TXN0256168,120.00,,5174107.51
23/06/2023,ATM/WDL/277027740389/HDFC ATM KORAMANGALA,TXN0256169,3499.00,,5170608.51
24/06/2023,UPI/DR/8330189366/ARJUN MEHTA/KKBK0045457/arjun463@paytm,TXN0256170,120.00,,5170488.51
24/06/2023,UPI/CR/33069703/NIKHIL GUPTA/KKBK0045457/nikhil866@paytm,TXN0256171,,32000.00,5202488.51
24/06/2023,UPI/CR/156818810427/KIRAN REDDY/KKBK0045457/kiran283@okaxis,TXN0256172,,7600.00,5210088.51
24/06/2023,CASH DEPOSIT/BRANCH COUNTER/BANJARA HILLS HYDERABAD,TXN0256173,,24000.00,5234088.51
25/06/2023,IMPS/P2P/1680828310/NILESH KULKARNI/7276723410,TXN0256174,,1200.00,5235288.51
25/06/2023,CASH DEPOSIT/BRANCH COUNTER/BANJARA HILLS HYDERABAD,TXN0256175,,18500.00,5253788.51
25/06/2023,NEFT/185385209118/ANITHA KRISHNAN/KKBK0045457/16929618308950,TXN0256176,,18500.00,5272288.51
25/06/2023,NEFT/757955192347/MOHAMMED IRFAN/KKBK0045457/01267839420621,TXN0256177,999.00,,5271289.51
25/06/2023,UPI/DR/66459910/GEETA DEVI/KKBK0045457/geeta191@ybl,TXN0256178,1680.00,,5269609.51
26/06/2023,ATM/WDL/1042377157/HDFC ATM KORAMANGALA,TXN0256179,1680.00,,5267929.51
26/06/2023,UPI/DR/39347444/KIRAN REDDY/KKBK0045457/kiran69@ybl,TXN0256180,999.00,,5266930.51
26/06/2023,CASH DEPOSIT/BRANCH COUNTER/BANJARA HILLS HYDERABAD,TXN0256181,,850.00,5267780.51
26/06/2023,ATM/WDL/4489214632/CANARA ATM MYSURU,TXN0256182,1250.00,,5266530.51
26/06/2023,UPI/DR/839095553863/MEENA IYER/KKBK0045457/meena772@oksbi,TXN0256183,5200.00,,5261330.51
26/06/2023,UPI/DR/2892317733/BINDHU NAIR/KKBK0045457/bindhu21@oksbi,TXN0256184,449.00,,5260881.51
26/06/2023,ATM/WDL/17851176/SBI ATM JAYANAGAR BLR,TXN0256185,120.00,,5260761.51
27/06/2023,UPI/CR/29328842/ARUN SHARMA/KKBK0045457/arun774@ybl,TXN0256186,,850.00,5261611.51
27/06/2023,UPI/CR/90200304/KAVYA REDDY/KKBK0045457/kavya554@okaxis,TXN0256187,,7600.00,5269211.51
27/06/2023,CHQ NO 313225 CLEARING,TXN0256188,1680.00,,5267531.51
27/06/2023,CHQ NO 759568 CLEARING,TXN0256189,3499.00,,5264032.51
28/06/2023,CHQ NO 003144 CLEARING,TXN0256190,310.00,,5263722.51
28/06/2023,UPI/CR/6645734033/SANJANA HEGDE/KKBK0045457/sanjana22@oksbi,TXN0256191,,4800.00,5268522.51
28/06/2023,CHQ NO 489105 CLEARING,TXN0256192,249.00,,5268273.51
28/06/2023,NEFT/224648873641/ARJUN MEHTA/KKBK0045457/61533620278723,TXN0256193,,500.00,5268773.51
28/06/2023,CASH DEPOSIT/BRANCH COUNTER/BANJARA HILLS HYDERABAD,TXN0256194,,850.00,5269623.51
28/06/2023,IMPS/P2P/211324935366/DEEPA NAIR/9976709863,TXN0256195,,4800.00,5274423.51
28/06/2023,UPI/DR/497781877181/IMRAN KHAN/KKBK0045457/imran736@okhdfc,TXN0256196,850.00,,5273573.51
29/06/2023,NEFT/736244294562/RAMESH GOWDA/KKBK0045457/12148643994956,TXN0256197,310.00,,5273263.51
29/06/2023,ATM/WDL/015929270104/CANARA ATM MYSURU,TXN0256198,5200.00,,5268063.51
29/06/2023,ATM/WDL/5698127704/CANARA ATM MYSURU,TXN0256199,310.00,,5267753.51
29/06/2023,CASH DEPOSIT/BRANCH COUNTER/BANJARA HILLS HYDERABAD,TXN0256200,,500.00,5268253.51
29/06/2023,UPI/CR/4245661919/KARTHIK MENON/KKBK0045457/karthik666@oksbi,TXN0256201,,32000.00,5300253.51
30/06/2023,UPI/DR/4468130389/LAKSHMI VENKAT/KKBK0045457/lakshmi608@okhdfc,TXN0256202,120.00,,5300133.51
30/06/2023,NEFT/8434736098/GANESH KUMAR/KKBK0045457/23608434387133,TXN0256203,,24000.00,5324133.51
30/06/2023,NEFT/529745174804/IMRAN KHAN/KKBK0045457/09784633544048,TXN0256204,49.00,,5324084.51
30/06/2023,CASH DEPOSIT/BRANCH COUNTER/BANJARA HILLS HYDERABAD,TXN0256205,,11200.00,5335284.51
01/07/2023,UPI/DR/1527181912/IMRAN KHAN/KKBK0045457/imran380@paytm,TXN0256206,1680.00,,5333604.51
01/07/2023,UPI/DR/5972393499/LALITHA DEVI/KKBK0045457/lalitha275@ybl,TXN0256207,449.00,,5333155.51
01/07/2023,CHQ NO 054022 CLEARING,TXN0256208,79.00,,5333076.51
01/07/2023,UPI/DR/24617679/POOJA SHARMA/KKBK0045457/pooja991@okhdfc,TXN0256209,699.00,,5332377.51
01/07/2023,CASH DEPOSIT/BRANCH COUNTER/BANJARA HILLS HYDERABAD,TXN0256210,,11200.00,5343577.51
02/07/2023,NEFT/020056193014/ROHIT SHARMA/KKBK0045457/76361210003466,TXN0256211,,32000.00,5375577.51
02/07/2023,ATM/WDL/942907391333/CANARA ATM MYSURU,TXN0256212,850.00,,5374727.51
02/07/2023,UPI/CR/514718173710/POOJA SHARMA/KKBK0045457/pooja344@ybl,TXN0256213,,32000.00,5406727.51
02/07/2023,ATM/WDL/828486155843/SBI ATM JAYANAGAR BLR,TXN0256214,249.00,,5406478.51
03/07/2023,CASH DEPOSIT/BRANCH COUNTER/BANJARA HILLS HYDERABAD,TXN0256215,,7600.00,5414078.51
03/07/2023,NEFT/493647999032/LAKSHMI VENKAT/KKBK0045457/62040417380272,TXN0256216,999.00,,5413079.51
03/07/2023,NEFT/0599537404/KARTHIK MENON/KKBK0045457/20812432767046,TXN0256217,,24000.00,5437079.51
03/07/2023,CHQ NO 055187 CLEARING,TXN0256218,999.00,,5436080.51
03/07/2023,NEFT/35496115/GANESH KUMAR/KKBK0045457/83079914068053,TXN0256219,999.00,,5435081.51
03/07/2023,NEFT/9563559543/VINAY PATIL/KKBK0045457/71042053021875,TXN0256220,3499.00,,5431582.51
04/07/2023,UPI/DR/712531605908/BABU LAL/KKBK0045457/babu571@paytm,TXN0256221,1250.00,,5430332.51
04/07/2023,NEFT/652204184939/SANTOSH KUMAR/KKBK0045457/82880082589826,TXN0256222,,1200.00,5431532.51
04/07/2023,UPI/CR/9452932603/VINAY PATIL/KKBK0045457/vinay511@okaxis,TXN0256223,,7600.00,5439132.51
04/07/2023,UPI/DR/1749233524/SANTOSH KUMAR/KKBK0045457/santosh890@oksbi,TXN0256224,1680.00,,5437452.51
04/07/2023,IMPS/P2P/659908067059/POOJA SHARMA/7119218360,TXN0256225,,11200.00,5448652.51
04/07/2023,CHQ NO 173750 CLEARING,TXN0256226,7800.00,,5440852.51
04/07/2023,UPI/CR/906445673497/SMITHA PILLAI/KKBK0045457/smitha830@paytm,TXN0256227,,7600.00,5448452.51
05/07/2023,UPI/CR/229653961396/LALITHA DEVI/KKBK0045457/lalitha287@oksbi,TXN0256228,,7600.00,5456052.51
05/07/2023,UPI/DR/98711526/KAVITHA RAO/KKBK0045457/kavitha941@okhdfc,TXN0256229,999.00,,5455053.51
05/07/2023,CHQ NO 783820 CLEARING,TXN0256230,1680.00,,5453373.51
05/07/2023,UPI/DR/672702755588/MALLIKA DAS/KKBK0045457/mallika845@ybl,TXN0256231,249.00,,5453124.51
05/07/2023,ATM/WDL/78917318/HDFC ATM KORAMANGALA,TXN0256232,5200.00,,5447924.51
05/07/2023,UPI/DR/012558646683/MALLIKA DAS/KKBK0045457/mallika575@ybl,TXN0256233,5200.00,,5442724.51
05/07/2023,IMPS/P2P/03532184/MALLIKA DAS/9542222733,TXN0256234,,1200.00,5443924.51
05/07/2023,IMPS/P2P/88740481/RAJESH VERMA/9214479563,TXN0256235,,2500.00,5446424.51
05/07/2023,NEFT/67139385/RANJIT SINGH/KKBK0045457/32167941752940,TXN0256236,249.00,,5446175.51
05/07/2023,CHQ NO 258091 CLEARING,TXN0256237,249.00,,5445926.51
06/07/2023,UPI/DR/08323527/MEERA PILLAI/KKBK0045457/meera984@oksbi,TXN0256238,1250.00,,5444676.51
06/07/2023,UPI/CR/5673971359/KAVYA REDDY/KKBK0045457/kavya291@okhdfc,TXN0256239,,1200.00,5445876.51
06/07/2023,NEFT/012637099762/PRAKASH RAO/KKBK0045457/26844627430066,TXN0256240,,2500.00,5448376.51
06/07/2023,UPI/DR/8108011291/FARHAN KHAN/KKBK0045457/farhan732@ybl,TXN0256241,850.00,,5447526.51
06/07/2023,UPI/CR/4099247394/FARHAN KHAN/KKBK0045457/farhan456@oksbi,TXN0256242,,32000.00,5479526.51
06/07/2023,IMPS/P2P/2896141066/KAVERI MENON/7590399032,TXN0256243,,2500.00,5482026.51
07/07/2023,NEFT/5921407297/KARTHIK MENON/KKBK0045457/54044072362121,TXN0256244,,500.00,5482526.51
07/07/2023,CHQ NO 350782 CLEARING,TXN0256245,1680.00,,5480846.51
07/07/2023,CHQ NO 398879 CLEARING,TXN0256246,449.00,,5480397.51
07/07/2023,UPI/DR/59841578/FATIMA SHEIKH/KKBK0045457/fatima219@okhdfc,TXN0256247,1250.00,,5479147.51
07/07/2023,UPI/CR/898362564265/KAVYA REDDY/KKBK0045457/kavya778@ybl,TXN0256248,,32000.00,5511147.51
08/07/2023,ATM/WDL/6008057501/SBI ATM JAYANAGAR BLR,TXN0256249,49.00,,5511098.51
08/07/2023,UPI/CR/74598593/KAVITHA RAO/KKBK0045457/kavitha895@ybl,TXN0256250,,2500.00,5513598.51
08/07/2023,CASH DEPOSIT/BRANCH COUNTER/BANJARA HILLS HYDERABAD,TXN0256251,,4800.00,5518398.51
08/07/2023,UPI/DR/9209533405/RAMESH GOWDA/KKBK0045457/ramesh585@ybl,TXN0256252,5200.00,,5513198.51
08/07/2023,UPI/DR/217965607693/MEERA PILLAI/KKBK0045457/meera145@paytm,TXN0256253,49.00,,5513149.51
08/07/2023,NEFT/468022916728/USHA RANI/KKBK0045457/50329600614541,TXN0256254,,11200.00,5524349.51
08/07/2023,NEFT/996959820201/KIRAN REDDY/KKBK0045457/26212641314116,TXN0256255,79.00,,5524270.51
08/07/2023,UPI/DR/98106604/USHA RANI/KKBK0045457/usha54@okhdfc,TXN0256256,1680.00,,5522590.51
08/07/2023,UPI/DR/6035782081/SUNITA DEVI/KKBK0045457/sunita14@okaxis,TXN0256257,2380.00,,5520210.51
08/07/2023,CASH DEPOSIT/BRANCH COUNTER/BANJARA HILLS HYDERABAD,TXN0256258,,2500.00,5522710.51
08/07/2023,UPI/DR/0877932712/LAKSHMI VENKAT/KKBK0045457/lakshmi702@ybl,TXN0256259,449.00,,5522261.51
09/07/2023,NEFT/471484392474/PRIYA NAIR/KKBK0045457/65235803637350,TXN0256260,3499.00,,5518762.51
09/07/2023,NEFT/4617277192/SUNITA DEVI/KKBK0045457/15502688735324,TXN0256261,7800.00,,5510962.51
09/07/2023,IMPS/P2P/141572731158/MEERA PILLAI/8137356995,TXN0256262,,500.00,5511462.51
09/07/2023,NEFT/03706736/LALITHA DEVI/KKBK0045457/31990866113622,TXN0256263,449.00,,5511013.51
09/07/2023,CASH DEPOSIT/BRANCH COUNTER/BANJARA HILLS HYDERABAD,TXN0256264,,850.00,5511863.51
09/07/2023,UPI/CR/046773122885/MALLIKA DAS/KKBK0045457/mallika569@okaxis,TXN0256265,,18500.00,5530363.51
09/07/2023,NEFT/63809566/ROHIT SHARMA/KKBK0045457/40366871307589,TXN0256266,,4800.00,5535163.51
09/07/2023,UPI/DR/62200954/FATIMA SHEIKH/KKBK0045457/fatima931@okhdfc,TXN0256267,449.00,,5534714.51
09/07/2023,UPI/CR/022223441316/RAVI KUMAR SHARMA/KKBK0045457/ravi293@oksbi,TXN0256268,,4800.00,5539514.51
10/07/2023,UPI/DR/8569924571/RAVI KUMAR SHARMA/KKBK0045457/ravi942@okhdfc,TXN0256269,1250.00,,5538264.51
10/07/2023,NEFT/5085950897/GOPAL VERMA/KKBK0045457/82864603750067,TXN0256270,2380.00,,5535884.51
10/07/2023,IMPS/P2P/48965080/BINDHU NAIR/7846538700,TXN0256271,,24000.00,5559884.51
11/07/2023,UPI/DR/677166358330/ADITYA KUMAR/KKBK0045457/aditya171@oksbi,TXN0256272,2380.00,,5557504.51
11/07/2023,UPI/DR/54998036/MOHAMMED IRFAN/KKBK0045457/mohammed504@paytm,TXN0256273,449.00,,5557055.51
11/07/2023,UPI/DR/3809202930/KAVYA REDDY/KKBK0045457/kavya740@okaxis,TXN0256274,5200.00,,5551855.51
11/07/2023,NEFT/61656746/SUNITA DEVI/KKBK0045457/75683388460996,TXN0256275,,18500.00,5570355.51
11/07/2023,UPI/CR/354755248707/ARJUN MEHTA/KKBK0045457/arjun285@ybl,TXN0256276,,4800.00,5575155.51
11/07/2023,NEFT/21849124/SURESH BABU/KKBK0045457/69501226045497,TXN0256277,,7600.00,5582755.51
12/07/2023,UPI/CR/08879624/MEERA PILLAI/KKBK0045457/meera101@okaxis,TXN0256278,,2500.00,5585255.51
12/07/2023,NEFT/808958924739/TANVI RAO/KKBK0045457/11078925903652,TXN0256279,,2500.00,5587755.51
12/07/2023,NEFT/960630462250/SNEHA PATIL/KKBK0045457/17207718029482,TXN0256280,,2500.00,5590255.51
13/07/2023,IMPS/P2P/3236029521/KAVERI MENON/9516230447,TXN0256281,,2500.00,5592755.51
13/07/2023,IMPS/P2P/419920485995/AYESHA KHAN/8337589918,TXN0256282,,24000.00,5616755.51
13/07/2023,UPI/DR/908498001490/DIVYA MENON/KKBK0045457/divya116@okaxis,TXN0256283,999.00,,5615756.51
13/07/2023,UPI/DR/91923700/ARCHANA PILLAI/KKBK0045457/archana926@paytm,TXN0256284,999.00,,5614757.51
13/07/2023,NEFT/365271874161/RAMESH PILLAI/KKBK0045457/97998941474922,TXN0256285,,4800.00,5619557.51
13/07/2023,ATM/WDL/51864531/SBI ATM JAYANAGAR BLR,TXN0256286,7800.00,,5611757.51
14/07/2023,IMPS/P2P/6034837606/RESHMA KHAN/9444159768,TXN0256287,,4800.00,5616557.51
14/07/2023,IMPS/P2P/2976612999/TANVI RAO/9161866541,TXN0256288,,2500.00,5619057.51
14/07/2023,NEFT/556917393125/DEEPA NAIR/KKBK0045457/32586262078906,TXN0256289,310.00,,5618747.51
14/07/2023,NEFT/924856454567/ANITHA KRISHNAN/KKBK0045457/04722222372902,TXN0256290,1680.00,,5617067.51
14/07/2023,UPI/DR/2826586937/TANVI RAO/KKBK0045457/tanvi546@ybl,TXN0256291,449.00,,5616618.51
14/07/2023,NEFT/6709764788/SUSHMA RAO/KKBK0045457/09923880985639,TXN0256292,3499.00,,5613119.51
14/07/2023,UPI/CR/531105643183/DIVYA MENON/KKBK0045457/divya790@okhdfc,TXN0256293,,11200.00,5624319.51
14/07/2023,CHQ NO 562272 CLEARING,TXN0256294,7800.00,,5616519.51
15/07/2023,CHQ NO 905180 CLEARING,TXN0256295,249.00,,5616270.51
15/07/2023,UPI/DR/372569028932/PREETHI IYER/KKBK0045457/preethi850@oksbi,TXN0256296,7800.00,,5608470.51
15/07/2023,CASH DEPOSIT/BRANCH COUNTER/BANJARA HILLS HYDERABAD,TXN0256297,,850.00,5609320.51
15/07/2023,NEFT/8894761261/DEEPA NAIR/KKBK0045457/07185607146508,TXN0256298,,1200.00,5610520.51
15/07/2023,NEFT/88805897/NILESH KULKARNI/KKBK0045457/70517193625910,TXN0256299,120.00,,5610400.51
15/07/2023,IMPS/P2P/5641851092/PREETHI IYER/7333475835,TXN0256300,,32000.00,5642400.51
15/07/2023,UPI/DR/2856221160/ARJUN MEHTA/KKBK0045457/arjun167@ybl,TXN0256301,7800.00,,5634600.51
15/07/2023,CHQ NO 121534 CLEARING,TXN0256302,1680.00,,5632920.51
15/07/2023,UPI/DR/77500439/GOPAL VERMA/KKBK0045457/gopal215@okaxis,TXN0256303,79.00,,5632841.51
16/07/2023,UPI/DR/6457172860/VINAY PATIL/KKBK0045457/vinay77@paytm,TXN0256304,2380.00,,5630461.51
16/07/2023,UPI/DR/3735301166/HARISH MENON/KKBK0045457/harish46@okhdfc,TXN0256305,310.00,,5630151.51
16/07/2023,CHQ NO 162216 CLEARING,TXN0256306,699.00,,5629452.51
16/07/2023,UPI/DR/189764207167/RAVI KUMAR SHARMA/KKBK0045457/ravi290@okhdfc,TXN0256307,310.00,,5629142.51
17/07/2023,NEFT/92744471/VIKRAM NAIR/KKBK0045457/66340263759485,TXN0256308,699.00,,5628443.51
17/07/2023,UPI/DR/38802274/RAJESH VERMA/KKBK0045457/rajesh689@ybl,TXN0256309,7800.00,,5620643.51
17/07/2023,UPI/DR/434639271683/LAKSHMI VENKAT/KKBK0045457/lakshmi701@paytm,TXN0256310,120.00,,5620523.51
17/07/2023,CASH DEPOSIT/BRANCH COUNTER/BANJARA HILLS HYDERABAD,TXN0256311,,500.00,5621023.51
17/07/2023,IMPS/P2P/436636199568/BABU LAL/8479632361,TXN0256312,,24000.00,5645023.51
18/07/2023,CHQ NO 957840 CLEARING,TXN0256313,449.00,,5644574.51
18/07/2023,NEFT/2245216491/MALLIKA DAS/KKBK0045457/85876106766039,TXN0256314,49.00,,5644525.51
18/07/2023,CHQ NO 723435 CLEARING,TXN0256315,3499.00,,5641026.51
18/07/2023,UPI/CR/5467600303/SHEELA DEVI/KKBK0045457/sheela116@okhdfc,TXN0256316,,24000.00,5665026.51
18/07/2023,CHQ NO 913560 CLEARING,TXN0256317,999.00,,5664027.51
19/07/2023,ATM/WDL/12009477/CANARA ATM MYSURU,TXN0256318,120.00,,5663907.51
19/07/2023,UPI/CR/10759158/TARA SINGH/KKBK0045457/tara50@paytm,TXN0256319,,500.00,5664407.51
19/07/2023,NEFT/079842398515/RAJESH VERMA/KKBK0045457/45324409652658,TXN0256320,49.00,,5664358.51
19/07/2023,UPI/DR/87534101/KAVITHA RAO/KKBK0045457/kavitha962@paytm,TXN0256321,5200.00,,5659158.51
19/07/2023,NEFT/928057249713/HARISH MENON/KKBK0045457/60599833523240,TXN0256322,999.00,,5658159.51
19/07/2023,NEFT/907280254814/KAVITHA RAO/KKBK0045457/99992820695571,TXN0256323,310.00,,5657849.51
20/07/2023,CASH DEPOSIT/BRANCH COUNTER/BANJARA HILLS HYDERABAD,TXN0256324,,24000.00,5681849.51
20/07/2023,UPI/DR/943704965849/AYESHA KHAN/KKBK0045457/ayesha568@oksbi,TXN0256325,699.00,,5681150.51
20/07/2023,IMPS/P2P/4875876118/GEETA DEVI/8977441450,TXN0256326,,7600.00,5688750.51
21/07/2023,UPI/DR/61192123/ANAND KUMAR/KKBK0045457/anand299@oksbi,TXN0256327,7800.00,,5680950.51
21/07/2023,CASH DEPOSIT/BRANCH COUNTER/BANJARA HILLS HYDERABAD,TXN0256328,,4800.00,5685750.51
21/07/2023,UPI/DR/7812620211/KAVITHA RAO/KKBK0045457/kavitha177@paytm,TXN0256329,999.00,,5684751.51
21/07/2023,UPI/DR/217600770274/NADIA HUSSAIN/KKBK0045457/nadia250@okhdfc,TXN0256330,49.00,,5684702.51
21/07/2023,UPI/DR/86415839/HARISH MENON/KKBK0045457/harish248@paytm,TXN0256331,79.00,,5684623.51
22/07/2023,UPI/CR/44231469/ROHIT SHARMA/KKBK0045457/rohit831@okaxis,TXN0256332,,32000.00,5716623.51
22/07/2023,UPI/DR/926974445641/ADITYA KUMAR/KKBK0045457/aditya570@oksbi,TXN0256333,999.00,,5715624.51
22/07/2023,IMPS/P2P/9566517281/SANJANA HEGDE/8692382233,TXN0256334,,11200.00,5726824.51
22/07/2023,CASH DEPOSIT/BRANCH COUNTER/BANJARA HILLS HYDERABAD,TXN0256335,,32000.00,5758824.51
23/07/2023,UPI/DR/79374638/CHANDAN SHARMA/KKBK0045457/chandan927@okhdfc,TXN0256336,7800.00,,5751024.51
23/07/2023,CASH DEPOSIT/BRANCH COUNTER/BANJARA HILLS HYDERABAD,TXN0256337,,32000.00,5783024.51
23/07/2023,NEFT/187963210217/KAVERI MENON/KKBK0045457/28115462443518,TXN0256338,,32000.00,5815024.51
24/07/2023,UPI/CR/40397222/SAVITHA DEVI/KKBK0045457/savitha522@okhdfc,TXN0256339,,24000.00,5839024.51
24/07/2023,UPI/DR/0036354744/KAVERI MENON/KKBK0045457/kaveri114@paytm,TXN0256340,1680.00,,5837344.51
24/07/2023,CASH DEPOSIT/BRANCH COUNTER/BANJARA HILLS HYDERABAD,TXN0256341,,2500.00,5839844.51
24/07/2023,NEFT/0640172115/RAHUL SINGH/KKBK0045457/76174992634347,TXN0256342,,11200.00,5851044.51
24/07/2023,CASH DEPOSIT/BRANCH COUNTER/BANJARA HILLS HYDERABAD,TXN0256343,,2500.00,5853544.51
24/07/2023,CASH DEPOSIT/BRANCH COUNTER/BANJARA HILLS HYDERABAD,TXN0256344,,500.00,5854044.51
24/07/2023,UPI/DR/44018839/KIRAN REDDY/KKBK0045457/kiran180@okhdfc,TXN0256345,120.00,,5853924.51
24/07/2023,NEFT/61908733/RAHUL SINGH/KKBK0045457/66389041456093,TXN0256346,3499.00,,5850425.51
24/07/2023,UPI/DR/1073349340/SURESH BABU/KKBK0045457/suresh423@oksbi,TXN0256347,7800.00,,5842625.51
24/07/2023,IMPS/P2P/273818908501/GOPAL VERMA/7709160580,TXN0256348,,7600.00,5850225.51
25/07/2023,ATM/WDL/40841225/CANARA ATM MYSURU,TXN0256349,120.00,,5850105.51
25/07/2023,UPI/DR/90096966/LATHA MURTHY/KKBK0045457/latha246@paytm,TXN0256350,1250.00,,5848855.51
25/07/2023,NEFT/30443043/KAVERI MENON/KKBK0045457/66007678842806,TXN0256351,,500.00,5849355.51
25/07/2023,UPI/CR/8524164082/KARTHIK MENON/KKBK0045457/karthik968@paytm,TXN0256352,,850.00,5850205.51
25/07/2023,ATM/WDL/45024509/SBI ATM JAYANAGAR BLR,TXN0256353,310.00,,5849895.51
25/07/2023,UPI/DR/21977610/RANJIT SINGH/KKBK0045457/ranjit304@okaxis,TXN0256354,310.00,,5849585.51
25/07/2023,UPI/DR/10093482/NIKHIL GUPTA/KKBK0045457/nikhil761@oksbi,TXN0256355,999.00,,5848586.51
26/07/2023,IMPS/P2P/747033805791/RAVI KUMAR SHARMA/8280024802,TXN0256356,,4800.00,5853386.51
26/07/2023,NEFT/7413713410/CHANDAN SHARMA/KKBK0045457/21187717564633,TXN0256357,,500.00,5853886.51
26/07/2023,UPI/DR/1826401361/LAKSHMI VENKAT/KKBK0045457/lakshmi773@okhdfc,TXN0256358,5200.00,,5848686.51
26/07/2023,CASH DEPOSIT/BRANCH COUNTER/BANJARA HILLS HYDERABAD,TXN0256359,,850.00,5849536.51
26/07/2023,UPI/DR/3851282528/NADIA HUSSAIN/KKBK0045457/nadia430@ybl,TXN0256360,1680.00,,5847856.51
26/07/2023,UPI/DR/06604493/TARA SINGH/KKBK0045457/tara992@ybl,TXN0256361,3499.00,,5844357.51
26/07/2023,UPI/DR/51398574/LALITHA DEVI/KKBK0045457/lalitha22@okhdfc,TXN0256362,7800.00,,5836557.51
26/07/2023,ATM/WDL/703813101642/HDFC ATM KORAMANGALA,TXN0256363,2380.00,,5834177.51
27/07/2023,UPI/DR/65906948/RAMESH GOWDA/KKBK0045457/ramesh445@ybl,TXN0256364,79.00,,5834098.51
27/07/2023,ATM/WDL/878634757819/SBI ATM JAYANAGAR BLR,TXN0256365,3499.00,,5830599.51
27/07/2023,UPI/CR/25749064/MOHAN DAS/KKBK0045457/mohan758@okhdfc,TXN0256366,,1200.00,5831799.51
27/07/2023,UPI/DR/143472172948/KIRAN REDDY/KKBK0045457/kiran807@paytm,TXN0256367,249.00,,5831550.51
28/07/2023,UPI/DR/81523178/KIRAN REDDY/KKBK0045457/kiran919@okhdfc,TXN0256368,2380.00,,5829170.51
28/07/2023,UPI/CR/7169234198/SURESH BABU/KKBK0045457/suresh708@oksbi,TXN0256369,,32000.00,5861170.51
29/07/2023,CHQ NO 328300 CLEARING,TXN0256370,120.00,,5861050.51
29/07/2023,UPI/DR/56777718/SAVITHA DEVI/KKBK0045457/savitha744@okaxis,TXN0256371,2380.00,,5858670.51
29/07/2023,NEFT/8679216634/SUSHMA RAO/KKBK0045457/52982002803027,TXN0256372,,500.00,5859170.51
29/07/2023,UPI/DR/0291911496/ANITHA KRISHNAN/KKBK0045457/anitha907@okhdfc,TXN0256373,249.00,,5858921.51
29/07/2023,CHQ NO 362332 CLEARING,TXN0256374,79.00,,5858842.51
30/07/2023,NEFT/60403025/RAMESH PILLAI/KKBK0045457/96454492012683,TXN0256375,2380.00,,5856462.51
30/07/2023,UPI/DR/3763099447/POOJA SHARMA/KKBK0045457/pooja528@oksbi,TXN0256376,5200.00,,5851262.51
30/07/2023,UPI/DR/82572066/RAMESH PILLAI/KKBK0045457/ramesh869@oksbi,TXN0256377,49.00,,5851213.51
30/07/2023,UPI/DR/746358480269/SANTOSH KUMAR/KKBK0045457/santosh115@okhdfc,TXN0256378,310.00,,5850903.51
30/07/2023,CHQ NO 194316 CLEARING,TXN0256379,449.00,,5850454.51
30/07/2023,UPI/DR/748031738523/DIVYA MENON/KKBK0045457/divya707@okhdfc,TXN0256380,3499.00,,5846955.51
30/07/2023,UPI/DR/782147136970/BABU LAL/KKBK0045457/babu296@okhdfc,TXN0256381,49.00,,5846906.51
30/07/2023,UPI/DR/992930538302/VENKAT RAO/KKBK0045457/venkat464@paytm,TXN0256382,999.00,,5845907.51
31/07/2023,IMPS/P2P/2727631385/GEETA DEVI/9464855491,TXN0256383,,1200.00,5847107.51
31/07/2023,UPI/DR/6531601573/REKHA PILLAI/KKBK0045457/rekha328@ybl,TXN0256384,249.00,,5846858.51
31/07/2023,IMPS/P2P/860351612572/SAVITHA DEVI/9587811943,TXN0256385,,2500.00,5849358.51
31/07/2023,ATM/WDL/9125576866/SBI ATM JAYANAGAR BLR,TXN0256386,999.00,,5848359.51
31/07/2023,NEFT/8298961217/RAMESH PILLAI/KKBK0045457/66210027538821,TXN0256387,,4800.00,5853159.51
31/07/2023,ATM/WDL/929379470589/CANARA ATM MYSURU,TXN0256388,249.00,,5852910.51
31/07/2023,UPI/DR/88963711/GANESH KUMAR/KKBK0045457/ganesh790@okaxis,TXN0256389,310.00,,5852600.51
31/07/2023,UPI/DR/2186024907/SHEELA DEVI/KKBK0045457/sheela668@ybl,TXN0256390,449.00,,5852151.51
31/07/2023,CHQ NO 229544 CLEARING,TXN0256391,2380.00,,5849771.51
01/08/2023,IMPS/P2P/47451569/KAVITHA RAO/8000326092,TXN0256392,,18500.00,5868271.51
01/08/2023,IMPS/P2P/27401156/VINAY PATIL/8665464707,TXN0256393,,32000.00,5900271.51
01/08/2023,NEFT/471308876339/SHAHID KHAN/KKBK0045457/34881299073929,TXN0256394,449.00,,5899822.51
01/08/2023,ATM/WDL/069875188407/CANARA ATM MYSURU,TXN0256395,850.00,,5898972.51
01/08/2023,NEFT/9423473651/NILESH KULKARNI/KKBK0045457/04530867013190,TXN0256396,249.00,,5898723.51
02/08/2023,IMPS/P2P/44569999/PADMA RAO/8065887492,TXN0256397,,850.00,5899573.51
02/08/2023,UPI/CR/38652559/SANJANA HEGDE/KKBK0045457/sanjana226@okaxis,TXN0256398,,24000.00,5923573.51
02/08/2023,UPI/DR/3525940973/VENKAT RAO/KKBK0045457/venkat629@oksbi,TXN0256399,850.00,,5922723.51
02/08/2023,UPI/CR/74385533/KARTHIK MENON/KKBK0045457/karthik431@okaxis,TXN0256400,,850.00,5923573.51
02/08/2023,UPI/DR/7057576991/VINAY PATIL/KKBK0045457/vinay717@paytm,TXN0256401,49.00,,5923524.51
02/08/2023,UPI/DR/68751104/SHEELA DEVI/KKBK0045457/sheela324@okhdfc,TXN0256402,49.00,,5923475.51
03/08/2023,UPI/DR/524247943543/MALLIKA DAS/KKBK0045457/mallika239@okaxis,TXN0256403,5200.00,,5918275.51
03/08/2023,NEFT/2870246314/CHANDAN SHARMA/KKBK0045457/75657319653061,TXN0256404,,24000.00,5942275.51
03/08/2023,UPI/CR/07000760/LALITHA DEVI/KKBK0045457/lalitha110@okaxis,TXN0256405,,500.00,5942775.51
03/08/2023,CHQ NO 227596 CLEARING,TXN0256406,850.00,,5941925.51
04/08/2023,ATM/WDL/786022368926/HDFC ATM KORAMANGALA,TXN0256407,49.00,,5941876.51
04/08/2023,UPI/CR/2424659756/SUNIL YADAV/KKBK0045457/sunil371@paytm,TXN0256408,,1200.00,5943076.51
04/08/2023,NEFT/8209688038/DIVYA MENON/KKBK0045457/10598233093877,TXN0256409,,11200.00,5954276.51
04/08/2023,UPI/DR/5214312819/ARUN SHARMA/KKBK0045457/arun534@okhdfc,TXN0256410,2380.00,,5951896.51
04/08/2023,CASH DEPOSIT/BRANCH COUNTER/BANJARA HILLS HYDERABAD,TXN0256411,,18500.00,5970396.51
04/08/2023,UPI/DR/689757841423/RANJIT SINGH/KKBK0045457/ranjit668@okhdfc,TXN0256412,49.00,,5970347.51
05/08/2023,UPI/CR/5402353019/PADMA RAO/KKBK0045457/padma688@paytm,TXN0256413,,18500.00,5988847.51
05/08/2023,UPI/DR/59178579/KIRAN REDDY/KKBK0045457/kiran992@okaxis,TXN0256414,120.00,,5988727.51
05/08/2023,NEFT/790413325409/GOPAL VERMA/KKBK0045457/89099788860384,TXN0256415,49.00,,5988678.51
05/08/2023,ATM/WDL/753514427147/SBI ATM JAYANAGAR BLR,TXN0256416,310.00,,5988368.51
05/08/2023,CHQ NO 041258 CLEARING,TXN0256417,5200.00,,5983168.51
05/08/2023,ATM/WDL/14897733/SBI ATM JAYANAGAR BLR,TXN0256418,5200.00,,5977968.51
05/08/2023,CHQ NO 605664 CLEARING,TXN0256419,1680.00,,5976288.51
05/08/2023,NEFT/3356328062/KAVYA REDDY/KKBK0045457/12828724218276,TXN0256420,,850.00,5977138.51
06/08/2023,NEFT/77621684/ARJUN MEHTA/KKBK0045457/21823452366541,TXN0256421,,7600.00,5984738.51
06/08/2023,IMPS/P2P/698558078934/SANTOSH KUMAR/8322374224,TXN0256422,,18500.00,6003238.51
06/08/2023,CHQ NO 995920 CLEARING,TXN0256423,79.00,,6003159.51
06/08/2023,UPI/DR/509097009320/ANAND KUMAR/KKBK0045457/anand665@ybl,TXN0256424,3499.00,,5999660.51
06/08/2023,UPI/CR/83150686/ADITYA KUMAR/KKBK0045457/aditya708@paytm,TXN0256425,,850.00,6000510.51
06/08/2023,UPI/DR/36672145/SHEELA DEVI/KKBK0045457/sheela73@oksbi,TXN0256426,5200.00,,5995310.51
06/08/2023,UPI/DR/69756906/PRAKASH RAO/KKBK0045457/prakash696@oksbi,TXN0256427,1250.00,,5994060.51
06/08/2023,UPI/DR/141139068600/RAJENDRA PRASAD/KKBK0045457/rajendra304@ybl,TXN0256428,699.00,,5993361.51
06/08/2023,UPI/DR/449059671784/PADMA RAO/KKBK0045457/padma635@paytm,TXN0256429,850.00,,5992511.51
07/08/2023,CASH DEPOSIT/BRANCH COUNTER/BANJARA HILLS HYDERABAD,TXN0256430,,500.00,5993011.51
07/08/2023,UPI/DR/192121220942/PADMA RAO/KKBK0045457/padma668@ybl,TXN0256431,1680.00,,5991331.51
07/08/2023,NEFT/8448938217/DEEPA NAIR/KKBK0045457/75091605601702,TXN0256432,,11200.00,6002531.51
08/08/2023,NEFT/59329869/USHA RANI/KKBK0045457/06773462126695,TXN0256433,,1200.00,6003731.51
08/08/2023,NEFT/61353554/VINAY PATIL/KKBK0045457/36413979713407,TXN0256434,,500.00,6004231.51
08/08/2023,NEFT/5344228027/SANTOSH KUMAR/KKBK0045457/08018772404862,TXN0256435,,7600.00,6011831.51
09/08/2023,UPI/DR/4703742863/KAVITHA RAO/KKBK0045457/kavitha912@paytm,TXN0256436,449.00,,6011382.51
09/08/2023,UPI/DR/89629972/CHANDAN SHARMA/KKBK0045457/chandan788@okhdfc,TXN0256437,999.00,,6010383.51
09/08/2023,NEFT/63026967/DEEPAK JOSHI/KKBK0045457/78539233028551,TXN0256438,449.00,,6009934.51
09/08/2023,UPI/DR/3856275892/SANTOSH KUMAR/KKBK0045457/santosh976@okaxis,TXN0256439,310.00,,6009624.51
10/08/2023,NEFT/11677221/NADIA HUSSAIN/KKBK0045457/21921738032708,TXN0256440,3499.00,,6006125.51
10/08/2023,IMPS/P2P/84559093/PRIYA NAIR/7788433926,TXN0256441,,32000.00,6038125.51
10/08/2023,IMPS/P2P/216271237751/VIKRAM NAIR/8220108033,TXN0256442,,2500.00,6040625.51
10/08/2023,NEFT/0719488067/RAJESH VERMA/KKBK0045457/30307596365151,TXN0256443,999.00,,6039626.51
10/08/2023,IMPS/P2P/3717914483/BABU LAL/8115489526,TXN0256444,,11200.00,6050826.51
11/08/2023,UPI/DR/031361625454/AYESHA KHAN/KKBK0045457/ayesha773@okaxis,TXN0256445,120.00,,6050706.51
11/08/2023,IMPS/P2P/386394127940/LALITHA DEVI/9117252304,TXN0256446,,11200.00,6061906.51
11/08/2023,CHQ NO 752804 CLEARING,TXN0256447,7800.00,,6054106.51
11/08/2023,UPI/DR/4057322577/GOPAL VERMA/KKBK0045457/gopal56@paytm,TXN0256448,449.00,,6053657.51
11/08/2023,NEFT/0984674364/KARTHIK MENON/KKBK0045457/28117543036332,TXN0256449,1250.00,,6052407.51
11/08/2023,ATM/WDL/8304558035/CANARA ATM MYSURU,TXN0256450,2380.00,,6050027.51
12/08/2023,NEFT/675468617998/GEETA DEVI/KKBK0045457/76226182019300,TXN0256451,,4800.00,6054827.51
12/08/2023,UPI/DR/349794078567/KAVERI MENON/KKBK0045457/kaveri247@okhdfc,TXN0256452,999.00,,6053828.51
12/08/2023,UPI/DR/940025861574/PADMA RAO/KKBK0045457/padma88@paytm,TXN0256453,79.00,,6053749.51
13/08/2023,IMPS/P2P/6892505675/IMRAN KHAN/8363604433,TXN0256454,,7600.00,6061349.51
13/08/2023,UPI/DR/48469425/FATIMA SHEIKH/KKBK0045457/fatima88@ybl,TXN0256455,249.00,,6061100.51
13/08/2023,UPI/DR/5002583099/MALLIKA DAS/KKBK0045457/mallika878@okaxis,TXN0256456,449.00,,6060651.51
13/08/2023,ATM/WDL/023974306136/HDFC ATM KORAMANGALA,TXN0256457,5200.00,,6055451.51
13/08/2023,UPI/DR/933761758227/GEETA DEVI/KKBK0045457/geeta376@paytm,TXN0256458,850.00,,6054601.51
14/08/2023,NEFT/04412077/BINDHU NAIR/KKBK0045457/93125206285629,TXN0256459,,4800.00,6059401.51
14/08/2023,CASH DEPOSIT/BRANCH COUNTER/BANJARA HILLS HYDERABAD,TXN0256460,,1200.00,6060601.51
14/08/2023,UPI/CR/07582969/VIKRAM NAIR/KKBK0045457/vikram106@ybl,TXN0256461,,1200.00,6061801.51
14/08/2023,UPI/DR/5775695596/KAVERI MENON/KKBK0045457/kaveri630@okaxis,TXN0256462,699.00,,6061102.51
14/08/2023,UPI/DR/899468822762/RAVI KUMAR SHARMA/KKBK0045457/ravi260@ybl,TXN0256463,2380.00,,6058722.51
14/08/2023,CHQ NO 315913 CLEARING,TXN0256464,699.00,,6058023.51
15/08/2023,ATM/WDL/123894365418/CANARA ATM MYSURU,TXN0256465,449.00,,6057574.51
15/08/2023,NEFT/731623401168/KIRAN REDDY/KKBK0045457/74297386432150,TXN0256466,2380.00,,6055194.51
15/08/2023,CHQ NO 249502 CLEARING,TXN0256467,7800.00,,6047394.51
15/08/2023,CHQ NO 917091 CLEARING,TXN0256468,1250.00,,6046144.51
15/08/2023,UPI/CR/7517778615/BINDHU NAIR/KKBK0045457/bindhu197@paytm,TXN0256469,,1200.00,6047344.51
16/08/2023,CASH DEPOSIT/BRANCH COUNTER/BANJARA HILLS HYDERABAD,TXN0256470,,32000.00,6079344.51
16/08/2023,CASH DEPOSIT/BRANCH COUNTER/BANJARA HILLS HYDERABAD,TXN0256471,,1200.00,6080544.51
16/08/2023,UPI/DR/5239237150/SNEHA PATIL/KKBK0045457/sneha747@paytm,TXN0256472,699.00,,6079845.51
16/08/2023,NEFT/809170942545/SHEELA DEVI,TXN0256473,2500.00,,6077345.51
16/08/2023,CASH DEPOSIT/BRANCH COUNTER/BANJARA HILLS HYDERABAD,TXN0256474,,500.00,6077845.51
16/08/2023,ATM/WDL/22975481/SBI ATM JAYANAGAR BLR,TXN0256475,699.00,,6077146.51
16/08/2023,UPI/DR/154470749096/SMITHA PILLAI/KKBK0045457/smitha659@ybl,TXN0256476,310.00,,6076836.51
16/08/2023,UPI/CR/6777188897/RESHMA KHAN/KKBK0045457/reshma270@ybl,TXN0256477,,18500.00,6095336.51
16/08/2023,CHQ NO 363606 CLEARING,TXN0256478,850.00,,6094486.51
17/08/2023,CHQ NO 176817 CLEARING,TXN0256479,310.00,,6094176.51
17/08/2023,UPI/CR/9588372003/ANITHA KRISHNAN/KKBK0045457/anitha636@oksbi,TXN0256480,,500.00,6094676.51
17/08/2023,UPI/DR/63461756/REKHA PILLAI/KKBK0045457/rekha559@paytm,TXN0256481,310.00,,6094366.51
18/08/2023,UPI/CR/8867029220/ANITHA KRISHNAN/KKBK0045457/anitha182@oksbi,TXN0256482,,7600.00,6101966.51
18/08/2023,IMPS/P2P/93134115/TANVI RAO/8869422648,TXN0256483,,24000.00,6125966.51
19/08/2023,NEFT/0421323169/SHAHID KHAN/KKBK0045457/74730215610705,TXN0256484,79.00,,6125887.51
19/08/2023,REVERSAL-NEFT/PENDING_REV_72929743,TXN0256485,,2500.00,6128387.51
19/08/2023,CASH DEPOSIT/BRANCH COUNTER/BANJARA HILLS HYDERABAD,TXN0256486,,32000.00,6160387.51
19/08/2023,NEFT/40299568/GANESH KUMAR/KKBK0045457/34295340908288,TXN0256487,5200.00,,6155187.51
19/08/2023,CASH DEPOSIT/BRANCH COUNTER/BANJARA HILLS HYDERABAD,TXN0256488,,500.00,6155687.51
20/08/2023,UPI/DR/513351873992/ARUN SHARMA/KKBK0045457/arun398@ybl,TXN0256489,249.00,,6155438.51
20/08/2023,IMPS/P2P/3119265145/ARJUN MEHTA/9117613121,TXN0256490,,850.00,6156288.51
20/08/2023,UPI/DR/803702044458/BABU LAL/KKBK0045457/babu130@okhdfc,TXN0256491,850.00,,6155438.51
20/08/2023,CHQ NO 049008 CLEARING,TXN0256492,1250.00,,6154188.51
20/08/2023,UPI/CR/7271193982/RAMESH GOWDA/KKBK0045457/ramesh858@okhdfc,TXN0256493,,4800.00,6158988.51
21/08/2023,NEFT/774099568812/SAVITHA DEVI/KKBK0045457/26127772343675,TXN0256494,,11200.00,6170188.51
21/08/2023,UPI/DR/402374128186/GANESH KUMAR/KKBK0045457/ganesh902@paytm,TXN0256495,79.00,,6170109.51
21/08/2023,UPI/CR/757419892564/SUNITA DEVI/KKBK0045457/sunita291@okhdfc,TXN0256496,,11200.00,6181309.51
21/08/2023,ATM/WDL/02677755/SBI ATM JAYANAGAR BLR,TXN0256497,699.00,,6180610.51
21/08/2023,CASH DEPOSIT/BRANCH COUNTER/BANJARA HILLS HYDERABAD,TXN0256498,,7600.00,6188210.51
21/08/2023,UPI/CR/6197760731/SNEHA PATIL/KKBK0045457/sneha984@paytm,TXN0256499,,2500.00,6190710.51
22/08/2023,UPI/DR/781838019304/TARA SINGH/KKBK0045457/tara335@okhdfc,TXN0256500,449.00,,6190261.51
22/08/2023,UPI/DR/453964536585/DEEPAK JOSHI/KKBK0045457/deepak31@oksbi,TXN0256501,249.00,,6190012.51
22/08/2023,CHQ NO 645751 CLEARING,TXN0256502,79.00,,6189933.51
22/08/2023,NEFT/13627100/TARA SINGH/KKBK0045457/54318333979636,TXN0256503,999.00,,6188934.51
22/08/2023,CASH DEPOSIT/BRANCH COUNTER/BANJARA HILLS HYDERABAD,TXN0256504,,24000.00,6212934.51
22/08/2023,UPI/DR/480505418067/SHAHID KHAN/KKBK0045457/shahid920@oksbi,TXN0256505,1680.00,,6211254.51
22/08/2023,UPI/CR/735535435973/ARCHANA PILLAI/KKBK0045457/archana97@okhdfc,TXN0256506,,1200.00,6212454.51
22/08/2023,UPI/CR/80376918/SMITHA PILLAI/KKBK0045457/smitha806@okaxis,TXN0256507,,11200.00,6223654.51
23/08/2023,IMPS/P2P/65626335/PADMA RAO/9321466950,TXN0256508,,24000.00,6247654.51
23/08/2023,UPI/DR/640675021559/POOJA SHARMA/KKBK0045457/pooja485@okhdfc,TXN0256509,999.00,,6246655.51
23/08/2023,IMPS/P2P/2108650136/VENKAT RAO/9256798648,TXN0256510,,32000.00,6278655.51
23/08/2023,ATM/WDL/912335968766/HDFC ATM KORAMANGALA,TXN0256511,120.00,,6278535.51
24/08/2023,NEFT/0404059748/ARUN SHARMA/KKBK0045457/26238874325691,TXN0256512,,1200.00,6279735.51
24/08/2023,UPI/DR/1700056656/SANJANA HEGDE/KKBK0045457/sanjana809@oksbi,TXN0256513,3499.00,,6276236.51
24/08/2023,UPI/DR/62155747/VINAY PATIL/KKBK0045457/vinay705@okaxis,TXN0256514,2380.00,,6273856.51
25/08/2023,CHQ NO 399400 CLEARING,TXN0256515,2380.00,,6271476.51
25/08/2023,NEFT/066913948445/ARUN SHARMA/KKBK0045457/07459106837109,TXN0256516,,32000.00,6303476.51
25/08/2023,UPI/DR/9078394626/SUSHMA RAO/KKBK0045457/sushma947@okhdfc,TXN0256517,699.00,,6302777.51
25/08/2023,UPI/DR/099366895837/ARCHANA PILLAI/KKBK0045457/archana294@okaxis,TXN0256518,699.00,,6302078.51
25/08/2023,CHQ NO 444866 CLEARING,TXN0256519,699.00,,6301379.51
25/08/2023,NEFT/6319140906/SUNITA DEVI/KKBK0045457/06447089897678,TXN0256520,79.00,,6301300.51
25/08/2023,UPI/DR/17021190/SURESH BABU/KKBK0045457/suresh279@okhdfc,TXN0256521,1250.00,,6300050.51
26/08/2023,UPI/CR/52409802/VIKRAM NAIR/KKBK0045457/vikram502@paytm,TXN0256522,,24000.00,6324050.51
26/08/2023,NEFT/86494493/FATIMA SHEIKH/KKBK0045457/66106458817943,TXN0256523,,500.00,6324550.51
26/08/2023,UPI/DR/297315192634/NILESH KULKARNI/KKBK0045457/nilesh985@okaxis,TXN0256524,699.00,,6323851.51
26/08/2023,CHQ NO 709604 CLEARING,TXN0256525,249.00,,6323602.51
26/08/2023,CHQ NO 874947 CLEARING,TXN0256526,310.00,,6323292.51
26/08/2023,UPI/DR/34478461/SMITHA PILLAI/KKBK0045457/smitha224@okaxis,TXN0256527,2380.00,,6320912.51
27/08/2023,ATM/WDL/8642017987/CANARA ATM MYSURU,TXN0256528,2380.00,,6318532.51
27/08/2023,NEFT/592863241925/VINAY PATIL/KKBK0045457/05607723915355,TXN0256529,,4800.00,6323332.51
27/08/2023,NEFT/2644350168/KAVYA REDDY/KKBK0045457/53074937656092,TXN0256530,,500.00,6323832.51
27/08/2023,IMPS/P2P/045310167534/ROHIT SHARMA/9547773891,TXN0256531,,1200.00,6325032.51
27/08/2023,NEFT/8292083301/RANJIT SINGH/KKBK0045457/01639515863944,TXN0256532,449.00,,6324583.51
27/08/2023,UPI/DR/785132017054/GANESH KUMAR/KKBK0045457/ganesh921@paytm,TXN0256533,699.00,,6323884.51
28/08/2023,UPI/DR/4953573505/PREETHI IYER/KKBK0045457/preethi310@ybl,TXN0256534,850.00,,6323034.51
28/08/2023,UPI/CR/26834349/LAKSHMI VENKAT/KKBK0045457/lakshmi934@okhdfc,TXN0256535,,11200.00,6334234.51
28/08/2023,UPI/CR/58839063/SHEELA DEVI/KKBK0045457/sheela537@paytm,TXN0256536,,11200.00,6345434.51
28/08/2023,UPI/DR/7326484330/SNEHA PATIL/KKBK0045457/sneha613@okaxis,TXN0256537,310.00,,6345124.51
28/08/2023,UPI/DR/411381441493/DIVYA MENON/KKBK0045457/divya322@okaxis,TXN0256538,699.00,,6344425.51
29/08/2023,IMPS/P2P/4502298440/RAJENDRA PRASAD/7524047875,TXN0256539,,7600.00,6352025.51
29/08/2023,IMPS/P2P/05250317/ANAND KUMAR/8753281293,TXN0256540,,32000.00,6384025.51
29/08/2023,IMPS/P2P/52833173/BABU LAL/9158217801,TXN0256541,,1200.00,6385225.51
29/08/2023,NEFT/0329541599/CHANDAN SHARMA/KKBK0045457/16119685469756,TXN0256542,,1200.00,6386425.51
29/08/2023,UPI/DR/12499606/CHANDAN SHARMA/KKBK0045457/chandan905@oksbi,TXN0256543,310.00,,6386115.51
29/08/2023,IMPS/P2P/32103474/ARJUN MEHTA/8115815549,TXN0256544,,32000.00,6418115.51
29/08/2023,NEFT/4028207568/GOPAL VERMA/KKBK0045457/58628135193360,TXN0256545,2380.00,,6415735.51
30/08/2023,UPI/CR/328754730243/LAKSHMI VENKAT/KKBK0045457/lakshmi192@ybl,TXN0256546,,7600.00,6423335.51
30/08/2023,NEFT/3201261547/DEEPA NAIR/KKBK0045457/79343339926266,TXN0256547,,32000.00,6455335.51
30/08/2023,IMPS/P2P/64163899/NILESH KULKARNI/9467182252,TXN0256548,,1200.00,6456535.51
30/08/2023,IMPS/P2P/923960993964/SNEHA PATIL/9525536799,TXN0256549,,7600.00,6464135.51
30/08/2023,UPI/DR/8190105298/NIKHIL GUPTA/KKBK0045457/nikhil346@okaxis,TXN0256550,5200.00,,6458935.51
30/08/2023,IMPS/P2P/50459698/NIKHIL GUPTA/8511542422,TXN0256551,,2500.00,6461435.51
30/08/2023,CASH DEPOSIT/BRANCH COUNTER/BANJARA HILLS HYDERABAD,TXN0256552,,11200.00,6472635.51
30/08/2023,UPI/DR/0752485415/CHANDAN SHARMA/KKBK0045457/chandan872@okaxis,TXN0256553,1250.00,,6471385.51
31/08/2023,CASH DEPOSIT/BRANCH COUNTER/BANJARA HILLS HYDERABAD,TXN0256554,,850.00,6472235.51
31/08/2023,ATM/WDL/1960411867/SBI ATM JAYANAGAR BLR,TXN0256555,2380.00,,6469855.51
31/08/2023,UPI/CR/13154447/MOHAN DAS/KKBK0045457/mohan741@paytm,TXN0256556,,1200.00,6471055.51
31/08/2023,UPI/CR/68789874/HARISH MENON/KKBK0045457/harish300@oksbi,TXN0256557,,24000.00,6495055.51
31/08/2023,NEFT/9147169009/SURESH BABU/KKBK0045457/35521330407167,TXN0256558,310.00,,6494745.51
01/09/2023,UPI/DR/84076440/SAVITHA DEVI/KKBK0045457/savitha212@okaxis,TXN0256559,449.00,,6494296.51
01/09/2023,ATM/WDL/118741508363/CANARA ATM MYSURU,TXN0256560,2380.00,,6491916.51
01/09/2023,CHQ NO 951629 CLEARING,TXN0256561,850.00,,6491066.51
01/09/2023,UPI/DR/178447446366/AYESHA KHAN/KKBK0045457/ayesha508@okhdfc,TXN0256562,79.00,,6490987.51
02/09/2023,ATM/WDL/82899470/HDFC ATM KORAMANGALA,TXN0256563,850.00,,6490137.51
02/09/2023,CASH DEPOSIT/BRANCH COUNTER/BANJARA HILLS HYDERABAD,TXN0256564,,2500.00,6492637.51
02/09/2023,CASH DEPOSIT/BRANCH COUNTER/BANJARA HILLS HYDERABAD,TXN0256565,,18500.00,6511137.51
02/09/2023,IMPS/P2P/6519911156/ARJUN MEHTA/9497411193,TXN0256566,,11200.00,6522337.51
02/09/2023,UPI/CR/4235276567/SHEELA DEVI/KKBK0045457/sheela946@ybl,TXN0256567,,4800.00,6527137.51
02/09/2023,CHQ NO 320221 CLEARING,TXN0256568,850.00,,6526287.51
03/09/2023,UPI/DR/68988722/SANJANA HEGDE/KKBK0045457/sanjana535@okhdfc,TXN0256569,999.00,,6525288.51
03/09/2023,UPI/CR/58684731/HARISH MENON/KKBK0045457/harish523@paytm,TXN0256570,,1200.00,6526488.51
03/09/2023,IMPS/P2P/66420172/IMRAN KHAN/9390028478,TXN0256571,,18500.00,6544988.51
03/09/2023,IMPS/P2P/18057867/PRIYA NAIR/9915025488,TXN0256572,,24000.00,6568988.51
03/09/2023,NEFT/3841967157/SUNIL YADAV/KKBK0045457/76231345544979,TXN0256573,449.00,,6568539.51
03/09/2023,UPI/DR/24183552/ARUN SHARMA/KKBK0045457/arun528@okhdfc,TXN0256574,5200.00,,6563339.51
03/09/2023,UPI/DR/2945215812/VENKAT RAO/KKBK0045457/venkat848@ybl,TXN0256575,5200.00,,6558139.51
03/09/2023,CASH DEPOSIT/BRANCH COUNTER/BANJARA HILLS HYDERABAD,TXN0256576,,11200.00,6569339.51
03/09/2023,UPI/DR/049627542881/RAVI KUMAR SHARMA/KKBK0045457/ravi476@ybl,TXN0256577,249.00,,6569090.51
03/09/2023,UPI/DR/5034119541/VENKAT RAO/KKBK0045457/venkat287@okaxis,TXN0256578,5200.00,,6563890.51
03/09/2023,CHQ NO 302742 CLEARING,TXN0256579,449.00,,6563441.51
04/09/2023,NEFT/45524343/RAHUL SINGH/KKBK0045457/28523942145401,TXN0256580,7800.00,,6555641.51
04/09/2023,UPI/DR/7478600942/DEEPA NAIR/KKBK0045457/deepa917@okaxis,TXN0256581,999.00,,6554642.51
04/09/2023,CHQ NO 001684 CLEARING,TXN0256582,999.00,,6553643.51
04/09/2023,UPI/DR/08823435/ARJUN MEHTA/KKBK0045457/arjun683@paytm,TXN0256583,3499.00,,6550144.51
05/09/2023,CASH DEPOSIT/BRANCH COUNTER/BANJARA HILLS HYDERABAD,TXN0256584,,11200.00,6561344.51
05/09/2023,UPI/DR/91861352/KARTHIK MENON/KKBK0045457/karthik739@okhdfc,TXN0256585,999.00,,6560345.51
05/09/2023,NEFT/1893600174/SUNIL YADAV/KKBK0045457/32021957673097,TXN0256586,,1200.00,6561545.51
05/09/2023,UPI/CR/8038188242/ADITYA KUMAR/KKBK0045457/aditya334@okaxis,TXN0256587,,24000.00,6585545.51
06/09/2023,ATM/WDL/5076624962/CANARA ATM MYSURU,TXN0256588,699.00,,6584846.51
06/09/2023,ATM/WDL/6994033390/CANARA ATM MYSURU,TXN0256589,7800.00,,6577046.51
06/09/2023,CHQ NO 473630 CLEARING,TXN0256590,5200.00,,6571846.51
06/09/2023,NEFT/76342839/ANAND KUMAR/KKBK0045457/37896091560991,TXN0256591,,500.00,6572346.51
07/09/2023,ATM/WDL/87448512/HDFC ATM KORAMANGALA,TXN0256592,5200.00,,6567146.51
07/09/2023,UPI/DR/44241257/ADITYA KUMAR/KKBK0045457/aditya392@ybl,TXN0256593,999.00,,6566147.51
07/09/2023,ATM/WDL/081224603969/HDFC ATM KORAMANGALA,TXN0256594,3499.00,,6562648.51
07/09/2023,CASH DEPOSIT/BRANCH COUNTER/BANJARA HILLS HYDERABAD,TXN0256595,,11200.00,6573848.51
07/09/2023,NEFT/9778325699/DEEPA NAIR/KKBK0045457/94613418553482,TXN0256596,2380.00,,6571468.51
07/09/2023,NEFT/68401960/SNEHA PATIL/KKBK0045457/35405581499495,TXN0256597,120.00,,6571348.51
07/09/2023,UPI/DR/40567822/SURESH NAIR/KKBK0045457/suresh537@okhdfc,TXN0256598,249.00,,6571099.51
07/09/2023,UPI/DR/438992948148/LATHA MURTHY/KKBK0045457/latha129@paytm,TXN0256599,249.00,,6570850.51
08/09/2023,NEFT/75035437/SURESH NAIR/KKBK0045457/29399584344420,TXN0256600,7800.00,,6563050.51
08/09/2023,CASH DEPOSIT/BRANCH COUNTER/BANJARA HILLS HYDERABAD,TXN0256601,,500.00,6563550.51
08/09/2023,IMPS/P2P/28265922/AYESHA KHAN/8906513432,TXN0256602,,4800.00,6568350.51
08/09/2023,UPI/CR/49998887/RAJENDRA PRASAD/KKBK0045457/rajendra108@okhdfc,TXN0256603,,2500.00,6570850.51
08/09/2023,CHQ NO 497149 CLEARING,TXN0256604,7800.00,,6563050.51
08/09/2023,ATM/WDL/54426088/SBI ATM JAYANAGAR BLR,TXN0256605,79.00,,6562971.51
08/09/2023,UPI/DR/41283539/SAVITHA DEVI/KKBK0045457/savitha961@ybl,TXN0256606,7800.00,,6555171.51
09/09/2023,CASH DEPOSIT/BRANCH COUNTER/BANJARA HILLS HYDERABAD,TXN0256607,,24000.00,6579171.51
09/09/2023,UPI/DR/9467826752/ARCHANA PILLAI/KKBK0045457/archana796@paytm,TXN0256608,249.00,,6578922.51
09/09/2023,UPI/CR/05660692/MOHAMMED IRFAN/KKBK0045457/mohammed856@ybl,TXN0256609,,18500.00,6597422.51
09/09/2023,CHQ NO 445753 CLEARING,TXN0256610,79.00,,6597343.51
10/09/2023,CHQ NO 114357 CLEARING,TXN0256611,1250.00,,6596093.51
10/09/2023,IMPS/P2P/210250147583/AYESHA KHAN/7213916448,TXN0256612,,7600.00,6603693.51
10/09/2023,UPI/DR/542640578313/NADIA HUSSAIN/KKBK0045457/nadia342@okhdfc,TXN0256613,850.00,,6602843.51
10/09/2023,UPI/DR/1599091459/RAJESH VERMA/KKBK0045457/rajesh792@oksbi,TXN0256614,310.00,,6602533.51
11/09/2023,UPI/DR/941921530284/TANVI RAO/KKBK0045457/tanvi238@ybl,TXN0256615,5200.00,,6597333.51
11/09/2023,UPI/DR/564509763187/ARCHANA PILLAI/KKBK0045457/archana402@oksbi,TXN0256616,1250.00,,6596083.51
11/09/2023,NEFT/1143633870/KAVYA REDDY/KKBK0045457/39322058264846,TXN0256617,449.00,,6595634.51
11/09/2023,NEFT/0129998655/ANAND KUMAR/KKBK0045457/19259157369075,TXN0256618,3499.00,,6592135.51
11/09/2023,CHQ NO 450764 CLEARING,TXN0256619,249.00,,6591886.51
11/09/2023,CHQ NO 801952 CLEARING,TXN0256620,850.00,,6591036.51
11/09/2023,UPI/DR/730244400121/VIKRAM NAIR/KKBK0045457/vikram452@ybl,TXN0256621,1680.00,,6589356.51
11/09/2023,CHQ NO 108326 CLEARING,TXN0256622,7800.00,,6581556.51
12/09/2023,NEFT/824170485639/NILESH KULKARNI/KKBK0045457/19470738442524,TXN0256623,310.00,,6581246.51
12/09/2023,NEFT/3609210991/ARJUN MEHTA/KKBK0045457/99271418207994,TXN0256624,49.00,,6581197.51
13/09/2023,NEFT/96997940/LATHA MURTHY/KKBK0045457/43434667339109,TXN0256625,699.00,,6580498.51
13/09/2023,UPI/DR/702000897425/KAVYA REDDY/KKBK0045457/kavya454@okaxis,TXN0256626,249.00,,6580249.51
13/09/2023,IMPS/P2P/772356455892/VIKRAM NAIR/8283822077,TXN0256627,,24000.00,6604249.51
13/09/2023,CASH DEPOSIT/BRANCH COUNTER/BANJARA HILLS HYDERABAD,TXN0256628,,24000.00,6628249.51
13/09/2023,UPI/CR/752853223615/VENKAT RAO/KKBK0045457/venkat144@paytm,TXN0256629,,4800.00,6633049.51
13/09/2023,UPI/CR/230639717878/NIKHIL GUPTA/KKBK0045457/nikhil365@okhdfc,TXN0256630,,2500.00,6635549.51
14/09/2023,UPI/DR/28364851/KAVYA REDDY/KKBK0045457/kavya838@okaxis,TXN0256631,120.00,,6635429.51
14/09/2023,UPI/DR/1868546730/REKHA PILLAI/KKBK0045457/rekha799@paytm,TXN0256632,999.00,,6634430.51
15/09/2023,ATM/WDL/449976647106/SBI ATM JAYANAGAR BLR,TXN0256633,449.00,,6633981.51
15/09/2023,UPI/DR/4085338618/LATHA MURTHY/KKBK0045457/latha341@ybl,TXN0256634,3499.00,,6630482.51
15/09/2023,UPI/DR/983697608798/VENKAT RAO/KKBK0045457/venkat761@paytm,TXN0256635,999.00,,6629483.51
15/09/2023,NEFT/032408646297/SAVITHA DEVI/KKBK0045457/27531927762221,TXN0256636,999.00,,6628484.51
15/09/2023,UPI/DR/15653200/ARUN SHARMA/KKBK0045457/arun156@paytm,TXN0256637,310.00,,6628174.51
16/09/2023,ATM/WDL/488932378256/CANARA ATM MYSURU,TXN0256638,699.00,,6627475.51
16/09/2023,UPI/DR/5727750997/NADIA HUSSAIN/KKBK0045457/nadia350@okaxis,TXN0256639,120.00,,6627355.51
16/09/2023,ATM/WDL/0196917592/CANARA ATM MYSURU,TXN0256640,7800.00,,6619555.51
16/09/2023,CHQ NO 812906 CLEARING,TXN0256641,79.00,,6619476.51
16/09/2023,UPI/DR/255575048154/FATIMA SHEIKH/KKBK0045457/fatima255@okaxis,TXN0256642,120.00,,6619356.51
16/09/2023,UPI/DR/972358799375/SANTOSH KUMAR/KKBK0045457/santosh56@paytm,TXN0256643,449.00,,6618907.51
16/09/2023,UPI/DR/352350089224/DEEPA NAIR/KKBK0045457/deepa684@okaxis,TXN0256644,1680.00,,6617227.51
17/09/2023,NEFT/279564236008/SURESH BABU/KKBK0045457/43742618735692,TXN0256645,,11200.00,6628427.51
17/09/2023,UPI/DR/3919380690/NAVEEN KUMAR/KKBK0045457/naveen536@oksbi,TXN0256646,850.00,,6627577.51
17/09/2023,UPI/CR/6912899818/RESHMA KHAN/KKBK0045457/reshma262@paytm,TXN0256647,,7600.00,6635177.51
18/09/2023,NEFT/191548804880/SNEHA PATIL/KKBK0045457/38402278446586,TXN0256648,,2500.00,6637677.51
18/09/2023,CHQ NO 678790 CLEARING,TXN0256649,2380.00,,6635297.51
18/09/2023,CHQ NO 836679 CLEARING,TXN0256650,1680.00,,6633617.51
18/09/2023,UPI/DR/110857345538/SHAHID KHAN/KKBK0045457/shahid557@ybl,TXN0256651,7800.00,,6625817.51
18/09/2023,ATM/WDL/397657670758/SBI ATM JAYANAGAR BLR,TXN0256652,79.00,,6625738.51
19/09/2023,CASH DEPOSIT/BRANCH COUNTER/BANJARA HILLS HYDERABAD,TXN0256653,,24000.00,6649738.51
19/09/2023,NEFT/828921852626/LAKSHMI VENKAT/KKBK0045457/58420802288289,TXN0256654,,32000.00,6681738.51
19/09/2023,UPI/DR/06751201/POOJA SHARMA/KKBK0045457/pooja31@ybl,TXN0256655,850.00,,6680888.51
19/09/2023,CHQ NO 353097 CLEARING,TXN0256656,7800.00,,6673088.51
19/09/2023,UPI/DR/7081910149/NAVEEN KUMAR/KKBK0045457/naveen820@okhdfc,TXN0256657,850.00,,6672238.51
19/09/2023,UPI/CR/651607736501/SNEHA PATIL/KKBK0045457/sneha539@ybl,TXN0256658,,2500.00,6674738.51
19/09/2023,UPI/DR/752641545607/VIKRAM NAIR/KKBK0045457/vikram812@okhdfc,TXN0256659,999.00,,6673739.51
20/09/2023,UPI/DR/01760468/KAVYA REDDY/KKBK0045457/kavya152@okaxis,TXN0256660,1680.00,,6672059.51
21/09/2023,NEFT/65099722/LATHA MURTHY/KKBK0045457/67998976969477,TXN0256661,699.00,,6671360.51
21/09/2023,ATM/WDL/16473803/SBI ATM JAYANAGAR BLR,TXN0256662,1680.00,,6669680.51
21/09/2023,UPI/CR/27463819/RAJESH VERMA/KKBK0045457/rajesh453@ybl,TXN0256663,,850.00,6670530.51
21/09/2023,UPI/DR/9734505084/GEETA DEVI/KKBK0045457/geeta108@okaxis,TXN0256664,1250.00,,6669280.51
21/09/2023,CHQ NO 154557 CLEARING,TXN0256665,120.00,,6669160.51
22/09/2023,UPI/CR/90318564/RAMESH GOWDA/KKBK0045457/ramesh648@oksbi,TXN0256666,,4800.00,6673960.51
22/09/2023,UPI/DR/088482329082/GEETA DEVI/KKBK0045457/geeta297@okhdfc,TXN0256667,1680.00,,6672280.51
22/09/2023,NEFT/8704823731/KAVITHA RAO/KKBK0045457/63815700353809,TXN0256668,,7600.00,6679880.51
23/09/2023,UPI/DR/746814227758/SHEELA DEVI/KKBK0045457/sheela308@okaxis,TXN0256669,120.00,,6679760.51
23/09/2023,ATM/WDL/577805160596/HDFC ATM KORAMANGALA,TXN0256670,120.00,,6679640.51
23/09/2023,UPI/DR/495812656647/KIRAN REDDY/KKBK0045457/kiran178@okhdfc,TXN0256671,449.00,,6679191.51
23/09/2023,UPI/CR/36060541/PRAKASH RAO/KKBK0045457/prakash616@ybl,TXN0256672,,32000.00,6711191.51
24/09/2023,UPI/DR/92366800/RAVI KUMAR SHARMA/KKBK0045457/ravi870@okhdfc,TXN0256673,3499.00,,6707692.51
24/09/2023,IMPS/P2P/562232669478/RAJESH VERMA/8127654087,TXN0256674,,2500.00,6710192.51
24/09/2023,IMPS/P2P/3001158199/SANJANA HEGDE/8252719838,TXN0256675,,18500.00,6728692.51
24/09/2023,UPI/DR/2178890502/LATHA MURTHY/KKBK0045457/latha418@okhdfc,TXN0256676,1250.00,,6727442.51
24/09/2023,NEFT/3929646998/PADMA RAO/KKBK0045457/46480378990377,TXN0256677,3499.00,,6723943.51
25/09/2023,ATM/WDL/664632249955/CANARA ATM MYSURU,TXN0256678,1250.00,,6722693.51
25/09/2023,UPI/DR/061658563499/ROHIT SHARMA/KKBK0045457/rohit273@ybl,TXN0256679,49.00,,6722644.51
25/09/2023,NEFT/8326861659/FATIMA SHEIKH/KKBK0045457/46923472301274,TXN0256680,,1200.00,6723844.51
25/09/2023,IMPS/P2P/0854171542/RANJIT SINGH/8511267019,TXN0256681,,18500.00,6742344.51
25/09/2023,ATM/WDL/6395429671/SBI ATM JAYANAGAR BLR,TXN0256682,1250.00,,6741094.51
25/09/2023,UPI/DR/7012890523/VINAY PATIL/KKBK0045457/vinay327@ybl,TXN0256683,310.00,,6740784.51
25/09/2023,CASH DEPOSIT/BRANCH COUNTER/BANJARA HILLS HYDERABAD,TXN0256684,,24000.00,6764784.51
26/09/2023,UPI/CR/272554132677/DEEPAK JOSHI/KKBK0045457/deepak986@oksbi,TXN0256685,,850.00,6765634.51
26/09/2023,UPI/CR/29268498/ROHIT SHARMA/KKBK0045457/rohit608@oksbi,TXN0256686,,850.00,6766484.51
26/09/2023,UPI/DR/3232657780/VIKRAM NAIR/KKBK0045457/vikram15@okaxis,TXN0256687,79.00,,6766405.51
27/09/2023,UPI/CR/42035746/FARHAN KHAN/KKBK0045457/farhan860@okaxis,TXN0256688,,24000.00,6790405.51
27/09/2023,UPI/CR/705774849893/LATHA MURTHY/KKBK0045457/latha147@oksbi,TXN0256689,,11200.00,6801605.51
27/09/2023,UPI/DR/22424074/DIVYA MENON/KKBK0045457/divya36@oksbi,TXN0256690,3499.00,,6798106.51
27/09/2023,NEFT/820772755442/LALITHA DEVI/KKBK0045457/89999852173585,TXN0256691,,4800.00,6802906.51
27/09/2023,ATM/WDL/389513154543/HDFC ATM KORAMANGALA,TXN0256692,49.00,,6802857.51
27/09/2023,CASH DEPOSIT/BRANCH COUNTER/BANJARA HILLS HYDERABAD,TXN0256693,,500.00,6803357.51
27/09/2023,UPI/DR/4144774098/MEENA IYER/KKBK0045457/meena849@ybl,TXN0256694,850.00,,6802507.51
28/09/2023,NEFT/4178840324/LALITHA DEVI/KKBK0045457/38317126443273,TXN0256695,,24000.00,6826507.51
28/09/2023,UPI/DR/656671244368/GOPAL VERMA/KKBK0045457/gopal604@okaxis,TXN0256696,850.00,,6825657.51
28/09/2023,UPI/DR/06295208/KIRAN REDDY/KKBK0045457/kiran181@okaxis,TXN0256697,699.00,,6824958.51
29/09/2023,UPI/DR/431824716090/RAJENDRA PRASAD/KKBK0045457/rajendra287@okhdfc,TXN0256698,7800.00,,6817158.51
29/09/2023,NEFT/600341528649/ANAND KUMAR/KKBK0045457/38490651907902,TXN0256699,,4800.00,6821958.51
29/09/2023,NEFT/7717689430/TARA SINGH/KKBK0045457/24039601423257,TXN0256700,120.00,,6821838.51
29/09/2023,ATM/WDL/49439220/HDFC ATM KORAMANGALA,TXN0256701,49.00,,6821789.51
29/09/2023,CASH DEPOSIT/BRANCH COUNTER/BANJARA HILLS HYDERABAD,TXN0256702,,850.00,6822639.51
29/09/2023,UPI/CR/945581084406/VIKRAM NAIR/KKBK0045457/vikram241@ybl,TXN0256703,,7600.00,6830239.51
30/09/2023,CHQ NO 960389 CLEARING,TXN0256704,2380.00,,6827859.51
30/09/2023,CASH DEPOSIT/BRANCH COUNTER/BANJARA HILLS HYDERABAD,TXN0256705,,18500.00,6846359.51
30/09/2023,NEFT/1130427605/SUNITA DEVI/KKBK0045457/17489461258029,TXN0256706,1680.00,,6844679.51
30/09/2023,CASH DEPOSIT/BRANCH COUNTER/BANJARA HILLS HYDERABAD,TXN0256707,,850.00,6845529.51
01/10/2023,UPI/DR/0957083137/MOHAMMED IRFAN/KKBK0045457/mohammed386@paytm,TXN0256708,49.00,,6845480.51
01/10/2023,UPI/DR/076675480890/VIKRAM NAIR/KKBK0045457/vikram641@oksbi,TXN0256709,449.00,,6845031.51
02/10/2023,ATM/WDL/23236928/CANARA ATM MYSURU,TXN0256710,1250.00,,6843781.51
02/10/2023,CASH DEPOSIT/BRANCH COUNTER/BANJARA HILLS HYDERABAD,TXN0256711,,500.00,6844281.51
02/10/2023,ATM/WDL/1403176109/HDFC ATM KORAMANGALA,TXN0256712,7800.00,,6836481.51
02/10/2023,NEFT/87212481/RAHUL SINGH/KKBK0045457/07840120353027,TXN0256713,1250.00,,6835231.51
02/10/2023,NEFT/4998326186/LATHA MURTHY/KKBK0045457/25805396937571,TXN0256714,449.00,,6834782.51
02/10/2023,NEFT/96151947/AYESHA KHAN/KKBK0045457/20797969352540,TXN0256715,,500.00,6835282.51
02/10/2023,NEFT/0983395843/FARHAN KHAN/KKBK0045457/29917078438855,TXN0256716,2380.00,,6832902.51
03/10/2023,UPI/CR/696115711389/SANJANA HEGDE/KKBK0045457/sanjana717@ybl,TXN0256717,,500.00,6833402.51
03/10/2023,NEFT/58855893/FATIMA SHEIKH/KKBK0045457/27615084490019,TXN0256718,1680.00,,6831722.51
03/10/2023,IMPS/P2P/447458429921/SAVITHA DEVI/8615866130,TXN0256719,,850.00,6832572.51
03/10/2023,UPI/CR/51235394/ROHIT SHARMA/KKBK0045457/rohit753@paytm,TXN0256720,,1200.00,6833772.51
03/10/2023,UPI/CR/2589526702/SUNIL YADAV/KKBK0045457/sunil611@okaxis,TXN0256721,,24000.00,6857772.51
04/10/2023,IMPS/P2P/17394956/MALLIKA DAS/7056509652,TXN0256722,,850.00,6858622.51
04/10/2023,UPI/DR/861447187025/LATHA MURTHY/KKBK0045457/latha895@ybl,TXN0256723,2380.00,,6856242.51
04/10/2023,NEFT/096809720791/RANJIT SINGH/KKBK0045457/49219164428762,TXN0256724,1250.00,,6854992.51
04/10/2023,IMPS/P2P/0506290377/DEEPA NAIR/9814975778,TXN0256725,,850.00,6855842.51
04/10/2023,UPI/DR/639401428596/SANTOSH KUMAR/KKBK0045457/santosh425@oksbi,TXN0256726,7800.00,,6848042.51
04/10/2023,CHQ NO 025857 CLEARING,TXN0256727,449.00,,6847593.51
05/10/2023,IMPS/P2P/217641336571/ROHIT SHARMA/7287180713,TXN0256728,,32000.00,6879593.51
05/10/2023,UPI/DR/07636712/NILESH KULKARNI/KKBK0045457/nilesh213@ybl,TXN0256729,120.00,,6879473.51
06/10/2023,UPI/DR/2067489409/RAVI KUMAR SHARMA/KKBK0045457/ravi386@okaxis,TXN0256730,1680.00,,6877793.51
06/10/2023,ATM/WDL/612057671951/HDFC ATM KORAMANGALA,TXN0256731,2380.00,,6875413.51
06/10/2023,CASH DEPOSIT/BRANCH COUNTER/BANJARA HILLS HYDERABAD,TXN0256732,,11200.00,6886613.51
07/10/2023,UPI/DR/460156712527/KIRAN REDDY/KKBK0045457/kiran182@okaxis,TXN0256733,449.00,,6886164.51
07/10/2023,NEFT/85357019/RAMESH PILLAI/KKBK0045457/62892076867183,TXN0256734,,11200.00,6897364.51
07/10/2023,UPI/DR/81944727/DIVYA MENON/KKBK0045457/divya654@ybl,TXN0256735,1680.00,,6895684.51
07/10/2023,UPI/DR/8797704916/LATHA MURTHY/KKBK0045457/latha389@ybl,TXN0256736,120.00,,6895564.51
07/10/2023,UPI/DR/9142575281/RAMESH GOWDA/KKBK0045457/ramesh279@ybl,TXN0256737,7800.00,,6887764.51
07/10/2023,NEFT/985140688792/VENKAT RAO/KKBK0045457/78539354122296,TXN0256738,5200.00,,6882564.51
07/10/2023,UPI/DR/4064309754/IMRAN KHAN/KKBK0045457/imran491@oksbi,TXN0256739,1680.00,,6880884.51
07/10/2023,ATM/WDL/864710174266/HDFC ATM KORAMANGALA,TXN0256740,310.00,,6880574.51
07/10/2023,IMPS/P2P/7837527667/IMRAN KHAN/7783787153,TXN0256741,,4800.00,6885374.51
08/10/2023,UPI/DR/8895169058/TANVI RAO/KKBK0045457/tanvi992@okaxis,TXN0256742,79.00,,6885295.51
08/10/2023,NEFT/3985537423/ANAND KUMAR/KKBK0045457/92919386658962,TXN0256743,699.00,,6884596.51
08/10/2023,NEFT/7388009571/ANITHA KRISHNAN/KKBK0045457/25728648298604,TXN0256744,249.00,,6884347.51
08/10/2023,UPI/DR/34361232/USHA RANI/KKBK0045457/usha678@okhdfc,TXN0256745,449.00,,6883898.51
08/10/2023,UPI/CR/597012313472/GOPAL VERMA/KKBK0045457/gopal487@ybl,TXN0256746,,18500.00,6902398.51
08/10/2023,CHQ NO 324062 CLEARING,TXN0256747,120.00,,6902278.51
09/10/2023,UPI/DR/6297145452/HARISH MENON/KKBK0045457/harish756@okaxis,TXN0256748,120.00,,6902158.51
09/10/2023,CASH DEPOSIT/BRANCH COUNTER/BANJARA HILLS HYDERABAD,TXN0256749,,4800.00,6906958.51
09/10/2023,UPI/DR/8585716746/GANESH KUMAR/KKBK0045457/ganesh835@paytm,TXN0256750,249.00,,6906709.51
09/10/2023,CHQ NO 610153 CLEARING,TXN0256751,1250.00,,6905459.51
09/10/2023,CHQ NO 085758 CLEARING,TXN0256752,120.00,,6905339.51
09/10/2023,UPI/DR/644485480608/DEEPAK JOSHI/KKBK0045457/deepak340@ybl,TXN0256753,7800.00,,6897539.51
10/10/2023,UPI/DR/202019515980/RAMESH GOWDA/KKBK0045457/ramesh277@paytm,TXN0256754,49.00,,6897490.51
10/10/2023,CHQ NO 744610 CLEARING,TXN0256755,5200.00,,6892290.51
10/10/2023,UPI/DR/1421223989/DEEPAK JOSHI/KKBK0045457/deepak243@okhdfc,TXN0256756,310.00,,6891980.51
10/10/2023,NEFT/2811975061/KAVITHA RAO/KKBK0045457/49366075943133,TXN0256757,,500.00,6892480.51
10/10/2023,UPI/CR/1279545444/MOHAN DAS/KKBK0045457/mohan77@okhdfc,TXN0256758,,32000.00,6924480.51
10/10/2023,CASH DEPOSIT/BRANCH COUNTER/BANJARA HILLS HYDERABAD,TXN0256759,,32000.00,6956480.51
11/10/2023,UPI/DR/320788032227/RAMESH GOWDA/KKBK0045457/ramesh337@okaxis,TXN0256760,1250.00,,6955230.51
11/10/2023,ATM/WDL/65845750/CANARA ATM MYSURU,TXN0256761,120.00,,6955110.51
11/10/2023,ATM/WDL/285700463172/SBI ATM JAYANAGAR BLR,TXN0256762,699.00,,6954411.51
11/10/2023,UPI/DR/925438985014/DIVYA MENON/KKBK0045457/divya60@okaxis,TXN0256763,3499.00,,6950912.51
11/10/2023,UPI/DR/07425300/RAMESH GOWDA/KKBK0045457/ramesh616@paytm,TXN0256764,249.00,,6950663.51
11/10/2023,CHQ NO 739844 CLEARING,TXN0256765,449.00,,6950214.51
11/10/2023,ATM/WDL/561184373642/CANARA ATM MYSURU,TXN0256766,7800.00,,6942414.51
12/10/2023,UPI/DR/9706018849/ANITHA KRISHNAN/KKBK0045457/anitha170@okhdfc,TXN0256767,49.00,,6942365.51
12/10/2023,NEFT/895429588672/NILESH KULKARNI/KKBK0045457/53788358600650,TXN0256768,3499.00,,6938866.51
12/10/2023,ATM/WDL/9239424735/HDFC ATM KORAMANGALA,TXN0256769,249.00,,6938617.51
12/10/2023,IMPS/P2P/1902165047/SURESH BABU/8391184858,TXN0256770,,2500.00,6941117.51
13/10/2023,UPI/CR/202396927079/NADIA HUSSAIN/KKBK0045457/nadia398@ybl,TXN0256771,,32000.00,6973117.51
13/10/2023,CASH DEPOSIT/BRANCH COUNTER/BANJARA HILLS HYDERABAD,TXN0256772,,1200.00,6974317.51
13/10/2023,UPI/DR/98529861/KAVERI MENON/KKBK0045457/kaveri602@oksbi,TXN0256773,1250.00,,6973067.51
13/10/2023,UPI/CR/4577578580/SUSHMA RAO/KKBK0045457/sushma412@okhdfc,TXN0256774,,11200.00,6984267.51
13/10/2023,NEFT/2607104808/KAVITHA RAO/KKBK0045457/55691120903137,TXN0256775,,18500.00,7002767.51
13/10/2023,CASH DEPOSIT/BRANCH COUNTER/BANJARA HILLS HYDERABAD,TXN0256776,,1200.00,7003967.51
13/10/2023,CHQ NO 080673 CLEARING,TXN0256777,5200.00,,6998767.51
13/10/2023,UPI/DR/02333567/KAVYA REDDY/KKBK0045457/kavya602@ybl,TXN0256778,7800.00,,6990967.51
14/10/2023,CASH DEPOSIT/BRANCH COUNTER/BANJARA HILLS HYDERABAD,TXN0256779,,7600.00,6998567.51
14/10/2023,IMPS/P2P/8067510957/ROHIT SHARMA/9116467323,TXN0256780,,32000.00,7030567.51
15/10/2023,NEFT/9222995064/BABU LAL/KKBK0045457/32623335842593,TXN0256781,,2500.00,7033067.51
15/10/2023,NEFT/6755026788/ADITYA KUMAR/KKBK0045457/68622702760242,TXN0256782,,1200.00,7034267.51
15/10/2023,UPI/DR/94881721/SANJANA HEGDE/KKBK0045457/sanjana806@okhdfc,TXN0256783,3499.00,,7030768.51
15/10/2023,ATM/WDL/87179185/HDFC ATM KORAMANGALA,TXN0256784,7800.00,,7022968.51
15/10/2023,CHQ NO 287674 CLEARING,TXN0256785,850.00,,7022118.51
15/10/2023,IMPS/P2P/76993572/RANJIT SINGH/7870299114,TXN0256786,,1200.00,7023318.51
15/10/2023,UPI/CR/296014497545/LATHA MURTHY/KKBK0045457/latha438@okaxis,TXN0256787,,11200.00,7034518.51
15/10/2023,UPI/CR/21230308/VIKRAM NAIR/KKBK0045457/vikram962@okaxis,TXN0256788,,11200.00,7045718.51
15/10/2023,IMPS/P2P/5850011335/ANAND KUMAR/8767762248,TXN0256789,,7600.00,7053318.51
16/10/2023,UPI/DR/19383729/SNEHA PATIL/KKBK0045457/sneha31@okhdfc,TXN0256790,999.00,,7052319.51
16/10/2023,UPI/DR/08045277/TARA SINGH/KKBK0045457/tara617@ybl,TXN0256791,7800.00,,7044519.51
16/10/2023,UPI/DR/77446374/KAVITHA RAO/KKBK0045457/kavitha974@oksbi,TXN0256792,999.00,,7043520.51
16/10/2023,UPI/DR/02705300/SURESH NAIR/KKBK0045457/suresh916@oksbi,TXN0256793,699.00,,7042821.51
16/10/2023,IMPS/P2P/05950826/RAMESH GOWDA/7769090662,TXN0256794,,7600.00,7050421.51
16/10/2023,UPI/DR/67280281/DEEPA NAIR/KKBK0045457/deepa409@ybl,TXN0256795,49.00,,7050372.51
16/10/2023,ATM/WDL/41019532/CANARA ATM MYSURU,TXN0256796,5200.00,,7045172.51
16/10/2023,NEFT/727393138493/TANVI RAO/KKBK0045457/23588026426486,TXN0256797,79.00,,7045093.51
17/10/2023,CASH DEPOSIT/BRANCH COUNTER/BANJARA HILLS HYDERABAD,TXN0256798,,7600.00,7052693.51
17/10/2023,UPI/DR/66382857/NAVEEN KUMAR/KKBK0045457/naveen88@oksbi,TXN0256799,7800.00,,7044893.51
17/10/2023,IMPS/P2P/937372602797/BINDHU NAIR/9253442663,TXN0256800,,24000.00,7068893.51
18/10/2023,CHQ NO 787843 CLEARING,TXN0256801,1680.00,,7067213.51
18/10/2023,NEFT/14938827/MEERA PILLAI/KKBK0045457/44376913614278,TXN0256802,7800.00,,7059413.51
18/10/2023,UPI/DR/4407459518/KIRAN REDDY/KKBK0045457/kiran669@ybl,TXN0256803,79.00,,7059334.51
19/10/2023,UPI/DR/702701034078/RESHMA KHAN/KKBK0045457/reshma942@okhdfc,TXN0256804,49.00,,7059285.51
19/10/2023,IMPS/P2P/833031151188/KARTHIK MENON/8930963280,TXN0256805,,1200.00,7060485.51
19/10/2023,NEFT/0706224807/SUNITA DEVI/KKBK0045457/52827861559868,TXN0256806,120.00,,7060365.51
19/10/2023,UPI/CR/13587805/KARTHIK MENON/KKBK0045457/karthik154@okaxis,TXN0256807,,2500.00,7062865.51
19/10/2023,UPI/CR/9377127174/MALLIKA DAS/KKBK0045457/mallika738@oksbi,TXN0256808,,2500.00,7065365.51
19/10/2023,UPI/DR/485808195170/RAMESH PILLAI/KKBK0045457/ramesh516@ybl,TXN0256809,1250.00,,7064115.51
19/10/2023,UPI/DR/47643566/SHAHID KHAN/KKBK0045457/shahid165@okaxis,TXN0256810,310.00,,7063805.51
19/10/2023,UPI/CR/90684101/NILESH KULKARNI/KKBK0045457/nilesh957@paytm,TXN0256811,,18500.00,7082305.51
19/10/2023,CHQ NO 197949 CLEARING,TXN0256812,310.00,,7081995.51
19/10/2023,UPI/DR/5879481782/KAVERI MENON/KKBK0045457/kaveri612@paytm,TXN0256813,7800.00,,7074195.51
20/10/2023,UPI/DR/7044794508/GEETA DEVI/KKBK0045457/geeta183@okaxis,TXN0256814,310.00,,7073885.51
20/10/2023,CASH DEPOSIT/BRANCH COUNTER/BANJARA HILLS HYDERABAD,TXN0256815,,7600.00,7081485.51
20/10/2023,ATM/WDL/516183820485/HDFC ATM KORAMANGALA,TXN0256816,850.00,,7080635.51
20/10/2023,NEFT/2061211915/SURESH BABU/KKBK0045457/79172852352335,TXN0256817,49.00,,7080586.51
20/10/2023,UPI/DR/8657138351/ARCHANA PILLAI/KKBK0045457/archana85@okaxis,TXN0256818,449.00,,7080137.51
21/10/2023,CHQ NO 761069 CLEARING,TXN0256819,999.00,,7079138.51
21/10/2023,CASH DEPOSIT/BRANCH COUNTER/BANJARA HILLS HYDERABAD,TXN0256820,,18500.00,7097638.51
21/10/2023,CASH DEPOSIT/BRANCH COUNTER/BANJARA HILLS HYDERABAD,TXN0256821,,2500.00,7100138.51
22/10/2023,UPI/DR/2519250838/RAJESH VERMA/KKBK0045457/rajesh288@ybl,TXN0256822,449.00,,7099689.51
22/10/2023,CASH DEPOSIT/BRANCH COUNTER/BANJARA HILLS HYDERABAD,TXN0256823,,32000.00,7131689.51
22/10/2023,ATM/WDL/96402956/CANARA ATM MYSURU,TXN0256824,120.00,,7131569.51
22/10/2023,UPI/DR/180242628367/GOPAL VERMA/KKBK0045457/gopal361@okhdfc,TXN0256825,449.00,,7131120.51
23/10/2023,NEFT/239299254160/ARJUN MEHTA/KKBK0045457/96596150765423,TXN0256826,7800.00,,7123320.51
23/10/2023,UPI/CR/3350208164/SURESH NAIR/KKBK0045457/suresh855@ybl,TXN0256827,,11200.00,7134520.51
23/10/2023,CASH DEPOSIT/BRANCH COUNTER/BANJARA HILLS HYDERABAD,TXN0256828,,18500.00,7153020.51
23/10/2023,NEFT/581256230765/MOHAN DAS/KKBK0045457/21657871005237,TXN0256829,,4800.00,7157820.51
23/10/2023,ATM/WDL/95417973/SBI ATM JAYANAGAR BLR,TXN0256830,249.00,,7157571.51
23/10/2023,UPI/CR/2434259223/RAHUL SINGH/KKBK0045457/rahul605@ybl,TXN0256831,,18500.00,7176071.51
23/10/2023,UPI/DR/75794548/KARTHIK MENON/KKBK0045457/karthik45@okhdfc,TXN0256832,1680.00,,7174391.51
23/10/2023,UPI/DR/9500168114/ARCHANA PILLAI/KKBK0045457/archana26@okaxis,TXN0256833,49.00,,7174342.51
24/10/2023,NEFT/906908662845/SURESH NAIR/KKBK0045457/95593474875911,TXN0256834,2380.00,,7171962.51
24/10/2023,ATM/WDL/514811129748/HDFC ATM KORAMANGALA,TXN0256835,999.00,,7170963.51
24/10/2023,IMPS/P2P/5912443764/TARA SINGH/9432699117,TXN0256836,,850.00,7171813.51
24/10/2023,CASH DEPOSIT/BRANCH COUNTER/BANJARA HILLS HYDERABAD,TXN0256837,,18500.00,7190313.51
24/10/2023,CASH DEPOSIT/BRANCH COUNTER/BANJARA HILLS HYDERABAD,TXN0256838,,32000.00,7222313.51
24/10/2023,CASH DEPOSIT/BRANCH COUNTER/BANJARA HILLS HYDERABAD,TXN0256839,,11200.00,7233513.51
24/10/2023,CHQ NO 660659 CLEARING,TXN0256840,1680.00,,7231833.51
25/10/2023,UPI/DR/4302728495/KAVYA REDDY/KKBK0045457/kavya310@ybl,TXN0256841,249.00,,7231584.51
25/10/2023,NEFT/155980396144/KAVERI MENON/KKBK0045457/28019046674964,TXN0256842,,24000.00,7255584.51
25/10/2023,NEFT/065421167644/KAVERI MENON/KKBK0045457/82448580255429,TXN0256843,1680.00,,7253904.51
25/10/2023,UPI/DR/499637123476/SANJANA HEGDE/KKBK0045457/sanjana173@okhdfc,TXN0256844,7800.00,,7246104.51
25/10/2023,UPI/DR/068208068193/IMRAN KHAN/KKBK0045457/imran994@paytm,TXN0256845,120.00,,7245984.51
25/10/2023,UPI/CR/118883526442/BABU LAL/KKBK0045457/babu26@okhdfc,TXN0256846,,24000.00,7269984.51
25/10/2023,UPI/CR/77976890/PADMA RAO/KKBK0045457/padma838@okaxis,TXN0256847,,24000.00,7293984.51
25/10/2023,CHQ NO 119707 CLEARING,TXN0256848,120.00,,7293864.51
25/10/2023,IMPS/P2P/62732289/SNEHA PATIL/7865425599,TXN0256849,,11200.00,7305064.51
26/10/2023,UPI/DR/58463190/SAVITHA DEVI/KKBK0045457/savitha257@oksbi,TXN0256850,1250.00,,7303814.51
26/10/2023,NEFT/06152266/MEERA PILLAI/KKBK0045457/93987432728919,TXN0256851,120.00,,7303694.51
26/10/2023,UPI/DR/811029327573/SAVITHA DEVI/KKBK0045457/savitha480@okaxis,TXN0256852,249.00,,7303445.51
26/10/2023,CASH DEPOSIT/BRANCH COUNTER/BANJARA HILLS HYDERABAD,TXN0256853,,2500.00,7305945.51
27/10/2023,CASH DEPOSIT/BRANCH COUNTER/BANJARA HILLS HYDERABAD,TXN0256854,,11200.00,7317145.51
27/10/2023,ATM/WDL/478521867754/CANARA ATM MYSURU,TXN0256855,1250.00,,7315895.51
27/10/2023,IMPS/P2P/5716088111/GEETA DEVI/8828631828,TXN0256856,,7600.00,7323495.51
27/10/2023,UPI/DR/26971473/RAMESH PILLAI/KKBK0045457/ramesh642@ybl,TXN0256857,699.00,,7322796.51
27/10/2023,UPI/DR/3063163095/KARTHIK MENON/KKBK0045457/karthik328@ybl,TXN0256858,2380.00,,7320416.51
28/10/2023,UPI/DR/194276734600/SNEHA PATIL/KKBK0045457/sneha85@oksbi,TXN0256859,5200.00,,7315216.51
28/10/2023,UPI/CR/1664972364/SMITHA PILLAI/KKBK0045457/smitha171@oksbi,TXN0256860,,32000.00,7347216.51
28/10/2023,UPI/DR/172550287213/HARISH MENON/KKBK0045457/harish746@okaxis,TXN0256861,449.00,,7346767.51
28/10/2023,UPI/DR/773295251214/MOHAMMED IRFAN/KKBK0045457/mohammed521@oksbi,TXN0256862,7800.00,,7338967.51
29/10/2023,ATM/WDL/6280760365/SBI ATM JAYANAGAR BLR,TXN0256863,5200.00,,7333767.51
29/10/2023,CASH DEPOSIT/BRANCH COUNTER/BANJARA HILLS HYDERABAD,TXN0256864,,7600.00,7341367.51
30/10/2023,UPI/DR/246999275313/ARUN SHARMA/KKBK0045457/arun152@ybl,TXN0256865,249.00,,7341118.51
30/10/2023,UPI/DR/099246343782/ANITHA KRISHNAN/KKBK0045457/anitha848@okaxis,TXN0256866,1250.00,,7339868.51
30/10/2023,ATM/WDL/86661932/HDFC ATM KORAMANGALA,TXN0256867,449.00,,7339419.51
30/10/2023,NEFT/984270057708/SMITHA PILLAI/KKBK0045457/88737325188042,TXN0256868,449.00,,7338970.51
30/10/2023,NEFT/795835292357/KAVITHA RAO/KKBK0045457/14799102962588,TXN0256869,79.00,,7338891.51
30/10/2023,UPI/DR/7398553255/SNEHA PATIL/KKBK0045457/sneha901@okaxis,TXN0256870,249.00,,7338642.51
31/10/2023,ATM/WDL/237031121010/CANARA ATM MYSURU,TXN0256871,5200.00,,7333442.51
31/10/2023,NEFT/5049376659/SHAHID KHAN/KKBK0045457/28850150993369,TXN0256872,,18500.00,7351942.51
31/10/2023,UPI/DR/3710700836/SUNIL YADAV/KKBK0045457/sunil784@oksbi,TXN0256873,850.00,,7351092.51
01/11/2023,UPI/DR/40187688/AYESHA KHAN/KKBK0045457/ayesha83@paytm,TXN0256874,2380.00,,7348712.51
01/11/2023,NEFT/285820944139/REKHA PILLAI/KKBK0045457/90451519976444,TXN0256875,,500.00,7349212.51
01/11/2023,IMPS/P2P/75293380/GANESH KUMAR/8585708119,TXN0256876,,2500.00,7351712.51
01/11/2023,ATM/WDL/784050847846/SBI ATM JAYANAGAR BLR,TXN0256877,49.00,,7351663.51
01/11/2023,UPI/DR/5396174160/AYESHA KHAN/KKBK0045457/ayesha166@okaxis,TXN0256878,699.00,,7350964.51
01/11/2023,NEFT/789995144020/VIKRAM NAIR/KKBK0045457/09618350042251,TXN0256879,,24000.00,7374964.51
01/11/2023,NEFT/2435644203/BABU LAL/KKBK0045457/20080693915257,TXN0256880,1680.00,,7373284.51
01/11/2023,UPI/DR/00033994/SURESH NAIR/KKBK0045457/suresh108@okaxis,TXN0256881,5200.00,,7368084.51
01/11/2023,UPI/DR/796534649360/ARJUN MEHTA/KKBK0045457/arjun937@okaxis,TXN0256882,3499.00,,7364585.51
02/11/2023,CASH DEPOSIT/BRANCH COUNTER/BANJARA HILLS HYDERABAD,TXN0256883,,1200.00,7365785.51
02/11/2023,UPI/DR/6195003596/FATIMA SHEIKH/KKBK0045457/fatima989@okhdfc,TXN0256884,49.00,,7365736.51
02/11/2023,CHQ NO 871138 CLEARING,TXN0256885,49.00,,7365687.51
02/11/2023,UPI/CR/92259302/NADIA HUSSAIN/KKBK0045457/nadia710@paytm,TXN0256886,,24000.00,7389687.51
02/11/2023,UPI/DR/854598340054/VINAY PATIL/KKBK0045457/vinay259@oksbi,TXN0256887,3499.00,,7386188.51
03/11/2023,NEFT/1503806414/NILESH KULKARNI/KKBK0045457/81539267891119,TXN0256888,,32000.00,7418188.51
03/11/2023,UPI/DR/09991285/PADMA RAO/KKBK0045457/padma643@oksbi,TXN0256889,120.00,,7418068.51
03/11/2023,UPI/DR/057702540784/MOHAN DAS/KKBK0045457/mohan677@okhdfc,TXN0256890,2380.00,,7415688.51
03/11/2023,NEFT/43417360/LAKSHMI VENKAT/KKBK0045457/76652233466151,TXN0256891,7800.00,,7407888.51
04/11/2023,ATM/WDL/078938107505/HDFC ATM KORAMANGALA,TXN0256892,449.00,,7407439.51
04/11/2023,NEFT/79348029/SURESH NAIR/KKBK0045457/05330041848899,TXN0256893,699.00,,7406740.51
04/11/2023,UPI/DR/0375188632/KAVERI MENON/KKBK0045457/kaveri180@okhdfc,TXN0256894,850.00,,7405890.51
04/11/2023,ATM/WDL/005948497047/HDFC ATM KORAMANGALA,TXN0256895,120.00,,7405770.51
05/11/2023,ATM/WDL/1377927153/HDFC ATM KORAMANGALA,TXN0256896,449.00,,7405321.51
05/11/2023,NEFT/7880880490/KAVERI MENON/KKBK0045457/12604779103040,TXN0256897,,4800.00,7410121.51
05/11/2023,NEFT/553039597829/VENKAT RAO/KKBK0045457/97302770219642,TXN0256898,1250.00,,7408871.51
05/11/2023,UPI/DR/7246227354/TARA SINGH/KKBK0045457/tara613@paytm,TXN0256899,49.00,,7408822.51
06/11/2023,ATM/WDL/67160455/SBI ATM JAYANAGAR BLR,TXN0256900,699.00,,7408123.51
06/11/2023,UPI/DR/10362710/SHAHID KHAN/KKBK0045457/shahid377@oksbi,TXN0256901,1250.00,,7406873.51
06/11/2023,UPI/DR/543948164666/ARJUN MEHTA/KKBK0045457/arjun745@okaxis,TXN0256902,7800.00,,7399073.51
06/11/2023,NEFT/85581934/DEEPA NAIR/KKBK0045457/37490023458979,TXN0256903,,18500.00,7417573.51
07/11/2023,NEFT/578859852395/REKHA PILLAI/KKBK0045457/79893153660798,TXN0256904,,32000.00,7449573.51
07/11/2023,CASH DEPOSIT/BRANCH COUNTER/BANJARA HILLS HYDERABAD,TXN0256905,,1200.00,7450773.51
07/11/2023,UPI/DR/227304944507/HARISH MENON/KKBK0045457/harish181@oksbi,TXN0256906,1680.00,,7449093.51
07/11/2023,NEFT/9016142589/SHEELA DEVI/KKBK0045457/20798402861346,TXN0256907,,18500.00,7467593.51
07/11/2023,NEFT/3511924607/NAVEEN KUMAR/KKBK0045457/12366666704651,TXN0256908,1250.00,,7466343.51
08/11/2023,NEFT/98113810/TANVI RAO/KKBK0045457/92728664427391,TXN0256909,,4800.00,7471143.51
08/11/2023,CASH DEPOSIT/BRANCH COUNTER/BANJARA HILLS HYDERABAD,TXN0256910,,7600.00,7478743.51
09/11/2023,UPI/CR/680945724444/SUNIL YADAV/KKBK0045457/sunil172@ybl,TXN0256911,,500.00,7479243.51
09/11/2023,UPI/DR/4795949513/GANESH KUMAR/KKBK0045457/ganesh235@okhdfc,TXN0256912,999.00,,7478244.51
10/11/2023,IMPS/P2P/683992680897/NILESH KULKARNI/8546184528,TXN0256913,,18500.00,7496744.51
10/11/2023,UPI/DR/809909810448/SHEELA DEVI/KKBK0045457/sheela835@okhdfc,TXN0256914,249.00,,7496495.51
10/11/2023,CHQ NO 207489 CLEARING,TXN0256915,3499.00,,7492996.51
10/11/2023,NEFT/6309066857/SNEHA PATIL/KKBK0045457/74992937657315,TXN0256916,,7600.00,7500596.51
10/11/2023,ATM/WDL/5799016931/SBI ATM JAYANAGAR BLR,TXN0256917,249.00,,7500347.51
10/11/2023,CHQ NO 806592 CLEARING,TXN0256918,120.00,,7500227.51
10/11/2023,IMPS/P2P/0967972500/KARTHIK MENON/7569557274,TXN0256919,,500.00,7500727.51
11/11/2023,NEFT/8257832279/SUNITA DEVI/KKBK0045457/72908484060708,TXN0256920,49.00,,7500678.51
11/11/2023,NEFT/4503963751/RAHUL SINGH/KKBK0045457/96321350405371,TXN0256921,,18500.00,7519178.51
11/11/2023,CASH DEPOSIT/BRANCH COUNTER/BANJARA HILLS HYDERABAD,TXN0256922,,11200.00,7530378.51
11/11/2023,UPI/DR/952193104482/AYESHA KHAN/KKBK0045457/ayesha645@okhdfc,TXN0256923,79.00,,7530299.51
11/11/2023,CHQ NO 163051 CLEARING,TXN0256924,1680.00,,7528619.51
12/11/2023,UPI/DR/0711558639/KAVERI MENON/KKBK0045457/kaveri732@paytm,TXN0256925,449.00,,7528170.51
13/11/2023,UPI/DR/960629080844/SNEHA PATIL/KKBK0045457/sneha246@okaxis,TXN0256926,449.00,,7527721.51
13/11/2023,UPI/DR/167080227258/IMRAN KHAN/KKBK0045457/imran66@oksbi,TXN0256927,5200.00,,7522521.51
13/11/2023,UPI/DR/54531669/RAMESH GOWDA/KKBK0045457/ramesh273@okhdfc,TXN0256928,120.00,,7522401.51
13/11/2023,CASH DEPOSIT/BRANCH COUNTER/BANJARA HILLS HYDERABAD,TXN0256929,,4800.00,7527201.51
13/11/2023,UPI/DR/9723599612/REKHA PILLAI/KKBK0045457/rekha383@ybl,TXN0256930,1680.00,,7525521.51
13/11/2023,IMPS/P2P/45709098/MEERA PILLAI/9531835832,TXN0256931,,4800.00,7530321.51
13/11/2023,UPI/DR/5711571702/RAHUL SINGH/KKBK0045457/rahul667@ybl,TXN0256932,5200.00,,7525121.51
13/11/2023,CASH DEPOSIT/BRANCH COUNTER/BANJARA HILLS HYDERABAD,TXN0256933,,7600.00,7532721.51
13/11/2023,CASH DEPOSIT/BRANCH COUNTER/BANJARA HILLS HYDERABAD,TXN0256934,,500.00,7533221.51
14/11/2023,UPI/DR/80707557/KIRAN REDDY/KKBK0045457/kiran225@okhdfc,TXN0256935,699.00,,7532522.51
14/11/2023,ATM/WDL/7139804921/HDFC ATM KORAMANGALA,TXN0256936,249.00,,7532273.51
14/11/2023,UPI/DR/409292100229/SANTOSH KUMAR/KKBK0045457/santosh560@ybl,TXN0256937,1250.00,,7531023.51
14/11/2023,UPI/CR/66186022/DEEPAK JOSHI/KKBK0045457/deepak634@ybl,TXN0256938,,1200.00,7532223.51
14/11/2023,IMPS/P2P/1888384905/BINDHU NAIR/9565308447,TXN0256939,,7600.00,7539823.51
14/11/2023,NEFT/618697579166/SUNITA DEVI/KKBK0045457/48680423454865,TXN0256940,,32000.00,7571823.51
15/11/2023,NEFT/44097889/VINAY PATIL/KKBK0045457/91192821947648,TXN0256941,449.00,,7571374.51
15/11/2023,UPI/DR/381092264767/GANESH KUMAR/KKBK0045457/ganesh982@okhdfc,TXN0256942,49.00,,7571325.51
15/11/2023,NEFT/62514405/RAJENDRA PRASAD/KKBK0045457/92223862255301,TXN0256943,49.00,,7571276.51
15/11/2023,UPI/DR/061921830618/RAJENDRA PRASAD/KKBK0045457/rajendra858@okhdfc,TXN0256944,1250.00,,7570026.51
15/11/2023,UPI/DR/2647639491/MEENA IYER/KKBK0045457/meena779@okhdfc,TXN0256945,1680.00,,7568346.51
15/11/2023,UPI/CR/5632506150/LAKSHMI VENKAT/KKBK0045457/lakshmi205@oksbi,TXN0256946,,850.00,7569196.51
16/11/2023,UPI/CR/601954850995/NADIA HUSSAIN/KKBK0045457/nadia253@ybl,TXN0256947,,2500.00,7571696.51
16/11/2023,CHQ NO 652598 CLEARING,TXN0256948,999.00,,7570697.51
16/11/2023,UPI/DR/72746529/PREETHI IYER/KKBK0045457/preethi258@ybl,TXN0256949,449.00,,7570248.51
16/11/2023,NEFT/425997781512/KAVERI MENON/KKBK0045457/92310198756588,TXN0256950,,7600.00,7577848.51
16/11/2023,CHQ NO 628757 CLEARING,TXN0256951,449.00,,7577399.51
17/11/2023,UPI/CR/1279401984/ADITYA KUMAR/KKBK0045457/aditya868@okaxis,TXN0256952,,500.00,7577899.51
17/11/2023,CHQ NO 352863 CLEARING,TXN0256953,699.00,,7577200.51
17/11/2023,UPI/CR/57865212/MEENA IYER/KKBK0045457/meena931@oksbi,TXN0256954,,7600.00,7584800.51
17/11/2023,NEFT/9689327251/RAJENDRA PRASAD/KKBK0045457/37910025102533,TXN0256955,,2500.00,7587300.51
17/11/2023,ATM/WDL/463447013572/HDFC ATM KORAMANGALA,TXN0256956,249.00,,7587051.51
17/11/2023,CASH DEPOSIT/BRANCH COUNTER/BANJARA HILLS HYDERABAD,TXN0256957,,18500.00,7605551.51
18/11/2023,CASH DEPOSIT/BRANCH COUNTER/BANJARA HILLS HYDERABAD,TXN0256958,,1200.00,7606751.51
18/11/2023,UPI/DR/10393548/ADITYA KUMAR/KKBK0045457/aditya103@paytm,TXN0256959,1680.00,,7605071.51
18/11/2023,UPI/DR/772172152102/ARCHANA PILLAI/KKBK0045457/archana925@okaxis,TXN0256960,49.00,,7605022.51
19/11/2023,UPI/DR/335278640158/RAHUL SINGH/KKBK0045457/rahul894@ybl,TXN0256961,7800.00,,7597222.51
19/11/2023,UPI/DR/25063528/IMRAN KHAN/KKBK0045457/imran649@okhdfc,TXN0256962,999.00,,7596223.51
19/11/2023,CHQ NO 697999 CLEARING,TXN0256963,1250.00,,7594973.51
19/11/2023,CASH DEPOSIT/BRANCH COUNTER/BANJARA HILLS HYDERABAD,TXN0256964,,11200.00,7606173.51
20/11/2023,IMPS/P2P/370012622047/VINAY PATIL/9984484598,TXN0256965,,18500.00,7624673.51
20/11/2023,ATM/WDL/95356867/SBI ATM JAYANAGAR BLR,TXN0256966,850.00,,7623823.51
20/11/2023,UPI/DR/43476210/DIVYA MENON/KKBK0045457/divya807@okaxis,TXN0256967,850.00,,7622973.51
20/11/2023,NEFT/37947264/NADIA HUSSAIN/KKBK0045457/76293493957516,TXN0256968,,18500.00,7641473.51
20/11/2023,CHQ NO 281717 CLEARING,TXN0256969,1250.00,,7640223.51
20/11/2023,UPI/DR/235916580244/KAVITHA RAO/KKBK0045457/kavitha202@oksbi,TXN0256970,7800.00,,7632423.51
21/11/2023,NEFT/2566788954/MEERA PILLAI/KKBK0045457/12761079417480,TXN0256971,,2500.00,7634923.51
21/11/2023,NEFT/89201654/KAVYA REDDY/KKBK0045457/10371890551161,TXN0256972,,2500.00,7637423.51
21/11/2023,IMPS/P2P/98090196/SHAHID KHAN/8130005281,TXN0256973,,11200.00,7648623.51
21/11/2023,UPI/DR/5525061216/RESHMA KHAN/KKBK0045457/reshma75@okhdfc,TXN0256974,3499.00,,7645124.51
21/11/2023,UPI/CR/37502817/KAVITHA RAO/KKBK0045457/kavitha935@okhdfc,TXN0256975,,32000.00,7677124.51
22/11/2023,NEFT/626318904733/PREETHI IYER/KKBK0045457/50798870780339,TXN0256976,7800.00,,7669324.51
22/11/2023,UPI/DR/268233575285/VIKRAM NAIR/KKBK0045457/vikram814@paytm,TXN0256977,1680.00,,7667644.51
22/11/2023,UPI/DR/979851286230/KIRAN REDDY/KKBK0045457/kiran301@okaxis,TXN0256978,850.00,,7666794.51
22/11/2023,UPI/DR/61096136/HARISH MENON/KKBK0045457/harish871@ybl,TXN0256979,120.00,,7666674.51
22/11/2023,ATM/WDL/013779628178/SBI ATM JAYANAGAR BLR,TXN0256980,699.00,,7665975.51
22/11/2023,IMPS/P2P/8005559148/MOHAMMED IRFAN/8055244864,TXN0256981,,850.00,7666825.51
22/11/2023,UPI/DR/713959174818/RAJESH VERMA/KKBK0045457/rajesh287@okhdfc,TXN0256982,999.00,,7665826.51
22/11/2023,ATM/WDL/592845432417/SBI ATM JAYANAGAR BLR,TXN0256983,699.00,,7665127.51
22/11/2023,UPI/CR/345961948413/KIRAN REDDY/KKBK0045457/kiran220@okhdfc,TXN0256984,,7600.00,7672727.51
23/11/2023,UPI/DR/7780759039/REKHA PILLAI/KKBK0045457/rekha466@ybl,TXN0256985,5200.00,,7667527.51
23/11/2023,UPI/DR/6538656277/SANTOSH KUMAR/KKBK0045457/santosh959@paytm,TXN0256986,310.00,,7667217.51
23/11/2023,CHQ NO 841251 CLEARING,TXN0256987,7800.00,,7659417.51
23/11/2023,UPI/DR/7373616400/ADITYA KUMAR/KKBK0045457/aditya259@okhdfc,TXN0256988,2380.00,,7657037.51
23/11/2023,NEFT/241999154684/ANAND KUMAR/KKBK0045457/25931329427499,TXN0256989,1250.00,,7655787.51
23/11/2023,ATM/WDL/459241776045/CANARA ATM MYSURU,TXN0256990,5200.00,,7650587.51
23/11/2023,UPI/DR/985495245411/CHANDAN SHARMA/KKBK0045457/chandan609@oksbi,TXN0256991,310.00,,7650277.51
24/11/2023,UPI/DR/2433687050/MOHAN DAS/KKBK0045457/mohan134@okhdfc,TXN0256992,310.00,,7649967.51
24/11/2023,UPI/CR/2557930115/DIVYA MENON/KKBK0045457/divya50@okhdfc,TXN0256993,,11200.00,7661167.51
24/11/2023,CHQ NO 191628 CLEARING,TXN0256994,2380.00,,7658787.51
24/11/2023,UPI/CR/668619771079/RESHMA KHAN/KKBK0045457/reshma481@okhdfc,TXN0256995,,7600.00,7666387.51
24/11/2023,UPI/DR/499314226330/NADIA HUSSAIN/KKBK0045457/nadia629@okaxis,TXN0256996,1680.00,,7664707.51
24/11/2023,ATM/WDL/4972867247/SBI ATM JAYANAGAR BLR,TXN0256997,1680.00,,7663027.51
24/11/2023,CASH DEPOSIT/BRANCH COUNTER/BANJARA HILLS HYDERABAD,TXN0256998,,24000.00,7687027.51
24/11/2023,ATM/WDL/90910026/HDFC ATM KORAMANGALA,TXN0256999,1250.00,,7685777.51
24/11/2023,NEFT/6151910008/SHEELA DEVI/KKBK0045457/03490962915511,TXN0257000,79.00,,7685698.51
25/11/2023,UPI/DR/765307768339/FARHAN KHAN/KKBK0045457/farhan400@okaxis,TXN0257001,49.00,,7685649.51
25/11/2023,UPI/DR/723444695604/MEENA IYER/KKBK0045457/meena808@paytm,TXN0257002,120.00,,7685529.51
25/11/2023,NEFT/3195407834/KAVERI MENON/KKBK0045457/01900110304867,TXN0257003,,1200.00,7686729.51
25/11/2023,UPI/DR/725007384003/SMITHA PILLAI/KKBK0045457/smitha470@okaxis,TXN0257004,120.00,,7686609.51
25/11/2023,NEFT/2949137294/RAHUL SINGH/KKBK0045457/43687512038879,TXN0257005,249.00,,7686360.51
26/11/2023,NEFT/8208245228/FATIMA SHEIKH/KKBK0045457/14838612398958,TXN0257006,699.00,,7685661.51
26/11/2023,IMPS/P2P/415543089250/SUNITA DEVI/9723613080,TXN0257007,,18500.00,7704161.51
26/11/2023,NEFT/7356576402/ANAND KUMAR/KKBK0045457/63736928191143,TXN0257008,249.00,,7703912.51
26/11/2023,UPI/DR/37774186/MOHAN DAS/KKBK0045457/mohan923@oksbi,TXN0257009,999.00,,7702913.51
26/11/2023,CASH DEPOSIT/BRANCH COUNTER/BANJARA HILLS HYDERABAD,TXN0257010,,1200.00,7704113.51
26/11/2023,CHQ NO 827978 CLEARING,TXN0257011,850.00,,7703263.51
26/11/2023,UPI/DR/0780965316/TANVI RAO/KKBK0045457/tanvi361@okaxis,TXN0257012,449.00,,7702814.51
26/11/2023,ATM/WDL/4402149664/CANARA ATM MYSURU,TXN0257013,49.00,,7702765.51
27/11/2023,CASH DEPOSIT/BRANCH COUNTER/BANJARA HILLS HYDERABAD,TXN0257014,,500.00,7703265.51
27/11/2023,CHQ NO 046960 CLEARING,TXN0257015,3499.00,,7699766.51
27/11/2023,CHQ NO 085348 CLEARING,TXN0257016,249.00,,7699517.51
27/11/2023,NEFT/308740470753/LALITHA DEVI/KKBK0045457/85050894246085,TXN0257017,,500.00,7700017.51
27/11/2023,ATM/WDL/672728914365/HDFC ATM KORAMANGALA,TXN0257018,850.00,,7699167.51
27/11/2023,UPI/CR/45222657/PADMA RAO/KKBK0045457/padma788@ybl,TXN0257019,,7600.00,7706767.51
27/11/2023,UPI/DR/572607771773/MEENA IYER/KKBK0045457/meena548@ybl,TXN0257020,1250.00,,7705517.51
27/11/2023,UPI/DR/7632043509/SMITHA PILLAI/KKBK0045457/smitha459@okaxis,TXN0257021,5200.00,,7700317.51
27/11/2023,NEFT/81904820/KAVITHA RAO/KKBK0045457/95917521000656,TXN0257022,249.00,,7700068.51
28/11/2023,CHQ NO 865081 CLEARING,TXN0257023,310.00,,7699758.51
28/11/2023,UPI/DR/223301150184/SUNITA DEVI/KKBK0045457/sunita731@paytm,TXN0257024,3499.00,,7696259.51
29/11/2023,NEFT/4241180915/RAJENDRA PRASAD/KKBK0045457/06940965715228,TXN0257025,699.00,,7695560.51
29/11/2023,NEFT/515656684901/MALLIKA DAS/KKBK0045457/24602070416414,TXN0257026,79.00,,7695481.51
29/11/2023,UPI/DR/8459802755/NIKHIL GUPTA/KKBK0045457/nikhil871@oksbi,TXN0257027,999.00,,7694482.51
29/11/2023,NEFT/873293341091/ADITYA KUMAR/KKBK0045457/73976201903277,TXN0257028,249.00,,7694233.51
29/11/2023,UPI/CR/5836407515/FATIMA SHEIKH/KKBK0045457/fatima180@ybl,TXN0257029,,32000.00,7726233.51
29/11/2023,CASH DEPOSIT/BRANCH COUNTER/BANJARA HILLS HYDERABAD,TXN0257030,,850.00,7727083.51
29/11/2023,UPI/DR/82375608/POOJA SHARMA/KKBK0045457/pooja352@okaxis,TXN0257031,7800.00,,7719283.51
30/11/2023,UPI/DR/481050941171/NIKHIL GUPTA/KKBK0045457/nikhil34@oksbi,TXN0257032,1680.00,,7717603.51
30/11/2023,NEFT/414469789315/FATIMA SHEIKH/KKBK0045457/18610814805529,TXN0257033,699.00,,7716904.51
30/11/2023,CHQ NO 827336 CLEARING,TXN0257034,120.00,,7716784.51
01/12/2023,NEFT/30318324/SUNITA DEVI/KKBK0045457/54238512630543,TXN0257035,2380.00,,7714404.51
02/12/2023,NEFT/3526211368/REKHA PILLAI/KKBK0045457/32352430285946,TXN0257036,2380.00,,7712024.51
02/12/2023,UPI/DR/8297283238/RAJESH VERMA/KKBK0045457/rajesh779@okhdfc,TXN0257037,999.00,,7711025.51
02/12/2023,UPI/DR/28566275/DEEPA NAIR/KKBK0045457/deepa600@okaxis,TXN0257038,3499.00,,7707526.51
02/12/2023,UPI/DR/14411382/HARISH MENON/KKBK0045457/harish163@okhdfc,TXN0257039,7800.00,,7699726.51
02/12/2023,UPI/DR/735772842925/MOHAN DAS/KKBK0045457/mohan955@paytm,TXN0257040,699.00,,7699027.51
02/12/2023,NEFT/3749956922/SANTOSH KUMAR/KKBK0045457/75167569095330,TXN0257041,,7600.00,7706627.51
03/12/2023,CHQ NO 356170 CLEARING,TXN0257042,310.00,,7706317.51
03/12/2023,ATM/WDL/18447746/SBI ATM JAYANAGAR BLR,TXN0257043,2380.00,,7703937.51
03/12/2023,UPI/CR/81884941/PADMA RAO/KKBK0045457/padma753@okaxis,TXN0257044,,2500.00,7706437.51
04/12/2023,ATM/WDL/09672680/SBI ATM JAYANAGAR BLR,TXN0257045,5200.00,,7701237.51
04/12/2023,NEFT/13235514/RESHMA KHAN/KKBK0045457/74546098537195,TXN0257046,7800.00,,7693437.51
04/12/2023,UPI/DR/77425200/SUSHMA RAO/KKBK0045457/sushma736@oksbi,TXN0257047,999.00,,7692438.51
04/12/2023,ATM/WDL/3613469424/SBI ATM JAYANAGAR BLR,TXN0257048,2380.00,,7690058.51
04/12/2023,CHQ NO 261927 CLEARING,TXN0257049,249.00,,7689809.51
04/12/2023,UPI/DR/0403167713/HARISH MENON/KKBK0045457/harish133@okhdfc,TXN0257050,49.00,,7689760.51
04/12/2023,NEFT/15707570/SANJANA HEGDE/KKBK0045457/52814678966890,TXN0257051,7800.00,,7681960.51
04/12/2023,UPI/DR/2448133287/ANAND KUMAR/KKBK0045457/anand329@oksbi,TXN0257052,3499.00,,7678461.51
05/12/2023,UPI/CR/1665205393/NILESH KULKARNI/KKBK0045457/nilesh286@okhdfc,TXN0257053,,4800.00,7683261.51
05/12/2023,NEFT/28456851/SANTOSH KUMAR/KKBK0045457/69109225106399,TXN0257054,249.00,,7683012.51
05/12/2023,UPI/CR/739753858766/RAJENDRA PRASAD/KKBK0045457/rajendra705@paytm,TXN0257055,,2500.00,7685512.51
05/12/2023,ATM/WDL/71663255/CANARA ATM MYSURU,TXN0257056,1250.00,,7684262.51
05/12/2023,CASH DEPOSIT/BRANCH COUNTER/BANJARA HILLS HYDERABAD,TXN0257057,,1200.00,7685462.51
05/12/2023,UPI/CR/175951250379/GEETA DEVI/KKBK0045457/geeta338@okhdfc,TXN0257058,,500.00,7685962.51
05/12/2023,NEFT/770804793472/MEERA PILLAI/KKBK0045457/36733677963160,TXN0257059,1250.00,,7684712.51
06/12/2023,NEFT/16905088/NADIA HUSSAIN/KKBK0045457/92197575040830,TXN0257060,310.00,,7684402.51
06/12/2023,UPI/DR/66074695/SNEHA PATIL/KKBK0045457/sneha760@ybl,TXN0257061,79.00,,7684323.51
06/12/2023,CHQ NO 699594 CLEARING,TXN0257062,310.00,,7684013.51
06/12/2023,NEFT/3074255213/ARCHANA PILLAI/KKBK0045457/45038218222085,TXN0257063,,24000.00,7708013.51
07/12/2023,NEFT/705250089008/MOHAMMED IRFAN/KKBK0045457/65909709796673,TXN0257064,,2500.00,7710513.51
07/12/2023,CHQ NO 207633 CLEARING,TXN0257065,850.00,,7709663.51
07/12/2023,UPI/DR/845716800077/BABU LAL/KKBK0045457/babu692@paytm,TXN0257066,2380.00,,7707283.51
07/12/2023,UPI/CR/4181488079/SUNITA DEVI/KKBK0045457/sunita436@ybl,TXN0257067,,500.00,7707783.51
07/12/2023,ATM/WDL/33159829/SBI ATM JAYANAGAR BLR,TXN0257068,1250.00,,7706533.51
07/12/2023,IMPS/P2P/645724238535/SHAHID KHAN/7872340485,TXN0257069,,2500.00,7709033.51
07/12/2023,CHQ NO 921684 CLEARING,TXN0257070,7800.00,,7701233.51
07/12/2023,NEFT/4805175974/VENKAT RAO/KKBK0045457/55505066367271,TXN0257071,7800.00,,7693433.51
07/12/2023,UPI/DR/650414436743/ANITHA KRISHNAN/KKBK0045457/anitha833@oksbi,TXN0257072,2380.00,,7691053.51
08/12/2023,ATM/WDL/277110383345/SBI ATM JAYANAGAR BLR,TXN0257073,1680.00,,7689373.51
08/12/2023,NEFT/8603810003/SMITHA PILLAI/KKBK0045457/74044959257355,TXN0257074,999.00,,7688374.51
08/12/2023,CHQ NO 484428 CLEARING,TXN0257075,699.00,,7687675.51
08/12/2023,UPI/DR/00339628/REKHA PILLAI/KKBK0045457/rekha12@oksbi,TXN0257076,249.00,,7687426.51
08/12/2023,UPI/CR/11183755/LALITHA DEVI/KKBK0045457/lalitha877@okaxis,TXN0257077,,1200.00,7688626.51
08/12/2023,UPI/CR/72851973/PREETHI IYER/KKBK0045457/preethi86@okaxis,TXN0257078,,11200.00,7699826.51
08/12/2023,UPI/CR/2456790358/SURESH BABU/KKBK0045457/suresh504@ybl,TXN0257079,,32000.00,7731826.51
08/12/2023,CASH DEPOSIT/BRANCH COUNTER/BANJARA HILLS HYDERABAD,TXN0257080,,18500.00,7750326.51
08/12/2023,UPI/CR/847193914559/ADITYA KUMAR/KKBK0045457/aditya839@paytm,TXN0257081,,1200.00,7751526.51
08/12/2023,CHQ NO 164350 CLEARING,TXN0257082,449.00,,7751077.51
09/12/2023,CHQ NO 044767 CLEARING,TXN0257083,1680.00,,7749397.51
09/12/2023,UPI/CR/199129445449/ANAND KUMAR/KKBK0045457/anand772@paytm,TXN0257084,,24000.00,7773397.51
09/12/2023,CHQ NO 632346 CLEARING,TXN0257085,3499.00,,7769898.51
10/12/2023,ATM/WDL/02854921/SBI ATM JAYANAGAR BLR,TXN0257086,1250.00,,7768648.51
10/12/2023,ATM/WDL/99131460/SBI ATM JAYANAGAR BLR,TXN0257087,850.00,,7767798.51
10/12/2023,NEFT/7940120763/LALITHA DEVI/KKBK0045457/02447809269574,TXN0257088,850.00,,7766948.51
10/12/2023,CHQ NO 887953 CLEARING,TXN0257089,3499.00,,7763449.51
12/12/2023,CASH DEPOSIT/BRANCH COUNTER/BANJARA HILLS HYDERABAD,TXN0257090,,500.00,7763949.51
12/12/2023,UPI/CR/3823829540/CHANDAN SHARMA/KKBK0045457/chandan459@okhdfc,TXN0257091,,4800.00,7768749.51
12/12/2023,UPI/CR/6687321601/LAKSHMI VENKAT/KKBK0045457/lakshmi767@paytm,TXN0257092,,7600.00,7776349.51
12/12/2023,UPI/DR/48115122/KAVYA REDDY/KKBK0045457/kavya257@ybl,TXN0257093,5200.00,,7771149.51
12/12/2023,ATM/WDL/5291530753/SBI ATM JAYANAGAR BLR,TXN0257094,249.00,,7770900.51
12/12/2023,UPI/DR/96396792/NAVEEN KUMAR/KKBK0045457/naveen229@ybl,TXN0257095,1680.00,,7769220.51
12/12/2023,IMPS/P2P/627247554564/SURESH NAIR/8728305307,TXN0257096,,4800.00,7774020.51
13/12/2023,NEFT/9427775635/LATHA MURTHY/KKBK0045457/70204066660654,TXN0257097,,24000.00,7798020.51
13/12/2023,CHQ NO 003910 CLEARING,TXN0257098,49.00,,7797971.51
14/12/2023,NEFT/080153328717/ARJUN MEHTA/KKBK0045457/83371038487082,TXN0257099,,18500.00,7816471.51
14/12/2023,UPI/DR/1044307073/DEEPA NAIR/KKBK0045457/deepa239@okhdfc,TXN0257100,49.00,,7816422.51
14/12/2023,UPI/CR/349413168373/DEEPAK JOSHI/KKBK0045457/deepak139@ybl,TXN0257101,,32000.00,7848422.51
15/12/2023,UPI/DR/973676103216/ARCHANA PILLAI/KKBK0045457/archana715@oksbi,TXN0257102,5200.00,,7843222.51
15/12/2023,CHQ NO 756486 CLEARING,TXN0257103,850.00,,7842372.51
15/12/2023,UPI/DR/81015541/PADMA RAO/KKBK0045457/padma497@okhdfc,TXN0257104,1250.00,,7841122.51
15/12/2023,IMPS/P2P/94685626/RAJENDRA PRASAD/9637158539,TXN0257105,,7600.00,7848722.51
15/12/2023,CHQ NO 208710 CLEARING,TXN0257106,7800.00,,7840922.51
15/12/2023,UPI/DR/258077565411/SHAHID KHAN/KKBK0045457/shahid968@okhdfc,TXN0257107,999.00,,7839923.51
15/12/2023,CASH DEPOSIT/BRANCH COUNTER/BANJARA HILLS HYDERABAD,TXN0257108,,11200.00,7851123.51
16/12/2023,NEFT/8214346209/PREETHI IYER/KKBK0045457/03240330729555,TXN0257109,,18500.00,7869623.51
16/12/2023,ATM/WDL/29135397/HDFC ATM KORAMANGALA,TXN0257110,49.00,,7869574.51
16/12/2023,CASH DEPOSIT/BRANCH COUNTER/BANJARA HILLS HYDERABAD,TXN0257111,,7600.00,7877174.51
16/12/2023,ATM/WDL/490898739415/HDFC ATM KORAMANGALA,TXN0257112,1680.00,,7875494.51
16/12/2023,UPI/DR/6865601576/NIKHIL GUPTA/KKBK0045457/nikhil113@ybl,TXN0257113,1250.00,,7874244.51
16/12/2023,IMPS/P2P/47169256/SUNITA DEVI/7799779059,TXN0257114,,500.00,7874744.51
16/12/2023,IMPS/P2P/8091282755/BINDHU NAIR/8023187523,TXN0257115,,24000.00,7898744.51
17/12/2023,UPI/DR/426597287588/SURESH BABU/KKBK0045457/suresh558@ybl,TXN0257116,7800.00,,7890944.51
17/12/2023,CASH DEPOSIT/BRANCH COUNTER/BANJARA HILLS HYDERABAD,TXN0257117,,500.00,7891444.51
17/12/2023,IMPS/P2P/788117146874/MEENA IYER/8349802147,TXN0257118,,18500.00,7909944.51
17/12/2023,UPI/DR/4811079782/MOHAN DAS/KKBK0045457/mohan628@ybl,TXN0257119,5200.00,,7904744.51
18/12/2023,NEFT/273620808634/SUSHMA RAO/KKBK0045457/92574366197663,TXN0257120,1250.00,,7903494.51
19/12/2023,CASH DEPOSIT/BRANCH COUNTER/BANJARA HILLS HYDERABAD,TXN0257121,,850.00,7904344.51
19/12/2023,UPI/DR/52956005/KAVITHA RAO/KKBK0045457/kavitha511@paytm,TXN0257122,5200.00,,7899144.51
19/12/2023,CHQ NO 097279 CLEARING,TXN0257123,999.00,,7898145.51
19/12/2023,CHQ NO 900602 CLEARING,TXN0257124,999.00,,7897146.51
19/12/2023,UPI/DR/141322810181/ANAND KUMAR/KKBK0045457/anand993@oksbi,TXN0257125,999.00,,7896147.51
19/12/2023,NEFT/14045231/SURESH NAIR/KKBK0045457/71308289072770,TXN0257126,,32000.00,7928147.51
19/12/2023,CASH DEPOSIT/BRANCH COUNTER/BANJARA HILLS HYDERABAD,TXN0257127,,4800.00,7932947.51
19/12/2023,UPI/DR/8568853043/RAHUL SINGH/KKBK0045457/rahul283@ybl,TXN0257128,249.00,,7932698.51
20/12/2023,UPI/DR/8418040255/LALITHA DEVI/KKBK0045457/lalitha728@ybl,TXN0257129,120.00,,7932578.51
20/12/2023,UPI/DR/366854160987/GANESH KUMAR/KKBK0045457/ganesh783@okhdfc,TXN0257130,999.00,,7931579.51
20/12/2023,CHQ NO 612332 CLEARING,TXN0257131,79.00,,7931500.51
20/12/2023,ATM/WDL/70315247/CANARA ATM MYSURU,TXN0257132,699.00,,7930801.51
21/12/2023,UPI/DR/5875573603/MOHAN DAS/KKBK0045457/mohan387@paytm,TXN0257133,699.00,,7930102.51
21/12/2023,CASH DEPOSIT/BRANCH COUNTER/BANJARA HILLS HYDERABAD,TXN0257134,,7600.00,7937702.51
21/12/2023,NEFT/64564916/PADMA RAO/KKBK0045457/57280240002205,TXN0257135,,11200.00,7948902.51
21/12/2023,ATM/WDL/04445889/HDFC ATM KORAMANGALA,TXN0257136,249.00,,7948653.51
21/12/2023,NEFT/58266081/MEENA IYER/KKBK0045457/46828848952903,TXN0257137,7800.00,,7940853.51
22/12/2023,UPI/DR/429577900410/RAHUL SINGH/KKBK0045457/rahul161@okhdfc,TXN0257138,1680.00,,7939173.51
22/12/2023,NEFT/28491055/HARISH MENON/KKBK0045457/71539490859553,TXN0257139,699.00,,7938474.51
22/12/2023,CASH DEPOSIT/BRANCH COUNTER/BANJARA HILLS HYDERABAD,TXN0257140,,4800.00,7943274.51
22/12/2023,CHQ NO 506969 CLEARING,TXN0257141,1680.00,,7941594.51
22/12/2023,CHQ NO 426289 CLEARING,TXN0257142,79.00,,7941515.51
23/12/2023,NEFT/648277214551/REKHA PILLAI/KKBK0045457/32797586788848,TXN0257143,,2500.00,7944015.51
23/12/2023,UPI/DR/64182250/SUSHMA RAO/KKBK0045457/sushma837@oksbi,TXN0257144,3499.00,,7940516.51
23/12/2023,NEFT/73518763/GOPAL VERMA/KKBK0045457/58415499306857,TXN0257145,,850.00,7941366.51
23/12/2023,UPI/DR/28420710/GANESH KUMAR/KKBK0045457/ganesh429@ybl,TXN0257146,7800.00,,7933566.51
23/12/2023,UPI/DR/31732127/SANJANA HEGDE/KKBK0045457/sanjana582@paytm,TXN0257147,699.00,,7932867.51
23/12/2023,NEFT/63730781/GEETA DEVI/KKBK0045457/67792568337628,TXN0257148,,11200.00,7944067.51
23/12/2023,UPI/DR/9480684302/VIKRAM NAIR/KKBK0045457/vikram242@okhdfc,TXN0257149,1680.00,,7942387.51
24/12/2023,UPI/DR/9092987852/GANESH KUMAR/KKBK0045457/ganesh658@ybl,TXN0257150,850.00,,7941537.51
24/12/2023,UPI/DR/42181354/NILESH KULKARNI/KKBK0045457/nilesh994@oksbi,TXN0257151,5200.00,,7936337.51
24/12/2023,UPI/CR/633703039056/SUSHMA RAO/KKBK0045457/sushma124@paytm,TXN0257152,,11200.00,7947537.51
24/12/2023,NEFT/3921243385/SUSHMA RAO/KKBK0045457/59242215552288,TXN0257153,850.00,,7946687.51
24/12/2023,NEFT/1577158173/KARTHIK MENON/KKBK0045457/90688905119178,TXN0257154,,1200.00,7947887.51
24/12/2023,ATM/WDL/08466813/HDFC ATM KORAMANGALA,TXN0257155,249.00,,7947638.51
25/12/2023,CHQ NO 499754 CLEARING,TXN0257156,7800.00,,7939838.51
25/12/2023,NEFT/785500920225/SANTOSH KUMAR/KKBK0045457/00759772103314,TXN0257157,310.00,,7939528.51
25/12/2023,IMPS/P2P/69295641/SANJANA HEGDE/9659024849,TXN0257158,,24000.00,7963528.51
25/12/2023,ATM/WDL/59965261/CANARA ATM MYSURU,TXN0257159,850.00,,7962678.51
25/12/2023,NEFT/7241392382/SNEHA PATIL/KKBK0045457/57552818497530,TXN0257160,120.00,,7962558.51
25/12/2023,NEFT/2625835082/ROHIT SHARMA/KKBK0045457/40845769079576,TXN0257161,699.00,,7961859.51
26/12/2023,UPI/DR/2976981437/RAJENDRA PRASAD/KKBK0045457/rajendra570@ybl,TXN0257162,120.00,,7961739.51
26/12/2023,IMPS/P2P/86812855/DEEPAK JOSHI/9727585648,TXN0257163,,2500.00,7964239.51
26/12/2023,NEFT/5390570594/SANJANA HEGDE/KKBK0045457/96601556723578,TXN0257164,,4800.00,7969039.51
26/12/2023,NEFT/20953547/RAMESH PILLAI/KKBK0045457/37817514195645,TXN0257165,79.00,,7968960.51
27/12/2023,UPI/DR/359065208870/PRIYA NAIR/KKBK0045457/priya929@okhdfc,TXN0257166,850.00,,7968110.51
27/12/2023,IMPS/P2P/741645172948/DIVYA MENON/8096349106,TXN0257167,,2500.00,7970610.51
27/12/2023,CHQ NO 790470 CLEARING,TXN0257168,79.00,,7970531.51
27/12/2023,ATM/WDL/564975955706/SBI ATM JAYANAGAR BLR,TXN0257169,310.00,,7970221.51
27/12/2023,UPI/DR/3707625475/USHA RANI/KKBK0045457/usha862@paytm,TXN0257170,249.00,,7969972.51
28/12/2023,CASH DEPOSIT/BRANCH COUNTER/BANJARA HILLS HYDERABAD,TXN0257171,,24000.00,7993972.51
28/12/2023,UPI/DR/677216960770/KARTHIK MENON/KKBK0045457/karthik19@okhdfc,TXN0257172,449.00,,7993523.51
28/12/2023,CHQ NO 754741 CLEARING,TXN0257173,249.00,,7993274.51
28/12/2023,ATM/WDL/75662838/CANARA ATM MYSURU,TXN0257174,850.00,,7992424.51
28/12/2023,NEFT/143787933133/ARUN SHARMA/KKBK0045457/11016502798614,TXN0257175,79.00,,7992345.51
29/12/2023,UPI/DR/8254685001/ROHIT SHARMA/KKBK0045457/rohit473@okaxis,TXN0257176,699.00,,7991646.51
29/12/2023,ATM/WDL/2523872220/CANARA ATM MYSURU,TXN0257177,120.00,,7991526.51
29/12/2023,UPI/CR/7324313662/SANTOSH KUMAR/KKBK0045457/santosh162@paytm,TXN0257178,,32000.00,8023526.51
29/12/2023,UPI/DR/55131654/NAVEEN KUMAR/KKBK0045457/naveen737@paytm,TXN0257179,3499.00,,8020027.51
29/12/2023,UPI/DR/6910231316/TANVI RAO/KKBK0045457/tanvi640@okaxis,TXN0257180,699.00,,8019328.51
29/12/2023,UPI/DR/493934875386/POOJA SHARMA/KKBK0045457/pooja935@okhdfc,TXN0257181,310.00,,8019018.51
29/12/2023,UPI/DR/7750035132/LATHA MURTHY/KKBK0045457/latha661@okhdfc,TXN0257182,1250.00,,8017768.51
30/12/2023,CHQ NO 944135 CLEARING,TXN0257183,79.00,,8017689.51
30/12/2023,UPI/DR/170924724707/KAVITHA RAO/KKBK0045457/kavitha300@oksbi,TXN0257184,699.00,,8016990.51
30/12/2023,UPI/CR/14059714/MEENA IYER/KKBK0045457/meena386@okaxis,TXN0257185,,32000.00,8048990.51
30/12/2023,CASH DEPOSIT/BRANCH COUNTER/BANJARA HILLS HYDERABAD,TXN0257186,,2500.00,8051490.51
30/12/2023,UPI/DR/26330669/GEETA DEVI/KKBK0045457/geeta547@oksbi,TXN0257187,49.00,,8051441.51
30/12/2023,UPI/CR/8784284776/SNEHA PATIL/KKBK0045457/sneha121@okhdfc,TXN0257188,,500.00,8051941.51
30/12/2023,IMPS/P2P/155250119378/SANTOSH KUMAR/7530294065,TXN0257189,,32000.00,8083941.51
31/12/2023,CHQ NO 046107 CLEARING,TXN0257190,1680.00,,8082261.51
31/12/2023,UPI/DR/44922404/SNEHA PATIL/KKBK0045457/sneha159@paytm,TXN0257191,999.00,,8081262.51
31/12/2023,UPI/DR/63929914/RANJIT SINGH/KKBK0045457/ranjit636@okaxis,TXN0257192,699.00,,8080563.51
31/12/2023,UPI/DR/154351726981/KAVITHA RAO/KKBK0045457/kavitha173@okhdfc,TXN0257193,999.00,,8079564.51
31/12/2023,UPI/DR/736113565253/HARISH MENON/KKBK0045457/harish995@okaxis,TXN0257194,699.00,,8078865.51
31/12/2023,NEFT/470408141798/SNEHA PATIL/KKBK0045457/37822440847954,TXN0257195,,1200.00,8080065.51
01/01/2024,UPI/DR/897404696711/SUNITA DEVI/KKBK0045457/sunita600@ybl,TXN0257196,7800.00,,8072265.51
01/01/2024,UPI/DR/331401615793/RAJESH VERMA/KKBK0045457/rajesh528@okaxis,TXN0257197,850.00,,8071415.51
01/01/2024,NEFT/969023046734/PRIYA NAIR/KKBK0045457/29232118365230,TXN0257198,,32000.00,8103415.51
01/01/2024,IMPS/P2P/24123799/ANITHA KRISHNAN/9273454885,TXN0257199,,850.00,8104265.51
02/01/2024,ATM/WDL/376612703074/CANARA ATM MYSURU,TXN0257200,49.00,,8104216.51
02/01/2024,UPI/DR/7802233719/RAJESH VERMA/KKBK0045457/rajesh688@okhdfc,TXN0257201,3499.00,,8100717.51
02/01/2024,ATM/WDL/1534457310/CANARA ATM MYSURU,TXN0257202,5200.00,,8095517.51
02/01/2024,ATM/WDL/9239194475/SBI ATM JAYANAGAR BLR,TXN0257203,999.00,,8094518.51
02/01/2024,UPI/CR/169142731103/SNEHA PATIL/KKBK0045457/sneha500@paytm,TXN0257204,,18500.00,8113018.51
03/01/2024,IMPS/P2P/945465562478/SUSHMA RAO/9690136983,TXN0257205,,4800.00,8117818.51
03/01/2024,UPI/DR/89679115/VENKAT RAO/KKBK0045457/venkat288@ybl,TXN0257206,79.00,,8117739.51
03/01/2024,UPI/DR/9644708254/LALITHA DEVI/KKBK0045457/lalitha854@paytm,TXN0257207,1680.00,,8116059.51
03/01/2024,NEFT/78405991/ADITYA KUMAR/KKBK0045457/65270938035303,TXN0257208,120.00,,8115939.51
03/01/2024,UPI/DR/429412045534/AYESHA KHAN/KKBK0045457/ayesha537@okaxis,TXN0257209,249.00,,8115690.51
03/01/2024,NEFT/7230867475/SANTOSH KUMAR/KKBK0045457/19924787578009,TXN0257210,449.00,,8115241.51
04/01/2024,ATM/WDL/849230702212/CANARA ATM MYSURU,TXN0257211,120.00,,8115121.51
04/01/2024,CASH DEPOSIT/BRANCH COUNTER/BANJARA HILLS HYDERABAD,TXN0257212,,18500.00,8133621.51
04/01/2024,UPI/DR/7367150901/KAVITHA RAO/KKBK0045457/kavitha405@paytm,TXN0257213,1680.00,,8131941.51
04/01/2024,UPI/DR/686874069532/FATIMA SHEIKH/KKBK0045457/fatima853@okaxis,TXN0257214,7800.00,,8124141.51
04/01/2024,NEFT/19980941/RAVI KUMAR SHARMA/KKBK0045457/63758278227107,TXN0257215,,32000.00,8156141.51
04/01/2024,NEFT/9503460298/NADIA HUSSAIN/KKBK0045457/94898284565125,TXN0257216,1250.00,,8154891.51
04/01/2024,IMPS/P2P/19972453/NAVEEN KUMAR/9714979407,TXN0257217,,32000.00,8186891.51
05/01/2024,CHQ NO 383742 CLEARING,TXN0257218,2380.00,,8184511.51
05/01/2024,UPI/CR/6678321147/MOHAMMED IRFAN/KKBK0045457/mohammed286@paytm,TXN0257219,,850.00,8185361.51
06/01/2024,CASH DEPOSIT/BRANCH COUNTER/BANJARA HILLS HYDERABAD,TXN0257220,,32000.00,8217361.51
06/01/2024,UPI/DR/85421597/SANTOSH KUMAR/KKBK0045457/santosh404@oksbi,TXN0257221,49.00,,8217312.51
06/01/2024,UPI/DR/2890596861/KARTHIK MENON/KKBK0045457/karthik579@okhdfc,TXN0257222,5200.00,,8212112.51
06/01/2024,ATM/WDL/619878209690/CANARA ATM MYSURU,TXN0257223,49.00,,8212063.51
06/01/2024,CASH DEPOSIT/BRANCH COUNTER/BANJARA HILLS HYDERABAD,TXN0257224,,1200.00,8213263.51
06/01/2024,NEFT/1467501029/RANJIT SINGH/KKBK0045457/70021990285261,TXN0257225,5200.00,,8208063.51
07/01/2024,NEFT/37772244/ARCHANA PILLAI/KKBK0045457/18691930327838,TXN0257226,,11200.00,8219263.51
07/01/2024,NEFT/6082529836/TARA SINGH/KKBK0045457/72105330607144,TXN0257227,3499.00,,8215764.51
07/01/2024,UPI/CR/67309093/SHEELA DEVI/KKBK0045457/sheela27@paytm,TXN0257228,,32000.00,8247764.51
07/01/2024,CASH DEPOSIT/BRANCH COUNTER/BANJARA HILLS HYDERABAD,TXN0257229,,18500.00,8266264.51
07/01/2024,ATM/WDL/379563938743/CANARA ATM MYSURU,TXN0257230,7800.00,,8258464.51
07/01/2024,NEFT/09325928/FARHAN KHAN/KKBK0045457/51650761645551,TXN0257231,699.00,,8257765.51
08/01/2024,UPI/DR/720451862185/NIKHIL GUPTA/KKBK0045457/nikhil187@paytm,TXN0257232,79.00,,8257686.51
08/01/2024,UPI/DR/18694708/SNEHA PATIL/KKBK0045457/sneha190@ybl,TXN0257233,310.00,,8257376.51
09/01/2024,UPI/DR/41302666/PREETHI IYER/KKBK0045457/preethi82@oksbi,TXN0257234,3499.00,,8253877.51
09/01/2024,CASH DEPOSIT/BRANCH COUNTER/BANJARA HILLS HYDERABAD,TXN0257235,,2500.00,8256377.51
09/01/2024,NEFT/285291804151/RAVI KUMAR SHARMA/KKBK0045457/73561402947080,TXN0257236,,500.00,8256877.51
09/01/2024,CASH DEPOSIT/BRANCH COUNTER/BANJARA HILLS HYDERABAD,TXN0257237,,2500.00,8259377.51
10/01/2024,ATM/WDL/468118846417/SBI ATM JAYANAGAR BLR,TXN0257238,5200.00,,8254177.51
10/01/2024,ATM/WDL/81212275/CANARA ATM MYSURU,TXN0257239,850.00,,8253327.51
10/01/2024,UPI/DR/2596009413/KARTHIK MENON/KKBK0045457/karthik803@okaxis,TXN0257240,449.00,,8252878.51
10/01/2024,NEFT/10825269/SURESH NAIR/KKBK0045457/50352215403247,TXN0257241,850.00,,8252028.51
10/01/2024,NEFT/332194304797/POOJA SHARMA/KKBK0045457/17317048296996,TXN0257242,,4800.00,8256828.51
10/01/2024,IMPS/P2P/860331583794/SANTOSH KUMAR/9657389276,TXN0257243,,11200.00,8268028.51
10/01/2024,UPI/DR/90153005/MEENA IYER/KKBK0045457/meena327@paytm,TXN0257244,2380.00,,8265648.51
10/01/2024,CASH DEPOSIT/BRANCH COUNTER/BANJARA HILLS HYDERABAD,TXN0257245,,32000.00,8297648.51
10/01/2024,UPI/DR/1639007337/SUNIL YADAV/KKBK0045457/sunil630@okaxis,TXN0257246,7800.00,,8289848.51
11/01/2024,UPI/DR/6182751404/NIKHIL GUPTA/KKBK0045457/nikhil680@okaxis,TXN0257247,5200.00,,8284648.51
11/01/2024,UPI/CR/33857651/ARUN SHARMA/KKBK0045457/arun530@okhdfc,TXN0257248,,850.00,8285498.51
11/01/2024,UPI/DR/637932725487/HARISH MENON/KKBK0045457/harish671@oksbi,TXN0257249,49.00,,8285449.51
11/01/2024,UPI/CR/47811232/AYESHA KHAN/KKBK0045457/ayesha559@ybl,TXN0257250,,11200.00,8296649.51
11/01/2024,ATM/WDL/8141698971/SBI ATM JAYANAGAR BLR,TXN0257251,79.00,,8296570.51
11/01/2024,NEFT/063947037060/RAJENDRA PRASAD/KKBK0045457/69570581804124,TXN0257252,1680.00,,8294890.51
12/01/2024,CASH DEPOSIT/BRANCH COUNTER/BANJARA HILLS HYDERABAD,TXN0257253,,500.00,8295390.51
12/01/2024,IMPS/P2P/720585048700/SUSHMA RAO/9353421470,TXN0257254,,11200.00,8306590.51
12/01/2024,NEFT/134746416758/FARHAN KHAN/KKBK0045457/24961599824766,TXN0257255,2380.00,,8304210.51
12/01/2024,UPI/DR/50827796/PADMA RAO/KKBK0045457/padma708@okaxis,TXN0257256,249.00,,8303961.51
13/01/2024,ATM/WDL/14938013/CANARA ATM MYSURU,TXN0257257,120.00,,8303841.51
13/01/2024,CASH DEPOSIT/BRANCH COUNTER/BANJARA HILLS HYDERABAD,TXN0257258,,4800.00,8308641.51
14/01/2024,UPI/DR/3456400839/DEEPA NAIR/KKBK0045457/deepa748@oksbi,TXN0257259,120.00,,8308521.51
14/01/2024,UPI/DR/56671093/RAMESH PILLAI/KKBK0045457/ramesh235@okaxis,TXN0257260,850.00,,8307671.51
14/01/2024,UPI/CR/3280574940/SMITHA PILLAI/KKBK0045457/smitha877@ybl,TXN0257261,,18500.00,8326171.51
14/01/2024,UPI/DR/5201451215/CHANDAN SHARMA/KKBK0045457/chandan162@okhdfc,TXN0257262,120.00,,8326051.51
14/01/2024,CHQ NO 622382 CLEARING,TXN0257263,310.00,,8325741.51
14/01/2024,UPI/DR/371700772481/USHA RANI/KKBK0045457/usha561@oksbi,TXN0257264,5200.00,,8320541.51
14/01/2024,UPI/CR/9431480348/RAJENDRA PRASAD/KKBK0045457/rajendra522@paytm,TXN0257265,,7600.00,8328141.51
14/01/2024,CASH DEPOSIT/BRANCH COUNTER/BANJARA HILLS HYDERABAD,TXN0257266,,7600.00,8335741.51
14/01/2024,CASH DEPOSIT/BRANCH COUNTER/BANJARA HILLS HYDERABAD,TXN0257267,,850.00,8336591.51
15/01/2024,NEFT/7265251408/ADITYA KUMAR/KKBK0045457/80526520416322,TXN0257268,249.00,,8336342.51
15/01/2024,NEFT/99998773/ADITYA KUMAR/KKBK0045457/90530144764924,TXN0257269,449.00,,8335893.51
15/01/2024,ATM/WDL/705289646461/SBI ATM JAYANAGAR BLR,TXN0257270,3499.00,,8332394.51
15/01/2024,UPI/DR/54947793/VENKAT RAO/KKBK0045457/venkat696@ybl,TXN0257271,49.00,,8332345.51
15/01/2024,NEFT/5104741080/KAVERI MENON/KKBK0045457/95874079899413,TXN0257272,449.00,,8331896.51
16/01/2024,UPI/DR/30079296/SAVITHA DEVI/KKBK0045457/savitha685@okaxis,TXN0257273,2380.00,,8329516.51
16/01/2024,UPI/CR/15329947/FATIMA SHEIKH/KKBK0045457/fatima493@ybl,TXN0257274,,24000.00,8353516.51
16/01/2024,UPI/DR/021447884587/MOHAN DAS/KKBK0045457/mohan168@oksbi,TXN0257275,2380.00,,8351136.51
16/01/2024,IMPS/P2P/186299761362/GANESH KUMAR/8516025335,TXN0257276,,4800.00,8355936.51
16/01/2024,UPI/DR/859872130134/RAJESH VERMA/KKBK0045457/rajesh463@okhdfc,TXN0257277,2380.00,,8353556.51
17/01/2024,NEFT/0722706736/RAJESH VERMA/KKBK0045457/19576943263464,TXN0257278,5200.00,,8348356.51
17/01/2024,NEFT/5693881501/MEERA PILLAI/KKBK0045457/69646484028585,TXN0257279,2380.00,,8345976.51
17/01/2024,CHQ NO 355188 CLEARING,TXN0257280,310.00,,8345666.51
17/01/2024,IMPS/P2P/0165940810/POOJA SHARMA/9893439423,TXN0257281,,11200.00,8356866.51
17/01/2024,ATM/WDL/10670243/SBI ATM JAYANAGAR BLR,TXN0257282,7800.00,,8349066.51
18/01/2024,NEFT/69574188/GANESH KUMAR/KKBK0045457/07080418960398,TXN0257283,,7600.00,8356666.51
18/01/2024,NEFT/24437833/PADMA RAO/KKBK0045457/85295866946127,TXN0257284,2380.00,,8354286.51
18/01/2024,CHQ NO 666944 CLEARING,TXN0257285,3499.00,,8350787.51
18/01/2024,CHQ NO 038443 CLEARING,TXN0257286,7800.00,,8342987.51
18/01/2024,CHQ NO 779453 CLEARING,TXN0257287,1680.00,,8341307.51
18/01/2024,UPI/DR/40173979/NILESH KULKARNI/KKBK0045457/nilesh884@ybl,TXN0257288,999.00,,8340308.51
18/01/2024,UPI/CR/5054987112/MOHAMMED IRFAN/KKBK0045457/mohammed972@okhdfc,TXN0257289,,2500.00,8342808.51
18/01/2024,UPI/CR/2007557622/ANAND KUMAR/KKBK0045457/anand429@paytm,TXN0257290,,7600.00,8350408.51
18/01/2024,UPI/DR/3511019077/RAHUL SINGH/KKBK0045457/rahul499@oksbi,TXN0257291,3499.00,,8346909.51
18/01/2024,NEFT/43040791/RESHMA KHAN/KKBK0045457/07103276002452,TXN0257292,1680.00,,8345229.51
18/01/2024,NEFT/741083616967/ARCHANA PILLAI/KKBK0045457/32613875469809,TXN0257293,699.00,,8344530.51
19/01/2024,UPI/DR/03521711/ANAND KUMAR/KKBK0045457/anand725@okhdfc,TXN0257294,120.00,,8344410.51
19/01/2024,NEFT/6966231912/SMITHA PILLAI/KKBK0045457/88808603767844,TXN0257295,120.00,,8344290.51
19/01/2024,CHQ NO 896423 CLEARING,TXN0257296,3499.00,,8340791.51
19/01/2024,UPI/CR/6341153392/KAVYA REDDY/KKBK0045457/kavya752@oksbi,TXN0257297,,1200.00,8341991.51
19/01/2024,UPI/DR/89333364/BABU LAL/KKBK0045457/babu314@paytm,TXN0257298,850.00,,8341141.51
19/01/2024,UPI/CR/96963372/AYESHA KHAN/KKBK0045457/ayesha458@okhdfc,TXN0257299,,11200.00,8352341.51
20/01/2024,UPI/CR/162326292172/RAVI KUMAR SHARMA/KKBK0045457/ravi404@okaxis,TXN0257300,,2500.00,8354841.51
20/01/2024,UPI/DR/0491373908/KAVERI MENON/KKBK0045457/kaveri934@ybl,TXN0257301,79.00,,8354762.51
20/01/2024,CASH DEPOSIT/BRANCH COUNTER/BANJARA HILLS HYDERABAD,TXN0257302,,500.00,8355262.51
20/01/2024,UPI/DR/05136518/ROHIT SHARMA/KKBK0045457/rohit411@paytm,TXN0257303,449.00,,8354813.51
20/01/2024,UPI/DR/99941717/PRIYA NAIR/KKBK0045457/priya476@oksbi,TXN0257304,999.00,,8353814.51
20/01/2024,NEFT/6930104396/LALITHA DEVI/KKBK0045457/12402722560649,TXN0257305,5200.00,,8348614.51
20/01/2024,NEFT/68123290/LATHA MURTHY/KKBK0045457/06348605800777,TXN0257306,,11200.00,8359814.51
20/01/2024,ATM/WDL/708691612946/CANARA ATM MYSURU,TXN0257307,2380.00,,8357434.51
21/01/2024,CHQ NO 389050 CLEARING,TXN0257308,49.00,,8357385.51
21/01/2024,UPI/DR/2410195647/ARCHANA PILLAI/KKBK0045457/archana466@paytm,TXN0257309,310.00,,8357075.51
21/01/2024,IMPS/P2P/0076961008/NIKHIL GUPTA/8870741370,TXN0257310,,1200.00,8358275.51
21/01/2024,UPI/DR/9924833800/TANVI RAO/KKBK0045457/tanvi696@okhdfc,TXN0257311,79.00,,8358196.51
21/01/2024,ATM/WDL/67587369/HDFC ATM KORAMANGALA,TXN0257312,49.00,,8358147.51
21/01/2024,NEFT/94964682/SAVITHA DEVI/KKBK0045457/71494157998683,TXN0257313,,850.00,8358997.51
22/01/2024,IMPS/P2P/8912983050/BABU LAL/7075913907,TXN0257314,,18500.00,8377497.51
22/01/2024,CHQ NO 810493 CLEARING,TXN0257315,1680.00,,8375817.51
22/01/2024,IMPS/P2P/425421902108/GANESH KUMAR/9712667590,TXN0257316,,32000.00,8407817.51
22/01/2024,ATM/WDL/75683746/SBI ATM JAYANAGAR BLR,TXN0257317,1680.00,,8406137.51
23/01/2024,ATM/WDL/6104852089/SBI ATM JAYANAGAR BLR,TXN0257318,5200.00,,8400937.51
23/01/2024,UPI/DR/1314112398/RAMESH GOWDA/KKBK0045457/ramesh149@okaxis,TXN0257319,1680.00,,8399257.51
23/01/2024,NEFT/031656222111/GEETA DEVI/KKBK0045457/98448473599995,TXN0257320,120.00,,8399137.51
23/01/2024,UPI/DR/881483793734/VENKAT RAO/KKBK0045457/venkat805@paytm,TXN0257321,120.00,,8399017.51
24/01/2024,ATM/WDL/2829122653/CANARA ATM MYSURU,TXN0257322,2380.00,,8396637.51
24/01/2024,CASH DEPOSIT/BRANCH COUNTER/BANJARA HILLS HYDERABAD,TXN0257323,,7600.00,8404237.51
24/01/2024,UPI/DR/25827219/SMITHA PILLAI/KKBK0045457/smitha242@ybl,TXN0257324,449.00,,8403788.51
24/01/2024,CASH DEPOSIT/BRANCH COUNTER/BANJARA HILLS HYDERABAD,TXN0257325,,850.00,8404638.51
24/01/2024,CASH DEPOSIT/BRANCH COUNTER/BANJARA HILLS HYDERABAD,TXN0257326,,18500.00,8423138.51
25/01/2024,UPI/DR/91416760/KAVYA REDDY/KKBK0045457/kavya760@okaxis,TXN0257327,1250.00,,8421888.51
25/01/2024,NEFT/817272686087/MOHAMMED IRFAN/KKBK0045457/63112398303495,TXN0257328,,2500.00,8424388.51
25/01/2024,IMPS/P2P/5486282653/NADIA HUSSAIN/8380925345,TXN0257329,,850.00,8425238.51
25/01/2024,CASH DEPOSIT/BRANCH COUNTER/BANJARA HILLS HYDERABAD,TXN0257330,,7600.00,8432838.51
25/01/2024,ATM/WDL/85209485/SBI ATM JAYANAGAR BLR,TXN0257331,1680.00,,8431158.51
25/01/2024,NEFT/366851186774/FARHAN KHAN/KKBK0045457/87509353723013,TXN0257332,2380.00,,8428778.51
25/01/2024,IMPS/P2P/6881529357/SANTOSH KUMAR/9000043885,TXN0257333,,7600.00,8436378.51
25/01/2024,UPI/DR/56335851/POOJA SHARMA/KKBK0045457/pooja775@paytm,TXN0257334,49.00,,8436329.51
26/01/2024,UPI/DR/0363833037/HARISH MENON/KKBK0045457/harish13@ybl,TXN0257335,120.00,,8436209.51
26/01/2024,NEFT/83490562/RESHMA KHAN/KKBK0045457/31181283734199,TXN0257336,,11200.00,8447409.51
26/01/2024,UPI/DR/953290406739/CHANDAN SHARMA/KKBK0045457/chandan31@oksbi,TXN0257337,1680.00,,8445729.51
26/01/2024,NEFT/6744435175/GANESH KUMAR/KKBK0045457/97980225571381,TXN0257338,,500.00,8446229.51
26/01/2024,UPI/CR/29935818/NILESH KULKARNI/KKBK0045457/nilesh292@paytm,TXN0257339,,1200.00,8447429.51
27/01/2024,IMPS/P2P/9541763843/USHA RANI/7836472779,TXN0257340,,18500.00,8465929.51
27/01/2024,UPI/DR/61105628/SANTOSH KUMAR/KKBK0045457/santosh924@oksbi,TXN0257341,449.00,,8465480.51
27/01/2024,UPI/CR/094772823506/PREETHI IYER/KKBK0045457/preethi890@okaxis,TXN0257342,,2500.00,8467980.51
27/01/2024,UPI/DR/57915866/ARCHANA PILLAI/KKBK0045457/archana317@ybl,TXN0257343,1250.00,,8466730.51
27/01/2024,NEFT/1464201042/NAVEEN KUMAR/KKBK0045457/58232874710475,TXN0257344,,4800.00,8471530.51
27/01/2024,ATM/WDL/7802241576/HDFC ATM KORAMANGALA,TXN0257345,449.00,,8471081.51
28/01/2024,NEFT/078653980551/PREETHI IYER/KKBK0045457/38603978157027,TXN0257346,,1200.00,8472281.51
28/01/2024,CASH DEPOSIT/BRANCH COUNTER/BANJARA HILLS HYDERABAD,TXN0257347,,850.00,8473131.51
28/01/2024,IMPS/P2P/53218208/PRIYA NAIR/9029630625,TXN0257348,,500.00,8473631.51
28/01/2024,UPI/DR/52376112/RESHMA KHAN/KKBK0045457/reshma599@okhdfc,TXN0257349,310.00,,8473321.51
28/01/2024,UPI/DR/656083675441/KAVERI MENON/KKBK0045457/kaveri407@okhdfc,TXN0257350,7800.00,,8465521.51
28/01/2024,CASH DEPOSIT/BRANCH COUNTER/BANJARA HILLS HYDERABAD,TXN0257351,,850.00,8466371.51
28/01/2024,NEFT/387290791372/USHA RANI/KKBK0045457/20121629631145,TXN0257352,249.00,,8466122.51
28/01/2024,UPI/DR/98263130/NILESH KULKARNI/KKBK0045457/nilesh804@paytm,TXN0257353,3499.00,,8462623.51
28/01/2024,CASH DEPOSIT/BRANCH COUNTER/BANJARA HILLS HYDERABAD,TXN0257354,,1200.00,8463823.51
29/01/2024,IMPS/P2P/7443459517/ROHIT SHARMA/7403935417,TXN0257355,,7600.00,8471423.51
29/01/2024,NEFT/22140807/RAJENDRA PRASAD/KKBK0045457/85559103830802,TXN0257356,249.00,,8471174.51
29/01/2024,IMPS/P2P/713349780904/PRIYA NAIR/7821055656,TXN0257357,,500.00,8471674.51
29/01/2024,CHQ NO 598319 CLEARING,TXN0257358,79.00,,8471595.51
29/01/2024,NEFT/191944602936/SUNIL YADAV/KKBK0045457/50993973423501,TXN0257359,,32000.00,8503595.51
30/01/2024,CASH DEPOSIT/BRANCH COUNTER/BANJARA HILLS HYDERABAD,TXN0257360,,2500.00,8506095.51
30/01/2024,CASH DEPOSIT/BRANCH COUNTER/BANJARA HILLS HYDERABAD,TXN0257361,,1200.00,8507295.51
30/01/2024,NEFT/77895332/RESHMA KHAN/KKBK0045457/67834475792165,TXN0257362,,500.00,8507795.51
30/01/2024,UPI/DR/17315040/KAVYA REDDY/KKBK0045457/kavya741@okaxis,TXN0257363,2380.00,,8505415.51
30/01/2024,CASH DEPOSIT/BRANCH COUNTER/BANJARA HILLS HYDERABAD,TXN0257364,,7600.00,8513015.51
30/01/2024,UPI/CR/218058869669/TARA SINGH/KKBK0045457/tara461@ybl,TXN0257365,,1200.00,8514215.51
30/01/2024,CHQ NO 998489 CLEARING,TXN0257366,999.00,,8513216.51
30/01/2024,NEFT/6088440366/MOHAN DAS/KKBK0045457/71253870520909,TXN0257367,449.00,,8512767.51
30/01/2024,UPI/DR/82724955/FATIMA SHEIKH/KKBK0045457/fatima253@ybl,TXN0257368,7800.00,,8504967.51
30/01/2024,ATM/WDL/847662708113/HDFC ATM KORAMANGALA,TXN0257369,2380.00,,8502587.51
30/01/2024,NEFT/1020907946/IMRAN KHAN/KKBK0045457/95811679906601,TXN0257370,7800.00,,8494787.51
30/01/2024,UPI/CR/05387556/RAJESH VERMA/KKBK0045457/rajesh570@okaxis,TXN0257371,,1200.00,8495987.51
30/01/2024,CASH DEPOSIT/BRANCH COUNTER/BANJARA HILLS HYDERABAD,TXN0257372,,500.00,8496487.51
31/01/2024,ATM/WDL/7768109195/CANARA ATM MYSURU,TXN0257373,5200.00,,8491287.51
31/01/2024,UPI/DR/14776665/AYESHA KHAN/KKBK0045457/ayesha708@paytm,TXN0257374,2380.00,,8488907.51
31/01/2024,CASH DEPOSIT/BRANCH COUNTER/BANJARA HILLS HYDERABAD,TXN0257375,,7600.00,8496507.51
01/02/2024,UPI/DR/7674229999/RESHMA KHAN/KKBK0045457/reshma880@okhdfc,TXN0257376,310.00,,8496197.51
01/02/2024,NEFT/15464783/SMITHA PILLAI/KKBK0045457/56164285405136,TXN0257377,,11200.00,8507397.51
01/02/2024,UPI/DR/189948556117/NAVEEN KUMAR/KKBK0045457/naveen709@ybl,TXN0257378,7800.00,,8499597.51
02/02/2024,CASH DEPOSIT/BRANCH COUNTER/BANJARA HILLS HYDERABAD,TXN0257379,,1200.00,8500797.51
02/02/2024,CHQ NO 935887 CLEARING,TXN0257380,999.00,,8499798.51
02/02/2024,ATM/WDL/4298360904/SBI ATM JAYANAGAR BLR,TXN0257381,3499.00,,8496299.51
02/02/2024,UPI/DR/205720321250/RAJENDRA PRASAD/KKBK0045457/rajendra430@ybl,TXN0257382,999.00,,8495300.51
02/02/2024,UPI/DR/25552640/SUSHMA RAO/KKBK0045457/sushma881@ybl,TXN0257383,249.00,,8495051.51
02/02/2024,NEFT/750713969956/ARUN SHARMA/KKBK0045457/66392626160498,TXN0257384,449.00,,8494602.51
02/02/2024,UPI/DR/7640100439/ARCHANA PILLAI/KKBK0045457/archana567@oksbi,TXN0257385,7800.00,,8486802.51
03/02/2024,UPI/DR/2945995922/LATHA MURTHY/KKBK0045457/latha415@ybl,TXN0257386,1680.00,,8485122.51
03/02/2024,IMPS/P2P/4084607001/SNEHA PATIL/7596175915,TXN0257387,,850.00,8485972.51
04/02/2024,ATM/WDL/76414082/CANARA ATM MYSURU,TXN0257388,3499.00,,8482473.51
04/02/2024,UPI/DR/004282056868/SMITHA PILLAI/KKBK0045457/smitha615@oksbi,TXN0257389,2380.00,,8480093.51
04/02/2024,IMPS/P2P/0043263842/ARCHANA PILLAI/7596121410,TXN0257390,,32000.00,8512093.51
04/02/2024,UPI/CR/292274886420/SHAHID KHAN/KKBK0045457/shahid149@okhdfc,TXN0257391,,850.00,8512943.51
05/02/2024,CHQ NO 650422 CLEARING,TXN0257392,310.00,,8512633.51
05/02/2024,CASH DEPOSIT/BRANCH COUNTER/BANJARA HILLS HYDERABAD,TXN0257393,,32000.00,8544633.51
05/02/2024,UPI/DR/741381041286/TARA SINGH/KKBK0045457/tara117@okaxis,TXN0257394,999.00,,8543634.51
05/02/2024,IMPS/P2P/84498372/FARHAN KHAN/7593462738,TXN0257395,,7600.00,8551234.51
06/02/2024,IMPS/P2P/326427734620/MEENA IYER/7098885997,TXN0257396,,2500.00,8553734.51
06/02/2024,UPI/DR/78684012/GANESH KUMAR/KKBK0045457/ganesh749@paytm,TXN0257397,850.00,,8552884.51
06/02/2024,NEFT/0131336435/MOHAMMED IRFAN/KKBK0045457/72206990831627,TXN0257398,79.00,,8552805.51
07/02/2024,IMPS/P2P/42044525/SANJANA HEGDE/7483345694,TXN0257399,,500.00,8553305.51
07/02/2024,NEFT/486047032789/SANJANA HEGDE/KKBK0045457/88773605322686,TXN0257400,,2500.00,8555805.51
07/02/2024,UPI/DR/466801188110/MOHAN DAS/KKBK0045457/mohan669@okaxis,TXN0257401,1250.00,,8554555.51
08/02/2024,ATM/WDL/920110189562/CANARA ATM MYSURU,TXN0257402,2380.00,,8552175.51
08/02/2024,UPI/CR/945625169387/MOHAN DAS/KKBK0045457/mohan79@paytm,TXN0257403,,7600.00,8559775.51
08/02/2024,UPI/DR/97832579/GANESH KUMAR/KKBK0045457/ganesh872@oksbi,TXN0257404,1680.00,,8558095.51
08/02/2024,NEFT/53552857/TARA SINGH/KKBK0045457/49493913027346,TXN0257405,,2500.00,8560595.51
09/02/2024,CASH DEPOSIT/BRANCH COUNTER/BANJARA HILLS HYDERABAD,TXN0257406,,4800.00,8565395.51
09/02/2024,UPI/DR/5861743340/ARCHANA PILLAI/KKBK0045457/archana121@okaxis,TXN0257407,1250.00,,8564145.51
10/02/2024,NEFT/936394063100/FARHAN KHAN/KKBK0045457/89791648566809,TXN0257408,,11200.00,8575345.51
10/02/2024,UPI/DR/24152255/RAJESH VERMA/KKBK0045457/rajesh564@ybl,TXN0257409,7800.00,,8567545.51
10/02/2024,UPI/CR/882691219323/SUNITA DEVI/KKBK0045457/sunita633@ybl,TXN0257410,,850.00,8568395.51
10/02/2024,IMPS/P2P/81229799/SUNIL YADAV/8516452844,TXN0257411,,18500.00,8586895.51
10/02/2024,CHQ NO 346023 CLEARING,TXN0257412,49.00,,8586846.51
10/02/2024,UPI/DR/2507330243/RAMESH PILLAI/KKBK0045457/ramesh831@paytm,TXN0257413,49.00,,8586797.51
10/02/2024,NEFT/1666330793/ROHIT SHARMA/KKBK0045457/43315474440480,TXN0257414,120.00,,8586677.51
10/02/2024,CASH DEPOSIT/BRANCH COUNTER/BANJARA HILLS HYDERABAD,TXN0257415,,1200.00,8587877.51
10/02/2024,NEFT/023766025192/RESHMA KHAN/KKBK0045457/49611247397681,TXN0257416,,7600.00,8595477.51
11/02/2024,UPI/CR/5528770414/ARJUN MEHTA/KKBK0045457/arjun826@ybl,TXN0257417,,7600.00,8603077.51
11/02/2024,UPI/CR/4796392359/SANTOSH KUMAR/KKBK0045457/santosh500@ybl,TXN0257418,,2500.00,8605577.51
11/02/2024,UPI/DR/551628881780/ROHIT SHARMA/KKBK0045457/rohit238@oksbi,TXN0257419,999.00,,8604578.51
11/02/2024,ATM/WDL/8356738775/HDFC ATM KORAMANGALA,TXN0257420,5200.00,,8599378.51
11/02/2024,CASH DEPOSIT/BRANCH COUNTER/BANJARA HILLS HYDERABAD,TXN0257421,,500.00,8599878.51
11/02/2024,UPI/DR/2166265898/SNEHA PATIL/KKBK0045457/sneha516@oksbi,TXN0257422,1680.00,,8598198.51
11/02/2024,NEFT/833615505841/KAVITHA RAO/KKBK0045457/00257016759404,TXN0257423,,2500.00,8600698.51
12/02/2024,NEFT/0036912776/SNEHA PATIL/KKBK0045457/67606263619504,TXN0257424,49.00,,8600649.51
12/02/2024,CASH DEPOSIT/BRANCH COUNTER/BANJARA HILLS HYDERABAD,TXN0257425,,2500.00,8603149.51
12/02/2024,UPI/DR/603206609545/ROHIT SHARMA/KKBK0045457/rohit900@okaxis,TXN0257426,449.00,,8602700.51
12/02/2024,IMPS/P2P/245340075163/DEEPA NAIR/9183624283,TXN0257427,,2500.00,8605200.51
12/02/2024,UPI/DR/419427396889/BABU LAL/KKBK0045457/babu463@okaxis,TXN0257428,310.00,,8604890.51
12/02/2024,CASH DEPOSIT/BRANCH COUNTER/BANJARA HILLS HYDERABAD,TXN0257429,,500.00,8605390.51
12/02/2024,UPI/DR/2346341657/KAVYA REDDY/KKBK0045457/kavya972@paytm,TXN0257430,3499.00,,8601891.51
13/02/2024,UPI/DR/4197025957/FARHAN KHAN/KKBK0045457/farhan446@ybl,TXN0257431,79.00,,8601812.51
13/02/2024,NEFT/540993581405/MEENA IYER/KKBK0045457/67769715086202,TXN0257432,,2500.00,8604312.51
14/02/2024,IMPS/P2P/306357945750/LALITHA DEVI/7546358831,TXN0257433,,24000.00,8628312.51
14/02/2024,UPI/CR/14384976/SHEELA DEVI/KKBK0045457/sheela356@oksbi,TXN0257434,,4800.00,8633112.51
14/02/2024,UPI/CR/4222017116/ARCHANA PILLAI/KKBK0045457/archana17@okaxis,TXN0257435,,11200.00,8644312.51
14/02/2024,IMPS/P2P/637368142554/MOHAN DAS/8851406200,TXN0257436,,32000.00,8676312.51
14/02/2024,NEFT/42680786/SHEELA DEVI/KKBK0045457/05945525639546,TXN0257437,,850.00,8677162.51
14/02/2024,UPI/DR/7004224453/ANITHA KRISHNAN/KKBK0045457/anitha944@paytm,TXN0257438,79.00,,8677083.51
14/02/2024,CASH DEPOSIT/BRANCH COUNTER/BANJARA HILLS HYDERABAD,TXN0257439,,1200.00,8678283.51
15/02/2024,NEFT/21649321/SANTOSH KUMAR/KKBK0045457/52492152924866,TXN0257440,79.00,,8678204.51
15/02/2024,UPI/DR/4480308419/PREETHI IYER/KKBK0045457/preethi886@okaxis,TXN0257441,449.00,,8677755.51
15/02/2024,CASH DEPOSIT/BRANCH COUNTER/BANJARA HILLS HYDERABAD,TXN0257442,,24000.00,8701755.51
15/02/2024,CASH DEPOSIT/BRANCH COUNTER/BANJARA HILLS HYDERABAD,TXN0257443,,850.00,8702605.51
16/02/2024,CASH DEPOSIT/BRANCH COUNTER/BANJARA HILLS HYDERABAD,TXN0257444,,11200.00,8713805.51
16/02/2024,CASH DEPOSIT/BRANCH COUNTER/BANJARA HILLS HYDERABAD,TXN0257445,,4800.00,8718605.51
16/02/2024,NEFT/08402788/DEEPA NAIR/KKBK0045457/67951398049258,TXN0257446,,2500.00,8721105.51
16/02/2024,CHQ NO 993673 CLEARING,TXN0257447,7800.00,,8713305.51
17/02/2024,IMPS/P2P/800663397168/ANITHA KRISHNAN/7504627111,TXN0257448,,1200.00,8714505.51
17/02/2024,UPI/DR/20190658/RAMESH GOWDA/KKBK0045457/ramesh150@oksbi,TXN0257449,3499.00,,8711006.51
17/02/2024,UPI/DR/678752295207/KAVERI MENON/KKBK0045457/kaveri942@ybl,TXN0257450,2380.00,,8708626.51
17/02/2024,UPI/CR/8568343263/VENKAT RAO/KKBK0045457/venkat418@oksbi,TXN0257451,,2500.00,8711126.51
17/02/2024,UPI/CR/18786436/NADIA HUSSAIN/KKBK0045457/nadia540@oksbi,TXN0257452,,850.00,8711976.51
17/02/2024,ATM/WDL/58686662/CANARA ATM MYSURU,TXN0257453,310.00,,8711666.51
17/02/2024,UPI/DR/060574015025/MOHAN DAS/KKBK0045457/mohan420@paytm,TXN0257454,1680.00,,8709986.51
18/02/2024,UPI/DR/1279932742/TARA SINGH/KKBK0045457/tara790@ybl,TXN0257455,79.00,,8709907.51
18/02/2024,NEFT/029753231645/MOHAN DAS/KKBK0045457/15447545361528,TXN0257456,,500.00,8710407.51
18/02/2024,UPI/DR/76579525/REKHA PILLAI/KKBK0045457/rekha687@ybl,TXN0257457,699.00,,8709708.51
18/02/2024,UPI/CR/05672526/KAVITHA RAO/KKBK0045457/kavitha252@okaxis,TXN0257458,,850.00,8710558.51
18/02/2024,ATM/WDL/507755865164/HDFC ATM KORAMANGALA,TXN0257459,449.00,,8710109.51
19/02/2024,IMPS/P2P/4109529391/FATIMA SHEIKH/7143125968,TXN0257460,,11200.00,8721309.51
19/02/2024,IMPS/P2P/372154864191/GEETA DEVI/7144214036,TXN0257461,,32000.00,8753309.51
19/02/2024,UPI/DR/2259972776/GEETA DEVI/KKBK0045457/geeta747@okaxis,TXN0257462,1250.00,,8752059.51
19/02/2024,UPI/DR/6589679068/RESHMA KHAN/KKBK0045457/reshma895@okhdfc,TXN0257463,120.00,,8751939.51
19/02/2024,UPI/CR/6931005390/VINAY PATIL/KKBK0045457/vinay877@oksbi,TXN0257464,,500.00,8752439.51
19/02/2024,NEFT/46670233/PREETHI IYER/KKBK0045457/90019107976884,TXN0257465,850.00,,8751589.51
19/02/2024,NEFT/3954890740/GOPAL VERMA/KKBK0045457/19846321484649,TXN0257466,120.00,,8751469.51
19/02/2024,NEFT/80511412/RAHUL SINGH/KKBK0045457/24992809843075,TXN0257467,,11200.00,8762669.51
20/02/2024,NEFT/784009788134/MOHAN DAS/KKBK0045457/91511304285452,TXN0257468,,4800.00,8767469.51
20/02/2024,CASH DEPOSIT/BRANCH COUNTER/BANJARA HILLS HYDERABAD,TXN0257469,,11200.00,8778669.51
20/02/2024,UPI/DR/8165994207/DEEPA NAIR/KKBK0045457/deepa764@ybl,TXN0257470,79.00,,8778590.51
20/02/2024,UPI/DR/891651879585/DEEPAK JOSHI/KKBK0045457/deepak589@paytm,TXN0257471,1680.00,,8776910.51
20/02/2024,UPI/DR/707177556840/DIVYA MENON/KKBK0045457/divya816@paytm,TXN0257472,999.00,,8775911.51
20/02/2024,UPI/DR/692527919269/SAVITHA DEVI/KKBK0045457/savitha329@okhdfc,TXN0257473,7800.00,,8768111.51
21/02/2024,IMPS/P2P/80171807/NADIA HUSSAIN/8992103802,TXN0257474,,11200.00,8779311.51
21/02/2024,ATM/WDL/325831265574/HDFC ATM KORAMANGALA,TXN0257475,249.00,,8779062.51
21/02/2024,UPI/DR/9089215561/RAMESH GOWDA/KKBK0045457/ramesh854@ybl,TXN0257476,1250.00,,8777812.51
21/02/2024,CASH DEPOSIT/BRANCH COUNTER/BANJARA HILLS HYDERABAD,TXN0257477,,32000.00,8809812.51
21/02/2024,UPI/DR/123555921610/MEENA IYER/KKBK0045457/meena130@oksbi,TXN0257478,2380.00,,8807432.51
21/02/2024,UPI/DR/768484949808/RESHMA KHAN/KKBK0045457/reshma915@okaxis,TXN0257479,5200.00,,8802232.51
22/02/2024,IMPS/P2P/64233799/MEERA PILLAI/9679985385,TXN0257480,,500.00,8802732.51
22/02/2024,CHQ NO 593616 CLEARING,TXN0257481,1250.00,,8801482.51
22/02/2024,NEFT/7568931405/NAVEEN KUMAR/KKBK0045457/51840995649290,TXN0257482,999.00,,8800483.51
22/02/2024,CASH DEPOSIT/BRANCH COUNTER/BANJARA HILLS HYDERABAD,TXN0257483,,500.00,8800983.51
23/02/2024,ATM/WDL/48673848/SBI ATM JAYANAGAR BLR,TXN0257484,49.00,,8800934.51
23/02/2024,NEFT/55363629/RAHUL SINGH/KKBK0045457/47121346959895,TXN0257485,7800.00,,8793134.51
23/02/2024,CHQ NO 995697 CLEARING,TXN0257486,1250.00,,8791884.51
23/02/2024,IMPS/P2P/5609905774/ARUN SHARMA/9641148270,TXN0257487,,7600.00,8799484.51
23/02/2024,UPI/DR/803158517259/VIKRAM NAIR/KKBK0045457/vikram63@okhdfc,TXN0257488,79.00,,8799405.51
23/02/2024,UPI/DR/30215343/KIRAN REDDY/KKBK0045457/kiran401@okhdfc,TXN0257489,249.00,,8799156.51
23/02/2024,ATM/WDL/568120838872/HDFC ATM KORAMANGALA,TXN0257490,7800.00,,8791356.51
23/02/2024,IMPS/P2P/3046035081/DIVYA MENON/9985201195,TXN0257491,,11200.00,8802556.51
23/02/2024,NEFT/03985468/KIRAN REDDY/KKBK0045457/98530496016755,TXN0257492,,850.00,8803406.51
24/02/2024,UPI/DR/449075320910/KIRAN REDDY/KKBK0045457/kiran843@okhdfc,TXN0257493,310.00,,8803096.51
24/02/2024,NEFT/988055561434/BABU LAL/KKBK0045457/92629325239084,TXN0257494,1250.00,,8801846.51
24/02/2024,ATM/WDL/018111550281/SBI ATM JAYANAGAR BLR,TXN0257495,999.00,,8800847.51
24/02/2024,UPI/DR/53888424/ANAND KUMAR/KKBK0045457/anand348@okhdfc,TXN0257496,850.00,,8799997.51
24/02/2024,CASH DEPOSIT/BRANCH COUNTER/BANJARA HILLS HYDERABAD,TXN0257497,,24000.00,8823997.51
24/02/2024,UPI/DR/89933144/ANITHA KRISHNAN/KKBK0045457/anitha417@paytm,TXN0257498,5200.00,,8818797.51
24/02/2024,UPI/DR/96247005/PREETHI IYER/KKBK0045457/preethi556@okaxis,TXN0257499,5200.00,,8813597.51
24/02/2024,UPI/DR/75562101/GEETA DEVI/KKBK0045457/geeta798@paytm,TXN0257500,2380.00,,8811217.51
25/02/2024,UPI/DR/79104499/SHAHID KHAN/KKBK0045457/shahid993@okaxis,TXN0257501,49.00,,8811168.51
25/02/2024,NEFT/775767071524/SNEHA PATIL/KKBK0045457/02676696384106,TXN0257502,,500.00,8811668.51
25/02/2024,IMPS/P2P/6631298377/REKHA PILLAI/9049688890,TXN0257503,,1200.00,8812868.51
26/02/2024,NEFT/7002429540/BINDHU NAIR/KKBK0045457/30075476518305,TXN0257504,49.00,,8812819.51
26/02/2024,CASH DEPOSIT/BRANCH COUNTER/BANJARA HILLS HYDERABAD,TXN0257505,,4800.00,8817619.51
26/02/2024,UPI/DR/8086581185/SURESH BABU/KKBK0045457/suresh287@paytm,TXN0257506,2380.00,,8815239.51
26/02/2024,UPI/DR/3319007124/RAJENDRA PRASAD/KKBK0045457/rajendra872@paytm,TXN0257507,120.00,,8815119.51
27/02/2024,NEFT/60743697/RAMESH GOWDA/KKBK0045457/03915788503076,TXN0257508,,500.00,8815619.51
27/02/2024,UPI/DR/024552296612/MEERA PILLAI/KKBK0045457/meera826@ybl,TXN0257509,3499.00,,8812120.51
27/02/2024,UPI/CR/41425801/GEETA DEVI/KKBK0045457/geeta606@ybl,TXN0257510,,11200.00,8823320.51
27/02/2024,CASH DEPOSIT/BRANCH COUNTER/BANJARA HILLS HYDERABAD,TXN0257511,,32000.00,8855320.51
28/02/2024,NEFT/53355680/CHANDAN SHARMA/KKBK0045457/46981089379849,TXN0257512,,7600.00,8862920.51
28/02/2024,UPI/DR/5589618465/SMITHA PILLAI/KKBK0045457/smitha43@okaxis,TXN0257513,449.00,,8862471.51
28/02/2024,CASH DEPOSIT/BRANCH COUNTER/BANJARA HILLS HYDERABAD,TXN0257514,,7600.00,8870071.51
28/02/2024,ATM/WDL/5316650550/CANARA ATM MYSURU,TXN0257515,999.00,,8869072.51
28/02/2024,ATM/WDL/73205105/HDFC ATM KORAMANGALA,TXN0257516,249.00,,8868823.51
28/02/2024,UPI/DR/960389947823/PRIYA NAIR/KKBK0045457/priya508@okaxis,TXN0257517,449.00,,8868374.51
28/02/2024,NEFT/78963837/KAVERI MENON/KKBK0045457/50354978589623,TXN0257518,49.00,,8868325.51
28/02/2024,NEFT/98300380/FARHAN KHAN/KKBK0045457/36812902632233,TXN0257519,449.00,,8867876.51
28/02/2024,UPI/DR/24357340/ARJUN MEHTA/KKBK0045457/arjun295@okaxis,TXN0257520,249.00,,8867627.51
29/02/2024,UPI/DR/1222988584/HARISH MENON/KKBK0045457/harish82@okhdfc,TXN0257521,449.00,,8867178.51
29/02/2024,UPI/CR/96250313/RAMESH PILLAI/KKBK0045457/ramesh591@okaxis,TXN0257522,,24000.00,8891178.51
29/02/2024,CASH DEPOSIT/BRANCH COUNTER/BANJARA HILLS HYDERABAD,TXN0257523,,4800.00,8895978.51
01/03/2024,UPI/DR/3596598138/ADITYA KUMAR/KKBK0045457/aditya337@oksbi,TXN0257524,7800.00,,8888178.51
01/03/2024,IMPS/P2P/00839768/KAVITHA RAO/8719965705,TXN0257525,,850.00,8889028.51
01/03/2024,NEFT/70306394/RANJIT SINGH/KKBK0045457/58066960260521,TXN0257526,,1200.00,8890228.51
01/03/2024,CASH DEPOSIT/BRANCH COUNTER/BANJARA HILLS HYDERABAD,TXN0257527,,2500.00,8892728.51
01/03/2024,NEFT/930004671303/BINDHU NAIR/KKBK0045457/08398442088065,TXN0257528,449.00,,8892279.51
01/03/2024,CHQ NO 931069 CLEARING,TXN0257529,850.00,,8891429.51
02/03/2024,NEFT/190693982769/BINDHU NAIR/KKBK0045457/99902309778600,TXN0257530,850.00,,8890579.51
02/03/2024,NEFT/4566273484/ARCHANA PILLAI/KKBK0045457/45894196560326,TXN0257531,,850.00,8891429.51
02/03/2024,IMPS/P2P/873193945317/SURESH BABU/8898279186,TXN0257532,,18500.00,8909929.51
03/03/2024,UPI/CR/1563827997/DEEPA NAIR/KKBK0045457/deepa457@okaxis,TXN0257533,,500.00,8910429.51
03/03/2024,ATM/WDL/8912270730/CANARA ATM MYSURU,TXN0257534,120.00,,8910309.51
03/03/2024,IMPS/P2P/180858287717/GANESH KUMAR/9239740034,TXN0257535,,11200.00,8921509.51
03/03/2024,CHQ NO 281759 CLEARING,TXN0257536,49.00,,8921460.51
04/03/2024,NEFT/3144415246/MEERA PILLAI/KKBK0045457/04281350336514,TXN0257537,,7600.00,8929060.51
04/03/2024,NEFT/725623776984/GOPAL VERMA/KKBK0045457/72277664587527,TXN0257538,1250.00,,8927810.51
04/03/2024,UPI/DR/5940070700/VIKRAM NAIR/KKBK0045457/vikram650@ybl,TXN0257539,310.00,,8927500.51
04/03/2024,UPI/DR/63356797/MEERA PILLAI/KKBK0045457/meera149@ybl,TXN0257540,850.00,,8926650.51
04/03/2024,NEFT/62163179/PRAKASH RAO/KKBK0045457/19652193461165,TXN0257541,,4800.00,8931450.51
04/03/2024,NEFT/01947350/RESHMA KHAN/KKBK0045457/41517700842695,TXN0257542,,500.00,8931950.51
04/03/2024,CHQ NO 604189 CLEARING,TXN0257543,999.00,,8930951.51
05/03/2024,CHQ NO 976440 CLEARING,TXN0257544,1680.00,,8929271.51
05/03/2024,IMPS/P2P/8660764730/SURESH BABU/7013839654,TXN0257545,,24000.00,8953271.51
05/03/2024,CASH DEPOSIT/BRANCH COUNTER/BANJARA HILLS HYDERABAD,TXN0257546,,32000.00,8985271.51
06/03/2024,UPI/DR/080235855267/DEEPA NAIR/KKBK0045457/deepa28@okaxis,TXN0257547,999.00,,8984272.51
06/03/2024,NEFT/6139322764/SANJANA HEGDE/KKBK0045457/25974210893482,TXN0257548,3499.00,,8980773.51
06/03/2024,UPI/CR/977215571103/SUNITA DEVI/KKBK0045457/sunita639@oksbi,TXN0257549,,4800.00,8985573.51
07/03/2024,NEFT/0025260016/RAMESH PILLAI/KKBK0045457/97805032219747,TXN0257550,,11200.00,8996773.51
07/03/2024,NEFT/4494830616/USHA RANI/KKBK0045457/95479217707190,TXN0257551,,18500.00,9015273.51
07/03/2024,UPI/DR/252998140861/FAILED/TimeOut/Lakshmi Venkat,TXN0257552,5000.00,,9015273.51
07/03/2024,NEFT/826132864786/ROHIT SHARMA/KKBK0045457/34049160654661,TXN0257553,,2500.00,9017773.51
07/03/2024,IMPS/P2P/550283409591/SANTOSH KUMAR/8666473986,TXN0257554,,4800.00,9022573.51
08/03/2024,ATM/WDL/1043627788/CANARA ATM MYSURU,TXN0257555,5200.00,,9017373.51
08/03/2024,CHQ NO 420326 CLEARING,TXN0257556,249.00,,9017124.51
08/03/2024,NEFT/10502507/KAVYA REDDY/KKBK0045457/09463767167237,TXN0257557,999.00,,9016125.51
08/03/2024,UPI/DR/18231476/NILESH KULKARNI/KKBK0045457/nilesh410@oksbi,TXN0257558,1250.00,,9014875.51
08/03/2024,NEFT/896038320597/ANITHA KRISHNAN/KKBK0045457/21941792421296,TXN0257559,49.00,,9014826.51
08/03/2024,UPI/DR/69028443/TARA SINGH/KKBK0045457/tara668@oksbi,TXN0257560,1250.00,,9013576.51
08/03/2024,UPI/DR/302931437025/KAVITHA RAO/KKBK0045457/kavitha926@okhdfc,TXN0257561,2380.00,,9011196.51
08/03/2024,ATM/WDL/7369179323/CANARA ATM MYSURU,TXN0257562,2380.00,,9008816.51
08/03/2024,IMPS/P2P/647433099121/KARTHIK MENON/8924140357,TXN0257563,,18500.00,9027316.51
09/03/2024,CHQ NO 734812 CLEARING,TXN0257564,120.00,,9027196.51
09/03/2024,UPI/DR/621657545558/AYESHA KHAN/KKBK0045457/ayesha877@ybl,TXN0257565,5200.00,,9021996.51
09/03/2024,UPI/CR/4760152324/NADIA HUSSAIN/KKBK0045457/nadia89@paytm,TXN0257566,,18500.00,9040496.51
09/03/2024,UPI/DR/4297268139/PADMA RAO/KKBK0045457/padma143@okaxis,TXN0257567,850.00,,9039646.51
09/03/2024,UPI/DR/573458989250/SHAHID KHAN/KKBK0045457/shahid754@okaxis,TXN0257568,699.00,,9038947.51
09/03/2024,UPI/DR/733118415975/PRAKASH RAO/KKBK0045457/prakash605@ybl,TXN0257569,449.00,,9038498.51
10/03/2024,CHQ NO 688826 CLEARING,TXN0257570,120.00,,9038378.51
10/03/2024,UPI/DR/6356820190/SNEHA PATIL/KKBK0045457/sneha688@okaxis,TXN0257571,310.00,,9038068.51
10/03/2024,CHQ NO 111146 CLEARING,TXN0257572,7800.00,,9030268.51
10/03/2024,NEFT/08727150/RAMESH PILLAI/KKBK0045457/26050038824746,TXN0257573,,7600.00,9037868.51
10/03/2024,UPI/DR/94356083/MOHAN DAS/KKBK0045457/mohan276@ybl,TXN0257574,310.00,,9037558.51
10/03/2024,CASH DEPOSIT/BRANCH COUNTER/BANJARA HILLS HYDERABAD,TXN0257575,,850.00,9038408.51
10/03/2024,NEFT/39526802/CHANDAN SHARMA/KKBK0045457/67104993495783,TXN0257576,,2500.00,9040908.51
10/03/2024,CASH DEPOSIT/BRANCH COUNTER/BANJARA HILLS HYDERABAD,TXN0257577,,850.00,9041758.51
10/03/2024,ATM/WDL/5191766958/HDFC ATM KORAMANGALA,TXN0257578,2380.00,,9039378.51
11/03/2024,NEFT/49416322/MOHAMMED IRFAN/KKBK0045457/77246891237277,TXN0257579,,850.00,9040228.51
11/03/2024,UPI/DR/4968676357/ROHIT SHARMA/KKBK0045457/rohit503@oksbi,TXN0257580,999.00,,9039229.51
11/03/2024,IMPS/P2P/320188128633/ANAND KUMAR/8739855237,TXN0257581,,2500.00,9041729.51
11/03/2024,UPI/DR/431960890717/LALITHA DEVI/KKBK0045457/lalitha748@ybl,TXN0257582,7800.00,,9033929.51
11/03/2024,CHQ NO 093667 CLEARING,TXN0257583,310.00,,9033619.51
12/03/2024,UPI/DR/886852245991/POOJA SHARMA/KKBK0045457/pooja634@ybl,TXN0257584,120.00,,9033499.51
12/03/2024,UPI/DR/136976964885/BABU LAL/KKBK0045457/babu798@okhdfc,TXN0257585,249.00,,9033250.51
12/03/2024,UPI/DR/3811063523/SANJANA HEGDE/KKBK0045457/sanjana969@okhdfc,TXN0257586,5200.00,,9028050.51
12/03/2024,IMPS/P2P/018337844701/SUNIL YADAV/8428824448,TXN0257587,,11200.00,9039250.51
12/03/2024,IMPS/P2P/36958751/RAMESH PILLAI/7152767730,TXN0257588,,18500.00,9057750.51
12/03/2024,UPI/DR/1910971430/NILESH KULKARNI/KKBK0045457/nilesh958@paytm,TXN0257589,49.00,,9057701.51
13/03/2024,UPI/DR/749803781801/SURESH NAIR/KKBK0045457/suresh902@okhdfc,TXN0257590,49.00,,9057652.51
13/03/2024,NEFT/41078716/GANESH KUMAR/KKBK0045457/88399804515777,TXN0257591,120.00,,9057532.51
14/03/2024,UPI/DR/4254678633/RAJENDRA PRASAD/KKBK0045457/rajendra875@okhdfc,TXN0257592,7800.00,,9049732.51
14/03/2024,UPI/CR/741367772471/SUSHMA RAO/KKBK0045457/sushma604@okhdfc,TXN0257593,,1200.00,9050932.51
14/03/2024,UPI/CR/48171235/ARCHANA PILLAI/KKBK0045457/archana567@ybl,TXN0257594,,7600.00,9058532.51
14/03/2024,NEFT/42454133/SANTOSH KUMAR/KKBK0045457/01130663851206,TXN0257595,5200.00,,9053332.51
15/03/2024,UPI/CR/24231575/USHA RANI/KKBK0045457/usha750@okaxis,TXN0257596,,7600.00,9060932.51
15/03/2024,NEFT/337501841951/BINDHU NAIR/KKBK0045457/98689563288747,TXN0257597,,24000.00,9084932.51
15/03/2024,IMPS/P2P/0951343209/DIVYA MENON/8208035296,TXN0257598,,2500.00,9087432.51
15/03/2024,IMPS/P2P/5361200903/KAVERI MENON/9615652643,TXN0257599,,4800.00,9092232.51
15/03/2024,UPI/DR/01711629/SANTOSH KUMAR/KKBK0045457/santosh153@okaxis,TXN0257600,310.00,,9091922.51
15/03/2024,UPI/DR/3573345710/POOJA SHARMA/KKBK0045457/pooja472@paytm,TXN0257601,1680.00,,9090242.51
16/03/2024,CASH DEPOSIT/BRANCH COUNTER/BANJARA HILLS HYDERABAD,TXN0257602,,18500.00,9108742.51
17/03/2024,NEFT/63886438/NIKHIL GUPTA/KKBK0045457/18166170806758,TXN0257603,310.00,,9108432.51
17/03/2024,ATM/WDL/05742388/SBI ATM JAYANAGAR BLR,TXN0257604,49.00,,9108383.51
17/03/2024,IMPS/P2P/719683257432/SURESH BABU/7018882024,TXN0257605,,500.00,9108883.51
17/03/2024,UPI/DR/741944159677/PRIYA NAIR/KKBK0045457/priya895@paytm,TXN0257606,7800.00,,9101083.51
19/03/2024,ATM/WDL/5612180433/SBI ATM JAYANAGAR BLR,TXN0257607,249.00,,9100834.51
19/03/2024,UPI/DR/5728028150/KAVYA REDDY/KKBK0045457/kavya979@oksbi,TXN0257608,249.00,,9100585.51
19/03/2024,CHQ NO 766882 CLEARING,TXN0257609,699.00,,9099886.51
19/03/2024,CASH DEPOSIT/BRANCH COUNTER/BANJARA HILLS HYDERABAD,TXN0257610,,2500.00,9102386.51
19/03/2024,UPI/DR/5818517483/REKHA PILLAI/KKBK0045457/rekha345@okhdfc,TXN0257611,999.00,,9101387.51
19/03/2024,ATM/WDL/4505033747/SBI ATM JAYANAGAR BLR,TXN0257612,850.00,,9100537.51
19/03/2024,UPI/DR/925736522502/LALITHA DEVI/KKBK0045457/lalitha699@okaxis,TXN0257613,249.00,,9100288.51
19/03/2024,CASH DEPOSIT/BRANCH COUNTER/BANJARA HILLS HYDERABAD,TXN0257614,,18500.00,9118788.51
20/03/2024,NEFT/78154120/RANJIT SINGH/KKBK0045457/42055714721220,TXN0257615,49.00,,9118739.51
20/03/2024,ATM/WDL/453653615633/SBI ATM JAYANAGAR BLR,TXN0257616,7800.00,,9110939.51
20/03/2024,ATM/WDL/440746735326/HDFC ATM KORAMANGALA,TXN0257617,7800.00,,9103139.51
20/03/2024,IMPS/P2P/073245681404/IMRAN KHAN/8718603977,TXN0257618,,18500.00,9121639.51
20/03/2024,UPI/DR/601107005416/REKHA PILLAI/KKBK0045457/rekha65@paytm,TXN0257619,5200.00,,9116439.51
20/03/2024,ATM/WDL/4492693018/HDFC ATM KORAMANGALA,TXN0257620,120.00,,9116319.51
21/03/2024,IMPS/P2P/56488463/TARA SINGH/7423165126,TXN0257621,,32000.00,9148319.51
21/03/2024,ATM/WDL/9350393085/CANARA ATM MYSURU,TXN0257622,1680.00,,9146639.51
21/03/2024,CHQ NO 764097 CLEARING,TXN0257623,5200.00,,9141439.51
21/03/2024,UPI/DR/018220048063/ANAND KUMAR/KKBK0045457/anand830@okhdfc,TXN0257624,7800.00,,9133639.51
21/03/2024,IMPS/P2P/19636018/TANVI RAO/7877046182,TXN0257625,,32000.00,9165639.51
21/03/2024,NEFT/1957683245/DIVYA MENON/KKBK0045457/90099158375483,TXN0257626,,24000.00,9189639.51
22/03/2024,IMPS/P2P/679844663308/GEETA DEVI/8293790211,TXN0257627,,18500.00,9208139.51
22/03/2024,CASH DEPOSIT/BRANCH COUNTER/BANJARA HILLS HYDERABAD,TXN0257628,,11200.00,9219339.51
22/03/2024,UPI/DR/0510953472/POOJA SHARMA/KKBK0045457/pooja941@okhdfc,TXN0257629,999.00,,9218340.51
22/03/2024,CASH DEPOSIT/BRANCH COUNTER/BANJARA HILLS HYDERABAD,TXN0257630,,11200.00,9229540.51
22/03/2024,ATM/WDL/1660680962/HDFC ATM KORAMANGALA,TXN0257631,49.00,,9229491.51
22/03/2024,ATM/WDL/166778602051/SBI ATM JAYANAGAR BLR,TXN0257632,850.00,,9228641.51
23/03/2024,UPI/DR/72714524/KAVITHA RAO/KKBK0045457/kavitha907@oksbi,TXN0257633,999.00,,9227642.51
23/03/2024,UPI/CR/828933529008/SANTOSH KUMAR/KKBK0045457/santosh202@oksbi,TXN0257634,,850.00,9228492.51
23/03/2024,CHQ NO 865690 CLEARING,TXN0257635,249.00,,9228243.51
24/03/2024,ATM/WDL/67156172/HDFC ATM KORAMANGALA,TXN0257636,2380.00,,9225863.51
25/03/2024,CHQ NO 075027 CLEARING,TXN0257637,699.00,,9225164.51
25/03/2024,NEFT/303757668813/PREETHI IYER/KKBK0045457/26974968310417,TXN0257638,310.00,,9224854.51
25/03/2024,NEFT/84371690/PRAKASH RAO/KKBK0045457/72512649901009,TXN0257639,850.00,,9224004.51
25/03/2024,UPI/DR/378175928552/RAVI KUMAR SHARMA/KKBK0045457/ravi980@ybl,TXN0257640,999.00,,9223005.51
25/03/2024,NEFT/1056426506/SUSHMA RAO/KKBK0045457/27750535799133,TXN0257641,1250.00,,9221755.51
25/03/2024,UPI/DR/16652256/DEEPA NAIR/KKBK0045457/deepa732@ybl,TXN0257642,79.00,,9221676.51
26/03/2024,CASH DEPOSIT/BRANCH COUNTER/BANJARA HILLS HYDERABAD,TXN0257643,,32000.00,9253676.51
26/03/2024,UPI/DR/1129413378/ARJUN MEHTA/KKBK0045457/arjun607@ybl,TXN0257644,120.00,,9253556.51
27/03/2024,UPI/DR/8504705249/AYESHA KHAN/KKBK0045457/ayesha101@paytm,TXN0257645,999.00,,9252557.51
27/03/2024,CASH DEPOSIT/BRANCH COUNTER/BANJARA HILLS HYDERABAD,TXN0257646,,4800.00,9257357.51
27/03/2024,NEFT/116745946756/LAKSHMI VENKAT/KKBK0045457/04103897088447,TXN0257647,49.00,,9257308.51
27/03/2024,IMPS/P2P/79840680/NADIA HUSSAIN/9724885426,TXN0257648,,850.00,9258158.51
28/03/2024,CASH DEPOSIT/BRANCH COUNTER/BANJARA HILLS HYDERABAD,TXN0257649,,32000.00,9290158.51
28/03/2024,IMPS/P2P/13532759/ROHIT SHARMA/9801897096,TXN0257650,,24000.00,9314158.51
28/03/2024,CASH DEPOSIT/BRANCH COUNTER/BANJARA HILLS HYDERABAD,TXN0257651,,18500.00,9332658.51
28/03/2024,UPI/DR/46218235/VIKRAM NAIR/KKBK0045457/vikram490@okaxis,TXN0257652,1250.00,,9331408.51
28/03/2024,UPI/CR/10995707/MEERA PILLAI/KKBK0045457/meera337@oksbi,TXN0257653,,18500.00,9349908.51
28/03/2024,UPI/CR/8815382246/PADMA RAO/KKBK0045457/padma425@paytm,TXN0257654,,7600.00,9357508.51
29/03/2024,UPI/DR/196372543380/POOJA SHARMA/KKBK0045457/pooja439@oksbi,TXN0257655,5200.00,,9352308.51
29/03/2024,UPI/DR/32606335/DEEPAK JOSHI/KKBK0045457/deepak269@oksbi,TXN0257656,310.00,,9351998.51
29/03/2024,ATM/WDL/78705261/SBI ATM JAYANAGAR BLR,TXN0257657,249.00,,9351749.51
29/03/2024,ATM/WDL/5422911936/SBI ATM JAYANAGAR BLR,TXN0257658,5200.00,,9346549.51
30/03/2024,NEFT/293286804073/TANVI RAO,TXN0257659,2500.00,,9344049.51
30/03/2024,UPI/DR/8392329210/SUNIL YADAV/KKBK0045457/sunil805@oksbi,TXN0257660,449.00,,9343600.51
30/03/2024,ATM/WDL/337587872462/CANARA ATM MYSURU,TXN0257661,2380.00,,9341220.51
30/03/2024,CASH DEPOSIT/BRANCH COUNTER/BANJARA HILLS HYDERABAD,TXN0257662,,32000.00,9373220.51
30/03/2024,UPI/DR/652912613200/ARCHANA PILLAI/KKBK0045457/archana373@okaxis,TXN0257663,850.00,,9372370.51
30/03/2024,UPI/DR/1528792264/LAKSHMI VENKAT/KKBK0045457/lakshmi403@oksbi,TXN0257664,1680.00,,9370690.51
31/03/2024,IMPS/P2P/251201128540/ARCHANA PILLAI/7111105670,TXN0257665,,2500.00,9373190.51
31/03/2024,CHQ NO 106035 CLEARING,TXN0257666,7800.00,,9365390.51
31/03/2024,UPI/DR/14479305/BABU LAL/KKBK0045457/babu260@okhdfc,TXN0257667,449.00,,9364941.51
31/03/2024,CHQ NO 014309 CLEARING,TXN0257668,850.00,,9364091.51
31/03/2024,UPI/DR/7430334682/CHANDAN SHARMA/KKBK0045457/chandan431@paytm,TXN0257669,699.00,,9363392.51
31/03/2024,UPI/DR/4169407279/IMRAN KHAN/KKBK0045457/imran245@paytm,TXN0257670,999.00,,9362393.51
01/04/2024,REVERSAL-NEFT/PENDING_REV_60841917,TXN0257671,,2500.00,9364893.51
01/04/2024,ATM/WDL/771644643071/CANARA ATM MYSURU,TXN0257672,1250.00,,9363643.51
01/04/2024,UPI/CR/56587204/SUSHMA RAO/KKBK0045457/sushma842@ybl,TXN0257673,,24000.00,9387643.51
01/04/2024,NEFT/27065263/SUNIL YADAV/KKBK0045457/69640258737231,TXN0257674,850.00,,9386793.51
02/04/2024,UPI/CR/1860691412/SANJANA HEGDE/KKBK0045457/sanjana508@paytm,TXN0257675,,11200.00,9397993.51
02/04/2024,UPI/DR/41045079/USHA RANI/KKBK0045457/usha527@ybl,TXN0257676,249.00,,9397744.51
02/04/2024,NEFT/660593116903/NADIA HUSSAIN/KKBK0045457/81004190590764,TXN0257677,449.00,,9397295.51
02/04/2024,CHQ NO 407637 CLEARING,TXN0257678,120.00,,9397175.51
02/04/2024,IMPS/P2P/92591601/SMITHA PILLAI/8302703529,TXN0257679,,11200.00,9408375.51
02/04/2024,UPI/DR/285353172821/KAVERI MENON/KKBK0045457/kaveri263@paytm,TXN0257680,120.00,,9408255.51
02/04/2024,IMPS/P2P/40810982/SUNITA DEVI/8843693200,TXN0257681,,18500.00,9426755.51
03/04/2024,UPI/DR/21736715/CHANDAN SHARMA/KKBK0045457/chandan130@oksbi,TXN0257682,79.00,,9426676.51
03/04/2024,NEFT/4422805047/NILESH KULKARNI/KKBK0045457/06796261192458,TXN0257683,,1200.00,9427876.51
03/04/2024,UPI/DR/354229665392/SHAHID KHAN/KKBK0045457/shahid485@okaxis,TXN0257684,3499.00,,9424377.51
04/04/2024,UPI/DR/4220140345/BINDHU NAIR/KKBK0045457/bindhu415@ybl,TXN0257685,49.00,,9424328.51
04/04/2024,UPI/CR/6114487017/PRIYA NAIR/KKBK0045457/priya995@paytm,TXN0257686,,4800.00,9429128.51
04/04/2024,ATM/WDL/4868680757/CANARA ATM MYSURU,TXN0257687,49.00,,9429079.51
04/04/2024,UPI/CR/47011270/VINAY PATIL/KKBK0045457/vinay194@okaxis,TXN0257688,,4800.00,9433879.51
04/04/2024,CHQ NO 760550 CLEARING,TXN0257689,3499.00,,9430380.51
04/04/2024,NEFT/066590981187/SURESH BABU/KKBK0045457/58775446722853,TXN0257690,,4800.00,9435180.51
04/04/2024,UPI/CR/5403377901/RAHUL SINGH/KKBK0045457/rahul630@oksbi,TXN0257691,,18500.00,9453680.51
05/04/2024,UPI/DR/34808642/RAMESH PILLAI/KKBK0045457/ramesh539@okaxis,TXN0257692,1680.00,,9452000.51
05/04/2024,UPI/DR/0300495516/ANITHA KRISHNAN/KKBK0045457/anitha881@paytm,TXN0257693,1250.00,,9450750.51
05/04/2024,UPI/DR/51671915/NAVEEN KUMAR/KKBK0045457/naveen490@paytm,TXN0257694,49.00,,9450701.51
05/04/2024,NEFT/11644070/PRAKASH RAO/KKBK0045457/10554712621954,TXN0257695,,850.00,9451551.51
05/04/2024,ATM/WDL/539158970240/CANARA ATM MYSURU,TXN0257696,49.00,,9451502.51
05/04/2024,IMPS/P2P/868383232465/LALITHA DEVI/9742230577,TXN0257697,,1200.00,9452702.51
05/04/2024,NEFT/26197253/LAKSHMI VENKAT/KKBK0045457/17339910027881,TXN0257698,,500.00,9453202.51
05/04/2024,IMPS/P2P/27755018/NILESH KULKARNI/9442054673,TXN0257699,,1200.00,9454402.51
06/04/2024,CASH DEPOSIT/BRANCH COUNTER/BANJARA HILLS HYDERABAD,TXN0257700,,24000.00,9478402.51
06/04/2024,NEFT/4067813169/GOPAL VERMA/KKBK0045457/41096334484110,TXN0257701,,32000.00,9510402.51
06/04/2024,NEFT/3452083005/SURESH BABU/KKBK0045457/60176420298980,TXN0257702,1680.00,,9508722.51
07/04/2024,CASH DEPOSIT/BRANCH COUNTER/BANJARA HILLS HYDERABAD,TXN0257703,,500.00,9509222.51
07/04/2024,CHQ NO 365530 CLEARING,TXN0257704,850.00,,9508372.51
07/04/2024,IMPS/P2P/527542901059/RAVI KUMAR SHARMA/7930803557,TXN0257705,,32000.00,9540372.51
07/04/2024,NEFT/1001961837/VENKAT RAO/KKBK0045457/92313220575038,TXN0257706,5200.00,,9535172.51
07/04/2024,ATM/WDL/491166244417/CANARA ATM MYSURU,TXN0257707,7800.00,,9527372.51
08/04/2024,UPI/DR/945614704903/SANTOSH KUMAR/KKBK0045457/santosh187@ybl,TXN0257708,310.00,,9527062.51
08/04/2024,UPI/CR/96263634/BABU LAL/KKBK0045457/babu874@paytm,TXN0257709,,850.00,9527912.51
08/04/2024,NEFT/8291855636/NADIA HUSSAIN/KKBK0045457/44375956897034,TXN0257710,120.00,,9527792.51
08/04/2024,UPI/DR/23667788/NILESH KULKARNI/KKBK0045457/nilesh824@okaxis,TXN0257711,79.00,,9527713.51
08/04/2024,CASH DEPOSIT/BRANCH COUNTER/BANJARA HILLS HYDERABAD,TXN0257712,,4800.00,9532513.51
08/04/2024,CHQ NO 059507 CLEARING,TXN0257713,449.00,,9532064.51
08/04/2024,UPI/DR/8554316792/SURESH BABU/KKBK0045457/suresh279@okaxis,TXN0257714,2380.00,,9529684.51
09/04/2024,CHQ NO 828673 CLEARING,TXN0257715,1680.00,,9528004.51
09/04/2024,NEFT/95174376/ROHIT SHARMA/KKBK0045457/98109181598882,TXN0257716,2380.00,,9525624.51
09/04/2024,NEFT/17308434/GANESH KUMAR/KKBK0045457/38852909159572,TXN0257717,,11200.00,9536824.51
09/04/2024,UPI/CR/8976057442/REKHA PILLAI/KKBK0045457/rekha452@okhdfc,TXN0257718,,850.00,9537674.51
10/04/2024,UPI/DR/80784631/RAVI KUMAR SHARMA/KKBK0045457/ravi377@okhdfc,TXN0257719,49.00,,9537625.51
10/04/2024,NEFT/62958139/SURESH BABU/KKBK0045457/82532216976918,TXN0257720,49.00,,9537576.51
10/04/2024,IMPS/P2P/026688398267/ARCHANA PILLAI/7865504961,TXN0257721,,500.00,9538076.51
10/04/2024,UPI/DR/9731125143/ARCHANA PILLAI/KKBK0045457/archana329@okaxis,TXN0257722,1680.00,,9536396.51
10/04/2024,UPI/DR/342691485083/RAHUL SINGH/KKBK0045457/rahul674@ybl,TXN0257723,79.00,,9536317.51
10/04/2024,NEFT/7556141457/RAMESH PILLAI/KKBK0045457/31488513410360,TXN0257724,310.00,,9536007.51
11/04/2024,IMPS/P2P/212920356705/VINAY PATIL/7864425483,TXN0257725,,500.00,9536507.51
11/04/2024,NEFT/728768722357/NIKHIL GUPTA/KKBK0045457/86929594789941,TXN0257726,,18500.00,9555007.51
11/04/2024,CHQ NO 582540 CLEARING,TXN0257727,1680.00,,9553327.51
11/04/2024,UPI/CR/2310036597/SUNIL YADAV/KKBK0045457/sunil686@ybl,TXN0257728,,11200.00,9564527.51
11/04/2024,UPI/DR/9374423940/KAVYA REDDY/KKBK0045457/kavya328@oksbi,TXN0257729,1250.00,,9563277.51
12/04/2024,UPI/DR/933011285469/MOHAMMED IRFAN/KKBK0045457/mohammed280@paytm,TXN0257730,310.00,,9562967.51
12/04/2024,IMPS/P2P/605956660320/MALLIKA DAS/7566864280,TXN0257731,,11200.00,9574167.51
12/04/2024,UPI/DR/168203694331/MALLIKA DAS/KKBK0045457/mallika670@okhdfc,TXN0257732,49.00,,9574118.51
12/04/2024,ATM/WDL/0208924248/CANARA ATM MYSURU,TXN0257733,1250.00,,9572868.51
12/04/2024,CASH DEPOSIT/BRANCH COUNTER/BANJARA HILLS HYDERABAD,TXN0257734,,18500.00,9591368.51
13/04/2024,IMPS/P2P/31631721/TARA SINGH/7089266797,TXN0257735,,18500.00,9609868.51
13/04/2024,UPI/CR/98307324/KAVYA REDDY/KKBK0045457/kavya533@okhdfc,TXN0257736,,4800.00,9614668.51
13/04/2024,NEFT/388350313334/SHEELA DEVI/KKBK0045457/07907023470420,TXN0257737,999.00,,9613669.51
13/04/2024,NEFT/661017027427/SURESH BABU/KKBK0045457/57961347589340,TXN0257738,,32000.00,9645669.51
13/04/2024,CASH DEPOSIT/BRANCH COUNTER/BANJARA HILLS HYDERABAD,TXN0257739,,500.00,9646169.51
14/04/2024,UPI/DR/36024302/MALLIKA DAS/KKBK0045457/mallika566@okaxis,TXN0257740,999.00,,9645170.51
14/04/2024,UPI/DR/620489236989/NIKHIL GUPTA/KKBK0045457/nikhil57@paytm,TXN0257741,1680.00,,9643490.51
14/04/2024,UPI/CR/451841151981/KAVERI MENON/KKBK0045457/kaveri883@okhdfc,TXN0257742,,18500.00,9661990.51
14/04/2024,NEFT/31297378/MEERA PILLAI/KKBK0045457/61831850107718,TXN0257743,850.00,,9661140.51
15/04/2024,NEFT/10389137/MEENA IYER/KKBK0045457/78492392256691,TXN0257744,7800.00,,9653340.51
15/04/2024,UPI/CR/224585942528/RAVI KUMAR SHARMA/KKBK0045457/ravi797@paytm,TXN0257745,,2500.00,9655840.51
15/04/2024,ATM/WDL/9100270438/CANARA ATM MYSURU,TXN0257746,1680.00,,9654160.51
15/04/2024,UPI/DR/92405722/RAVI KUMAR SHARMA/KKBK0045457/ravi30@oksbi,TXN0257747,1250.00,,9652910.51
15/04/2024,IMPS/P2P/3510654059/HARISH MENON/8647416869,TXN0257748,,1200.00,9654110.51
15/04/2024,UPI/DR/637908416295/ADITYA KUMAR/KKBK0045457/aditya722@ybl,TXN0257749,120.00,,9653990.51
15/04/2024,IMPS/P2P/4914333481/KAVITHA RAO/7813546456,TXN0257750,,7600.00,9661590.51
16/04/2024,UPI/DR/535035045312/SHAHID KHAN/KKBK0045457/shahid792@ybl,TXN0257751,5200.00,,9656390.51
16/04/2024,NEFT/74743411/POOJA SHARMA/KKBK0045457/91350995901197,TXN0257752,49.00,,9656341.51
16/04/2024,ATM/WDL/7453093278/SBI ATM JAYANAGAR BLR,TXN0257753,79.00,,9656262.51
16/04/2024,CASH DEPOSIT/BRANCH COUNTER/BANJARA HILLS HYDERABAD,TXN0257754,,1200.00,9657462.51
17/04/2024,IMPS/P2P/22493169/CHANDAN SHARMA/9556191707,TXN0257755,,7600.00,9665062.51
17/04/2024,CHQ NO 576209 CLEARING,TXN0257756,999.00,,9664063.51
17/04/2024,NEFT/23415765/KAVYA REDDY/KKBK0045457/97425614729624,TXN0257757,,2500.00,9666563.51
17/04/2024,UPI/DR/72183215/KAVERI MENON/KKBK0045457/kaveri449@paytm,TXN0257758,5200.00,,9661363.51
17/04/2024,UPI/DR/3790559468/DIVYA MENON/KKBK0045457/divya907@paytm,TXN0257759,79.00,,9661284.51
17/04/2024,UPI/CR/343344468482/SAVITHA DEVI/KKBK0045457/savitha461@oksbi,TXN0257760,,1200.00,9662484.51
17/04/2024,UPI/DR/5759943061/RAMESH PILLAI/KKBK0045457/ramesh435@paytm,TXN0257761,1680.00,,9660804.51
18/04/2024,UPI/DR/858526410573/GOPAL VERMA/KKBK0045457/gopal827@ybl,TXN0257762,5200.00,,9655604.51
18/04/2024,IMPS/P2P/85135761/RAVI KUMAR SHARMA/8213069825,TXN0257763,,2500.00,9658104.51
18/04/2024,UPI/DR/751140197671/KAVITHA RAO/KKBK0045457/kavitha45@oksbi,TXN0257764,2380.00,,9655724.51
18/04/2024,NEFT/532701660609/SAVITHA DEVI/KKBK0045457/99551431194396,TXN0257765,,4800.00,9660524.51
18/04/2024,CHQ NO 158300 CLEARING,TXN0257766,310.00,,9660214.51
18/04/2024,NEFT/21216563/ARUN SHARMA/KKBK0045457/66736793021771,TXN0257767,2380.00,,9657834.51
18/04/2024,UPI/CR/4576116216/RAJESH VERMA/KKBK0045457/rajesh209@ybl,TXN0257768,,24000.00,9681834.51
18/04/2024,CASH DEPOSIT/BRANCH COUNTER/BANJARA HILLS HYDERABAD,TXN0257769,,500.00,9682334.51
18/04/2024,UPI/DR/1868583796/ARJUN MEHTA/KKBK0045457/arjun725@okaxis,TXN0257770,699.00,,9681635.51
18/04/2024,CHQ NO 096393 CLEARING,TXN0257771,3499.00,,9678136.51
19/04/2024,CHQ NO 543553 CLEARING,TXN0257772,310.00,,9677826.51
19/04/2024,IMPS/P2P/0038998634/DEEPA NAIR/8770164391,TXN0257773,,500.00,9678326.51
19/04/2024,UPI/DR/45335752/RAJENDRA PRASAD/KKBK0045457/rajendra236@paytm,TXN0257774,1680.00,,9676646.51
19/04/2024,UPI/DR/2120775949/VINAY PATIL/KKBK0045457/vinay286@ybl,TXN0257775,5200.00,,9671446.51
20/04/2024,NEFT/279458969290/BINDHU NAIR/KKBK0045457/53882331761815,TXN0257776,,32000.00,9703446.51
20/04/2024,UPI/DR/513682218932/MEENA IYER/KKBK0045457/meena151@okhdfc,TXN0257777,1680.00,,9701766.51
20/04/2024,NEFT/0336797433/GOPAL VERMA/KKBK0045457/02624474745634,TXN0257778,,7600.00,9709366.51
20/04/2024,CASH DEPOSIT/BRANCH COUNTER/BANJARA HILLS HYDERABAD,TXN0257779,,2500.00,9711866.51
20/04/2024,ATM/WDL/000255876545/SBI ATM JAYANAGAR BLR,TXN0257780,79.00,,9711787.51
21/04/2024,NEFT/605500861687/SURESH BABU/KKBK0045457/17707718300141,TXN0257781,49.00,,9711738.51
21/04/2024,NEFT/9094862014/LAKSHMI VENKAT/KKBK0045457/25041361778361,TXN0257782,,1200.00,9712938.51
21/04/2024,CASH DEPOSIT/BRANCH COUNTER/BANJARA HILLS HYDERABAD,TXN0257783,,4800.00,9717738.51
21/04/2024,NEFT/952603994674/KIRAN REDDY/KKBK0045457/91037271942097,TXN0257784,,500.00,9718238.51
21/04/2024,NEFT/2208826837/RAVI KUMAR SHARMA/KKBK0045457/77761886792665,TXN0257785,,11200.00,9729438.51
21/04/2024,ATM/WDL/7424818134/HDFC ATM KORAMANGALA,TXN0257786,79.00,,9729359.51
22/04/2024,CHQ NO 592228 CLEARING,TXN0257787,1680.00,,9727679.51
22/04/2024,IMPS/P2P/3098165968/REKHA PILLAI/7338854149,TXN0257788,,24000.00,9751679.51
23/04/2024,CASH DEPOSIT/BRANCH COUNTER/BANJARA HILLS HYDERABAD,TXN0257789,,1200.00,9752879.51
23/04/2024,UPI/CR/6782743737/DIVYA MENON/KKBK0045457/divya379@oksbi,TXN0257790,,24000.00,9776879.51
23/04/2024,CHQ NO 059835 CLEARING,TXN0257791,79.00,,9776800.51
23/04/2024,CASH DEPOSIT/BRANCH COUNTER/BANJARA HILLS HYDERABAD,TXN0257792,,2500.00,9779300.51
23/04/2024,UPI/DR/9038686050/USHA RANI/KKBK0045457/usha838@oksbi,TXN0257793,5200.00,,9774100.51
24/04/2024,CASH DEPOSIT/BRANCH COUNTER/BANJARA HILLS HYDERABAD,TXN0257794,,7600.00,9781700.51
24/04/2024,UPI/DR/66645060/MEENA IYER/KKBK0045457/meena186@oksbi,TXN0257795,249.00,,9781451.51
24/04/2024,IMPS/P2P/92154831/MEERA PILLAI/8754535403,TXN0257796,,32000.00,9813451.51
24/04/2024,CASH DEPOSIT/BRANCH COUNTER/BANJARA HILLS HYDERABAD,TXN0257797,,2500.00,9815951.51
25/04/2024,UPI/DR/7200222585/POOJA SHARMA/KKBK0045457/pooja516@okhdfc,TXN0257798,310.00,,9815641.51
25/04/2024,UPI/DR/38505813/KIRAN REDDY/KKBK0045457/kiran305@okhdfc,TXN0257799,2380.00,,9813261.51
25/04/2024,UPI/DR/9178512874/LATHA MURTHY/KKBK0045457/latha643@paytm,TXN0257800,1250.00,,9812011.51
26/04/2024,CHQ NO 383204 CLEARING,TXN0257801,3499.00,,9808512.51
26/04/2024,UPI/CR/1242919180/GANESH KUMAR/KKBK0045457/ganesh698@paytm,TXN0257802,,11200.00,9819712.51
26/04/2024,ATM/WDL/03346117/CANARA ATM MYSURU,TXN0257803,79.00,,9819633.51
26/04/2024,CASH DEPOSIT/BRANCH COUNTER/BANJARA HILLS HYDERABAD,TXN0257804,,32000.00,9851633.51
26/04/2024,IMPS/P2P/6455369850/POOJA SHARMA/8928955630,TXN0257805,,850.00,9852483.51
26/04/2024,UPI/DR/6630164980/USHA RANI/KKBK0045457/usha237@okaxis,TXN0257806,49.00,,9852434.51
26/04/2024,NEFT/66569991/SANJANA HEGDE/KKBK0045457/09083158548477,TXN0257807,,850.00,9853284.51
27/04/2024,NEFT/236919937044/NIKHIL GUPTA/KKBK0045457/59020078522757,TXN0257808,,4800.00,9858084.51
27/04/2024,CASH DEPOSIT/BRANCH COUNTER/BANJARA HILLS HYDERABAD,TXN0257809,,32000.00,9890084.51
27/04/2024,NEFT/844464372195/KARTHIK MENON,TXN0257810,12000.00,,9878084.51
28/04/2024,ATM/WDL/800537538832/SBI ATM JAYANAGAR BLR,TXN0257811,2380.00,,9875704.51
28/04/2024,CASH DEPOSIT/BRANCH COUNTER/BANJARA HILLS HYDERABAD,TXN0257812,,7600.00,9883304.51
28/04/2024,CHQ NO 343548 CLEARING,TXN0257813,2380.00,,9880924.51
29/04/2024,UPI/DR/79714410/SHAHID KHAN/KKBK0045457/shahid179@okaxis,TXN0257814,999.00,,9879925.51
29/04/2024,UPI/CR/8529080113/SURESH BABU/KKBK0045457/suresh560@paytm,TXN0257815,,500.00,9880425.51
29/04/2024,REVERSAL-NEFT/PENDING_REV_51431168,TXN0257816,,12000.00,9892425.51
30/04/2024,CASH DEPOSIT/BRANCH COUNTER/BANJARA HILLS HYDERABAD,TXN0257817,,11200.00,9903625.51
30/04/2024,UPI/DR/268421886910/RANJIT SINGH/KKBK0045457/ranjit986@oksbi,TXN0257818,449.00,,9903176.51
30/04/2024,ATM/WDL/850459707447/CANARA ATM MYSURU,TXN0257819,1680.00,,9901496.51
30/04/2024,UPI/DR/89888247/MEENA IYER/KKBK0045457/meena901@okhdfc,TXN0257820,310.00,,9901186.51
30/04/2024,UPI/CR/338055319134/CHANDAN SHARMA/KKBK0045457/chandan994@okhdfc,TXN0257821,,850.00,9902036.51
01/05/2024,ATM/WDL/389045078141/SBI ATM JAYANAGAR BLR,TXN0257822,249.00,,9901787.51
02/05/2024,NEFT/54957955/ANITHA KRISHNAN/KKBK0045457/52871275414808,TXN0257823,,1200.00,9902987.51
02/05/2024,CHQ NO 573645 CLEARING,TXN0257824,2380.00,,9900607.51
02/05/2024,UPI/DR/65911665/TARA SINGH/KKBK0045457/tara256@oksbi,TXN0257825,49.00,,9900558.51
02/05/2024,NEFT/79603743/GANESH KUMAR/KKBK0045457/87947907850498,TXN0257826,,7600.00,9908158.51
02/05/2024,UPI/DR/01731422/PADMA RAO/KKBK0045457/padma805@oksbi,TXN0257827,120.00,,9908038.51
02/05/2024,IMPS/P2P/94756804/SUNITA DEVI/7960959803,TXN0257828,,4800.00,9912838.51
03/05/2024,CASH DEPOSIT/BRANCH COUNTER/BANJARA HILLS HYDERABAD,TXN0257829,,7600.00,9920438.51
03/05/2024,ATM/WDL/0841135054/CANARA ATM MYSURU,TXN0257830,449.00,,9919989.51
03/05/2024,UPI/DR/04193896/ROHIT SHARMA/KKBK0045457/rohit568@okhdfc,TXN0257831,5200.00,,9914789.51
04/05/2024,NEFT/2321688811/AYESHA KHAN/KKBK0045457/36974236825755,TXN0257832,5200.00,,9909589.51
04/05/2024,NEFT/711162134851/USHA RANI/KKBK0045457/41824942727925,TXN0257833,,2500.00,9912089.51
04/05/2024,UPI/DR/523585835385/ROHIT SHARMA/KKBK0045457/rohit218@okaxis,TXN0257834,120.00,,9911969.51
05/05/2024,UPI/DR/23919974/TANVI RAO/KKBK0045457/tanvi73@okhdfc,TXN0257835,120.00,,9911849.51
05/05/2024,UPI/CR/29228978/USHA RANI/KKBK0045457/usha387@okhdfc,TXN0257836,,4800.00,9916649.51
06/05/2024,IMPS/P2P/9369313308/KAVYA REDDY/8487254156,TXN0257837,,4800.00,9921449.51
06/05/2024,CASH DEPOSIT/BRANCH COUNTER/BANJARA HILLS HYDERABAD,TXN0257838,,500.00,9921949.51
07/05/2024,UPI/DR/674646237615/MOHAMMED IRFAN/KKBK0045457/mohammed874@paytm,TXN0257839,449.00,,9921500.51
07/05/2024,UPI/DR/7576539602/IMRAN KHAN/KKBK0045457/imran773@oksbi,TXN0257840,3499.00,,9918001.51
07/05/2024,ATM/WDL/01736357/HDFC ATM KORAMANGALA,TXN0257841,850.00,,9917151.51
07/05/2024,UPI/DR/0450203885/PRAKASH RAO/KKBK0045457/prakash125@oksbi,TXN0257842,120.00,,9917031.51
07/05/2024,UPI/DR/6600438835/SUNITA DEVI/KKBK0045457/sunita296@oksbi,TXN0257843,999.00,,9916032.51
08/05/2024,CASH DEPOSIT/BRANCH COUNTER/BANJARA HILLS HYDERABAD,TXN0257844,,18500.00,9934532.51
08/05/2024,NEFT/53153725/ANAND KUMAR/KKBK0045457/06299582678172,TXN0257845,,24000.00,9958532.51
08/05/2024,NEFT/02455885/SURESH BABU/KKBK0045457/71028272291701,TXN0257846,1680.00,,9956852.51
09/05/2024,UPI/DR/8444351451/RAMESH GOWDA/KKBK0045457/ramesh618@okhdfc,TXN0257847,2380.00,,9954472.51
09/05/2024,ATM/WDL/7135652535/CANARA ATM MYSURU,TXN0257848,449.00,,9954023.51
10/05/2024,UPI/CR/0322804719/SHAHID KHAN/KKBK0045457/shahid183@okhdfc,TXN0257849,,1200.00,9955223.51
10/05/2024,NEFT/4869327768/LAKSHMI VENKAT/KKBK0045457/46780095561330,TXN0257850,,500.00,9955723.51
10/05/2024,UPI/DR/82074884/KAVITHA RAO/KKBK0045457/kavitha380@ybl,TXN0257851,5200.00,,9950523.51
10/05/2024,NEFT/8087123773/DEEPA NAIR/KKBK0045457/91385641420519,TXN0257852,999.00,,9949524.51
10/05/2024,UPI/DR/266707919592/USHA RANI/KKBK0045457/usha493@okaxis,TXN0257853,120.00,,9949404.51
10/05/2024,IMPS/P2P/35809396/DEEPA NAIR/8199671475,TXN0257854,,18500.00,9967904.51
11/05/2024,UPI/DR/12036335/CHANDAN SHARMA/KKBK0045457/chandan980@oksbi,TXN0257855,3499.00,,9964405.51
11/05/2024,UPI/DR/564453077458/PRAKASH RAO/KKBK0045457/prakash525@oksbi,TXN0257856,850.00,,9963555.51
11/05/2024,UPI/DR/73370249/KARTHIK MENON/KKBK0045457/karthik701@okaxis,TXN0257857,2380.00,,9961175.51
11/05/2024,CASH DEPOSIT/BRANCH COUNTER/BANJARA HILLS HYDERABAD,TXN0257858,,2500.00,9963675.51
11/05/2024,UPI/CR/65580264/RAMESH PILLAI/KKBK0045457/ramesh338@okaxis,TXN0257859,,18500.00,9982175.51
12/05/2024,CASH DEPOSIT/BRANCH COUNTER/BANJARA HILLS HYDERABAD,TXN0257860,,24000.00,10006175.51
12/05/2024,UPI/CR/5997707449/MEENA IYER/KKBK0045457/meena402@okhdfc,TXN0257861,,1200.00,10007375.51
12/05/2024,UPI/DR/44027302/SHEELA DEVI/KKBK0045457/sheela735@paytm,TXN0257862,3499.00,,10003876.51
12/05/2024,NEFT/966059505778/SHAHID KHAN/KKBK0045457/73710217776309,TXN0257863,,2500.00,10006376.51
12/05/2024,IMPS/P2P/0208234986/NAVEEN KUMAR/9829675330,TXN0257864,,500.00,10006876.51
13/05/2024,UPI/DR/603749594224/MALLIKA DAS/KKBK0045457/mallika814@ybl,TXN0257865,1680.00,,10005196.51
13/05/2024,UPI/DR/7467678401/SANJANA HEGDE/KKBK0045457/sanjana666@okhdfc,TXN0257866,120.00,,10005076.51
13/05/2024,UPI/CR/4385900999/SNEHA PATIL/KKBK0045457/sneha902@oksbi,TXN0257867,,500.00,10005576.51
13/05/2024,CASH DEPOSIT/BRANCH COUNTER/BANJARA HILLS HYDERABAD,TXN0257868,,32000.00,10037576.51
14/05/2024,CHQ NO 259512 CLEARING,TXN0257869,2380.00,,10035196.51
14/05/2024,UPI/CR/549695383287/ROHIT SHARMA/KKBK0045457/rohit825@okaxis,TXN0257870,,1200.00,10036396.51
14/05/2024,UPI/DR/545504219098/SNEHA PATIL/KKBK0045457/sneha46@paytm,TXN0257871,7800.00,,10028596.51
14/05/2024,UPI/DR/235949741447/USHA RANI/KKBK0045457/usha605@okhdfc,TXN0257872,5200.00,,10023396.51
15/05/2024,CASH DEPOSIT/BRANCH COUNTER/BANJARA HILLS HYDERABAD,TXN0257873,,11200.00,10034596.51
15/05/2024,CASH DEPOSIT/BRANCH COUNTER/BANJARA HILLS HYDERABAD,TXN0257874,,2500.00,10037096.51
15/05/2024,IMPS/P2P/0945407992/DIVYA MENON/9250314628,TXN0257875,,18500.00,10055596.51
15/05/2024,UPI/DR/960252792308/ARCHANA PILLAI/KKBK0045457/archana53@okaxis,TXN0257876,3499.00,,10052097.51
15/05/2024,UPI/DR/16997626/RAJENDRA PRASAD/KKBK0045457/rajendra347@ybl,TXN0257877,3499.00,,10048598.51
15/05/2024,UPI/CR/381530634158/RAHUL SINGH/KKBK0045457/rahul134@okhdfc,TXN0257878,,500.00,10049098.51
15/05/2024,NEFT/614231032245/MEENA IYER/KKBK0045457/01970869536513,TXN0257879,249.00,,10048849.51
15/05/2024,UPI/CR/49419313/RAMESH PILLAI/KKBK0045457/ramesh995@okaxis,TXN0257880,,1200.00,10050049.51
16/05/2024,CASH DEPOSIT/BRANCH COUNTER/BANJARA HILLS HYDERABAD,TXN0257881,,11200.00,10061249.51
16/05/2024,CHQ NO 646857 CLEARING,TXN0257882,5200.00,,10056049.51
16/05/2024,UPI/DR/4557349243/MOHAMMED IRFAN/KKBK0045457/mohammed132@oksbi,TXN0257883,1680.00,,10054369.51
16/05/2024,CASH DEPOSIT/BRANCH COUNTER/BANJARA HILLS HYDERABAD,TXN0257884,,4800.00,10059169.51
16/05/2024,NEFT/26860183/SHEELA DEVI/KKBK0045457/65170833937434,TXN0257885,999.00,,10058170.51
16/05/2024,ATM/WDL/620017855369/SBI ATM JAYANAGAR BLR,TXN0257886,310.00,,10057860.51
17/05/2024,UPI/DR/521405719503/IMRAN KHAN/KKBK0045457/imran817@okhdfc,TXN0257887,999.00,,10056861.51
17/05/2024,CHQ NO 986284 CLEARING,TXN0257888,1680.00,,10055181.51
17/05/2024,CASH DEPOSIT/BRANCH COUNTER/BANJARA HILLS HYDERABAD,TXN0257889,,18500.00,10073681.51
17/05/2024,CHQ NO 552706 CLEARING,TXN0257890,5200.00,,10068481.51
17/05/2024,CHQ NO 001153 CLEARING,TXN0257891,3499.00,,10064982.51
18/05/2024,IMPS/P2P/04566711/RANJIT SINGH/8690307867,TXN0257892,,850.00,10065832.51
18/05/2024,UPI/DR/60627769/NADIA HUSSAIN/KKBK0045457/nadia45@paytm,TXN0257893,5200.00,,10060632.51
18/05/2024,UPI/CR/87168529/RAJENDRA PRASAD/KKBK0045457/rajendra446@paytm,TXN0257894,,32000.00,10092632.51
18/05/2024,IMPS/P2P/656354327349/MEERA PILLAI/9758491511,TXN0257895,,7600.00,10100232.51
18/05/2024,UPI/DR/9297734719/GOPAL VERMA/KKBK0045457/gopal913@okaxis,TXN0257896,1250.00,,10098982.51
18/05/2024,IMPS/P2P/453287180878/MEENA IYER/8708974729,TXN0257897,,11200.00,10110182.51
18/05/2024,UPI/DR/83649156/ANAND KUMAR/KKBK0045457/anand295@okhdfc,TXN0257898,49.00,,10110133.51
19/05/2024,NEFT/53894107/PRIYA NAIR/KKBK0045457/90798579454770,TXN0257899,1250.00,,10108883.51
20/05/2024,NEFT/77461789/KAVERI MENON/KKBK0045457/93521823090601,TXN0257900,449.00,,10108434.51
20/05/2024,NEFT/460016806544/SURESH BABU/KKBK0045457/99051940573228,TXN0257901,699.00,,10107735.51
20/05/2024,ATM/WDL/09356389/SBI ATM JAYANAGAR BLR,TXN0257902,310.00,,10107425.51
21/05/2024,UPI/DR/0158935628/GOPAL VERMA/KKBK0045457/gopal651@okaxis,TXN0257903,1680.00,,10105745.51
21/05/2024,NEFT/90396272/ARUN SHARMA/KKBK0045457/25246798664472,TXN0257904,,4800.00,10110545.51
21/05/2024,ATM/WDL/704742467543/HDFC ATM KORAMANGALA,TXN0257905,1250.00,,10109295.51
21/05/2024,IMPS/P2P/7284424896/GEETA DEVI/7667576874,TXN0257906,,850.00,10110145.51
21/05/2024,CASH DEPOSIT/BRANCH COUNTER/BANJARA HILLS HYDERABAD,TXN0257907,,500.00,10110645.51
22/05/2024,IMPS/P2P/959079048838/KAVERI MENON/7041257041,TXN0257908,,32000.00,10142645.51
22/05/2024,NEFT/08543772/SUNITA DEVI/KKBK0045457/73935251437870,TXN0257909,,11200.00,10153845.51
22/05/2024,IMPS/P2P/316265220245/SURESH BABU/7126602511,TXN0257910,,850.00,10154695.51
22/05/2024,CASH DEPOSIT/BRANCH COUNTER/BANJARA HILLS HYDERABAD,TXN0257911,,4800.00,10159495.51
23/05/2024,CHQ NO 516255 CLEARING,TXN0257912,449.00,,10159046.51
23/05/2024,ATM/WDL/5592666177/HDFC ATM KORAMANGALA,TXN0257913,5200.00,,10153846.51
23/05/2024,UPI/DR/01596885/SHEELA DEVI/KKBK0045457/sheela402@oksbi,TXN0257914,7800.00,,10146046.51
23/05/2024,NEFT/8461253040/POOJA SHARMA/KKBK0045457/28284744374748,TXN0257915,,32000.00,10178046.51
23/05/2024,UPI/DR/99637235/TANVI RAO/KKBK0045457/tanvi455@paytm,TXN0257916,120.00,,10177926.51
24/05/2024,IMPS/P2P/7085950711/PREETHI IYER/8973805654,TXN0257917,,32000.00,10209926.51
24/05/2024,UPI/DR/3715916415/USHA RANI/KKBK0045457/usha417@okhdfc,TXN0257918,3499.00,,10206427.51
24/05/2024,CASH DEPOSIT/BRANCH COUNTER/BANJARA HILLS HYDERABAD,TXN0257919,,1200.00,10207627.51
24/05/2024,NEFT/0041826863/SURESH NAIR/KKBK0045457/83765978896044,TXN0257920,,850.00,10208477.51
24/05/2024,NEFT/3268663870/ANAND KUMAR/KKBK0045457/00792837094401,TXN0257921,,1200.00,10209677.51
24/05/2024,UPI/DR/38467996/ARUN SHARMA/KKBK0045457/arun631@paytm,TXN0257922,2380.00,,10207297.51
24/05/2024,NEFT/361065290702/KAVYA REDDY/KKBK0045457/63206298041051,TXN0257923,120.00,,10207177.51
24/05/2024,CHQ NO 033980 CLEARING,TXN0257924,49.00,,10207128.51
24/05/2024,NEFT/259249013069/PRAKASH RAO/KKBK0045457/76958257465520,TXN0257925,,4800.00,10211928.51
24/05/2024,NEFT/554375363890/AYESHA KHAN/KKBK0045457/76200998081943,TXN0257926,120.00,,10211808.51
25/05/2024,UPI/DR/402864449754/SNEHA PATIL/KKBK0045457/sneha267@okhdfc,TXN0257927,5200.00,,10206608.51
25/05/2024,UPI/CR/566419171540/BABU LAL/KKBK0045457/babu605@paytm,TXN0257928,,850.00,10207458.51
25/05/2024,NEFT/42588886/FARHAN KHAN/KKBK0045457/62830973489946,TXN0257929,699.00,,10206759.51
26/05/2024,CASH DEPOSIT/BRANCH COUNTER/BANJARA HILLS HYDERABAD,TXN0257930,,850.00,10207609.51
26/05/2024,CHQ NO 511669 CLEARING,TXN0257931,2380.00,,10205229.51
26/05/2024,CHQ NO 103530 CLEARING,TXN0257932,120.00,,10205109.51
26/05/2024,NEFT/02250284/HARISH MENON/KKBK0045457/62463177162719,TXN0257933,,4800.00,10209909.51
26/05/2024,IMPS/P2P/666901200523/GEETA DEVI/9516850864,TXN0257934,,500.00,10210409.51
26/05/2024,IMPS/P2P/6161087880/SANTOSH KUMAR/9304993672,TXN0257935,,2500.00,10212909.51
26/05/2024,UPI/DR/9747384184/RAMESH PILLAI/KKBK0045457/ramesh95@oksbi,TXN0257936,5200.00,,10207709.51
27/05/2024,IMPS/P2P/627954684309/SUNIL YADAV/9918879563,TXN0257937,,7600.00,10215309.51
27/05/2024,UPI/CR/1864927313/RAJESH VERMA/KKBK0045457/rajesh459@ybl,TXN0257938,,4800.00,10220109.51
27/05/2024,UPI/DR/48180060/MALLIKA DAS/KKBK0045457/mallika311@paytm,TXN0257939,449.00,,10219660.51
27/05/2024,ATM/WDL/2367753682/HDFC ATM KORAMANGALA,TXN0257940,3499.00,,10216161.51
27/05/2024,UPI/DR/98995132/NIKHIL GUPTA/KKBK0045457/nikhil474@okhdfc,TXN0257941,1680.00,,10214481.51
28/05/2024,UPI/DR/3342425644/VINAY PATIL/KKBK0045457/vinay968@okaxis,TXN0257942,2380.00,,10212101.51
28/05/2024,UPI/DR/206218435403/GANESH KUMAR/KKBK0045457/ganesh204@okhdfc,TXN0257943,3499.00,,10208602.51
28/05/2024,NEFT/187759075065/SANJANA HEGDE/KKBK0045457/47957540430631,TXN0257944,,1200.00,10209802.51
28/05/2024,UPI/DR/8580226434/RANJIT SINGH/KKBK0045457/ranjit41@oksbi,TXN0257945,5200.00,,10204602.51
28/05/2024,UPI/DR/648590602726/KAVITHA RAO/KKBK0045457/kavitha127@ybl,TXN0257946,120.00,,10204482.51
28/05/2024,UPI/DR/578522998369/SANTOSH KUMAR/KKBK0045457/santosh53@okaxis,TXN0257947,699.00,,10203783.51
28/05/2024,CASH DEPOSIT/BRANCH COUNTER/BANJARA HILLS HYDERABAD,TXN0257948,,850.00,10204633.51
29/05/2024,UPI/CR/0908971337/RANJIT SINGH/KKBK0045457/ranjit751@okaxis,TXN0257949,,7600.00,10212233.51
29/05/2024,CHQ NO 863538 CLEARING,TXN0257950,49.00,,10212184.51
29/05/2024,UPI/CR/895800132878/LATHA MURTHY/KKBK0045457/latha851@oksbi,TXN0257951,,1200.00,10213384.51
30/05/2024,NEFT/8712422045/RANJIT SINGH/KKBK0045457/48057634208176,TXN0257952,1250.00,,10212134.51
30/05/2024,IMPS/P2P/295250135450/KARTHIK MENON/9543407484,TXN0257953,,18500.00,10230634.51
30/05/2024,UPI/CR/89552338/DEEPA NAIR/KKBK0045457/deepa713@okaxis,TXN0257954,,1200.00,10231834.51
30/05/2024,UPI/CR/677119543256/SUNIL YADAV/KKBK0045457/sunil344@okaxis,TXN0257955,,24000.00,10255834.51
30/05/2024,UPI/DR/72558421/RAJESH VERMA/KKBK0045457/rajesh583@oksbi,TXN0257956,1680.00,,10254154.51
31/05/2024,UPI/DR/77685350/VIKRAM NAIR/KKBK0045457/vikram559@paytm,TXN0257957,1680.00,,10252474.51
31/05/2024,UPI/DR/47531877/ARUN SHARMA/KKBK0045457/arun650@okhdfc,TXN0257958,7800.00,,10244674.51
31/05/2024,UPI/DR/995762321797/FAILED/TimeOut/Chandan Sharma,TXN0257959,5000.00,,10244674.51
01/06/2024,UPI/DR/0354952206/MOHAN DAS/KKBK0045457/mohan676@oksbi,TXN0257960,249.00,,10244425.51
01/06/2024,UPI/DR/182458268807/NADIA HUSSAIN/KKBK0045457/nadia494@paytm,TXN0257961,1680.00,,10242745.51
01/06/2024,CASH DEPOSIT/BRANCH COUNTER/BANJARA HILLS HYDERABAD,TXN0257962,,7600.00,10250345.51
01/06/2024,CASH DEPOSIT/BRANCH COUNTER/BANJARA HILLS HYDERABAD,TXN0257963,,11200.00,10261545.51
02/06/2024,UPI/CR/68107017/MALLIKA DAS/KKBK0045457/mallika122@ybl,TXN0257964,,24000.00,10285545.51
02/06/2024,NEFT/306678218661/MALLIKA DAS/KKBK0045457/34714131816508,TXN0257965,5200.00,,10280345.51
02/06/2024,CASH DEPOSIT/BRANCH COUNTER/BANJARA HILLS HYDERABAD,TXN0257966,,32000.00,10312345.51
02/06/2024,UPI/CR/8185100291/PRIYA NAIR/KKBK0045457/priya298@oksbi,TXN0257967,,2500.00,10314845.51
02/06/2024,NEFT/635804675748/LAKSHMI VENKAT/KKBK0045457/46541305753200,TXN0257968,5200.00,,10309645.51
03/06/2024,NEFT/12179097/RANJIT SINGH/KKBK0045457/46824968646129,TXN0257969,79.00,,10309566.51
03/06/2024,CHQ NO 363705 CLEARING,TXN0257970,249.00,,10309317.51
03/06/2024,UPI/DR/381574937913/TANVI RAO/KKBK0045457/tanvi827@oksbi,TXN0257971,1250.00,,10308067.51
03/06/2024,NEFT/917572438088/RAJENDRA PRASAD/KKBK0045457/64579977446296,TXN0257972,,850.00,10308917.51
04/06/2024,ATM/WDL/227856683965/SBI ATM JAYANAGAR BLR,TXN0257973,310.00,,10308607.51
04/06/2024,UPI/DR/0835383679/NILESH KULKARNI/KKBK0045457/nilesh994@ybl,TXN0257974,2380.00,,10306227.51
04/06/2024,UPI/DR/514224780465/CHANDAN SHARMA/KKBK0045457/chandan727@ybl,TXN0257975,699.00,,10305528.51
04/06/2024,IMPS/P2P/383593634258/SMITHA PILLAI/7428139063,TXN0257976,,7600.00,10313128.51
04/06/2024,UPI/CR/5474998783/KARTHIK MENON/KKBK0045457/karthik197@ybl,TXN0257977,,2500.00,10315628.51
04/06/2024,NEFT/3165561649/GANESH KUMAR/KKBK0045457/78906211182292,TXN0257978,7800.00,,10307828.51
04/06/2024,UPI/DR/733975050150/POOJA SHARMA/KKBK0045457/pooja553@okaxis,TXN0257979,1680.00,,10306148.51
04/06/2024,CASH DEPOSIT/BRANCH COUNTER/BANJARA HILLS HYDERABAD,TXN0257980,,11200.00,10317348.51
05/06/2024,UPI/DR/376375021585/NILESH KULKARNI/KKBK0045457/nilesh939@okhdfc,TXN0257981,850.00,,10316498.51
05/06/2024,UPI/DR/806242189989/RAVI KUMAR SHARMA/KKBK0045457/ravi199@okhdfc,TXN0257982,1250.00,,10315248.51
05/06/2024,UPI/DR/4421270575/MEENA IYER/KKBK0045457/meena175@paytm,TXN0257983,699.00,,10314549.51
05/06/2024,UPI/DR/8067483967/LALITHA DEVI/KKBK0045457/lalitha892@ybl,TXN0257984,249.00,,10314300.51
05/06/2024,CHQ NO 682243 CLEARING,TXN0257985,449.00,,10313851.51
06/06/2024,IMPS/P2P/9276785207/ARJUN MEHTA/8856621474,TXN0257986,,7600.00,10321451.51
06/06/2024,CHQ NO 052828 CLEARING,TXN0257987,7800.00,,10313651.51
06/06/2024,NEFT/30865004/BINDHU NAIR/KKBK0045457/84132465768628,TXN0257988,,1200.00,10314851.51
06/06/2024,IMPS/P2P/23160991/MOHAN DAS/7011058650,TXN0257989,,24000.00,10338851.51
06/06/2024,UPI/CR/272038018786/SANTOSH KUMAR/KKBK0045457/santosh702@ybl,TXN0257990,,18500.00,10357351.51
07/06/2024,UPI/CR/01607711/PADMA RAO/KKBK0045457/padma724@oksbi,TXN0257991,,11200.00,10368551.51
07/06/2024,CHQ NO 532898 CLEARING,TXN0257992,79.00,,10368472.51
07/06/2024,NEFT/91145420/RANJIT SINGH/KKBK0045457/02488738944557,TXN0257993,999.00,,10367473.51
07/06/2024,NEFT/6908598373/PRIYA NAIR/KKBK0045457/69365956039921,TXN0257994,449.00,,10367024.51
07/06/2024,UPI/DR/7567159805/REKHA PILLAI/KKBK0045457/rekha542@oksbi,TXN0257995,7800.00,,10359224.51
08/06/2024,NEFT/874276927155/LAKSHMI VENKAT/KKBK0045457/25981014253562,TXN0257996,49.00,,10359175.51
08/06/2024,UPI/DR/367605505445/LALITHA DEVI/KKBK0045457/lalitha620@paytm,TXN0257997,7800.00,,10351375.51
08/06/2024,CHQ NO 761866 CLEARING,TXN0257998,3499.00,,10347876.51
08/06/2024,CHQ NO 251827 CLEARING,TXN0257999,5200.00,,10342676.51
08/06/2024,ATM/WDL/446368607422/SBI ATM JAYANAGAR BLR,TXN0258000,850.00,,10341826.51
09/06/2024,IMPS/P2P/790630128541/RAVI KUMAR SHARMA/9774693007,TXN0258001,,2500.00,10344326.51
09/06/2024,UPI/CR/0088258260/RAHUL SINGH/KKBK0045457/rahul225@okaxis,TXN0258002,,11200.00,10355526.51
09/06/2024,CASH DEPOSIT/BRANCH COUNTER/BANJARA HILLS HYDERABAD,TXN0258003,,24000.00,10379526.51
09/06/2024,NEFT/561306864802/AYESHA KHAN/KKBK0045457/26824895680916,TXN0258004,449.00,,10379077.51
10/06/2024,UPI/DR/2098043151/SANTOSH KUMAR/KKBK0045457/santosh556@oksbi,TXN0258005,699.00,,10378378.51
10/06/2024,ATM/WDL/913935348157/HDFC ATM KORAMANGALA,TXN0258006,49.00,,10378329.51
10/06/2024,NEFT/259453668956/DEEPA NAIR/KKBK0045457/07808063220879,TXN0258007,850.00,,10377479.51
10/06/2024,UPI/CR/50679452/SANTOSH KUMAR/KKBK0045457/santosh662@oksbi,TXN0258008,,4800.00,10382279.51
10/06/2024,IMPS/P2P/7269597848/POOJA SHARMA/7027804669,TXN0258009,,24000.00,10406279.51
10/06/2024,UPI/DR/46484394/RAVI KUMAR SHARMA/KKBK0045457/ravi455@okhdfc,TXN0258010,850.00,,10405429.51
10/06/2024,CHQ NO 427760 CLEARING,TXN0258011,850.00,,10404579.51
11/06/2024,UPI/DR/48544437/REKHA PILLAI/KKBK0045457/rekha496@oksbi,TXN0258012,120.00,,10404459.51
11/06/2024,NEFT/3247056876/NILESH KULKARNI/KKBK0045457/47199390139490,TXN0258013,5200.00,,10399259.51
11/06/2024,NEFT/719393148327/FATIMA SHEIKH/KKBK0045457/73838817584893,TXN0258014,7800.00,,10391459.51
11/06/2024,ATM/WDL/1877098248/CANARA ATM MYSURU,TXN0258015,79.00,,10391380.51
11/06/2024,UPI/DR/1017433040/RAJESH VERMA/KKBK0045457/rajesh304@paytm,TXN0258016,850.00,,10390530.51
12/06/2024,UPI/DR/53810444/HARISH MENON/KKBK0045457/harish496@okaxis,TXN0258017,5200.00,,10385330.51
12/06/2024,NEFT/729712720891/SUNIL YADAV/KKBK0045457/53470115250853,TXN0258018,,7600.00,10392930.51
13/06/2024,CHQ NO 840139 CLEARING,TXN0258019,5200.00,,10387730.51
13/06/2024,NEFT/7569703162/USHA RANI/KKBK0045457/59241622165721,TXN0258020,,500.00,10388230.51
13/06/2024,UPI/CR/71537109/SANTOSH KUMAR/KKBK0045457/santosh567@okaxis,TXN0258021,,18500.00,10406730.51
13/06/2024,UPI/DR/5513187867/FARHAN KHAN/KKBK0045457/farhan967@ybl,TXN0258022,3499.00,,10403231.51
14/06/2024,NEFT/8717478555/NILESH KULKARNI/KKBK0045457/12488219094596,TXN0258023,,7600.00,10410831.51
14/06/2024,NEFT/765361142790/PADMA RAO/KKBK0045457/95434700931530,TXN0258024,,32000.00,10442831.51
14/06/2024,CHQ NO 192155 CLEARING,TXN0258025,5200.00,,10437631.51
14/06/2024,UPI/CR/6735395618/SAVITHA DEVI/KKBK0045457/savitha170@ybl,TXN0258026,,11200.00,10448831.51
14/06/2024,UPI/CR/70650075/REKHA PILLAI/KKBK0045457/rekha855@ybl,TXN0258027,,4800.00,10453631.51
14/06/2024,UPI/DR/847676145205/ARCHANA PILLAI/KKBK0045457/archana438@ybl,TXN0258028,3499.00,,10450132.51
14/06/2024,NEFT/0889177644/BABU LAL/KKBK0045457/60131905538179,TXN0258029,1680.00,,10448452.51
15/06/2024,UPI/DR/479443503146/TANVI RAO/KKBK0045457/tanvi362@paytm,TXN0258030,249.00,,10448203.51
15/06/2024,UPI/DR/245348860250/USHA RANI/KKBK0045457/usha80@paytm,TXN0258031,999.00,,10447204.51
15/06/2024,NEFT/758671580486/VINAY PATIL/KKBK0045457/71218446446112,TXN0258032,3499.00,,10443705.51
15/06/2024,UPI/DR/3957830346/DEEPA NAIR/KKBK0045457/deepa871@okhdfc,TXN0258033,249.00,,10443456.51
15/06/2024,NEFT/4023074637/ANAND KUMAR/KKBK0045457/27529644348189,TXN0258034,,1200.00,10444656.51
15/06/2024,UPI/DR/224175543618/ROHIT SHARMA/KKBK0045457/rohit17@okhdfc,TXN0258035,999.00,,10443657.51
16/06/2024,ATM/WDL/5849180370/CANARA ATM MYSURU,TXN0258036,49.00,,10443608.51
16/06/2024,NEFT/89266218/NILESH KULKARNI/KKBK0045457/92542216775408,TXN0258037,,2500.00,10446108.51
16/06/2024,NEFT/59848862/ARCHANA PILLAI/KKBK0045457/53435294911748,TXN0258038,1680.00,,10444428.51
16/06/2024,CHQ NO 562753 CLEARING,TXN0258039,249.00,,10444179.51
16/06/2024,IMPS/P2P/12518739/LATHA MURTHY/9177367257,TXN0258040,,7600.00,10451779.51
16/06/2024,NEFT/797257716757/FATIMA SHEIKH/KKBK0045457/99420452568920,TXN0258041,449.00,,10451330.51
16/06/2024,UPI/DR/73569597/MEERA PILLAI/KKBK0045457/meera902@okaxis,TXN0258042,1250.00,,10450080.51
16/06/2024,UPI/DR/4556432246/VINAY PATIL/KKBK0045457/vinay477@okaxis,TXN0258043,449.00,,10449631.51
16/06/2024,UPI/DR/01259972/MALLIKA DAS/KKBK0045457/mallika264@okaxis,TXN0258044,7800.00,,10441831.51
16/06/2024,UPI/CR/89610665/USHA RANI/KKBK0045457/usha438@okaxis,TXN0258045,,18500.00,10460331.51
17/06/2024,UPI/CR/8854479330/DIVYA MENON/KKBK0045457/divya108@okaxis,TXN0258046,,11200.00,10471531.51
17/06/2024,CHQ NO 962658 CLEARING,TXN0258047,449.00,,10471082.51
17/06/2024,IMPS/P2P/377667498183/RAVI KUMAR SHARMA/7649424356,TXN0258048,,18500.00,10489582.51
17/06/2024,UPI/CR/5943161785/MEERA PILLAI/KKBK0045457/meera949@okhdfc,TXN0258049,,850.00,10490432.51
17/06/2024,NEFT/8752613692/PRAKASH RAO/KKBK0045457/12236218625655,TXN0258050,249.00,,10490183.51
18/06/2024,UPI/DR/2982180795/NILESH KULKARNI/KKBK0045457/nilesh705@paytm,TXN0258051,49.00,,10490134.51
18/06/2024,ATM/WDL/7398549111/SBI ATM JAYANAGAR BLR,TXN0258052,999.00,,10489135.51
18/06/2024,IMPS/P2P/2343886048/NADIA HUSSAIN/9554537018,TXN0258053,,850.00,10489985.51
18/06/2024,NEFT/7119664057/DIVYA MENON/KKBK0045457/29398790349586,TXN0258054,,32000.00,10521985.51
18/06/2024,CASH DEPOSIT/BRANCH COUNTER/BANJARA HILLS HYDERABAD,TXN0258055,,1200.00,10523185.51
19/06/2024,ATM/WDL/6293204240/CANARA ATM MYSURU,TXN0258056,3499.00,,10519686.51
19/06/2024,UPI/CR/810926182029/SANJANA HEGDE/KKBK0045457/sanjana651@oksbi,TXN0258057,,18500.00,10538186.51
19/06/2024,CHQ NO 856476 CLEARING,TXN0258058,449.00,,10537737.51
19/06/2024,UPI/DR/3965019965/NILESH KULKARNI/KKBK0045457/nilesh570@okaxis,TXN0258059,7800.00,,10529937.51
19/06/2024,IMPS/P2P/6727350978/LAKSHMI VENKAT/7087833082,TXN0258060,,11200.00,10541137.51
19/06/2024,CASH DEPOSIT/BRANCH COUNTER/BANJARA HILLS HYDERABAD,TXN0258061,,2500.00,10543637.51
19/06/2024,NEFT/46535199/RAJESH VERMA/KKBK0045457/75979173148000,TXN0258062,,11200.00,10554837.51
19/06/2024,UPI/DR/514637334506/ARCHANA PILLAI/KKBK0045457/archana920@okhdfc,TXN0258063,3499.00,,10551338.51
19/06/2024,NEFT/4129070223/USHA RANI/KKBK0045457/33875358939403,TXN0258064,,500.00,10551838.51
19/06/2024,UPI/DR/1920518036/SUNIL YADAV/KKBK0045457/sunil625@okaxis,TXN0258065,310.00,,10551528.51
20/06/2024,IMPS/P2P/0888708214/NIKHIL GUPTA/7422378465,TXN0258066,,2500.00,10554028.51
20/06/2024,UPI/DR/8978711764/RAMESH GOWDA/KKBK0045457/ramesh639@oksbi,TXN0258067,999.00,,10553029.51
20/06/2024,UPI/CR/82451866/POOJA SHARMA/KKBK0045457/pooja667@oksbi,TXN0258068,,24000.00,10577029.51
20/06/2024,UPI/DR/4812520062/SANJANA HEGDE/KKBK0045457/sanjana306@okhdfc,TXN0258069,7800.00,,10569229.51
20/06/2024,NEFT/8345509417/AYESHA KHAN/KKBK0045457/51282932200850,TXN0258070,850.00,,10568379.51
21/06/2024,UPI/DR/191791174627/MEENA IYER/KKBK0045457/meena363@okaxis,TXN0258071,7800.00,,10560579.51
21/06/2024,UPI/DR/3987052975/KAVITHA RAO/KKBK0045457/kavitha616@ybl,TXN0258072,120.00,,10560459.51
21/06/2024,CASH DEPOSIT/BRANCH COUNTER/BANJARA HILLS HYDERABAD,TXN0258073,,24000.00,10584459.51
21/06/2024,UPI/CR/844622427321/RAVI KUMAR SHARMA/KKBK0045457/ravi94@okaxis,TXN0258074,,4800.00,10589259.51
21/06/2024,NEFT/533340700134/SUNIL YADAV/KKBK0045457/49434225709435,TXN0258075,,500.00,10589759.51
21/06/2024,CHQ NO 989342 CLEARING,TXN0258076,2380.00,,10587379.51
22/06/2024,NEFT/8506197038/PADMA RAO/KKBK0045457/64404027591588,TXN0258077,1250.00,,10586129.51
22/06/2024,CASH DEPOSIT/BRANCH COUNTER/BANJARA HILLS HYDERABAD,TXN0258078,,18500.00,10604629.51
22/06/2024,UPI/DR/5377518267/KARTHIK MENON/KKBK0045457/karthik91@okhdfc,TXN0258079,2380.00,,10602249.51
22/06/2024,CHQ NO 180384 CLEARING,TXN0258080,1250.00,,10600999.51
22/06/2024,ATM/WDL/97281861/CANARA ATM MYSURU,TXN0258081,1250.00,,10599749.51
23/06/2024,ATM/WDL/18577101/CANARA ATM MYSURU,TXN0258082,1250.00,,10598499.51
23/06/2024,UPI/DR/9259452034/LAKSHMI VENKAT/KKBK0045457/lakshmi194@paytm,TXN0258083,1680.00,,10596819.51
23/06/2024,UPI/DR/95476712/VENKAT RAO/KKBK0045457/venkat602@oksbi,TXN0258084,120.00,,10596699.51
24/06/2024,UPI/DR/60688992/REKHA PILLAI/KKBK0045457/rekha107@okaxis,TXN0258085,120.00,,10596579.51
24/06/2024,UPI/DR/05074376/KARTHIK MENON/KKBK0045457/karthik633@okhdfc,TXN0258086,1680.00,,10594899.51
24/06/2024,UPI/DR/6394723502/IMRAN KHAN/KKBK0045457/imran244@okhdfc,TXN0258087,49.00,,10594850.51
24/06/2024,ATM/WDL/0945124494/CANARA ATM MYSURU,TXN0258088,3499.00,,10591351.51
24/06/2024,IMPS/P2P/13939023/PREETHI IYER/8852988589,TXN0258089,,1200.00,10592551.51
25/06/2024,NEFT/652461199198/VENKAT RAO/KKBK0045457/30999227427613,TXN0258090,7800.00,,10584751.51
25/06/2024,ATM/WDL/249303600284/SBI ATM JAYANAGAR BLR,TXN0258091,449.00,,10584302.51
25/06/2024,UPI/DR/27040302/MEENA IYER/KKBK0045457/meena663@oksbi,TXN0258092,79.00,,10584223.51
25/06/2024,UPI/DR/1957119254/MEERA PILLAI/KKBK0045457/meera883@ybl,TXN0258093,999.00,,10583224.51
25/06/2024,ATM/WDL/4239274298/HDFC ATM KORAMANGALA,TXN0258094,7800.00,,10575424.51
25/06/2024,ATM/WDL/23989000/HDFC ATM KORAMANGALA,TXN0258095,310.00,,10575114.51
26/06/2024,CASH DEPOSIT/BRANCH COUNTER/BANJARA HILLS HYDERABAD,TXN0258096,,32000.00,10607114.51
26/06/2024,CHQ NO 012956 CLEARING,TXN0258097,1250.00,,10605864.51
26/06/2024,CASH DEPOSIT/BRANCH COUNTER/BANJARA HILLS HYDERABAD,TXN0258098,,24000.00,10629864.51
26/06/2024,UPI/DR/70042974/SHEELA DEVI/KKBK0045457/sheela836@okaxis,TXN0258099,79.00,,10629785.51
26/06/2024,NEFT/950893564092/PRIYA NAIR/KKBK0045457/12057782890849,TXN0258100,,18500.00,10648285.51
26/06/2024,NEFT/5722049330/RESHMA KHAN/KKBK0045457/46489404106780,TXN0258101,,32000.00,10680285.51
26/06/2024,UPI/CR/9766014749/RAMESH GOWDA/KKBK0045457/ramesh831@paytm,TXN0258102,,500.00,10680785.51
27/06/2024,UPI/DR/5126137619/SURESH NAIR/KKBK0045457/suresh730@ybl,TXN0258103,3499.00,,10677286.51
27/06/2024,UPI/DR/329785449166/KAVITHA RAO/KKBK0045457/kavitha143@paytm,TXN0258104,5200.00,,10672086.51
27/06/2024,UPI/CR/05988178/NAVEEN KUMAR/KKBK0045457/naveen370@ybl,TXN0258105,,1200.00,10673286.51
27/06/2024,UPI/DR/33939173/NILESH KULKARNI/KKBK0045457/nilesh901@oksbi,TXN0258106,7800.00,,10665486.51
27/06/2024,UPI/CR/269819470109/PADMA RAO/KKBK0045457/padma327@okhdfc,TXN0258107,,1200.00,10666686.51
28/06/2024,IMPS/P2P/153714964307/ARJUN MEHTA/7232309964,TXN0258108,,1200.00,10667886.51
28/06/2024,CASH DEPOSIT/BRANCH COUNTER/BANJARA HILLS HYDERABAD,TXN0258109,,2500.00,10670386.51
28/06/2024,UPI/CR/0881706856/USHA RANI/KKBK0045457/usha136@paytm,TXN0258110,,11200.00,10681586.51
28/06/2024,ATM/WDL/857470726620/CANARA ATM MYSURU,TXN0258111,7800.00,,10673786.51
28/06/2024,NEFT/09902912/FATIMA SHEIKH/KKBK0045457/65726001307976,TXN0258112,,850.00,10674636.51
28/06/2024,IMPS/P2P/81586430/ARUN SHARMA/7118188845,TXN0258113,,850.00,10675486.51
28/06/2024,UPI/DR/846810422437/REKHA PILLAI/KKBK0045457/rekha387@okaxis,TXN0258114,310.00,,10675176.51
28/06/2024,NEFT/71651777/PREETHI IYER/KKBK0045457/53211815383731,TXN0258115,,850.00,10676026.51
29/06/2024,ATM/WDL/831039292039/CANARA ATM MYSURU,TXN0258116,999.00,,10675027.51
29/06/2024,UPI/DR/948880467220/POOJA SHARMA/KKBK0045457/pooja794@okhdfc,TXN0258117,699.00,,10674328.51
29/06/2024,CASH DEPOSIT/BRANCH COUNTER/BANJARA HILLS HYDERABAD,TXN0258118,,850.00,10675178.51
29/06/2024,ATM/WDL/7265468059/SBI ATM JAYANAGAR BLR,TXN0258119,449.00,,10674729.51
30/06/2024,UPI/DR/14155177/VENKAT RAO/KKBK0045457/venkat124@paytm,TXN0258120,79.00,,10674650.51
30/06/2024,NEFT/223444184022/REKHA PILLAI/KKBK0045457/95983813499600,TXN0258121,,4800.00,10679450.51
30/06/2024,ATM/WDL/91376226/SBI ATM JAYANAGAR BLR,TXN0258122,3499.00,,10675951.51
30/06/2024,CASH DEPOSIT/BRANCH COUNTER/BANJARA HILLS HYDERABAD,TXN0258123,,7600.00,10683551.51
30/06/2024,NEFT/329937865766/NADIA HUSSAIN/KKBK0045457/45769279770770,TXN0258124,,1200.00,10684751.51
30/06/2024,UPI/DR/81864507/PRAKASH RAO/KKBK0045457/prakash143@okhdfc,TXN0258125,1680.00,,10683071.51
30/06/2024,UPI/DR/897227883514/TARA SINGH/KKBK0045457/tara908@ybl,TXN0258126,1250.00,,10681821.51
30/06/2024,UPI/DR/79392100/ROHIT SHARMA/KKBK0045457/rohit941@okaxis,TXN0258127,3499.00,,10678322.51
