Transaction Date,Particulars,Chq/Ref No,Debit,Credit,Balance
01/08/2022,UPI/DR/69417920/MOHAN DAS/PUNB0368283/mohan109@okhdfc,TXN0271568,3499.00,,78434.52
02/08/2022,UPI/DR/894093942468/RAJESH VERMA/PUNB0368283/rajesh270@okaxis,TXN0271569,7800.00,,70634.52
02/08/2022,NEFT/144684643698/ADITYA KUMAR/PUNB0368283/12681357386406,TXN0271570,49.00,,70585.52
03/08/2022,IMPS/P2P/641341120737/RAJESH VERMA/7345676257,TXN0271571,,18500.00,89085.52
03/08/2022,ATM/WDL/80021923/SBI ATM JAYANAGAR BLR,TXN0271572,5200.00,,83885.52
03/08/2022,NEFT/48867346/FATIMA SHEIKH/PUNB0368283/55368963961925,TXN0271573,699.00,,83186.52
04/08/2022,ATM/WDL/8252320305/CANARA ATM MYSURU,TXN0271574,5200.00,,77986.52
05/08/2022,UPI/DR/998611827179/TANVI RAO/PUNB0368283/tanvi291@okaxis,TXN0271575,2380.00,,75606.52
05/08/2022,ATM/WDL/433274432601/SBI ATM JAYANAGAR BLR,TXN0271576,2380.00,,73226.52
05/08/2022,IMPS/P2P/321868364527/BABU LAL/7587890039,TXN0271577,,500.00,73726.52
06/08/2022,UPI/CR/81588792/KARTHIK MENON/PUNB0368283/karthik412@ybl,TXN0271578,,11200.00,84926.52
08/08/2022,UPI/DR/59753958/MEENA IYER/PUNB0368283/meena307@okhdfc,TXN0271579,1680.00,,83246.52
08/08/2022,UPI/DR/48855066/BABU LAL/PUNB0368283/babu892@okhdfc,TXN0271580,850.00,,82396.52
08/08/2022,NEFT/613747203650/LAKSHMI VENKAT/PUNB0368283/68294587591389,TXN0271581,,850.00,83246.52
09/08/2022,IMPS/P2P/4712311463/ANAND KUMAR/8244598699,TXN0271582,,500.00,83746.52
09/08/2022,CHQ NO 588508 CLEARING,TXN0271583,1250.00,,82496.52
09/08/2022,UPI/DR/03728680/SURESH BABU/PUNB0368283/suresh972@ybl,TXN0271584,49.00,,82447.52
10/08/2022,NEFT/8515838383/NILESH KULKARNI/PUNB0368283/84359792406179,TXN0271585,120.00,,82327.52
10/08/2022,NEFT/66437286/SUNITA DEVI/PUNB0368283/16303388587749,TXN0271586,,850.00,83177.52
10/08/2022,NEFT/126752568273/RAMESH GOWDA/PUNB0368283/79236994409860,TXN0271587,249.00,,82928.52
11/08/2022,UPI/DR/36061718/LALITHA DEVI/PUNB0368283/lalitha23@okaxis,TXN0271588,3499.00,,79429.52
11/08/2022,NEFT/140835838171/SUSHMA RAO/PUNB0368283/87372843708845,TXN0271589,,11200.00,90629.52
11/08/2022,CASH DEPOSIT/BRANCH COUNTER/WHITEFIELD BENGALURU,TXN0271590,,32000.00,122629.52
11/08/2022,CASH DEPOSIT/BRANCH COUNTER/WHITEFIELD BENGALURU,TXN0271591,,7600.00,130229.52
11/08/2022,UPI/DR/035977476837/PRIYA NAIR/PUNB0368283/priya366@okhdfc,TXN0271592,1250.00,,128979.52
12/08/2022,NEFT/8488238392/ANITHA KRISHNAN/PUNB0368283/77164592312272,TXN0271593,,500.00,129479.52
14/08/2022,CASH DEPOSIT/BRANCH COUNTER/WHITEFIELD BENGALURU,TXN0271594,,11200.00,140679.52
14/08/2022,UPI/DR/694146757096/GOPAL VERMA/PUNB0368283/gopal685@paytm,TXN0271595,850.00,,139829.52
15/08/2022,NEFT/4170144331/LALITHA DEVI/PUNB0368283/45438754177498,TXN0271596,7800.00,,132029.52
16/08/2022,UPI/DR/4515471651/USHA RANI/PUNB0368283/usha31@paytm,TXN0271597,249.00,,131780.52
16/08/2022,ATM/WDL/2898770612/CANARA ATM MYSURU,TXN0271598,2380.00,,129400.52
18/08/2022,UPI/DR/33769541/MOHAMMED IRFAN/PUNB0368283/mohammed266@okaxis,TXN0271599,79.00,,129321.52
18/08/2022,CASH DEPOSIT/BRANCH COUNTER/WHITEFIELD BENGALURU,TXN0271600,,18500.00,147821.52
18/08/2022,IMPS/P2P/20660650/SANJANA HEGDE/8460375501,TXN0271601,,24000.00,171821.52
19/08/2022,IMPS/P2P/4031019221/MEERA PILLAI/9566540322,TXN0271602,,7600.00,179421.52
20/08/2022,CASH DEPOSIT/BRANCH COUNTER/WHITEFIELD BENGALURU,TXN0271603,,7600.00,187021.52
20/08/2022,CHQ NO 473360 CLEARING,TXN0271604,999.00,,186022.52
20/08/2022,NEFT/0594683690/PRAKASH RAO/PUNB0368283/45403450075912,TXN0271605,999.00,,185023.52
21/08/2022,ATM/WDL/1241259559/CANARA ATM MYSURU,TXN0271606,850.00,,184173.52
21/08/2022,IMPS/P2P/764570635113/SURESH NAIR/9045870960,TXN0271607,,24000.00,208173.52
21/08/2022,NEFT/528578989694/FATIMA SHEIKH/PUNB0368283/14314430107919,TXN0271608,310.00,,207863.52
22/08/2022,CHQ NO 826846 CLEARING,TXN0271609,850.00,,207013.52
22/08/2022,ATM/WDL/613328062493/CANARA ATM MYSURU,TXN0271610,120.00,,206893.52
23/08/2022,UPI/DR/6272618561/ANAND KUMAR/PUNB0368283/anand834@oksbi,TXN0271611,310.00,,206583.52
23/08/2022,UPI/CR/4940063200/IMRAN KHAN/PUNB0368283/imran845@okaxis,TXN0271612,,7600.00,214183.52
23/08/2022,NEFT/639603181518/RAHUL SINGH/PUNB0368283/99170198498677,TXN0271613,,24000.00,238183.52
23/08/2022,NEFT/1834683089/RAHUL SINGH/PUNB0368283/60108452064469,TXN0271614,,18500.00,256683.52
23/08/2022,UPI/CR/32027759/RAHUL SINGH/PUNB0368283/rahul656@oksbi,TXN0271615,,2500.00,259183.52
24/08/2022,NEFT/185454050981/VINAY PATIL/PUNB0368283/87785807344739,TXN0271616,,32000.00,291183.52
24/08/2022,CASH DEPOSIT/BRANCH COUNTER/WHITEFIELD BENGALURU,TXN0271617,,850.00,292033.52
24/08/2022,UPI/DR/250215204136/DIVYA MENON/PUNB0368283/divya933@okhdfc,TXN0271618,7800.00,,284233.52
24/08/2022,IMPS/P2P/265249065931/NAVEEN KUMAR/7586172825,TXN0271619,,11200.00,295433.52
25/08/2022,UPI/DR/680453119395/RAMESH GOWDA/PUNB0368283/ramesh90@okaxis,TXN0271620,310.00,,295123.52
25/08/2022,CHQ NO 538607 CLEARING,TXN0271621,1680.00,,293443.52
25/08/2022,UPI/DR/632278759299/GOPAL VERMA/PUNB0368283/gopal959@okhdfc,TXN0271622,5200.00,,288243.52
26/08/2022,UPI/CR/63348886/SHEELA DEVI/PUNB0368283/sheela518@ybl,TXN0271623,,2500.00,290743.52
26/08/2022,UPI/DR/7777353029/DEEPAK JOSHI/PUNB0368283/deepak690@okhdfc,TXN0271624,1250.00,,289493.52
27/08/2022,UPI/DR/73188109/SHEELA DEVI/PUNB0368283/sheela372@ybl,TXN0271625,79.00,,289414.52
27/08/2022,UPI/DR/8357126370/FARHAN KHAN/PUNB0368283/farhan668@paytm,TXN0271626,1250.00,,288164.52
27/08/2022,ATM/WDL/4694729549/SBI ATM JAYANAGAR BLR,TXN0271627,310.00,,287854.52
28/08/2022,ATM/WDL/00264726/SBI ATM JAYANAGAR BLR,TXN0271628,699.00,,287155.52
28/08/2022,CASH DEPOSIT/BRANCH COUNTER/WHITEFIELD BENGALURU,TXN0271629,,850.00,288005.52
28/08/2022,UPI/DR/39346542/SUSHMA RAO/PUNB0368283/sushma726@okhdfc,TXN0271630,699.00,,287306.52
28/08/2022,UPI/DR/0668878788/ANAND KUMAR/PUNB0368283/anand598@okhdfc,TXN0271631,3499.00,,283807.52
29/08/2022,CHQ NO 474830 CLEARING,TXN0271632,2380.00,,281427.52
29/08/2022,UPI/CR/38429775/SUNITA DEVI/PUNB0368283/sunita376@oksbi,TXN0271633,,4800.00,286227.52
29/08/2022,ATM/WDL/7460443383/SBI ATM JAYANAGAR BLR,TXN0271634,2380.00,,283847.52
30/08/2022,IMPS/P2P/716456159960/KAVITHA RAO/8036297949,TXN0271635,,32000.00,315847.52
30/08/2022,NEFT/44407543/NAVEEN KUMAR/PUNB0368283/26231808755424,TXN0271636,,850.00,316697.52
31/08/2022,UPI/DR/36902334/RAVI KUMAR SHARMA/PUNB0368283/ravi650@oksbi,TXN0271637,120.00,,316577.52
31/08/2022,UPI/DR/90357745/RAJESH VERMA/PUNB0368283/rajesh163@paytm,TXN0271638,5200.00,,311377.52
31/08/2022,UPI/CR/321459320191/TARA SINGH/PUNB0368283/tara891@paytm,TXN0271639,,4800.00,316177.52
31/08/2022,IMPS/P2P/090123403075/USHA RANI/8429482646,TXN0271640,,4800.00,320977.52
31/08/2022,CHQ NO 211545 CLEARING,TXN0271641,120.00,,320857.52
01/09/2022,UPI/DR/57788242/NIKHIL GUPTA/PUNB0368283/nikhil234@okhdfc,TXN0271642,449.00,,320408.52
01/09/2022,NEFT/8613001917/DEEPA NAIR/PUNB0368283/48035612846491,TXN0271643,1680.00,,318728.52
01/09/2022,UPI/DR/60833173/DEEPAK JOSHI/PUNB0368283/deepak86@ybl,TXN0271644,449.00,,318279.52
02/09/2022,UPI/DR/525223672285/SURESH BABU/PUNB0368283/suresh950@okaxis,TXN0271645,7800.00,,310479.52
02/09/2022,CASH DEPOSIT/BRANCH COUNTER/WHITEFIELD BENGALURU,TXN0271646,,11200.00,321679.52
04/09/2022,UPI/CR/0653685020/KARTHIK MENON/PUNB0368283/karthik14@okhdfc,TXN0271647,,4800.00,326479.52
04/09/2022,UPI/CR/58853285/ARCHANA PILLAI/PUNB0368283/archana677@okaxis,TXN0271648,,4800.00,331279.52
04/09/2022,UPI/CR/85913545/SHAHID KHAN/PUNB0368283/shahid167@okhdfc,TXN0271649,,4800.00,336079.52
04/09/2022,UPI/CR/9475480878/RAJENDRA PRASAD/PUNB0368283/rajendra306@paytm,TXN0271650,,18500.00,354579.52
04/09/2022,UPI/DR/1936871108/REKHA PILLAI/PUNB0368283/rekha559@okhdfc,TXN0271651,249.00,,354330.52
04/09/2022,UPI/DR/42140648/AYESHA KHAN/PUNB0368283/ayesha368@paytm,TXN0271652,3499.00,,350831.52
05/09/2022,ATM/WDL/0896679509/SBI ATM JAYANAGAR BLR,TXN0271653,449.00,,350382.52
05/09/2022,CHQ NO 039552 CLEARING,TXN0271654,2380.00,,348002.52
05/09/2022,NEFT/9342729595/ANITHA KRISHNAN/PUNB0368283/83294518603865,TXN0271655,79.00,,347923.52
05/09/2022,NEFT/51784053/SMITHA PILLAI/PUNB0368283/03783292245905,TXN0271656,1250.00,,346673.52
06/09/2022,UPI/CR/8998632570/MOHAN DAS/PUNB0368283/mohan991@paytm,TXN0271657,,11200.00,357873.52
07/09/2022,UPI/DR/86162176/KAVITHA RAO/PUNB0368283/kavitha399@okhdfc,TXN0271658,249.00,,357624.52
09/09/2022,NEFT/84118603/DIVYA MENON/PUNB0368283/70425878551619,TXN0271659,,32000.00,389624.52
09/09/2022,CASH DEPOSIT/BRANCH COUNTER/WHITEFIELD BENGALURU,TXN0271660,,11200.00,400824.52
09/09/2022,ATM/WDL/56709913/SBI ATM JAYANAGAR BLR,TXN0271661,310.00,,400514.52
10/09/2022,ATM/WDL/8365080403/HDFC ATM KORAMANGALA,TXN0271662,49.00,,400465.52
11/09/2022,NEFT/9426033700/VENKAT RAO/PUNB0368283/53961943643311,TXN0271663,,2500.00,402965.52
11/09/2022,UPI/CR/97260897/NIKHIL GUPTA/PUNB0368283/nikhil689@okhdfc,TXN0271664,,2500.00,405465.52
11/09/2022,NEFT/03471503/VIKRAM NAIR/PUNB0368283/91058133197213,TXN0271665,1250.00,,404215.52
12/09/2022,IMPS/P2P/543571744757/RAMESH PILLAI/8541682364,TXN0271666,,18500.00,422715.52
12/09/2022,UPI/DR/51868925/FATIMA SHEIKH/PUNB0368283/fatima190@okaxis,TXN0271667,120.00,,422595.52
12/09/2022,IMPS/P2P/57633227/DEEPA NAIR/8047102039,TXN0271668,,500.00,423095.52
12/09/2022,CHQ NO 347002 CLEARING,TXN0271669,2380.00,,420715.52
14/09/2022,NEFT/070841180452/BABU LAL/PUNB0368283/57066429790113,TXN0271670,120.00,,420595.52
14/09/2022,UPI/DR/08470550/KIRAN REDDY/PUNB0368283/kiran716@oksbi,TXN0271671,120.00,,420475.52
15/09/2022,CASH DEPOSIT/BRANCH COUNTER/WHITEFIELD BENGALURU,TXN0271672,,32000.00,452475.52
15/09/2022,ATM/WDL/75244356/HDFC ATM KORAMANGALA,TXN0271673,850.00,,451625.52
15/09/2022,IMPS/P2P/089915691014/KAVITHA RAO/7351504671,TXN0271674,,1200.00,452825.52
17/09/2022,UPI/DR/2004947975/RANJIT SINGH/PUNB0368283/ranjit105@okhdfc,TXN0271675,79.00,,452746.52
18/09/2022,CHQ NO 381002 CLEARING,TXN0271676,79.00,,452667.52
19/09/2022,IMPS/P2P/36546765/HARISH MENON/8715685082,TXN0271677,,850.00,453517.52
19/09/2022,IMPS/P2P/15428469/TANVI RAO/7214288838,TXN0271678,,4800.00,458317.52
19/09/2022,CHQ NO 039090 CLEARING,TXN0271679,120.00,,458197.52
19/09/2022,UPI/DR/0555439879/DIVYA MENON/PUNB0368283/divya709@paytm,TXN0271680,1250.00,,456947.52
20/09/2022,NEFT/79694365/MEENA IYER/PUNB0368283/51297907621288,TXN0271681,,11200.00,468147.52
20/09/2022,UPI/CR/7302200236/MALLIKA DAS/PUNB0368283/mallika144@oksbi,TXN0271682,,500.00,468647.52
20/09/2022,CASH DEPOSIT/BRANCH COUNTER/WHITEFIELD BENGALURU,TXN0271683,,4800.00,473447.52
21/09/2022,UPI/DR/243706870811/VINAY PATIL/PUNB0368283/vinay55@oksbi,TXN0271684,2380.00,,471067.52
21/09/2022,CASH DEPOSIT/BRANCH COUNTER/WHITEFIELD BENGALURU,TXN0271685,,1200.00,472267.52
21/09/2022,UPI/DR/264287016503/SURESH NAIR/PUNB0368283/suresh657@okaxis,TXN0271686,3499.00,,468768.52
21/09/2022,UPI/DR/43670629/KIRAN REDDY/PUNB0368283/kiran999@paytm,TXN0271687,449.00,,468319.52
22/09/2022,NEFT/9793309225/IMRAN KHAN/PUNB0368283/97992168893420,TXN0271688,1250.00,,467069.52
22/09/2022,UPI/DR/70337138/SUSHMA RAO/PUNB0368283/sushma672@paytm,TXN0271689,5200.00,,461869.52
22/09/2022,UPI/DR/45391188/POOJA SHARMA/PUNB0368283/pooja895@oksbi,TXN0271690,449.00,,461420.52
23/09/2022,UPI/DR/745321682558/SURESH BABU/PUNB0368283/suresh703@okhdfc,TXN0271691,850.00,,460570.52
23/09/2022,UPI/DR/177213309844/DIVYA MENON/PUNB0368283/divya547@oksbi,TXN0271692,49.00,,460521.52
23/09/2022,UPI/CR/7132104801/PADMA RAO/PUNB0368283/padma411@ybl,TXN0271693,,2500.00,463021.52
23/09/2022,UPI/CR/24043850/LALITHA DEVI/PUNB0368283/lalitha895@okaxis,TXN0271694,,32000.00,495021.52
23/09/2022,CASH DEPOSIT/BRANCH COUNTER/WHITEFIELD BENGALURU,TXN0271695,,2500.00,497521.52
23/09/2022,UPI/DR/7164129313/BABU LAL/PUNB0368283/babu552@okhdfc,TXN0271696,699.00,,496822.52
23/09/2022,UPI/DR/81018649/ROHIT SHARMA/PUNB0368283/rohit923@okaxis,TXN0271697,850.00,,495972.52
24/09/2022,NEFT/6475927345/LALITHA DEVI/PUNB0368283/97950009494246,TXN0271698,,500.00,496472.52
24/09/2022,UPI/CR/3613582949/SMITHA PILLAI/PUNB0368283/smitha674@oksbi,TXN0271699,,24000.00,520472.52
24/09/2022,UPI/CR/734161652807/VIKRAM NAIR/PUNB0368283/vikram527@oksbi,TXN0271700,,18500.00,538972.52
25/09/2022,UPI/DR/452290617130/KAVITHA RAO/PUNB0368283/kavitha992@paytm,TXN0271701,7800.00,,531172.52
25/09/2022,UPI/CR/42766013/SUNITA DEVI/PUNB0368283/sunita304@paytm,TXN0271702,,11200.00,542372.52
25/09/2022,CHQ NO 176605 CLEARING,TXN0271703,2380.00,,539992.52
25/09/2022,UPI/CR/302800365483/SUNITA DEVI/PUNB0368283/sunita456@okhdfc,TXN0271704,,2500.00,542492.52
26/09/2022,CASH DEPOSIT/BRANCH COUNTER/WHITEFIELD BENGALURU,TXN0271705,,11200.00,553692.52
26/09/2022,UPI/DR/08012069/NADIA HUSSAIN/PUNB0368283/nadia710@okaxis,TXN0271706,2380.00,,551312.52
26/09/2022,UPI/CR/1188507658/GOPAL VERMA/PUNB0368283/gopal263@okaxis,TXN0271707,,18500.00,569812.52
27/09/2022,UPI/DR/6039163387/FATIMA SHEIKH/PUNB0368283/fatima705@okaxis,TXN0271708,120.00,,569692.52
27/09/2022,CASH DEPOSIT/BRANCH COUNTER/WHITEFIELD BENGALURU,TXN0271709,,2500.00,572192.52
27/09/2022,NEFT/61137084/PRAKASH RAO/PUNB0368283/92202227923594,TXN0271710,,24000.00,596192.52
27/09/2022,UPI/DR/5004885048/TARA SINGH/PUNB0368283/tara331@oksbi,TXN0271711,5200.00,,590992.52
27/09/2022,CHQ NO 798944 CLEARING,TXN0271712,249.00,,590743.52
28/09/2022,UPI/DR/884973740108/FAILED/TimeOut/Nikhil Gupta,TXN0271713,5000.00,,590743.52
28/09/2022,NEFT/5773470453/ARUN SHARMA/PUNB0368283/84431713530132,TXN0271714,,32000.00,622743.52
29/09/2022,CHQ NO 820309 CLEARING,TXN0271715,2380.00,,620363.52
29/09/2022,UPI/DR/9336979936/VIKRAM NAIR/PUNB0368283/vikram566@okhdfc,TXN0271716,999.00,,619364.52
29/09/2022,NEFT/47340868/ROHIT SHARMA/PUNB0368283/10331691904821,TXN0271717,79.00,,619285.52
30/09/2022,UPI/CR/78734179/MALLIKA DAS/PUNB0368283/mallika799@okhdfc,TXN0271718,,850.00,620135.52
30/09/2022,NEFT/445889116436/RAHUL SINGH/PUNB0368283/64438242077611,TXN0271719,7800.00,,612335.52
30/09/2022,IMPS/P2P/856509817155/DIVYA MENON/9704220280,TXN0271720,,4800.00,617135.52
30/09/2022,CHQ NO 645514 CLEARING,TXN0271721,999.00,,616136.52
01/10/2022,CHQ NO 304999 CLEARING,TXN0271722,850.00,,615286.52
01/10/2022,UPI/DR/928252464947/POOJA SHARMA/PUNB0368283/pooja945@paytm,TXN0271723,1250.00,,614036.52
02/10/2022,UPI/CR/0325016619/MOHAMMED IRFAN/PUNB0368283/mohammed668@okhdfc,TXN0271724,,11200.00,625236.52
02/10/2022,NEFT/33696166/RAJENDRA PRASAD/PUNB0368283/01114164567286,TXN0271725,5200.00,,620036.52
02/10/2022,UPI/DR/93534211/DEEPAK JOSHI/PUNB0368283/deepak171@paytm,TXN0271726,699.00,,619337.52
03/10/2022,IMPS/P2P/96393912/SUSHMA RAO/7603612270,TXN0271727,,11200.00,630537.52
03/10/2022,CHQ NO 914426 CLEARING,TXN0271728,1250.00,,629287.52
03/10/2022,CHQ NO 879745 CLEARING,TXN0271729,999.00,,628288.52
03/10/2022,NEFT/419213270401/SHEELA DEVI/PUNB0368283/10685139512871,TXN0271730,,11200.00,639488.52
04/10/2022,CASH DEPOSIT/BRANCH COUNTER/WHITEFIELD BENGALURU,TXN0271731,,500.00,639988.52
04/10/2022,UPI/DR/5671355445/RAVI KUMAR SHARMA/PUNB0368283/ravi897@paytm,TXN0271732,7800.00,,632188.52
05/10/2022,NEFT/911963070966/GOPAL VERMA/PUNB0368283/93640226495696,TXN0271733,999.00,,631189.52
05/10/2022,UPI/DR/48292645/KAVYA REDDY/PUNB0368283/kavya31@paytm,TXN0271734,3499.00,,627690.52
05/10/2022,NEFT/44715768/KIRAN REDDY/PUNB0368283/94787618605773,TXN0271735,,18500.00,646190.52
06/10/2022,NEFT/742240897872/ARJUN MEHTA/PUNB0368283/86524618301364,TXN0271736,699.00,,645491.52
06/10/2022,UPI/DR/529418975817/PRAKASH RAO/PUNB0368283/prakash482@oksbi,TXN0271737,1680.00,,643811.52
06/10/2022,UPI/DR/874716317474/ROHIT SHARMA/PUNB0368283/rohit597@okaxis,TXN0271738,79.00,,643732.52
07/10/2022,IMPS/P2P/725342194876/PRIYA NAIR/8029098757,TXN0271739,,2500.00,646232.52
07/10/2022,CASH DEPOSIT/BRANCH COUNTER/WHITEFIELD BENGALURU,TXN0271740,,32000.00,678232.52
07/10/2022,UPI/CR/9967471630/PADMA RAO/PUNB0368283/padma336@ybl,TXN0271741,,2500.00,680732.52
07/10/2022,ATM/WDL/07625419/SBI ATM JAYANAGAR BLR,TXN0271742,79.00,,680653.52
07/10/2022,UPI/DR/60520031/SUNITA DEVI/PUNB0368283/sunita396@oksbi,TXN0271743,249.00,,680404.52
07/10/2022,CASH DEPOSIT/BRANCH COUNTER/WHITEFIELD BENGALURU,TXN0271744,,7600.00,688004.52
08/10/2022,UPI/DR/53168339/SANJANA HEGDE/PUNB0368283/sanjana139@ybl,TXN0271745,1250.00,,686754.52
08/10/2022,UPI/DR/40289922/ANAND KUMAR/PUNB0368283/anand638@paytm,TXN0271746,49.00,,686705.52
08/10/2022,IMPS/P2P/56013146/HARISH MENON/9281031785,TXN0271747,,4800.00,691505.52
09/10/2022,ATM/WDL/0036877573/CANARA ATM MYSURU,TXN0271748,999.00,,690506.52
09/10/2022,CASH DEPOSIT/BRANCH COUNTER/WHITEFIELD BENGALURU,TXN0271749,,500.00,691006.52
10/10/2022,UPI/DR/39748755/SUNITA DEVI/PUNB0368283/sunita473@okaxis,TXN0271750,79.00,,690927.52
11/10/2022,IMPS/P2P/25826623/KIRAN REDDY/7266282521,TXN0271751,,1200.00,692127.52
11/10/2022,UPI/DR/6875322443/MOHAMMED IRFAN/PUNB0368283/mohammed253@oksbi,TXN0271752,7800.00,,684327.52
11/10/2022,UPI/DR/629617464065/LAKSHMI VENKAT/PUNB0368283/lakshmi922@oksbi,TXN0271753,5200.00,,679127.52
11/10/2022,ATM/WDL/31167146/HDFC ATM KORAMANGALA,TXN0271754,249.00,,678878.52
12/10/2022,CHQ NO 916737 CLEARING,TXN0271755,699.00,,678179.52
12/10/2022,NEFT/06014171/ANAND KUMAR/PUNB0368283/01675300767840,TXN0271756,,500.00,678679.52
12/10/2022,NEFT/1533216814/HARISH MENON/PUNB0368283/13460778820656,TXN0271757,,4800.00,683479.52
12/10/2022,CHQ NO 956072 CLEARING,TXN0271758,999.00,,682480.52
13/10/2022,IMPS/P2P/41467000/NAVEEN KUMAR/9415910963,TXN0271759,,2500.00,684980.52
14/10/2022,NEFT/86124976/RANJIT SINGH/PUNB0368283/33396732013507,TXN0271760,,32000.00,716980.52
14/10/2022,UPI/CR/7244566878/FARHAN KHAN/PUNB0368283/farhan188@ybl,TXN0271761,,1200.00,718180.52
16/10/2022,UPI/DR/88347462/RAJENDRA PRASAD/PUNB0368283/rajendra880@ybl,TXN0271762,2380.00,,715800.52
17/10/2022,ATM/WDL/730337842107/HDFC ATM KORAMANGALA,TXN0271763,1680.00,,714120.52
17/10/2022,UPI/DR/27955084/MOHAMMED IRFAN/PUNB0368283/mohammed330@okhdfc,TXN0271764,249.00,,713871.52
17/10/2022,NEFT/455280124357/IMRAN KHAN/PUNB0368283/29831098801438,TXN0271765,310.00,,713561.52
18/10/2022,UPI/CR/69411697/MEENA IYER/PUNB0368283/meena644@okhdfc,TXN0271766,,11200.00,724761.52
18/10/2022,IMPS/P2P/1903849008/KAVERI MENON/7574371149,TXN0271767,,11200.00,735961.52
19/10/2022,NEFT/29616720/FARHAN KHAN/PUNB0368283/92196531509904,TXN0271768,,11200.00,747161.52
20/10/2022,UPI/DR/18052620/SAVITHA DEVI/PUNB0368283/savitha808@okaxis,TXN0271769,850.00,,746311.52
20/10/2022,CASH DEPOSIT/BRANCH COUNTER/WHITEFIELD BENGALURU,TXN0271770,,18500.00,764811.52
20/10/2022,UPI/CR/5924966720/VENKAT RAO/PUNB0368283/venkat10@okhdfc,TXN0271771,,18500.00,783311.52
20/10/2022,NEFT/0760694720/DEEPAK JOSHI/PUNB0368283/42939873124918,TXN0271772,,850.00,784161.52
22/10/2022,CASH DEPOSIT/BRANCH COUNTER/WHITEFIELD BENGALURU,TXN0271773,,7600.00,791761.52
22/10/2022,UPI/DR/355529720713/USHA RANI/PUNB0368283/usha758@oksbi,TXN0271774,699.00,,791062.52
22/10/2022,UPI/DR/38295910/REKHA PILLAI/PUNB0368283/rekha852@okaxis,TXN0271775,1680.00,,789382.52
22/10/2022,UPI/CR/0597213199/SNEHA PATIL/PUNB0368283/sneha15@paytm,TXN0271776,,32000.00,821382.52
22/10/2022,NEFT/68582314/MOHAMMED IRFAN/PUNB0368283/85677091588022,TXN0271777,5200.00,,816182.52
22/10/2022,UPI/DR/65866412/ROHIT SHARMA/PUNB0368283/rohit982@paytm,TXN0271778,7800.00,,808382.52
23/10/2022,ATM/WDL/9625790267/CANARA ATM MYSURU,TXN0271779,249.00,,808133.52
23/10/2022,IMPS/P2P/03355457/HARISH MENON/9019699060,TXN0271780,,850.00,808983.52
23/10/2022,NEFT/94208222/RANJIT SINGH/PUNB0368283/54721616396229,TXN0271781,,24000.00,832983.52
23/10/2022,NEFT/05579196/MEENA IYER/PUNB0368283/19349476936053,TXN0271782,,1200.00,834183.52
23/10/2022,CHQ NO 115062 CLEARING,TXN0271783,999.00,,833184.52
23/10/2022,CHQ NO 250344 CLEARING,TXN0271784,1680.00,,831504.52
24/10/2022,UPI/CR/307295562606/RAMESH PILLAI/PUNB0368283/ramesh535@oksbi,TXN0271785,,500.00,832004.52
25/10/2022,NEFT/74379139/GOPAL VERMA/PUNB0368283/06777329385662,TXN0271786,,1200.00,833204.52
25/10/2022,UPI/CR/8860226894/GEETA DEVI/PUNB0368283/geeta921@okaxis,TXN0271787,,11200.00,844404.52
25/10/2022,UPI/DR/756252091777/LALITHA DEVI/PUNB0368283/lalitha44@okhdfc,TXN0271788,120.00,,844284.52
26/10/2022,CASH DEPOSIT/BRANCH COUNTER/WHITEFIELD BENGALURU,TXN0271789,,24000.00,868284.52
26/10/2022,IMPS/P2P/281193083221/ROHIT SHARMA/8093817724,TXN0271790,,500.00,868784.52
27/10/2022,UPI/CR/86615932/RAHUL SINGH/PUNB0368283/rahul570@okhdfc,TXN0271791,,850.00,869634.52
27/10/2022,UPI/DR/808711529325/ARUN SHARMA/PUNB0368283/arun437@paytm,TXN0271792,1680.00,,867954.52
28/10/2022,UPI/DR/7430813557/USHA RANI/PUNB0368283/usha575@paytm,TXN0271793,1250.00,,866704.52
28/10/2022,UPI/DR/9913254459/DEEPAK JOSHI/PUNB0368283/deepak426@ybl,TXN0271794,79.00,,866625.52
28/10/2022,CHQ NO 994389 CLEARING,TXN0271795,699.00,,865926.52
28/10/2022,IMPS/P2P/50204994/SMITHA PILLAI/7440621479,TXN0271796,,500.00,866426.52
28/10/2022,NEFT/21603674/RESHMA KHAN/PUNB0368283/41402824837882,TXN0271797,,7600.00,874026.52
29/10/2022,IMPS/P2P/700665333196/FARHAN KHAN/7109806928,TXN0271798,,1200.00,875226.52
29/10/2022,ATM/WDL/73438867/HDFC ATM KORAMANGALA,TXN0271799,449.00,,874777.52
29/10/2022,ATM/WDL/88813915/HDFC ATM KORAMANGALA,TXN0271800,49.00,,874728.52
31/10/2022,UPI/CR/25489785/ADITYA KUMAR/PUNB0368283/aditya948@oksbi,TXN0271801,,500.00,875228.52
31/10/2022,UPI/DR/48947131/ARJUN MEHTA/PUNB0368283/arjun26@ybl,TXN0271802,449.00,,874779.52
31/10/2022,CASH DEPOSIT/BRANCH COUNTER/WHITEFIELD BENGALURU,TXN0271803,,1200.00,875979.52
31/10/2022,CHQ NO 327228 CLEARING,TXN0271804,7800.00,,868179.52
31/10/2022,NEFT/8198158349/SMITHA PILLAI/PUNB0368283/48103848039159,TXN0271805,,4800.00,872979.52
01/11/2022,UPI/DR/01077215/KAVYA REDDY/PUNB0368283/kavya974@ybl,TXN0271806,850.00,,872129.52
01/11/2022,ATM/WDL/6040767901/SBI ATM JAYANAGAR BLR,TXN0271807,49.00,,872080.52
01/11/2022,NEFT/451608378069/AYESHA KHAN/PUNB0368283/90254749899805,TXN0271808,,2500.00,874580.52
01/11/2022,UPI/DR/985922529725/PRAKASH RAO/PUNB0368283/prakash237@oksbi,TXN0271809,1680.00,,872900.52
02/11/2022,NEFT/9108223349/RESHMA KHAN/PUNB0368283/95582102638487,TXN0271810,249.00,,872651.52
02/11/2022,UPI/DR/681562441501/POOJA SHARMA/PUNB0368283/pooja358@ybl,TXN0271811,2380.00,,870271.52
02/11/2022,UPI/DR/239968072097/LALITHA DEVI/PUNB0368283/lalitha989@okhdfc,TXN0271812,249.00,,870022.52
02/11/2022,CHQ NO 003799 CLEARING,TXN0271813,850.00,,869172.52
02/11/2022,IMPS/P2P/66837460/MOHAN DAS/7821989349,TXN0271814,,4800.00,873972.52
02/11/2022,UPI/DR/094012376310/SUSHMA RAO/PUNB0368283/sushma538@okaxis,TXN0271815,1250.00,,872722.52
03/11/2022,UPI/DR/7162353734/RAVI KUMAR SHARMA/PUNB0368283/ravi912@ybl,TXN0271816,3499.00,,869223.52
03/11/2022,ATM/WDL/970888815619/CANARA ATM MYSURU,TXN0271817,699.00,,868524.52
03/11/2022,NEFT/4285020137/MEENA IYER/PUNB0368283/91835743807882,TXN0271818,310.00,,868214.52
03/11/2022,CASH DEPOSIT/BRANCH COUNTER/WHITEFIELD BENGALURU,TXN0271819,,1200.00,869414.52
04/11/2022,NEFT/65178954/ARUN SHARMA/PUNB0368283/28342491603185,TXN0271820,3499.00,,865915.52
04/11/2022,NEFT/8270591342/PRAKASH RAO/PUNB0368283/97587357600697,TXN0271821,,500.00,866415.52
04/11/2022,NEFT/300618005641/NADIA HUSSAIN/PUNB0368283/40444278184049,TXN0271822,1680.00,,864735.52
05/11/2022,UPI/DR/923067555120/KIRAN REDDY/PUNB0368283/kiran188@oksbi,TXN0271823,79.00,,864656.52
06/11/2022,NEFT/3835897119/FATIMA SHEIKH/PUNB0368283/52132246067271,TXN0271824,,500.00,865156.52
06/11/2022,NEFT/65599514/CHANDAN SHARMA/PUNB0368283/02744755682317,TXN0271825,,1200.00,866356.52
07/11/2022,UPI/DR/24185238/LALITHA DEVI/PUNB0368283/lalitha703@okaxis,TXN0271826,79.00,,866277.52
07/11/2022,CHQ NO 858330 CLEARING,TXN0271827,49.00,,866228.52
07/11/2022,UPI/DR/2374053232/NILESH KULKARNI/PUNB0368283/nilesh35@ybl,TXN0271828,699.00,,865529.52
08/11/2022,UPI/DR/038731441017/BABU LAL/PUNB0368283/babu902@ybl,TXN0271829,310.00,,865219.52
08/11/2022,UPI/DR/95381186/LALITHA DEVI/PUNB0368283/lalitha126@okaxis,TXN0271830,1680.00,,863539.52
09/11/2022,UPI/DR/434761688117/HARISH MENON/PUNB0368283/harish974@oksbi,TXN0271831,120.00,,863419.52
09/11/2022,ATM/WDL/037122666375/HDFC ATM KORAMANGALA,TXN0271832,1250.00,,862169.52
09/11/2022,ATM/WDL/068125682559/HDFC ATM KORAMANGALA,TXN0271833,1680.00,,860489.52
09/11/2022,UPI/DR/6770379830/KAVERI MENON/PUNB0368283/kaveri988@okhdfc,TXN0271834,449.00,,860040.52
10/11/2022,IMPS/P2P/64734618/SHAHID KHAN/8482998178,TXN0271835,,32000.00,892040.52
10/11/2022,ATM/WDL/24224258/SBI ATM JAYANAGAR BLR,TXN0271836,2380.00,,889660.52
11/11/2022,IMPS/P2P/7535716287/NAVEEN KUMAR/7034293088,TXN0271837,,1200.00,890860.52
11/11/2022,UPI/DR/95919844/SAVITHA DEVI/PUNB0368283/savitha70@paytm,TXN0271838,1680.00,,889180.52
11/11/2022,CASH DEPOSIT/BRANCH COUNTER/WHITEFIELD BENGALURU,TXN0271839,,7600.00,896780.52
12/11/2022,NEFT/8547330826/PREETHI IYER/PUNB0368283/83907937320997,TXN0271840,49.00,,896731.52
12/11/2022,IMPS/P2P/0373174907/KAVITHA RAO/7273018546,TXN0271841,,32000.00,928731.52
12/11/2022,UPI/CR/6821724484/NADIA HUSSAIN/PUNB0368283/nadia662@ybl,TXN0271842,,18500.00,947231.52
12/11/2022,UPI/DR/37023576/GEETA DEVI/PUNB0368283/geeta956@paytm,TXN0271843,5200.00,,942031.52
12/11/2022,UPI/DR/103157052182/SANTOSH KUMAR/PUNB0368283/santosh691@oksbi,TXN0271844,79.00,,941952.52
13/11/2022,UPI/CR/371914841135/AYESHA KHAN/PUNB0368283/ayesha23@oksbi,TXN0271845,,850.00,942802.52
13/11/2022,NEFT/3316002766/HARISH MENON/PUNB0368283/34339880092930,TXN0271846,120.00,,942682.52
14/11/2022,UPI/DR/1343842579/GOPAL VERMA/PUNB0368283/gopal784@oksbi,TXN0271847,49.00,,942633.52
14/11/2022,NEFT/09270296/LATHA MURTHY/PUNB0368283/82239960714348,TXN0271848,2380.00,,940253.52
15/11/2022,ATM/WDL/61153179/HDFC ATM KORAMANGALA,TXN0271849,2380.00,,937873.52
15/11/2022,ATM/WDL/96502892/HDFC ATM KORAMANGALA,TXN0271850,3499.00,,934374.52
16/11/2022,UPI/DR/952432491813/DIVYA MENON/PUNB0368283/divya588@oksbi,TXN0271851,79.00,,934295.52
16/11/2022,UPI/CR/8028342438/RANJIT SINGH/PUNB0368283/ranjit630@ybl,TXN0271852,,2500.00,936795.52
17/11/2022,UPI/DR/17345066/BINDHU NAIR/PUNB0368283/bindhu456@okhdfc,TXN0271853,79.00,,936716.52
17/11/2022,UPI/DR/012017067091/NAVEEN KUMAR/PUNB0368283/naveen587@ybl,TXN0271854,1680.00,,935036.52
17/11/2022,UPI/DR/5797426456/SANJANA HEGDE/PUNB0368283/sanjana279@ybl,TXN0271855,850.00,,934186.52
18/11/2022,NEFT/45024569/KAVERI MENON/PUNB0368283/25697738362246,TXN0271856,1680.00,,932506.52
18/11/2022,UPI/DR/5943372561/ANAND KUMAR/PUNB0368283/anand509@oksbi,TXN0271857,310.00,,932196.52
18/11/2022,ATM/WDL/2590459372/CANARA ATM MYSURU,TXN0271858,5200.00,,926996.52
18/11/2022,CHQ NO 408499 CLEARING,TXN0271859,5200.00,,921796.52
18/11/2022,UPI/DR/725249916447/PREETHI IYER/PUNB0368283/preethi762@okaxis,TXN0271860,699.00,,921097.52
19/11/2022,CASH DEPOSIT/BRANCH COUNTER/WHITEFIELD BENGALURU,TXN0271861,,2500.00,923597.52
19/11/2022,UPI/DR/87253683/RAJENDRA PRASAD/PUNB0368283/rajendra622@oksbi,TXN0271862,3499.00,,920098.52
19/11/2022,CASH DEPOSIT/BRANCH COUNTER/WHITEFIELD BENGALURU,TXN0271863,,24000.00,944098.52
21/11/2022,UPI/DR/52219089/ARUN SHARMA/PUNB0368283/arun840@okhdfc,TXN0271864,449.00,,943649.52
21/11/2022,NEFT/878034811954/SNEHA PATIL/PUNB0368283/40332280123620,TXN0271865,,24000.00,967649.52
22/11/2022,UPI/DR/1721684557/PADMA RAO/PUNB0368283/padma102@oksbi,TXN0271866,699.00,,966950.52
22/11/2022,UPI/DR/3065471915/SUNITA DEVI/PUNB0368283/sunita438@okhdfc,TXN0271867,2380.00,,964570.52
23/11/2022,CHQ NO 943679 CLEARING,TXN0271868,449.00,,964121.52
23/11/2022,ATM/WDL/5091813365/SBI ATM JAYANAGAR BLR,TXN0271869,1250.00,,962871.52
23/11/2022,UPI/DR/54435513/DIVYA MENON/PUNB0368283/divya137@ybl,TXN0271870,1250.00,,961621.52
24/11/2022,CHQ NO 811569 CLEARING,TXN0271871,49.00,,961572.52
24/11/2022,UPI/DR/3152384331/SANJANA HEGDE/PUNB0368283/sanjana591@paytm,TXN0271872,79.00,,961493.52
24/11/2022,CASH DEPOSIT/BRANCH COUNTER/WHITEFIELD BENGALURU,TXN0271873,,32000.00,993493.52
24/11/2022,UPI/DR/320374029450/RAVI KUMAR SHARMA/PUNB0368283/ravi17@paytm,TXN0271874,2380.00,,991113.52
25/11/2022,CHQ NO 822863 CLEARING,TXN0271875,5200.00,,985913.52
25/11/2022,UPI/DR/70483868/DIVYA MENON/PUNB0368283/divya508@paytm,TXN0271876,5200.00,,980713.52
26/11/2022,ATM/WDL/4666391276/CANARA ATM MYSURU,TXN0271877,449.00,,980264.52
26/11/2022,IMPS/P2P/16180232/TANVI RAO/9834531440,TXN0271878,,7600.00,987864.52
27/11/2022,CASH DEPOSIT/BRANCH COUNTER/WHITEFIELD BENGALURU,TXN0271879,,18500.00,1006364.52
27/11/2022,NEFT/53330593/SURESH BABU/PUNB0368283/36939796436268,TXN0271880,,11200.00,1017564.52
28/11/2022,CASH DEPOSIT/BRANCH COUNTER/WHITEFIELD BENGALURU,TXN0271881,,4800.00,1022364.52
28/11/2022,NEFT/588053259418/REKHA PILLAI/PUNB0368283/88294186685502,TXN0271882,49.00,,1022315.52
28/11/2022,UPI/DR/7751066341/CHANDAN SHARMA/PUNB0368283/chandan760@okaxis,TXN0271883,249.00,,1022066.52
28/11/2022,UPI/DR/9909165189/GEETA DEVI/PUNB0368283/geeta100@oksbi,TXN0271884,310.00,,1021756.52
28/11/2022,NEFT/79395902/MOHAMMED IRFAN/PUNB0368283/19287474705864,TXN0271885,3499.00,,1018257.52
29/11/2022,UPI/DR/255510865712/MEERA PILLAI/PUNB0368283/meera151@okhdfc,TXN0271886,79.00,,1018178.52
29/11/2022,UPI/DR/32740796/AYESHA KHAN/PUNB0368283/ayesha765@paytm,TXN0271887,49.00,,1018129.52
29/11/2022,UPI/DR/35203478/LAKSHMI VENKAT/PUNB0368283/lakshmi304@paytm,TXN0271888,850.00,,1017279.52
29/11/2022,NEFT/605076981355/MOHAN DAS/PUNB0368283/48486671296341,TXN0271889,,7600.00,1024879.52
30/11/2022,UPI/CR/1582199181/POOJA SHARMA/PUNB0368283/pooja335@ybl,TXN0271890,,2500.00,1027379.52
01/12/2022,CASH DEPOSIT/BRANCH COUNTER/WHITEFIELD BENGALURU,TXN0271891,,24000.00,1051379.52
01/12/2022,UPI/CR/34843870/GANESH KUMAR/PUNB0368283/ganesh813@paytm,TXN0271892,,32000.00,1083379.52
02/12/2022,CHQ NO 976863 CLEARING,TXN0271893,5200.00,,1078179.52
03/12/2022,UPI/CR/645884760245/DEEPAK JOSHI/PUNB0368283/deepak987@okhdfc,TXN0271894,,2500.00,1080679.52
03/12/2022,UPI/CR/12656189/SUNIL YADAV/PUNB0368283/sunil967@okhdfc,TXN0271895,,7600.00,1088279.52
03/12/2022,ATM/WDL/87417781/SBI ATM JAYANAGAR BLR,TXN0271896,1250.00,,1087029.52
04/12/2022,UPI/DR/85514286/PRIYA NAIR/PUNB0368283/priya708@oksbi,TXN0271897,449.00,,1086580.52
04/12/2022,CASH DEPOSIT/BRANCH COUNTER/WHITEFIELD BENGALURU,TXN0271898,,4800.00,1091380.52
04/12/2022,UPI/DR/000250125151/ANITHA KRISHNAN/PUNB0368283/anitha200@paytm,TXN0271899,249.00,,1091131.52
04/12/2022,UPI/CR/016517140831/LATHA MURTHY/PUNB0368283/latha99@okaxis,TXN0271900,,18500.00,1109631.52
05/12/2022,NEFT/285159733480/SUNITA DEVI/PUNB0368283/33604046721540,TXN0271901,,32000.00,1141631.52
05/12/2022,IMPS/P2P/50340905/IMRAN KHAN/9691258114,TXN0271902,,500.00,1142131.52
05/12/2022,CASH DEPOSIT/BRANCH COUNTER/WHITEFIELD BENGALURU,TXN0271903,,24000.00,1166131.52
05/12/2022,UPI/DR/63033281/SMITHA PILLAI/PUNB0368283/smitha691@okhdfc,TXN0271904,310.00,,1165821.52
06/12/2022,NEFT/7102097435/GOPAL VERMA/PUNB0368283/25702230087743,TXN0271905,5200.00,,1160621.52
06/12/2022,UPI/DR/5058952476/TANVI RAO/PUNB0368283/tanvi254@ybl,TXN0271906,999.00,,1159622.52
06/12/2022,CHQ NO 284064 CLEARING,TXN0271907,7800.00,,1151822.52
06/12/2022,NEFT/522663367414/KAVITHA RAO/PUNB0368283/09801932692576,TXN0271908,79.00,,1151743.52
06/12/2022,UPI/CR/6484188418/MOHAMMED IRFAN/PUNB0368283/mohammed622@oksbi,TXN0271909,,32000.00,1183743.52
07/12/2022,UPI/DR/288251279404/TARA SINGH/PUNB0368283/tara615@oksbi,TXN0271910,49.00,,1183694.52
07/12/2022,UPI/DR/4101551449/ARUN SHARMA/PUNB0368283/arun79@paytm,TXN0271911,310.00,,1183384.52
07/12/2022,NEFT/208515169715/TANVI RAO/PUNB0368283/85519703395086,TXN0271912,,7600.00,1190984.52
07/12/2022,UPI/DR/55505952/SUNITA DEVI/PUNB0368283/sunita417@okaxis,TXN0271913,79.00,,1190905.52
07/12/2022,CASH DEPOSIT/BRANCH COUNTER/WHITEFIELD BENGALURU,TXN0271914,,32000.00,1222905.52
08/12/2022,CASH DEPOSIT/BRANCH COUNTER/WHITEFIELD BENGALURU,TXN0271915,,4800.00,1227705.52
09/12/2022,NEFT/844919534813/ARUN SHARMA/PUNB0368283/21905280023436,TXN0271916,1250.00,,1226455.52
09/12/2022,UPI/DR/75439039/DIVYA MENON/PUNB0368283/divya95@ybl,TXN0271917,249.00,,1226206.52
10/12/2022,UPI/DR/0347865675/GEETA DEVI/PUNB0368283/geeta800@ybl,TXN0271918,1250.00,,1224956.52
10/12/2022,UPI/DR/84841365/DIVYA MENON/PUNB0368283/divya432@paytm,TXN0271919,5200.00,,1219756.52
10/12/2022,IMPS/P2P/4230715315/KIRAN REDDY/7019498846,TXN0271920,,18500.00,1238256.52
10/12/2022,UPI/CR/77407621/SAVITHA DEVI/PUNB0368283/savitha545@okhdfc,TXN0271921,,850.00,1239106.52
11/12/2022,CASH DEPOSIT/BRANCH COUNTER/WHITEFIELD BENGALURU,TXN0271922,,18500.00,1257606.52
11/12/2022,IMPS/P2P/045662193010/MEENA IYER/9432939305,TXN0271923,,500.00,1258106.52
12/12/2022,ATM/WDL/623999596992/HDFC ATM KORAMANGALA,TXN0271924,49.00,,1258057.52
13/12/2022,UPI/DR/8103450734/ARUN SHARMA/PUNB0368283/arun372@paytm,TXN0271925,49.00,,1258008.52
13/12/2022,IMPS/P2P/777573321939/SUNITA DEVI/8494503977,TXN0271926,,32000.00,1290008.52
13/12/2022,CHQ NO 309733 CLEARING,TXN0271927,699.00,,1289309.52
13/12/2022,CHQ NO 247459 CLEARING,TXN0271928,3499.00,,1285810.52
13/12/2022,UPI/DR/6400887853/MOHAN DAS/PUNB0368283/mohan164@oksbi,TXN0271929,49.00,,1285761.52
13/12/2022,CHQ NO 555332 CLEARING,TXN0271930,1680.00,,1284081.52
13/12/2022,UPI/DR/42796897/MEENA IYER/PUNB0368283/meena153@okaxis,TXN0271931,49.00,,1284032.52
14/12/2022,IMPS/P2P/7918213702/KAVERI MENON/8445133068,TXN0271932,,500.00,1284532.52
14/12/2022,CASH DEPOSIT/BRANCH COUNTER/WHITEFIELD BENGALURU,TXN0271933,,11200.00,1295732.52
14/12/2022,UPI/CR/882862464592/SHAHID KHAN/PUNB0368283/shahid499@ybl,TXN0271934,,1200.00,1296932.52
15/12/2022,UPI/DR/80277662/AYESHA KHAN/PUNB0368283/ayesha550@okaxis,TXN0271935,49.00,,1296883.52
17/12/2022,UPI/DR/57439767/MOHAMMED IRFAN/PUNB0368283/mohammed62@okhdfc,TXN0271936,249.00,,1296634.52
17/12/2022,ATM/WDL/232409354134/CANARA ATM MYSURU,TXN0271937,49.00,,1296585.52
17/12/2022,IMPS/P2P/336132694549/PADMA RAO/9661516640,TXN0271938,,24000.00,1320585.52
18/12/2022,ATM/WDL/7561090025/CANARA ATM MYSURU,TXN0271939,1250.00,,1319335.52
18/12/2022,UPI/DR/55369592/KIRAN REDDY/PUNB0368283/kiran417@okaxis,TXN0271940,5200.00,,1314135.52
18/12/2022,CHQ NO 522428 CLEARING,TXN0271941,449.00,,1313686.52
19/12/2022,NEFT/96744476/KAVYA REDDY/PUNB0368283/14419337558982,TXN0271942,310.00,,1313376.52
19/12/2022,CHQ NO 536533 CLEARING,TXN0271943,49.00,,1313327.52
19/12/2022,UPI/DR/599538275784/POOJA SHARMA/PUNB0368283/pooja401@ybl,TXN0271944,120.00,,1313207.52
20/12/2022,IMPS/P2P/032648595387/PADMA RAO/9329442709,TXN0271945,,500.00,1313707.52
20/12/2022,CASH DEPOSIT/BRANCH COUNTER/WHITEFIELD BENGALURU,TXN0271946,,4800.00,1318507.52
20/12/2022,UPI/DR/82788562/LALITHA DEVI/PUNB0368283/lalitha971@paytm,TXN0271947,2380.00,,1316127.52
20/12/2022,IMPS/P2P/85888796/BABU LAL/7255850774,TXN0271948,,18500.00,1334627.52
20/12/2022,UPI/DR/782238908506/USHA RANI/PUNB0368283/usha340@ybl,TXN0271949,249.00,,1334378.52
20/12/2022,UPI/DR/68448916/CHANDAN SHARMA/PUNB0368283/chandan700@oksbi,TXN0271950,1680.00,,1332698.52
20/12/2022,ATM/WDL/39516345/HDFC ATM KORAMANGALA,TXN0271951,699.00,,1331999.52
21/12/2022,IMPS/P2P/855869843468/AYESHA KHAN/9879891684,TXN0271952,,2500.00,1334499.52
21/12/2022,CASH DEPOSIT/BRANCH COUNTER/WHITEFIELD BENGALURU,TXN0271953,,7600.00,1342099.52
22/12/2022,UPI/DR/3587081689/GANESH KUMAR/PUNB0368283/ganesh619@oksbi,TXN0271954,5200.00,,1336899.52
22/12/2022,UPI/DR/96438973/RANJIT SINGH/PUNB0368283/ranjit988@oksbi,TXN0271955,310.00,,1336589.52
22/12/2022,NEFT/318681561293/SHEELA DEVI/PUNB0368283/57379711848583,TXN0271956,5200.00,,1331389.52
22/12/2022,UPI/DR/411665725498/ARCHANA PILLAI/PUNB0368283/archana101@okaxis,TXN0271957,850.00,,1330539.52
22/12/2022,IMPS/P2P/262060617055/SUSHMA RAO/7205530785,TXN0271958,,500.00,1331039.52
23/12/2022,NEFT/08000099/ANITHA KRISHNAN/PUNB0368283/54758605329509,TXN0271959,,18500.00,1349539.52
23/12/2022,ATM/WDL/029738331294/HDFC ATM KORAMANGALA,TXN0271960,2380.00,,1347159.52
23/12/2022,UPI/DR/71558499/ANITHA KRISHNAN/PUNB0368283/anitha824@ybl,TXN0271961,49.00,,1347110.52
24/12/2022,NEFT/6174102839/RAJENDRA PRASAD/PUNB0368283/66000614684720,TXN0271962,,850.00,1347960.52
24/12/2022,IMPS/P2P/975477035815/POOJA SHARMA/9349801669,TXN0271963,,1200.00,1349160.52
24/12/2022,UPI/DR/454894764000/RAHUL SINGH/PUNB0368283/rahul357@oksbi,TXN0271964,3499.00,,1345661.52
24/12/2022,ATM/WDL/0033461573/HDFC ATM KORAMANGALA,TXN0271965,49.00,,1345612.52
24/12/2022,UPI/CR/060298804507/IMRAN KHAN/PUNB0368283/imran765@oksbi,TXN0271966,,850.00,1346462.52
25/12/2022,ATM/WDL/2121164333/SBI ATM JAYANAGAR BLR,TXN0271967,49.00,,1346413.52
25/12/2022,UPI/CR/3487224729/KIRAN REDDY/PUNB0368283/kiran84@oksbi,TXN0271968,,4800.00,1351213.52
25/12/2022,UPI/DR/3034368041/ANAND KUMAR/PUNB0368283/anand246@ybl,TXN0271969,449.00,,1350764.52
26/12/2022,NEFT/2533375093/SUNITA DEVI/PUNB0368283/36963590097263,TXN0271970,999.00,,1349765.52
26/12/2022,UPI/DR/40983233/RAMESH PILLAI/PUNB0368283/ramesh296@okhdfc,TXN0271971,1680.00,,1348085.52
26/12/2022,UPI/CR/6572391668/GANESH KUMAR/PUNB0368283/ganesh668@okhdfc,TXN0271972,,4800.00,1352885.52
26/12/2022,NEFT/68007368/VIKRAM NAIR/PUNB0368283/83875651061318,TXN0271973,120.00,,1352765.52
27/12/2022,ATM/WDL/878923307749/CANARA ATM MYSURU,TXN0271974,120.00,,1352645.52
27/12/2022,UPI/CR/64832424/RAJENDRA PRASAD/PUNB0368283/rajendra153@okaxis,TXN0271975,,11200.00,1363845.52
28/12/2022,UPI/DR/12413179/NAVEEN KUMAR/PUNB0368283/naveen751@paytm,TXN0271976,7800.00,,1356045.52
28/12/2022,IMPS/P2P/9344443554/IMRAN KHAN/8212344038,TXN0271977,,24000.00,1380045.52
28/12/2022,IMPS/P2P/30480007/MEENA IYER/7952186767,TXN0271978,,500.00,1380545.52
28/12/2022,CHQ NO 500151 CLEARING,TXN0271979,1680.00,,1378865.52
28/12/2022,IMPS/P2P/81866749/MEENA IYER/7043028320,TXN0271980,,7600.00,1386465.52
28/12/2022,ATM/WDL/510647692936/CANARA ATM MYSURU,TXN0271981,449.00,,1386016.52
29/12/2022,NEFT/426872179742/MEERA PILLAI/PUNB0368283/95904163804470,TXN0271982,,1200.00,1387216.52
29/12/2022,UPI/DR/55491841/BABU LAL/PUNB0368283/babu976@ybl,TXN0271983,7800.00,,1379416.52
30/12/2022,CHQ NO 834695 CLEARING,TXN0271984,850.00,,1378566.52
30/12/2022,UPI/DR/18163148/RAMESH GOWDA/PUNB0368283/ramesh969@okaxis,TXN0271985,699.00,,1377867.52
31/12/2022,UPI/DR/36985432/DEEPA NAIR/PUNB0368283/deepa140@okaxis,TXN0271986,1250.00,,1376617.52
31/12/2022,IMPS/P2P/79299789/VIKRAM NAIR/7250528111,TXN0271987,,4800.00,1381417.52
01/01/2023,UPI/DR/773781064637/VENKAT RAO/PUNB0368283/venkat179@ybl,TXN0271988,999.00,,1380418.52
01/01/2023,NEFT/88991786/BABU LAL/PUNB0368283/31543683831754,TXN0271989,249.00,,1380169.52
02/01/2023,IMPS/P2P/094983623561/SUNITA DEVI/8312214799,TXN0271990,,18500.00,1398669.52
02/01/2023,UPI/DR/0896533274/TANVI RAO/PUNB0368283/tanvi746@ybl,TXN0271991,1680.00,,1396989.52
02/01/2023,NEFT/25097981/SURESH BABU/PUNB0368283/12019158299491,TXN0271992,,850.00,1397839.52
02/01/2023,NEFT/83790017/LAKSHMI VENKAT/PUNB0368283/06490963020641,TXN0271993,850.00,,1396989.52
02/01/2023,ATM/WDL/67459935/HDFC ATM KORAMANGALA,TXN0271994,5200.00,,1391789.52
03/01/2023,UPI/CR/998460553557/MOHAMMED IRFAN/PUNB0368283/mohammed253@okhdfc,TXN0271995,,11200.00,1402989.52
04/01/2023,ATM/WDL/0330496293/SBI ATM JAYANAGAR BLR,TXN0271996,2380.00,,1400609.52
05/01/2023,NEFT/28668687/MEENA IYER/PUNB0368283/05391630328462,TXN0271997,,24000.00,1424609.52
05/01/2023,UPI/DR/1088289817/KIRAN REDDY/PUNB0368283/kiran399@ybl,TXN0271998,1250.00,,1423359.52
05/01/2023,NEFT/8646575597/ARUN SHARMA/PUNB0368283/56873165048287,TXN0271999,5200.00,,1418159.52
06/01/2023,UPI/DR/50488962/KAVYA REDDY/PUNB0368283/kavya574@oksbi,TXN0272000,49.00,,1418110.52
06/01/2023,UPI/DR/856286844680/KAVERI MENON/PUNB0368283/kaveri910@okhdfc,TXN0272001,850.00,,1417260.52
06/01/2023,NEFT/4611496169/ADITYA KUMAR/PUNB0368283/33594585880186,TXN0272002,3499.00,,1413761.52
07/01/2023,UPI/DR/79969199/RAVI KUMAR SHARMA/PUNB0368283/ravi604@okaxis,TXN0272003,449.00,,1413312.52
08/01/2023,UPI/CR/949129130853/DEEPA NAIR/PUNB0368283/deepa382@okaxis,TXN0272004,,11200.00,1424512.52
08/01/2023,UPI/CR/15388928/FATIMA SHEIKH/PUNB0368283/fatima239@oksbi,TXN0272005,,32000.00,1456512.52
09/01/2023,NEFT/72839175/SURESH BABU/PUNB0368283/84851322848075,TXN0272006,,4800.00,1461312.52
09/01/2023,UPI/CR/953622758616/NILESH KULKARNI/PUNB0368283/nilesh987@paytm,TXN0272007,,4800.00,1466112.52
09/01/2023,ATM/WDL/52091060/HDFC ATM KORAMANGALA,TXN0272008,1250.00,,1464862.52
09/01/2023,IMPS/P2P/0252251577/FATIMA SHEIKH/7516110826,TXN0272009,,850.00,1465712.52
10/01/2023,IMPS/P2P/79875776/ANAND KUMAR/8413522394,TXN0272010,,4800.00,1470512.52
11/01/2023,CHQ NO 525348 CLEARING,TXN0272011,1250.00,,1469262.52
11/01/2023,IMPS/P2P/60036390/FARHAN KHAN/9759132049,TXN0272012,,1200.00,1470462.52
12/01/2023,CASH DEPOSIT/BRANCH COUNTER/WHITEFIELD BENGALURU,TXN0272013,,4800.00,1475262.52
12/01/2023,UPI/DR/598566664471/ADITYA KUMAR/PUNB0368283/aditya22@ybl,TXN0272014,449.00,,1474813.52
13/01/2023,UPI/CR/49076488/GOPAL VERMA/PUNB0368283/gopal87@oksbi,TXN0272015,,4800.00,1479613.52
13/01/2023,CASH DEPOSIT/BRANCH COUNTER/WHITEFIELD BENGALURU,TXN0272016,,11200.00,1490813.52
14/01/2023,UPI/CR/17735750/RAJENDRA PRASAD/PUNB0368283/rajendra697@okhdfc,TXN0272017,,500.00,1491313.52
14/01/2023,ATM/WDL/256810949061/CANARA ATM MYSURU,TXN0272018,850.00,,1490463.52
14/01/2023,UPI/CR/225736403516/ANITHA KRISHNAN/PUNB0368283/anitha664@paytm,TXN0272019,,4800.00,1495263.52
14/01/2023,IMPS/P2P/17603471/SANTOSH KUMAR/8101928395,TXN0272020,,32000.00,1527263.52
15/01/2023,NEFT/29439012/LALITHA DEVI/PUNB0368283/77631627203318,TXN0272021,,1200.00,1528463.52
15/01/2023,ATM/WDL/4789453836/SBI ATM JAYANAGAR BLR,TXN0272022,449.00,,1528014.52
15/01/2023,UPI/DR/6765160901/NILESH KULKARNI/PUNB0368283/nilesh126@paytm,TXN0272023,449.00,,1527565.52
15/01/2023,CHQ NO 966324 CLEARING,TXN0272024,5200.00,,1522365.52
16/01/2023,CASH DEPOSIT/BRANCH COUNTER/WHITEFIELD BENGALURU,TXN0272025,,7600.00,1529965.52
16/01/2023,ATM/WDL/5926629398/HDFC ATM KORAMANGALA,TXN0272026,120.00,,1529845.52
16/01/2023,CASH DEPOSIT/BRANCH COUNTER/WHITEFIELD BENGALURU,TXN0272027,,18500.00,1548345.52
17/01/2023,UPI/DR/29954434/SNEHA PATIL/PUNB0368283/sneha844@paytm,TXN0272028,999.00,,1547346.52
19/01/2023,NEFT/9556085782/MEERA PILLAI/PUNB0368283/06231864358682,TXN0272029,,850.00,1548196.52
19/01/2023,NEFT/41462759/SURESH NAIR/PUNB0368283/43642888670296,TXN0272030,,32000.00,1580196.52
20/01/2023,NEFT/863380361605/SANJANA HEGDE/PUNB0368283/28812367874019,TXN0272031,,11200.00,1591396.52
20/01/2023,UPI/DR/805882336579/IMRAN KHAN/PUNB0368283/imran47@ybl,TXN0272032,3499.00,,1587897.52
20/01/2023,ATM/WDL/84089626/CANARA ATM MYSURU,TXN0272033,1250.00,,1586647.52
22/01/2023,ATM/WDL/4898980322/HDFC ATM KORAMANGALA,TXN0272034,249.00,,1586398.52
22/01/2023,UPI/DR/9849531696/HARISH MENON/PUNB0368283/harish246@okaxis,TXN0272035,120.00,,1586278.52
23/01/2023,NEFT/9484366382/SNEHA PATIL/PUNB0368283/27622696421551,TXN0272036,1250.00,,1585028.52
23/01/2023,ATM/WDL/5731390751/SBI ATM JAYANAGAR BLR,TXN0272037,3499.00,,1581529.52
23/01/2023,NEFT/0620650248/ROHIT SHARMA/PUNB0368283/43014705530084,TXN0272038,,32000.00,1613529.52
24/01/2023,UPI/DR/2280763671/FARHAN KHAN/PUNB0368283/farhan65@okhdfc,TXN0272039,3499.00,,1610030.52
24/01/2023,UPI/DR/3923650831/VENKAT RAO/PUNB0368283/venkat127@okhdfc,TXN0272040,699.00,,1609331.52
24/01/2023,UPI/CR/1005132240/CHANDAN SHARMA/PUNB0368283/chandan745@ybl,TXN0272041,,2500.00,1611831.52
25/01/2023,CASH DEPOSIT/BRANCH COUNTER/WHITEFIELD BENGALURU,TXN0272042,,1200.00,1613031.52
25/01/2023,UPI/CR/56971586/SHAHID KHAN/PUNB0368283/shahid867@paytm,TXN0272043,,500.00,1613531.52
25/01/2023,UPI/DR/8995070046/SHEELA DEVI/PUNB0368283/sheela802@okhdfc,TXN0272044,449.00,,1613082.52
25/01/2023,IMPS/P2P/9533624050/HARISH MENON/7997323608,TXN0272045,,500.00,1613582.52
25/01/2023,CHQ NO 263900 CLEARING,TXN0272046,699.00,,1612883.52
26/01/2023,IMPS/P2P/508674174620/IMRAN KHAN/8968009049,TXN0272047,,18500.00,1631383.52
26/01/2023,CASH DEPOSIT/BRANCH COUNTER/WHITEFIELD BENGALURU,TXN0272048,,11200.00,1642583.52
26/01/2023,IMPS/P2P/19974010/IMRAN KHAN/7505421369,TXN0272049,,850.00,1643433.52
26/01/2023,UPI/DR/0316965537/MOHAN DAS/PUNB0368283/mohan766@okhdfc,TXN0272050,699.00,,1642734.52
27/01/2023,UPI/CR/2821240734/NIKHIL GUPTA/PUNB0368283/nikhil712@oksbi,TXN0272051,,11200.00,1653934.52
27/01/2023,CHQ NO 821476 CLEARING,TXN0272052,1680.00,,1652254.52
27/01/2023,UPI/CR/56298318/KIRAN REDDY/PUNB0368283/kiran609@okhdfc,TXN0272053,,1200.00,1653454.52
28/01/2023,UPI/DR/135502042648/PREETHI IYER/PUNB0368283/preethi367@oksbi,TXN0272054,449.00,,1653005.52
29/01/2023,CHQ NO 824647 CLEARING,TXN0272055,1250.00,,1651755.52
30/01/2023,UPI/DR/71447412/SANJANA HEGDE/PUNB0368283/sanjana248@paytm,TXN0272056,249.00,,1651506.52
30/01/2023,NEFT/348218264595/HARISH MENON/PUNB0368283/67041784882986,TXN0272057,,4800.00,1656306.52
30/01/2023,ATM/WDL/185877901220/CANARA ATM MYSURU,TXN0272058,1250.00,,1655056.52
30/01/2023,UPI/CR/429993401280/LATHA MURTHY/PUNB0368283/latha852@oksbi,TXN0272059,,2500.00,1657556.52
31/01/2023,IMPS/P2P/465339166719/MEENA IYER/7464068819,TXN0272060,,24000.00,1681556.52
31/01/2023,IMPS/P2P/564966335534/MALLIKA DAS/7022734078,TXN0272061,,1200.00,1682756.52
31/01/2023,UPI/DR/490051182429/VENKAT RAO/PUNB0368283/venkat934@oksbi,TXN0272062,249.00,,1682507.52
01/02/2023,IMPS/P2P/591726554853/SNEHA PATIL/7460168873,TXN0272063,,4800.00,1687307.52
01/02/2023,CHQ NO 462208 CLEARING,TXN0272064,1680.00,,1685627.52
01/02/2023,IMPS/P2P/888012154602/PREETHI IYER/8658943093,TXN0272065,,2500.00,1688127.52
01/02/2023,ATM/WDL/942383611675/HDFC ATM KORAMANGALA,TXN0272066,449.00,,1687678.52
01/02/2023,NEFT/96534763/KAVERI MENON/PUNB0368283/77106813195281,TXN0272067,1680.00,,1685998.52
02/02/2023,CHQ NO 164040 CLEARING,TXN0272068,699.00,,1685299.52
02/02/2023,UPI/DR/886322860221/IMRAN KHAN/PUNB0368283/imran364@paytm,TXN0272069,120.00,,1685179.52
02/02/2023,IMPS/P2P/83551272/USHA RANI/9690708541,TXN0272070,,32000.00,1717179.52
03/02/2023,UPI/DR/21281870/GEETA DEVI/PUNB0368283/geeta308@paytm,TXN0272071,3499.00,,1713680.52
03/02/2023,UPI/DR/0995973293/SAVITHA DEVI/PUNB0368283/savitha398@okaxis,TXN0272072,49.00,,1713631.52
03/02/2023,NEFT/1725244921/SAVITHA DEVI/PUNB0368283/80586194864508,TXN0272073,5200.00,,1708431.52
04/02/2023,UPI/DR/489280458282/LAKSHMI VENKAT/PUNB0368283/lakshmi889@okhdfc,TXN0272074,999.00,,1707432.52
04/02/2023,CHQ NO 023756 CLEARING,TXN0272075,49.00,,1707383.52
05/02/2023,ATM/WDL/80745414/SBI ATM JAYANAGAR BLR,TXN0272076,1250.00,,1706133.52
05/02/2023,UPI/DR/59945984/KAVYA REDDY/PUNB0368283/kavya802@okaxis,TXN0272077,120.00,,1706013.52
06/02/2023,UPI/DR/017157858372/SURESH BABU/PUNB0368283/suresh680@okaxis,TXN0272078,49.00,,1705964.52
06/02/2023,CHQ NO 084197 CLEARING,TXN0272079,699.00,,1705265.52
06/02/2023,UPI/DR/1371277002/VINAY PATIL/PUNB0368283/vinay829@ybl,TXN0272080,310.00,,1704955.52
08/02/2023,NEFT/14998672/RAVI KUMAR SHARMA/PUNB0368283/38237927119145,TXN0272081,2380.00,,1702575.52
08/02/2023,NEFT/8683822318/SUNITA DEVI/PUNB0368283/36709308646030,TXN0272082,,11200.00,1713775.52
08/02/2023,CHQ NO 192649 CLEARING,TXN0272083,249.00,,1713526.52
09/02/2023,UPI/CR/6129901113/ANITHA KRISHNAN/PUNB0368283/anitha173@okhdfc,TXN0272084,,32000.00,1745526.52
09/02/2023,UPI/DR/0794688086/ARCHANA PILLAI/PUNB0368283/archana760@ybl,TXN0272085,1680.00,,1743846.52
10/02/2023,ATM/WDL/3853818186/CANARA ATM MYSURU,TXN0272086,5200.00,,1738646.52
10/02/2023,NEFT/00154650/GOPAL VERMA/PUNB0368283/36584241586118,TXN0272087,,32000.00,1770646.52
10/02/2023,CASH DEPOSIT/BRANCH COUNTER/WHITEFIELD BENGALURU,TXN0272088,,11200.00,1781846.52
11/02/2023,UPI/DR/50910806/SUNITA DEVI/PUNB0368283/sunita680@paytm,TXN0272089,120.00,,1781726.52
12/02/2023,IMPS/P2P/998789661626/LAKSHMI VENKAT/8694582668,TXN0272090,,850.00,1782576.52
12/02/2023,UPI/DR/1046862041/NAVEEN KUMAR/PUNB0368283/naveen886@oksbi,TXN0272091,1250.00,,1781326.52
12/02/2023,UPI/DR/2438526077/NILESH KULKARNI/PUNB0368283/nilesh260@okhdfc,TXN0272092,1680.00,,1779646.52
13/02/2023,UPI/DR/3524091906/NILESH KULKARNI/PUNB0368283/nilesh84@oksbi,TXN0272093,1680.00,,1777966.52
13/02/2023,UPI/DR/087732739228/KAVITHA RAO/PUNB0368283/kavitha670@okhdfc,TXN0272094,7800.00,,1770166.52
13/02/2023,UPI/DR/34057583/CHANDAN SHARMA/PUNB0368283/chandan795@okaxis,TXN0272095,850.00,,1769316.52
13/02/2023,UPI/DR/2569317341/KIRAN REDDY/PUNB0368283/kiran241@okaxis,TXN0272096,3499.00,,1765817.52
13/02/2023,UPI/CR/62388876/LATHA MURTHY/PUNB0368283/latha102@okhdfc,TXN0272097,,850.00,1766667.52
14/02/2023,NEFT/16913650/KAVYA REDDY/PUNB0368283/06133448418358,TXN0272098,3499.00,,1763168.52
14/02/2023,CHQ NO 644476 CLEARING,TXN0272099,3499.00,,1759669.52
14/02/2023,UPI/DR/3614563000/ANAND KUMAR/PUNB0368283/anand293@ybl,TXN0272100,1250.00,,1758419.52
14/02/2023,NEFT/0642442101/ARCHANA PILLAI/PUNB0368283/10174757377851,TXN0272101,49.00,,1758370.52
15/02/2023,UPI/DR/1451329583/HARISH MENON/PUNB0368283/harish170@okaxis,TXN0272102,699.00,,1757671.52
15/02/2023,CHQ NO 265873 CLEARING,TXN0272103,79.00,,1757592.52
16/02/2023,CASH DEPOSIT/BRANCH COUNTER/WHITEFIELD BENGALURU,TXN0272104,,32000.00,1789592.52
16/02/2023,UPI/CR/70826446/MEENA IYER/PUNB0368283/meena659@oksbi,TXN0272105,,850.00,1790442.52
16/02/2023,ATM/WDL/696964326809/SBI ATM JAYANAGAR BLR,TXN0272106,7800.00,,1782642.52
16/02/2023,NEFT/4318585908/RAJENDRA PRASAD/PUNB0368283/95749991489534,TXN0272107,,4800.00,1787442.52
17/02/2023,CHQ NO 285829 CLEARING,TXN0272108,1680.00,,1785762.52
17/02/2023,UPI/DR/3823107841/KARTHIK MENON/PUNB0368283/karthik490@oksbi,TXN0272109,3499.00,,1782263.52
17/02/2023,UPI/DR/13756303/BABU LAL/PUNB0368283/babu260@paytm,TXN0272110,3499.00,,1778764.52
18/02/2023,UPI/DR/4815682057/AYESHA KHAN/PUNB0368283/ayesha135@oksbi,TXN0272111,1250.00,,1777514.52
18/02/2023,UPI/DR/36804640/MOHAMMED IRFAN/PUNB0368283/mohammed407@okhdfc,TXN0272112,449.00,,1777065.52
19/02/2023,UPI/DR/723368367674/KAVITHA RAO/PUNB0368283/kavitha327@okaxis,TXN0272113,1250.00,,1775815.52
20/02/2023,CHQ NO 985946 CLEARING,TXN0272114,3499.00,,1772316.52
20/02/2023,CHQ NO 380664 CLEARING,TXN0272115,49.00,,1772267.52
21/02/2023,CHQ NO 091202 CLEARING,TXN0272116,999.00,,1771268.52
21/02/2023,NEFT/77409845/NADIA HUSSAIN/PUNB0368283/82360582165940,TXN0272117,,4800.00,1776068.52
21/02/2023,CASH DEPOSIT/BRANCH COUNTER/WHITEFIELD BENGALURU,TXN0272118,,2500.00,1778568.52
22/02/2023,UPI/DR/105944047970/RAJESH VERMA/PUNB0368283/rajesh967@okaxis,TXN0272119,7800.00,,1770768.52
22/02/2023,CHQ NO 160337 CLEARING,TXN0272120,7800.00,,1762968.52
22/02/2023,CASH DEPOSIT/BRANCH COUNTER/WHITEFIELD BENGALURU,TXN0272121,,4800.00,1767768.52
22/02/2023,NEFT/03042945/DIVYA MENON/PUNB0368283/52905919117934,TXN0272122,449.00,,1767319.52
23/02/2023,NEFT/94598494/KAVYA REDDY/PUNB0368283/70116846427965,TXN0272123,5200.00,,1762119.52
23/02/2023,CASH DEPOSIT/BRANCH COUNTER/WHITEFIELD BENGALURU,TXN0272124,,7600.00,1769719.52
23/02/2023,CHQ NO 507514 CLEARING,TXN0272125,49.00,,1769670.52
23/02/2023,UPI/DR/7810820979/MEENA IYER/PUNB0368283/meena125@oksbi,TXN0272126,1250.00,,1768420.52
23/02/2023,CASH DEPOSIT/BRANCH COUNTER/WHITEFIELD BENGALURU,TXN0272127,,11200.00,1779620.52
24/02/2023,UPI/DR/62378233/USHA RANI/PUNB0368283/usha394@ybl,TXN0272128,310.00,,1779310.52
24/02/2023,UPI/DR/62055554/LATHA MURTHY/PUNB0368283/latha618@okaxis,TXN0272129,5200.00,,1774110.52
24/02/2023,NEFT/8430722444/IMRAN KHAN/PUNB0368283/22988544031156,TXN0272130,,500.00,1774610.52
24/02/2023,UPI/DR/1044702748/PREETHI IYER/PUNB0368283/preethi471@okaxis,TXN0272131,5200.00,,1769410.52
24/02/2023,UPI/DR/614862043107/HARISH MENON/PUNB0368283/harish987@oksbi,TXN0272132,3499.00,,1765911.52
24/02/2023,IMPS/P2P/050999879390/PRAKASH RAO/7237298958,TXN0272133,,4800.00,1770711.52
25/02/2023,IMPS/P2P/8827267913/FATIMA SHEIKH/9463026716,TXN0272134,,4800.00,1775511.52
25/02/2023,IMPS/P2P/14605520/SUNIL YADAV/9823777976,TXN0272135,,18500.00,1794011.52
25/02/2023,NEFT/7887696744/KAVERI MENON/PUNB0368283/89241019202411,TXN0272136,,500.00,1794511.52
25/02/2023,UPI/CR/319696278184/POOJA SHARMA/PUNB0368283/pooja305@paytm,TXN0272137,,4800.00,1799311.52
26/02/2023,IMPS/P2P/308886277896/MALLIKA DAS/7504403369,TXN0272138,,18500.00,1817811.52
26/02/2023,UPI/DR/31755733/ROHIT SHARMA/PUNB0368283/rohit643@oksbi,TXN0272139,7800.00,,1810011.52
26/02/2023,ATM/WDL/10722493/CANARA ATM MYSURU,TXN0272140,310.00,,1809701.52
27/02/2023,CASH DEPOSIT/BRANCH COUNTER/WHITEFIELD BENGALURU,TXN0272141,,850.00,1810551.52
27/02/2023,UPI/DR/74086039/MEERA PILLAI/PUNB0368283/meera14@ybl,TXN0272142,1250.00,,1809301.52
27/02/2023,UPI/DR/828310402950/SHEELA DEVI/PUNB0368283/sheela61@oksbi,TXN0272143,120.00,,1809181.52
28/02/2023,NEFT/51120710/NAVEEN KUMAR/PUNB0368283/60482977623625,TXN0272144,850.00,,1808331.52
28/02/2023,UPI/DR/0669030967/PREETHI IYER/PUNB0368283/preethi413@paytm,TXN0272145,1680.00,,1806651.52
01/03/2023,IMPS/P2P/356698699858/RAJESH VERMA/7737759550,TXN0272146,,1200.00,1807851.52
01/03/2023,UPI/DR/1574496192/SHEELA DEVI/PUNB0368283/sheela42@oksbi,TXN0272147,449.00,,1807402.52
02/03/2023,NEFT/9816513338/LALITHA DEVI/PUNB0368283/46562160341081,TXN0272148,5200.00,,1802202.52
02/03/2023,CASH DEPOSIT/BRANCH COUNTER/WHITEFIELD BENGALURU,TXN0272149,,850.00,1803052.52
02/03/2023,UPI/DR/8109831213/RAJENDRA PRASAD/PUNB0368283/rajendra683@okhdfc,TXN0272150,999.00,,1802053.52
02/03/2023,CASH DEPOSIT/BRANCH COUNTER/WHITEFIELD BENGALURU,TXN0272151,,1200.00,1803253.52
02/03/2023,UPI/DR/474515337578/RAMESH GOWDA/PUNB0368283/ramesh644@ybl,TXN0272152,7800.00,,1795453.52
02/03/2023,ATM/WDL/65465513/HDFC ATM KORAMANGALA,TXN0272153,310.00,,1795143.52
02/03/2023,IMPS/P2P/620685887985/NADIA HUSSAIN/8240470193,TXN0272154,,850.00,1795993.52
02/03/2023,UPI/DR/743300248371/BABU LAL/PUNB0368283/babu269@okhdfc,TXN0272155,449.00,,1795544.52
03/03/2023,NEFT/62500103/SUNITA DEVI/PUNB0368283/54763326562961,TXN0272156,,7600.00,1803144.52
03/03/2023,CASH DEPOSIT/BRANCH COUNTER/WHITEFIELD BENGALURU,TXN0272157,,24000.00,1827144.52
03/03/2023,NEFT/186661182219/GANESH KUMAR/PUNB0368283/66629676573870,TXN0272158,49.00,,1827095.52
04/03/2023,UPI/DR/4723561495/USHA RANI/PUNB0368283/usha218@paytm,TXN0272159,3499.00,,1823596.52
05/03/2023,NEFT/72076425/SURESH BABU/PUNB0368283/58597937296781,TXN0272160,,2500.00,1826096.52
06/03/2023,ATM/WDL/510262995545/CANARA ATM MYSURU,TXN0272161,5200.00,,1820896.52
07/03/2023,IMPS/P2P/3388780177/MOHAN DAS/7476418454,TXN0272162,,1200.00,1822096.52
07/03/2023,CASH DEPOSIT/BRANCH COUNTER/WHITEFIELD BENGALURU,TXN0272163,,18500.00,1840596.52
07/03/2023,IMPS/P2P/163934137230/DIVYA MENON/8727813053,TXN0272164,,11200.00,1851796.52
08/03/2023,UPI/DR/6868037166/SANJANA HEGDE/PUNB0368283/sanjana435@oksbi,TXN0272165,3499.00,,1848297.52
08/03/2023,CHQ NO 582692 CLEARING,TXN0272166,5200.00,,1843097.52
09/03/2023,IMPS/P2P/0807805873/POOJA SHARMA/9223627775,TXN0272167,,11200.00,1854297.52
10/03/2023,CHQ NO 258330 CLEARING,TXN0272168,449.00,,1853848.52
10/03/2023,UPI/DR/565229535246/MEENA IYER/PUNB0368283/meena212@okhdfc,TXN0272169,449.00,,1853399.52
10/03/2023,UPI/DR/8488634707/ANITHA KRISHNAN/PUNB0368283/anitha58@okhdfc,TXN0272170,79.00,,1853320.52
10/03/2023,CASH DEPOSIT/BRANCH COUNTER/WHITEFIELD BENGALURU,TXN0272171,,11200.00,1864520.52
10/03/2023,UPI/DR/4647191758/SURESH BABU/PUNB0368283/suresh673@okhdfc,TXN0272172,999.00,,1863521.52
10/03/2023,NEFT/8001143689/SMITHA PILLAI/PUNB0368283/11582786226845,TXN0272173,79.00,,1863442.52
11/03/2023,UPI/DR/795209289539/BABU LAL/PUNB0368283/babu698@okhdfc,TXN0272174,1680.00,,1861762.52
11/03/2023,CASH DEPOSIT/BRANCH COUNTER/WHITEFIELD BENGALURU,TXN0272175,,11200.00,1872962.52
11/03/2023,NEFT/94610270/GOPAL VERMA/PUNB0368283/77721531924438,TXN0272176,49.00,,1872913.52
12/03/2023,UPI/DR/115156029771/FATIMA SHEIKH/PUNB0368283/fatima265@okhdfc,TXN0272177,699.00,,1872214.52
12/03/2023,CASH DEPOSIT/BRANCH COUNTER/WHITEFIELD BENGALURU,TXN0272178,,500.00,1872714.52
14/03/2023,IMPS/P2P/90604736/MALLIKA DAS/8255224608,TXN0272179,,18500.00,1891214.52
14/03/2023,UPI/CR/811439107215/CHANDAN SHARMA/PUNB0368283/chandan763@okaxis,TXN0272180,,11200.00,1902414.52
14/03/2023,ATM/WDL/36798368/HDFC ATM KORAMANGALA,TXN0272181,49.00,,1902365.52
15/03/2023,ATM/WDL/182987550988/HDFC ATM KORAMANGALA,TXN0272182,5200.00,,1897165.52
15/03/2023,NEFT/76535255/MALLIKA DAS/PUNB0368283/51659998215415,TXN0272183,1680.00,,1895485.52
15/03/2023,UPI/DR/446168517135/ADITYA KUMAR/PUNB0368283/aditya987@oksbi,TXN0272184,2380.00,,1893105.52
16/03/2023,NEFT/4716463146/MOHAMMED IRFAN/PUNB0368283/16063836790033,TXN0272185,,1200.00,1894305.52
16/03/2023,ATM/WDL/76152008/CANARA ATM MYSURU,TXN0272186,1680.00,,1892625.52
16/03/2023,CHQ NO 704333 CLEARING,TXN0272187,79.00,,1892546.52
16/03/2023,NEFT/5877378557/MALLIKA DAS/PUNB0368283/90373392394765,TXN0272188,310.00,,1892236.52
16/03/2023,CHQ NO 525125 CLEARING,TXN0272189,449.00,,1891787.52
17/03/2023,UPI/DR/9083213290/ANITHA KRISHNAN/PUNB0368283/anitha535@okhdfc,TXN0272190,5200.00,,1886587.52
17/03/2023,UPI/DR/4942348873/SAVITHA DEVI/PUNB0368283/savitha827@okaxis,TXN0272191,79.00,,1886508.52
17/03/2023,UPI/DR/86932284/ANAND KUMAR/PUNB0368283/anand161@ybl,TXN0272192,449.00,,1886059.52
17/03/2023,CASH DEPOSIT/BRANCH COUNTER/WHITEFIELD BENGALURU,TXN0272193,,2500.00,1888559.52
18/03/2023,UPI/DR/25270089/FARHAN KHAN/PUNB0368283/farhan190@oksbi,TXN0272194,1250.00,,1887309.52
19/03/2023,NEFT/2007867981/MOHAMMED IRFAN/PUNB0368283/60330670719673,TXN0272195,,32000.00,1919309.52
19/03/2023,UPI/CR/88589305/LAKSHMI VENKAT/PUNB0368283/lakshmi851@oksbi,TXN0272196,,18500.00,1937809.52
19/03/2023,NEFT/6916465001/GOPAL VERMA/PUNB0368283/86289721557057,TXN0272197,5200.00,,1932609.52
19/03/2023,NEFT/1378511921/LATHA MURTHY/PUNB0368283/84142346971126,TXN0272198,310.00,,1932299.52
19/03/2023,UPI/DR/84995744/TARA SINGH/PUNB0368283/tara503@okaxis,TXN0272199,7800.00,,1924499.52
20/03/2023,UPI/CR/8751485118/SAVITHA DEVI/PUNB0368283/savitha548@okaxis,TXN0272200,,1200.00,1925699.52
20/03/2023,NEFT/53683334/TANVI RAO/PUNB0368283/99368810425541,TXN0272201,,11200.00,1936899.52
20/03/2023,NEFT/967023680779/RAJESH VERMA/PUNB0368283/03371899147486,TXN0272202,,2500.00,1939399.52
20/03/2023,UPI/DR/6677054080/GEETA DEVI/PUNB0368283/geeta516@okaxis,TXN0272203,310.00,,1939089.52
21/03/2023,UPI/CR/9062137440/IMRAN KHAN/PUNB0368283/imran561@ybl,TXN0272204,,500.00,1939589.52
21/03/2023,UPI/DR/81106911/SANTOSH KUMAR/PUNB0368283/santosh852@oksbi,TXN0272205,1680.00,,1937909.52
22/03/2023,UPI/DR/87970375/REKHA PILLAI/PUNB0368283/rekha402@okaxis,TXN0272206,2380.00,,1935529.52
22/03/2023,CASH DEPOSIT/BRANCH COUNTER/WHITEFIELD BENGALURU,TXN0272207,,7600.00,1943129.52
22/03/2023,NEFT/2475192129/SUNITA DEVI/PUNB0368283/35948242646152,TXN0272208,79.00,,1943050.52
22/03/2023,UPI/DR/641163752522/NILESH KULKARNI/PUNB0368283/nilesh493@paytm,TXN0272209,249.00,,1942801.52
23/03/2023,NEFT/666959515450/MOHAN DAS/PUNB0368283/78467400184928,TXN0272210,,7600.00,1950401.52
23/03/2023,UPI/DR/1859313448/TANVI RAO/PUNB0368283/tanvi522@okhdfc,TXN0272211,120.00,,1950281.52
23/03/2023,ATM/WDL/582411893243/SBI ATM JAYANAGAR BLR,TXN0272212,850.00,,1949431.52
24/03/2023,IMPS/P2P/54226060/KAVYA REDDY/9889670517,TXN0272213,,850.00,1950281.52
25/03/2023,UPI/DR/1853819412/NILESH KULKARNI/PUNB0368283/nilesh540@okaxis,TXN0272214,249.00,,1950032.52
25/03/2023,NEFT/47478446/NADIA HUSSAIN/PUNB0368283/14736705799183,TXN0272215,,24000.00,1974032.52
26/03/2023,UPI/DR/231115368766/DEEPAK JOSHI/PUNB0368283/deepak659@okaxis,TXN0272216,2380.00,,1971652.52
26/03/2023,NEFT/0821669494/ROHIT SHARMA/PUNB0368283/28447365244355,TXN0272217,79.00,,1971573.52
26/03/2023,UPI/DR/4237542564/FARHAN KHAN/PUNB0368283/farhan922@okaxis,TXN0272218,120.00,,1971453.52
27/03/2023,UPI/DR/8983329831/SUNITA DEVI/PUNB0368283/sunita126@ybl,TXN0272219,3499.00,,1967954.52
27/03/2023,UPI/DR/3763445134/KIRAN REDDY/PUNB0368283/kiran855@okaxis,TXN0272220,999.00,,1966955.52
27/03/2023,UPI/DR/90740445/FATIMA SHEIKH/PUNB0368283/fatima993@paytm,TXN0272221,5200.00,,1961755.52
27/03/2023,IMPS/P2P/166496412234/ROHIT SHARMA/7913821758,TXN0272222,,24000.00,1985755.52
27/03/2023,UPI/CR/22882223/SHAHID KHAN/PUNB0368283/shahid726@ybl,TXN0272223,,850.00,1986605.52
28/03/2023,CASH DEPOSIT/BRANCH COUNTER/WHITEFIELD BENGALURU,TXN0272224,,18500.00,2005105.52
29/03/2023,UPI/DR/546674460769/KAVERI MENON/PUNB0368283/kaveri315@ybl,TXN0272225,49.00,,2005056.52
29/03/2023,CHQ NO 462285 CLEARING,TXN0272226,3499.00,,2001557.52
30/03/2023,UPI/DR/84729731/SNEHA PATIL/PUNB0368283/sneha974@ybl,TXN0272227,1250.00,,2000307.52
30/03/2023,UPI/CR/9170928697/SUNIL YADAV/PUNB0368283/sunil923@paytm,TXN0272228,,32000.00,2032307.52
30/03/2023,NEFT/49724484/ANAND KUMAR/PUNB0368283/99009581324860,TXN0272229,,24000.00,2056307.52
01/04/2023,UPI/DR/1690492240/SURESH NAIR/PUNB0368283/suresh225@paytm,TXN0272230,699.00,,2055608.52
02/04/2023,NEFT/62603114/RAJESH VERMA/PUNB0368283/21107273283433,TXN0272231,449.00,,2055159.52
02/04/2023,NEFT/709137740280/MOHAN DAS/PUNB0368283/86539850761391,TXN0272232,120.00,,2055039.52
02/04/2023,UPI/DR/25075245/RANJIT SINGH/PUNB0368283/ranjit900@okhdfc,TXN0272233,79.00,,2054960.52
02/04/2023,UPI/DR/93908813/RAJESH VERMA/PUNB0368283/rajesh188@oksbi,TXN0272234,999.00,,2053961.52
03/04/2023,IMPS/P2P/329680176276/VIKRAM NAIR/8437340150,TXN0272235,,11200.00,2065161.52
03/04/2023,UPI/CR/12888197/TARA SINGH/PUNB0368283/tara778@ybl,TXN0272236,,2500.00,2067661.52
03/04/2023,UPI/DR/268797882082/AYESHA KHAN/PUNB0368283/ayesha859@paytm,TXN0272237,120.00,,2067541.52
03/04/2023,UPI/CR/2227428206/VENKAT RAO/PUNB0368283/venkat885@okaxis,TXN0272238,,2500.00,2070041.52
04/04/2023,NEFT/6141861199/KAVITHA RAO/PUNB0368283/15507178565170,TXN0272239,,850.00,2070891.52
04/04/2023,NEFT/40158086/MOHAN DAS/PUNB0368283/64705488900100,TXN0272240,1680.00,,2069211.52
05/04/2023,NEFT/815068261925/VENKAT RAO/PUNB0368283/38284116266684,TXN0272241,,2500.00,2071711.52
05/04/2023,IMPS/P2P/1763906994/GOPAL VERMA/9272249338,TXN0272242,,4800.00,2076511.52
05/04/2023,UPI/DR/71788748/IMRAN KHAN/PUNB0368283/imran838@oksbi,TXN0272243,7800.00,,2068711.52
06/04/2023,ATM/WDL/35386796/CANARA ATM MYSURU,TXN0272244,120.00,,2068591.52
06/04/2023,ATM/WDL/46131436/HDFC ATM KORAMANGALA,TXN0272245,3499.00,,2065092.52
06/04/2023,UPI/CR/8817243394/NADIA HUSSAIN/PUNB0368283/nadia648@okaxis,TXN0272246,,11200.00,2076292.52
07/04/2023,UPI/CR/435697681072/PADMA RAO/PUNB0368283/padma321@okaxis,TXN0272247,,7600.00,2083892.52
07/04/2023,UPI/DR/42498043/RAMESH PILLAI/PUNB0368283/ramesh476@paytm,TXN0272248,1680.00,,2082212.52
07/04/2023,CASH DEPOSIT/BRANCH COUNTER/WHITEFIELD BENGALURU,TXN0272249,,1200.00,2083412.52
07/04/2023,UPI/DR/592179953595/SURESH NAIR/PUNB0368283/suresh630@okaxis,TXN0272250,999.00,,2082413.52
08/04/2023,ATM/WDL/3759216728/CANARA ATM MYSURU,TXN0272251,120.00,,2082293.52
08/04/2023,UPI/DR/5521980109/ANAND KUMAR/PUNB0368283/anand499@okhdfc,TXN0272252,79.00,,2082214.52
09/04/2023,CASH DEPOSIT/BRANCH COUNTER/WHITEFIELD BENGALURU,TXN0272253,,32000.00,2114214.52
09/04/2023,UPI/DR/90485794/IMRAN KHAN/PUNB0368283/imran555@ybl,TXN0272254,850.00,,2113364.52
09/04/2023,CHQ NO 538475 CLEARING,TXN0272255,3499.00,,2109865.52
09/04/2023,UPI/DR/153727366336/SHEELA DEVI/PUNB0368283/sheela358@okhdfc,TXN0272256,2380.00,,2107485.52
10/04/2023,IMPS/P2P/61356383/POOJA SHARMA/7414967656,TXN0272257,,850.00,2108335.52
10/04/2023,UPI/DR/27239017/FATIMA SHEIKH/PUNB0368283/fatima915@oksbi,TXN0272258,3499.00,,2104836.52
10/04/2023,UPI/DR/374883160996/MOHAMMED IRFAN/PUNB0368283/mohammed356@ybl,TXN0272259,120.00,,2104716.52
11/04/2023,CHQ NO 453683 CLEARING,TXN0272260,310.00,,2104406.52
11/04/2023,UPI/DR/61759285/HARISH MENON/PUNB0368283/harish71@okaxis,TXN0272261,449.00,,2103957.52
11/04/2023,UPI/DR/3743428102/SAVITHA DEVI/PUNB0368283/savitha997@oksbi,TXN0272262,5200.00,,2098757.52
12/04/2023,UPI/DR/406348905862/KAVERI MENON/PUNB0368283/kaveri74@ybl,TXN0272263,7800.00,,2090957.52
12/04/2023,NEFT/178133156772/LALITHA DEVI/PUNB0368283/02496797123309,TXN0272264,310.00,,2090647.52
12/04/2023,CHQ NO 735697 CLEARING,TXN0272265,1680.00,,2088967.52
12/04/2023,CASH DEPOSIT/BRANCH COUNTER/WHITEFIELD BENGALURU,TXN0272266,,1200.00,2090167.52
13/04/2023,NEFT/403769550846/MEERA PILLAI/PUNB0368283/20156530184669,TXN0272267,5200.00,,2084967.52
13/04/2023,NEFT/318081234931/SUNITA DEVI/PUNB0368283/66838982235878,TXN0272268,,850.00,2085817.52
13/04/2023,IMPS/P2P/325434299008/NADIA HUSSAIN/8043512916,TXN0272269,,32000.00,2117817.52
14/04/2023,ATM/WDL/65822597/CANARA ATM MYSURU,TXN0272270,3499.00,,2114318.52
14/04/2023,NEFT/11345035/LALITHA DEVI/PUNB0368283/33846978168675,TXN0272271,5200.00,,2109118.52
15/04/2023,NEFT/055236849070/FARHAN KHAN/PUNB0368283/51994618588199,TXN0272272,,1200.00,2110318.52
15/04/2023,CHQ NO 895015 CLEARING,TXN0272273,1680.00,,2108638.52
15/04/2023,NEFT/2439475094/SANTOSH KUMAR/PUNB0368283/21908116179979,TXN0272274,,7600.00,2116238.52
15/04/2023,UPI/DR/8710870112/ARUN SHARMA/PUNB0368283/arun855@oksbi,TXN0272275,249.00,,2115989.52
15/04/2023,UPI/DR/5179896759/PREETHI IYER/PUNB0368283/preethi970@okaxis,TXN0272276,49.00,,2115940.52
16/04/2023,CASH DEPOSIT/BRANCH COUNTER/WHITEFIELD BENGALURU,TXN0272277,,11200.00,2127140.52
16/04/2023,CASH DEPOSIT/BRANCH COUNTER/WHITEFIELD BENGALURU,TXN0272278,,1200.00,2128340.52
16/04/2023,CASH DEPOSIT/BRANCH COUNTER/WHITEFIELD BENGALURU,TXN0272279,,11200.00,2139540.52
16/04/2023,CHQ NO 988602 CLEARING,TXN0272280,49.00,,2139491.52
17/04/2023,CASH DEPOSIT/BRANCH COUNTER/WHITEFIELD BENGALURU,TXN0272281,,32000.00,2171491.52
17/04/2023,IMPS/P2P/870947421307/SHEELA DEVI/9602327276,TXN0272282,,11200.00,2182691.52
17/04/2023,UPI/DR/181749903330/RAMESH GOWDA/PUNB0368283/ramesh69@okaxis,TXN0272283,5200.00,,2177491.52
17/04/2023,UPI/DR/3844712729/DIVYA MENON/PUNB0368283/divya766@ybl,TXN0272284,1250.00,,2176241.52
17/04/2023,NEFT/0497657406/MEERA PILLAI/PUNB0368283/33611868373047,TXN0272285,,2500.00,2178741.52
18/04/2023,UPI/DR/860257496495/SUNIL YADAV/PUNB0368283/sunil226@paytm,TXN0272286,1680.00,,2177061.52
18/04/2023,CHQ NO 826409 CLEARING,TXN0272287,449.00,,2176612.52
19/04/2023,UPI/DR/6348833868/MOHAN DAS/PUNB0368283/mohan383@oksbi,TXN0272288,850.00,,2175762.52
19/04/2023,CHQ NO 100263 CLEARING,TXN0272289,2380.00,,2173382.52
19/04/2023,CHQ NO 901347 CLEARING,TXN0272290,699.00,,2172683.52
20/04/2023,UPI/DR/513552417118/SHAHID KHAN/PUNB0368283/shahid133@ybl,TXN0272291,79.00,,2172604.52
20/04/2023,CASH DEPOSIT/BRANCH COUNTER/WHITEFIELD BENGALURU,TXN0272292,,11200.00,2183804.52
20/04/2023,UPI/DR/832958543745/CHANDAN SHARMA/PUNB0368283/chandan121@okaxis,TXN0272293,310.00,,2183494.52
20/04/2023,UPI/DR/001189519353/ROHIT SHARMA/PUNB0368283/rohit435@okhdfc,TXN0272294,2380.00,,2181114.52
21/04/2023,CASH DEPOSIT/BRANCH COUNTER/WHITEFIELD BENGALURU,TXN0272295,,850.00,2181964.52
21/04/2023,NEFT/4788687940/GANESH KUMAR/PUNB0368283/61419467222005,TXN0272296,850.00,,2181114.52
22/04/2023,CASH DEPOSIT/BRANCH COUNTER/WHITEFIELD BENGALURU,TXN0272297,,4800.00,2185914.52
22/04/2023,UPI/DR/0887565460/SURESH BABU/PUNB0368283/suresh261@ybl,TXN0272298,449.00,,2185465.52
22/04/2023,IMPS/P2P/603543303113/ARJUN MEHTA/7298125688,TXN0272299,,1200.00,2186665.52
22/04/2023,CASH DEPOSIT/BRANCH COUNTER/WHITEFIELD BENGALURU,TXN0272300,,24000.00,2210665.52
23/04/2023,CHQ NO 105394 CLEARING,TXN0272301,1250.00,,2209415.52
23/04/2023,NEFT/0206167694/DEEPA NAIR/PUNB0368283/26017978663347,TXN0272302,,2500.00,2211915.52
24/04/2023,CASH DEPOSIT/BRANCH COUNTER/WHITEFIELD BENGALURU,TXN0272303,,32000.00,2243915.52
24/04/2023,CASH DEPOSIT/BRANCH COUNTER/WHITEFIELD BENGALURU,TXN0272304,,11200.00,2255115.52
24/04/2023,ATM/WDL/088416895204/CANARA ATM MYSURU,TXN0272305,2380.00,,2252735.52
25/04/2023,NEFT/542295988412/MEENA IYER/PUNB0368283/90596067821115,TXN0272306,,2500.00,2255235.52
25/04/2023,NEFT/3334794534/RESHMA KHAN/PUNB0368283/25295559595774,TXN0272307,,18500.00,2273735.52
25/04/2023,IMPS/P2P/4627256096/RAVI KUMAR SHARMA/9513250304,TXN0272308,,1200.00,2274935.52
25/04/2023,IMPS/P2P/8607573884/ANITHA KRISHNAN/7050721044,TXN0272309,,32000.00,2306935.52
26/04/2023,CASH DEPOSIT/BRANCH COUNTER/WHITEFIELD BENGALURU,TXN0272310,,11200.00,2318135.52
26/04/2023,IMPS/P2P/3609303751/PRIYA NAIR/8494211343,TXN0272311,,7600.00,2325735.52
27/04/2023,NEFT/938479739749/ANITHA KRISHNAN/PUNB0368283/50796380215762,TXN0272312,,7600.00,2333335.52
27/04/2023,NEFT/993078468995/DEEPA NAIR/PUNB0368283/97102946600484,TXN0272313,2380.00,,2330955.52
27/04/2023,ATM/WDL/168722388539/CANARA ATM MYSURU,TXN0272314,1680.00,,2329275.52
27/04/2023,NEFT/833099686455/DEEPAK JOSHI/PUNB0368283/84272062189201,TXN0272315,,7600.00,2336875.52
27/04/2023,UPI/CR/84105043/VINAY PATIL/PUNB0368283/vinay73@ybl,TXN0272316,,2500.00,2339375.52
28/04/2023,NEFT/045582107281/RAJENDRA PRASAD/PUNB0368283/95877136829226,TXN0272317,,1200.00,2340575.52
28/04/2023,UPI/DR/562968314638/SMITHA PILLAI/PUNB0368283/smitha774@okhdfc,TXN0272318,2380.00,,2338195.52
30/04/2023,NEFT/03106411/ROHIT SHARMA/PUNB0368283/81390218990385,TXN0272319,49.00,,2338146.52
30/04/2023,UPI/DR/55452445/RAVI KUMAR SHARMA/PUNB0368283/ravi100@oksbi,TXN0272320,79.00,,2338067.52
01/05/2023,UPI/DR/7836429675/ADITYA KUMAR/PUNB0368283/aditya252@paytm,TXN0272321,7800.00,,2330267.52
01/05/2023,CHQ NO 413596 CLEARING,TXN0272322,7800.00,,2322467.52
01/05/2023,IMPS/P2P/655659715808/RAHUL SINGH/8308605686,TXN0272323,,7600.00,2330067.52
01/05/2023,UPI/DR/7503620761/SHAHID KHAN/PUNB0368283/shahid180@okaxis,TXN0272324,310.00,,2329757.52
02/05/2023,UPI/DR/7126103875/VINAY PATIL/PUNB0368283/vinay886@okaxis,TXN0272325,850.00,,2328907.52
02/05/2023,UPI/DR/92896385/RANJIT SINGH/PUNB0368283/ranjit322@okaxis,TXN0272326,7800.00,,2321107.52
02/05/2023,IMPS/P2P/647796548808/ARUN SHARMA/8641548846,TXN0272327,,850.00,2321957.52
02/05/2023,UPI/DR/872749503895/GANESH KUMAR/PUNB0368283/ganesh341@oksbi,TXN0272328,449.00,,2321508.52
02/05/2023,ATM/WDL/139035645555/CANARA ATM MYSURU,TXN0272329,310.00,,2321198.52
03/05/2023,ATM/WDL/024695485419/SBI ATM JAYANAGAR BLR,TXN0272330,7800.00,,2313398.52
03/05/2023,UPI/DR/0309292167/RAVI KUMAR SHARMA/PUNB0368283/ravi650@okhdfc,TXN0272331,120.00,,2313278.52
03/05/2023,UPI/DR/61985199/SHEELA DEVI/PUNB0368283/sheela119@ybl,TXN0272332,449.00,,2312829.52
03/05/2023,UPI/CR/1893649590/RESHMA KHAN/PUNB0368283/reshma702@oksbi,TXN0272333,,24000.00,2336829.52
04/05/2023,NEFT/89027225/MALLIKA DAS/PUNB0368283/35631302648826,TXN0272334,2380.00,,2334449.52
04/05/2023,IMPS/P2P/6598614335/VIKRAM NAIR/9951125014,TXN0272335,,850.00,2335299.52
04/05/2023,IMPS/P2P/842531319024/RESHMA KHAN/8718177399,TXN0272336,,1200.00,2336499.52
05/05/2023,UPI/CR/5683474118/RAMESH GOWDA/PUNB0368283/ramesh246@okhdfc,TXN0272337,,18500.00,2354999.52
05/05/2023,CHQ NO 486081 CLEARING,TXN0272338,310.00,,2354689.52
05/05/2023,IMPS/P2P/9209882832/NADIA HUSSAIN/8815303044,TXN0272339,,500.00,2355189.52
05/05/2023,CASH DEPOSIT/BRANCH COUNTER/WHITEFIELD BENGALURU,TXN0272340,,24000.00,2379189.52
06/05/2023,IMPS/P2P/0282490678/SAVITHA DEVI/7869158188,TXN0272341,,850.00,2380039.52
06/05/2023,UPI/CR/6791966440/KAVYA REDDY/PUNB0368283/kavya946@paytm,TXN0272342,,850.00,2380889.52
06/05/2023,NEFT/068375454659/SANTOSH KUMAR/PUNB0368283/83026173779002,TXN0272343,,11200.00,2392089.52
07/05/2023,IMPS/P2P/782246699555/ROHIT SHARMA/9807086781,TXN0272344,,2500.00,2394589.52
07/05/2023,UPI/DR/409943333212/VENKAT RAO/PUNB0368283/venkat981@okhdfc,TXN0272345,79.00,,2394510.52
07/05/2023,CHQ NO 781974 CLEARING,TXN0272346,310.00,,2394200.52
07/05/2023,ATM/WDL/607224015947/HDFC ATM KORAMANGALA,TXN0272347,3499.00,,2390701.52
07/05/2023,ATM/WDL/89052980/SBI ATM JAYANAGAR BLR,TXN0272348,999.00,,2389702.52
07/05/2023,NEFT/212432925376/BABU LAL/PUNB0368283/77910866436402,TXN0272349,,850.00,2390552.52
07/05/2023,IMPS/P2P/6385809226/KARTHIK MENON/9359022973,TXN0272350,,32000.00,2422552.52
07/05/2023,IMPS/P2P/9157976924/RAVI KUMAR SHARMA/7230907718,TXN0272351,,32000.00,2454552.52
08/05/2023,UPI/DR/739824551843/VIKRAM NAIR/PUNB0368283/vikram667@oksbi,TXN0272352,850.00,,2453702.52
08/05/2023,ATM/WDL/62894071/CANARA ATM MYSURU,TXN0272353,850.00,,2452852.52
09/05/2023,UPI/DR/7588871059/AYESHA KHAN/PUNB0368283/ayesha599@okhdfc,TXN0272354,49.00,,2452803.52
09/05/2023,CHQ NO 956617 CLEARING,TXN0272355,7800.00,,2445003.52
10/05/2023,UPI/DR/4542563543/SUNIL YADAV/PUNB0368283/sunil56@ybl,TXN0272356,3499.00,,2441504.52
10/05/2023,NEFT/3908242603/SMITHA PILLAI/PUNB0368283/32801682502078,TXN0272357,,11200.00,2452704.52
10/05/2023,ATM/WDL/5945678893/HDFC ATM KORAMANGALA,TXN0272358,999.00,,2451705.52
10/05/2023,CHQ NO 547444 CLEARING,TXN0272359,120.00,,2451585.52
11/05/2023,UPI/DR/389342255550/SANJANA HEGDE/PUNB0368283/sanjana276@oksbi,TXN0272360,310.00,,2451275.52
12/05/2023,UPI/DR/84236047/PRIYA NAIR/PUNB0368283/priya722@okaxis,TXN0272361,5200.00,,2446075.52
13/05/2023,UPI/CR/11466106/NIKHIL GUPTA/PUNB0368283/nikhil588@ybl,TXN0272362,,500.00,2446575.52
13/05/2023,UPI/DR/445091594336/POOJA SHARMA/PUNB0368283/pooja248@okhdfc,TXN0272363,850.00,,2445725.52
13/05/2023,NEFT/10790386/DEEPAK JOSHI/PUNB0368283/18089996463734,TXN0272364,,32000.00,2477725.52
13/05/2023,NEFT/940419384427/MALLIKA DAS/PUNB0368283/60199984396860,TXN0272365,999.00,,2476726.52
14/05/2023,UPI/DR/2777410316/KAVITHA RAO/PUNB0368283/kavitha231@paytm,TXN0272366,79.00,,2476647.52
15/05/2023,CASH DEPOSIT/BRANCH COUNTER/WHITEFIELD BENGALURU,TXN0272367,,11200.00,2487847.52
16/05/2023,NEFT/433771453942/ARJUN MEHTA/PUNB0368283/68509228987801,TXN0272368,,4800.00,2492647.52
16/05/2023,IMPS/P2P/83370304/SURESH BABU/7824225664,TXN0272369,,4800.00,2497447.52
16/05/2023,CASH DEPOSIT/BRANCH COUNTER/WHITEFIELD BENGALURU,TXN0272370,,7600.00,2505047.52
16/05/2023,NEFT/42274846/PREETHI IYER/PUNB0368283/16205531915289,TXN0272371,,4800.00,2509847.52
17/05/2023,UPI/CR/997192394624/DEEPA NAIR/PUNB0368283/deepa187@okhdfc,TXN0272372,,24000.00,2533847.52
17/05/2023,UPI/DR/85694167/REKHA PILLAI/PUNB0368283/rekha927@ybl,TXN0272373,79.00,,2533768.52
17/05/2023,UPI/CR/8498351167/ARCHANA PILLAI/PUNB0368283/archana86@okhdfc,TXN0272374,,32000.00,2565768.52
17/05/2023,NEFT/60133942/ANAND KUMAR/PUNB0368283/91634059210666,TXN0272375,,4800.00,2570568.52
17/05/2023,UPI/CR/029426472897/ARJUN MEHTA/PUNB0368283/arjun876@okaxis,TXN0272376,,4800.00,2575368.52
17/05/2023,ATM/WDL/0250763006/HDFC ATM KORAMANGALA,TXN0272377,3499.00,,2571869.52
18/05/2023,NEFT/51565640/PREETHI IYER/PUNB0368283/29416646252202,TXN0272378,,11200.00,2583069.52
18/05/2023,UPI/CR/5911292347/AYESHA KHAN/PUNB0368283/ayesha174@okhdfc,TXN0272379,,11200.00,2594269.52
18/05/2023,NEFT/70722222/SMITHA PILLAI/PUNB0368283/88144107096268,TXN0272380,,1200.00,2595469.52
19/05/2023,UPI/DR/9788243740/RESHMA KHAN/PUNB0368283/reshma65@paytm,TXN0272381,5200.00,,2590269.52
19/05/2023,UPI/DR/73769292/PRAKASH RAO/PUNB0368283/prakash794@okhdfc,TXN0272382,3499.00,,2586770.52
20/05/2023,UPI/DR/85197701/BINDHU NAIR/PUNB0368283/bindhu168@okaxis,TXN0272383,2380.00,,2584390.52
20/05/2023,UPI/DR/4279274266/ARJUN MEHTA/PUNB0368283/arjun682@paytm,TXN0272384,1250.00,,2583140.52
21/05/2023,IMPS/P2P/228664793773/MEERA PILLAI/8190017261,TXN0272385,,7600.00,2590740.52
21/05/2023,NEFT/391706292006/MEERA PILLAI/PUNB0368283/76304912519890,TXN0272386,850.00,,2589890.52
21/05/2023,IMPS/P2P/793455421536/KIRAN REDDY/7080651292,TXN0272387,,4800.00,2594690.52
22/05/2023,IMPS/P2P/557256599638/SUNITA DEVI/7034573552,TXN0272388,,32000.00,2626690.52
22/05/2023,NEFT/87231316/CHANDAN SHARMA/PUNB0368283/31338558226850,TXN0272389,,850.00,2627540.52
23/05/2023,UPI/DR/154981355014/HARISH MENON/PUNB0368283/harish638@paytm,TXN0272390,449.00,,2627091.52
23/05/2023,ATM/WDL/19270106/CANARA ATM MYSURU,TXN0272391,999.00,,2626092.52
25/05/2023,NEFT/65749354/RAHUL SINGH/PUNB0368283/64950872641540,TXN0272392,,2500.00,2628592.52
25/05/2023,CHQ NO 926093 CLEARING,TXN0272393,49.00,,2628543.52
25/05/2023,NEFT/4654767252/LAKSHMI VENKAT/PUNB0368283/60629526925517,TXN0272394,1250.00,,2627293.52
25/05/2023,CHQ NO 694435 CLEARING,TXN0272395,249.00,,2627044.52
26/05/2023,UPI/DR/29525240/DEEPA NAIR/PUNB0368283/deepa45@paytm,TXN0272396,699.00,,2626345.52
26/05/2023,UPI/DR/8096910266/CHANDAN SHARMA/PUNB0368283/chandan805@okaxis,TXN0272397,449.00,,2625896.52
27/05/2023,ATM/WDL/80412221/SBI ATM JAYANAGAR BLR,TXN0272398,79.00,,2625817.52
27/05/2023,UPI/DR/19701623/PADMA RAO/PUNB0368283/padma128@paytm,TXN0272399,2380.00,,2623437.52
27/05/2023,CASH DEPOSIT/BRANCH COUNTER/WHITEFIELD BENGALURU,TXN0272400,,11200.00,2634637.52
27/05/2023,ATM/WDL/606243783458/SBI ATM JAYANAGAR BLR,TXN0272401,49.00,,2634588.52
27/05/2023,UPI/DR/4333139394/TANVI RAO/PUNB0368283/tanvi878@okaxis,TXN0272402,49.00,,2634539.52
29/05/2023,NEFT/1722784028/LALITHA DEVI/PUNB0368283/80946665801021,TXN0272403,79.00,,2634460.52
29/05/2023,CASH DEPOSIT/BRANCH COUNTER/WHITEFIELD BENGALURU,TXN0272404,,850.00,2635310.52
29/05/2023,UPI/CR/20891383/MOHAMMED IRFAN/PUNB0368283/mohammed880@okhdfc,TXN0272405,,850.00,2636160.52
29/05/2023,ATM/WDL/43942515/CANARA ATM MYSURU,TXN0272406,1250.00,,2634910.52
29/05/2023,UPI/DR/0001132202/ARJUN MEHTA/PUNB0368283/arjun299@paytm,TXN0272407,120.00,,2634790.52
30/05/2023,CHQ NO 931418 CLEARING,TXN0272408,1680.00,,2633110.52
30/05/2023,CHQ NO 533060 CLEARING,TXN0272409,249.00,,2632861.52
31/05/2023,NEFT/8831318716/KIRAN REDDY/PUNB0368283/22251309584113,TXN0272410,2380.00,,2630481.52
31/05/2023,IMPS/P2P/8057991367/NILESH KULKARNI/8183540888,TXN0272411,,850.00,2631331.52
31/05/2023,IMPS/P2P/3177059908/POOJA SHARMA/8806812824,TXN0272412,,24000.00,2655331.52
31/05/2023,CHQ NO 216101 CLEARING,TXN0272413,850.00,,2654481.52
01/06/2023,UPI/DR/2803400475/ARJUN MEHTA/PUNB0368283/arjun237@ybl,TXN0272414,120.00,,2654361.52
01/06/2023,NEFT/096361157929/MOHAN DAS/PUNB0368283/99837739878901,TXN0272415,999.00,,2653362.52
01/06/2023,UPI/DR/0550218361/KIRAN REDDY/PUNB0368283/kiran140@oksbi,TXN0272416,249.00,,2653113.52
02/06/2023,IMPS/P2P/98604926/SURESH NAIR/9014193796,TXN0272417,,850.00,2653963.52
02/06/2023,NEFT/601339695009/RAVI KUMAR SHARMA/PUNB0368283/03879760397735,TXN0272418,,32000.00,2685963.52
02/06/2023,UPI/DR/2853804015/SUNIL YADAV/PUNB0368283/sunil373@ybl,TXN0272419,5200.00,,2680763.52
02/06/2023,NEFT/2797867902/NADIA HUSSAIN/PUNB0368283/08521277674039,TXN0272420,,11200.00,2691963.52
03/06/2023,UPI/DR/01590250/IMRAN KHAN/PUNB0368283/imran140@oksbi,TXN0272421,7800.00,,2684163.52
03/06/2023,CHQ NO 311218 CLEARING,TXN0272422,999.00,,2683164.52
04/06/2023,UPI/DR/0029691601/VINAY PATIL/PUNB0368283/vinay638@okaxis,TXN0272423,5200.00,,2677964.52
04/06/2023,NEFT/171563979205/KARTHIK MENON/PUNB0368283/43765205405219,TXN0272424,2380.00,,2675584.52
04/06/2023,NEFT/6966719191/ANITHA KRISHNAN/PUNB0368283/53622935976279,TXN0272425,120.00,,2675464.52
05/06/2023,NEFT/2367529018/SUNIL YADAV/PUNB0368283/82217694011238,TXN0272426,,2500.00,2677964.52
05/06/2023,NEFT/352638798764/POOJA SHARMA/PUNB0368283/52528116484148,TXN0272427,120.00,,2677844.52
05/06/2023,UPI/CR/3200159355/LALITHA DEVI/PUNB0368283/lalitha154@okaxis,TXN0272428,,850.00,2678694.52
05/06/2023,UPI/DR/05508476/GANESH KUMAR/PUNB0368283/ganesh525@okaxis,TXN0272429,49.00,,2678645.52
06/06/2023,IMPS/P2P/24969097/NIKHIL GUPTA/7113527845,TXN0272430,,18500.00,2697145.52
06/06/2023,CHQ NO 587710 CLEARING,TXN0272431,5200.00,,2691945.52
07/06/2023,UPI/DR/08791155/FARHAN KHAN/PUNB0368283/farhan769@okhdfc,TXN0272432,249.00,,2691696.52
07/06/2023,ATM/WDL/2318309575/HDFC ATM KORAMANGALA,TXN0272433,3499.00,,2688197.52
07/06/2023,NEFT/8337213038/VIKRAM NAIR/PUNB0368283/08139311020320,TXN0272434,5200.00,,2682997.52
07/06/2023,NEFT/7783375392/RESHMA KHAN/PUNB0368283/00087706654389,TXN0272435,,1200.00,2684197.52
08/06/2023,UPI/DR/6711655760/VENKAT RAO/PUNB0368283/venkat45@paytm,TXN0272436,79.00,,2684118.52
08/06/2023,NEFT/9966339216/SUSHMA RAO/PUNB0368283/40660482844648,TXN0272437,,1200.00,2685318.52
09/06/2023,UPI/DR/332657293291/GOPAL VERMA/PUNB0368283/gopal559@paytm,TXN0272438,449.00,,2684869.52
09/06/2023,UPI/DR/1706391250/FATIMA SHEIKH/PUNB0368283/fatima819@oksbi,TXN0272439,1250.00,,2683619.52
09/06/2023,UPI/DR/76467644/FARHAN KHAN/PUNB0368283/farhan78@okaxis,TXN0272440,850.00,,2682769.52
10/06/2023,UPI/DR/280494799232/SUNITA DEVI/PUNB0368283/sunita511@paytm,TXN0272441,1250.00,,2681519.52
10/06/2023,CHQ NO 189100 CLEARING,TXN0272442,310.00,,2681209.52
10/06/2023,ATM/WDL/3355517941/HDFC ATM KORAMANGALA,TXN0272443,79.00,,2681130.52
10/06/2023,UPI/DR/39506699/MOHAN DAS/PUNB0368283/mohan569@okhdfc,TXN0272444,1250.00,,2679880.52
10/06/2023,CHQ NO 909279 CLEARING,TXN0272445,999.00,,2678881.52
10/06/2023,ATM/WDL/7857389565/CANARA ATM MYSURU,TXN0272446,3499.00,,2675382.52
11/06/2023,IMPS/P2P/368364042069/MEERA PILLAI/8925262754,TXN0272447,,850.00,2676232.52
11/06/2023,CHQ NO 849074 CLEARING,TXN0272448,2380.00,,2673852.52
11/06/2023,ATM/WDL/00542285/CANARA ATM MYSURU,TXN0272449,120.00,,2673732.52
12/06/2023,UPI/CR/33857638/SURESH NAIR/PUNB0368283/suresh552@paytm,TXN0272450,,7600.00,2681332.52
12/06/2023,NEFT/636418563633/REKHA PILLAI/PUNB0368283/35572883440104,TXN0272451,,1200.00,2682532.52
12/06/2023,UPI/DR/373425637410/VENKAT RAO/PUNB0368283/venkat253@okhdfc,TXN0272452,1680.00,,2680852.52
12/06/2023,UPI/DR/929202937317/REKHA PILLAI/PUNB0368283/rekha489@okhdfc,TXN0272453,1250.00,,2679602.52
13/06/2023,CHQ NO 561543 CLEARING,TXN0272454,120.00,,2679482.52
13/06/2023,UPI/CR/28046101/HARISH MENON/PUNB0368283/harish75@oksbi,TXN0272455,,7600.00,2687082.52
13/06/2023,ATM/WDL/51405055/CANARA ATM MYSURU,TXN0272456,699.00,,2686383.52
13/06/2023,NEFT/45821932/MOHAMMED IRFAN/PUNB0368283/37336583885449,TXN0272457,,32000.00,2718383.52
13/06/2023,NEFT/1774013788/POOJA SHARMA/PUNB0368283/75701844168000,TXN0272458,49.00,,2718334.52
13/06/2023,UPI/DR/443022483143/BINDHU NAIR/PUNB0368283/bindhu651@okhdfc,TXN0272459,79.00,,2718255.52
14/06/2023,UPI/DR/3138644279/BINDHU NAIR/PUNB0368283/bindhu617@paytm,TXN0272460,449.00,,2717806.52
14/06/2023,UPI/DR/08991932/BINDHU NAIR/PUNB0368283/bindhu859@ybl,TXN0272461,120.00,,2717686.52
14/06/2023,CASH DEPOSIT/BRANCH COUNTER/WHITEFIELD BENGALURU,TXN0272462,,2500.00,2720186.52
14/06/2023,UPI/DR/343871378468/GANESH KUMAR/PUNB0368283/ganesh769@paytm,TXN0272463,3499.00,,2716687.52
14/06/2023,CASH DEPOSIT/BRANCH COUNTER/WHITEFIELD BENGALURU,TXN0272464,,32000.00,2748687.52
14/06/2023,UPI/DR/56510537/ROHIT SHARMA/PUNB0368283/rohit104@okaxis,TXN0272465,449.00,,2748238.52
15/06/2023,NEFT/7399519768/ROHIT SHARMA/PUNB0368283/77022603031127,TXN0272466,,18500.00,2766738.52
15/06/2023,UPI/CR/8304366148/AYESHA KHAN/PUNB0368283/ayesha306@oksbi,TXN0272467,,7600.00,2774338.52
16/06/2023,NEFT/823942279279/NAVEEN KUMAR/PUNB0368283/13235156476270,TXN0272468,120.00,,2774218.52
16/06/2023,IMPS/P2P/168356317003/SANJANA HEGDE/9345679284,TXN0272469,,7600.00,2781818.52
16/06/2023,CHQ NO 455325 CLEARING,TXN0272470,79.00,,2781739.52
16/06/2023,ATM/WDL/47209820/SBI ATM JAYANAGAR BLR,TXN0272471,7800.00,,2773939.52
16/06/2023,CASH DEPOSIT/BRANCH COUNTER/WHITEFIELD BENGALURU,TXN0272472,,24000.00,2797939.52
16/06/2023,UPI/CR/61485530/VINAY PATIL/PUNB0368283/vinay549@okaxis,TXN0272473,,500.00,2798439.52
17/06/2023,IMPS/P2P/3620229102/SANTOSH KUMAR/7368062089,TXN0272474,,850.00,2799289.52
17/06/2023,IMPS/P2P/3524853037/SMITHA PILLAI/9796929228,TXN0272475,,2500.00,2801789.52
17/06/2023,NEFT/910400607045/KARTHIK MENON/PUNB0368283/18800454129058,TXN0272476,,32000.00,2833789.52
17/06/2023,CHQ NO 847736 CLEARING,TXN0272477,1250.00,,2832539.52
17/06/2023,UPI/DR/25149231/ARCHANA PILLAI/PUNB0368283/archana958@ybl,TXN0272478,699.00,,2831840.52
18/06/2023,UPI/DR/7732069380/CHANDAN SHARMA/PUNB0368283/chandan748@ybl,TXN0272479,449.00,,2831391.52
18/06/2023,UPI/CR/671774298074/DEEPAK JOSHI/PUNB0368283/deepak554@okhdfc,TXN0272480,,18500.00,2849891.52
18/06/2023,UPI/DR/0693623402/ROHIT SHARMA/PUNB0368283/rohit213@ybl,TXN0272481,1680.00,,2848211.52
19/06/2023,CHQ NO 520923 CLEARING,TXN0272482,49.00,,2848162.52
19/06/2023,CHQ NO 815770 CLEARING,TXN0272483,310.00,,2847852.52
19/06/2023,IMPS/P2P/85474128/SURESH BABU/7011335544,TXN0272484,,850.00,2848702.52
19/06/2023,UPI/DR/7156904877/SANTOSH KUMAR/PUNB0368283/santosh128@oksbi,TXN0272485,310.00,,2848392.52
19/06/2023,CHQ NO 016520 CLEARING,TXN0272486,310.00,,2848082.52
19/06/2023,IMPS/P2P/3108360002/SHEELA DEVI/9368800826,TXN0272487,,11200.00,2859282.52
20/06/2023,NEFT/6766070493/LALITHA DEVI/PUNB0368283/63685137811521,TXN0272488,310.00,,2858972.52
20/06/2023,NEFT/7181548332/LALITHA DEVI/PUNB0368283/50068995618700,TXN0272489,2380.00,,2856592.52
20/06/2023,ATM/WDL/37426106/HDFC ATM KORAMANGALA,TXN0272490,49.00,,2856543.52
20/06/2023,ATM/WDL/26161053/CANARA ATM MYSURU,TXN0272491,120.00,,2856423.52
20/06/2023,NEFT/2323621452/BINDHU NAIR/PUNB0368283/93166128291617,TXN0272492,7800.00,,2848623.52
21/06/2023,UPI/DR/500669483106/KAVYA REDDY/PUNB0368283/kavya462@paytm,TXN0272493,5200.00,,2843423.52
22/06/2023,CASH DEPOSIT/BRANCH COUNTER/WHITEFIELD BENGALURU,TXN0272494,,850.00,2844273.52
22/06/2023,UPI/DR/28618061/SHEELA DEVI/PUNB0368283/sheela354@oksbi,TXN0272495,79.00,,2844194.52
22/06/2023,UPI/DR/7962298338/SHAHID KHAN/PUNB0368283/shahid610@okhdfc,TXN0272496,850.00,,2843344.52
22/06/2023,UPI/DR/737076691186/VIKRAM NAIR/PUNB0368283/vikram544@okhdfc,TXN0272497,5200.00,,2838144.52
22/06/2023,UPI/DR/54356723/SURESH NAIR/PUNB0368283/suresh862@ybl,TXN0272498,2380.00,,2835764.52
22/06/2023,NEFT/96365892/SMITHA PILLAI/PUNB0368283/34018214886567,TXN0272499,1680.00,,2834084.52
23/06/2023,NEFT/7019336819/RANJIT SINGH/PUNB0368283/63576519768464,TXN0272500,,18500.00,2852584.52
23/06/2023,UPI/DR/405606397027/RAJESH VERMA/PUNB0368283/rajesh812@paytm,TXN0272501,49.00,,2852535.52
23/06/2023,UPI/CR/278357739528/SURESH NAIR/PUNB0368283/suresh261@ybl,TXN0272502,,4800.00,2857335.52
24/06/2023,NEFT/2566805343/IMRAN KHAN/PUNB0368283/28889439093889,TXN0272503,,500.00,2857835.52
24/06/2023,IMPS/P2P/751500306128/ARCHANA PILLAI/7240868441,TXN0272504,,11200.00,2869035.52
24/06/2023,IMPS/P2P/66785410/FATIMA SHEIKH/8669532460,TXN0272505,,1200.00,2870235.52
25/06/2023,UPI/DR/5158540759/IMRAN KHAN/PUNB0368283/imran719@ybl,TXN0272506,5200.00,,2865035.52
25/06/2023,NEFT/37257876/KAVITHA RAO/PUNB0368283/51764364668089,TXN0272507,249.00,,2864786.52
25/06/2023,CASH DEPOSIT/BRANCH COUNTER/WHITEFIELD BENGALURU,TXN0272508,,32000.00,2896786.52
26/06/2023,UPI/DR/66416449/ANITHA KRISHNAN/PUNB0368283/anitha150@oksbi,TXN0272509,699.00,,2896087.52
27/06/2023,UPI/CR/39063276/PREETHI IYER/PUNB0368283/preethi132@okaxis,TXN0272510,,18500.00,2914587.52
27/06/2023,UPI/DR/017027442378/SMITHA PILLAI/PUNB0368283/smitha21@paytm,TXN0272511,850.00,,2913737.52
27/06/2023,CASH DEPOSIT/BRANCH COUNTER/WHITEFIELD BENGALURU,TXN0272512,,18500.00,2932237.52
28/06/2023,NEFT/26041678/RANJIT SINGH/PUNB0368283/41062581781757,TXN0272513,7800.00,,2924437.52
28/06/2023,NEFT/51667634/DEEPAK JOSHI/PUNB0368283/30775955920334,TXN0272514,1680.00,,2922757.52
28/06/2023,UPI/DR/92880674/SUNIL YADAV/PUNB0368283/sunil470@okaxis,TXN0272515,3499.00,,2919258.52
28/06/2023,CHQ NO 516659 CLEARING,TXN0272516,49.00,,2919209.52
29/06/2023,IMPS/P2P/52415661/ANAND KUMAR/9017991711,TXN0272517,,1200.00,2920409.52
30/06/2023,CASH DEPOSIT/BRANCH COUNTER/WHITEFIELD BENGALURU,TXN0272518,,24000.00,2944409.52
30/06/2023,IMPS/P2P/5523788400/ARUN SHARMA/7750867632,TXN0272519,,32000.00,2976409.52
30/06/2023,CASH DEPOSIT/BRANCH COUNTER/WHITEFIELD BENGALURU,TXN0272520,,32000.00,3008409.52
01/07/2023,CHQ NO 750061 CLEARING,TXN0272521,999.00,,3007410.52
01/07/2023,ATM/WDL/20929687/CANARA ATM MYSURU,TXN0272522,49.00,,3007361.52
01/07/2023,ATM/WDL/145828444557/SBI ATM JAYANAGAR BLR,TXN0272523,79.00,,3007282.52
01/07/2023,UPI/DR/6017324347/LATHA MURTHY/PUNB0368283/latha705@paytm,TXN0272524,1680.00,,3005602.52
01/07/2023,UPI/DR/28739526/USHA RANI/PUNB0368283/usha647@okaxis,TXN0272525,1250.00,,3004352.52
02/07/2023,IMPS/P2P/40257803/REKHA PILLAI/8544672327,TXN0272526,,850.00,3005202.52
03/07/2023,ATM/WDL/95263026/CANARA ATM MYSURU,TXN0272527,449.00,,3004753.52
04/07/2023,IMPS/P2P/09327804/VIKRAM NAIR/9288424059,TXN0272528,,1200.00,3005953.52
04/07/2023,NEFT/6368994624/NILESH KULKARNI/PUNB0368283/03921151922844,TXN0272529,,11200.00,3017153.52
04/07/2023,UPI/CR/34892352/MOHAN DAS/PUNB0368283/mohan427@paytm,TXN0272530,,500.00,3017653.52
04/07/2023,UPI/DR/6510284032/SURESH NAIR/PUNB0368283/suresh520@okaxis,TXN0272531,3499.00,,3014154.52
05/07/2023,UPI/DR/9093187132/RAVI KUMAR SHARMA/PUNB0368283/ravi852@okaxis,TXN0272532,449.00,,3013705.52
05/07/2023,CASH DEPOSIT/BRANCH COUNTER/WHITEFIELD BENGALURU,TXN0272533,,7600.00,3021305.52
06/07/2023,UPI/DR/544627478868/BABU LAL/PUNB0368283/babu455@ybl,TXN0272534,79.00,,3021226.52
06/07/2023,NEFT/548841080617/RAVI KUMAR SHARMA/PUNB0368283/03291627695843,TXN0272535,999.00,,3020227.52
07/07/2023,ATM/WDL/50966552/CANARA ATM MYSURU,TXN0272536,850.00,,3019377.52
07/07/2023,NEFT/312470683474/SURESH BABU/PUNB0368283/45172020778552,TXN0272537,,1200.00,3020577.52
07/07/2023,CASH DEPOSIT/BRANCH COUNTER/WHITEFIELD BENGALURU,TXN0272538,,7600.00,3028177.52
08/07/2023,ATM/WDL/274039342883/CANARA ATM MYSURU,TXN0272539,1250.00,,3026927.52
08/07/2023,UPI/DR/43753426/BABU LAL/PUNB0368283/babu911@ybl,TXN0272540,850.00,,3026077.52
08/07/2023,NEFT/219557799210/HARISH MENON/PUNB0368283/47486706426234,TXN0272541,1250.00,,3024827.52
08/07/2023,UPI/CR/55400394/ADITYA KUMAR/PUNB0368283/aditya978@paytm,TXN0272542,,32000.00,3056827.52
09/07/2023,UPI/DR/8326522932/SNEHA PATIL/PUNB0368283/sneha601@okhdfc,TXN0272543,1250.00,,3055577.52
09/07/2023,NEFT/7902419065/CHANDAN SHARMA/PUNB0368283/97107181360488,TXN0272544,1250.00,,3054327.52
09/07/2023,UPI/DR/69558938/GEETA DEVI/PUNB0368283/geeta319@okhdfc,TXN0272545,49.00,,3054278.52
09/07/2023,UPI/CR/129069061660/SMITHA PILLAI/PUNB0368283/smitha453@paytm,TXN0272546,,2500.00,3056778.52
09/07/2023,NEFT/21870495/DIVYA MENON/PUNB0368283/68860376442425,TXN0272547,,11200.00,3067978.52
09/07/2023,NEFT/6102682543/RAJENDRA PRASAD/PUNB0368283/42465846498911,TXN0272548,,32000.00,3099978.52
09/07/2023,UPI/CR/039134837528/VENKAT RAO/PUNB0368283/venkat112@okhdfc,TXN0272549,,2500.00,3102478.52
10/07/2023,UPI/DR/29116401/ANAND KUMAR/PUNB0368283/anand968@paytm,TXN0272550,2380.00,,3100098.52
11/07/2023,CASH DEPOSIT/BRANCH COUNTER/WHITEFIELD BENGALURU,TXN0272551,,2500.00,3102598.52
11/07/2023,UPI/DR/2368820528/SNEHA PATIL/PUNB0368283/sneha449@okaxis,TXN0272552,1250.00,,3101348.52
11/07/2023,CHQ NO 209018 CLEARING,TXN0272553,5200.00,,3096148.52
11/07/2023,UPI/CR/081238194250/GOPAL VERMA/PUNB0368283/gopal201@ybl,TXN0272554,,11200.00,3107348.52
12/07/2023,CHQ NO 078538 CLEARING,TXN0272555,120.00,,3107228.52
12/07/2023,NEFT/057885848999/KIRAN REDDY/PUNB0368283/80729293596815,TXN0272556,7800.00,,3099428.52
12/07/2023,NEFT/543912854885/GOPAL VERMA/PUNB0368283/31612629214805,TXN0272557,,7600.00,3107028.52
12/07/2023,CHQ NO 546945 CLEARING,TXN0272558,699.00,,3106329.52
13/07/2023,IMPS/P2P/11074597/LATHA MURTHY/9212817299,TXN0272559,,1200.00,3107529.52
13/07/2023,IMPS/P2P/48968923/RAMESH PILLAI/8745891594,TXN0272560,,2500.00,3110029.52
13/07/2023,CHQ NO 759808 CLEARING,TXN0272561,3499.00,,3106530.52
13/07/2023,UPI/DR/788897245272/BABU LAL/PUNB0368283/babu615@ybl,TXN0272562,2380.00,,3104150.52
14/07/2023,CHQ NO 240652 CLEARING,TXN0272563,699.00,,3103451.52
15/07/2023,IMPS/P2P/0406269291/MOHAMMED IRFAN/9092405398,TXN0272564,,24000.00,3127451.52
16/07/2023,UPI/DR/9775184540/KAVITHA RAO/PUNB0368283/kavitha837@oksbi,TXN0272565,310.00,,3127141.52
16/07/2023,CHQ NO 528763 CLEARING,TXN0272566,1250.00,,3125891.52
17/07/2023,UPI/CR/55102003/ARJUN MEHTA/PUNB0368283/arjun438@oksbi,TXN0272567,,1200.00,3127091.52
17/07/2023,UPI/DR/8224600153/NADIA HUSSAIN/PUNB0368283/nadia725@okhdfc,TXN0272568,49.00,,3127042.52
17/07/2023,UPI/CR/9694544406/DEEPAK JOSHI/PUNB0368283/deepak309@ybl,TXN0272569,,500.00,3127542.52
17/07/2023,UPI/DR/7314984495/TARA SINGH/PUNB0368283/tara158@okhdfc,TXN0272570,79.00,,3127463.52
18/07/2023,UPI/DR/694798964472/HARISH MENON/PUNB0368283/harish333@paytm,TXN0272571,49.00,,3127414.52
18/07/2023,CASH DEPOSIT/BRANCH COUNTER/WHITEFIELD BENGALURU,TXN0272572,,18500.00,3145914.52
18/07/2023,UPI/DR/07678515/VINAY PATIL/PUNB0368283/vinay934@okaxis,TXN0272573,79.00,,3145835.52
19/07/2023,UPI/DR/4712597248/USHA RANI/PUNB0368283/usha286@okaxis,TXN0272574,999.00,,3144836.52
19/07/2023,IMPS/P2P/9462512046/TANVI RAO/8114131478,TXN0272575,,2500.00,3147336.52
20/07/2023,UPI/CR/828438276184/NAVEEN KUMAR/PUNB0368283/naveen406@okaxis,TXN0272576,,11200.00,3158536.52
20/07/2023,UPI/CR/2081771090/SANTOSH KUMAR/PUNB0368283/santosh956@okhdfc,TXN0272577,,11200.00,3169736.52
21/07/2023,CASH DEPOSIT/BRANCH COUNTER/WHITEFIELD BENGALURU,TXN0272578,,11200.00,3180936.52
21/07/2023,CASH DEPOSIT/BRANCH COUNTER/WHITEFIELD BENGALURU,TXN0272579,,32000.00,3212936.52
21/07/2023,UPI/CR/979284555160/SUNITA DEVI/PUNB0368283/sunita632@okhdfc,TXN0272580,,2500.00,3215436.52
21/07/2023,UPI/DR/0026494662/RAMESH GOWDA/PUNB0368283/ramesh916@okhdfc,TXN0272581,850.00,,3214586.52
21/07/2023,UPI/DR/497631962415/BABU LAL/PUNB0368283/babu916@okhdfc,TXN0272582,850.00,,3213736.52
22/07/2023,IMPS/P2P/4967603936/SUNIL YADAV/7585585287,TXN0272583,,7600.00,3221336.52
22/07/2023,NEFT/05007307/KAVITHA RAO/PUNB0368283/08508494032786,TXN0272584,,7600.00,3228936.52
22/07/2023,UPI/DR/753625962900/SANJANA HEGDE/PUNB0368283/sanjana482@okhdfc,TXN0272585,249.00,,3228687.52
23/07/2023,CASH DEPOSIT/BRANCH COUNTER/WHITEFIELD BENGALURU,TXN0272586,,18500.00,3247187.52
23/07/2023,UPI/CR/8431401026/DEEPAK JOSHI/PUNB0368283/deepak328@paytm,TXN0272587,,7600.00,3254787.52
23/07/2023,CHQ NO 040142 CLEARING,TXN0272588,449.00,,3254338.52
23/07/2023,NEFT/795469172252/IMRAN KHAN/PUNB0368283/52899750040678,TXN0272589,850.00,,3253488.52
24/07/2023,UPI/DR/5778486818/KIRAN REDDY/PUNB0368283/kiran102@ybl,TXN0272590,3499.00,,3249989.52
24/07/2023,CASH DEPOSIT/BRANCH COUNTER/WHITEFIELD BENGALURU,TXN0272591,,500.00,3250489.52
24/07/2023,NEFT/798270924535/CHANDAN SHARMA/PUNB0368283/23230380098372,TXN0272592,,18500.00,3268989.52
24/07/2023,UPI/DR/7696053865/KARTHIK MENON/PUNB0368283/karthik850@okhdfc,TXN0272593,999.00,,3267990.52
25/07/2023,NEFT/5248437317/MOHAN DAS/PUNB0368283/59665513952448,TXN0272594,1250.00,,3266740.52
25/07/2023,IMPS/P2P/41899579/ADITYA KUMAR/8036978661,TXN0272595,,18500.00,3285240.52
26/07/2023,IMPS/P2P/0182444413/SAVITHA DEVI/7564040873,TXN0272596,,4800.00,3290040.52
26/07/2023,UPI/CR/1472908409/KAVYA REDDY/PUNB0368283/kavya524@okaxis,TXN0272597,,500.00,3290540.52
27/07/2023,NEFT/2848439042/SUSHMA RAO/PUNB0368283/36405969652258,TXN0272598,,18500.00,3309040.52
27/07/2023,UPI/DR/640146252096/RANJIT SINGH/PUNB0368283/ranjit74@paytm,TXN0272599,79.00,,3308961.52
28/07/2023,NEFT/1250301534/MEENA IYER/PUNB0368283/27227779214688,TXN0272600,,850.00,3309811.52
29/07/2023,UPI/CR/5207032679/RAVI KUMAR SHARMA/PUNB0368283/ravi345@paytm,TXN0272601,,500.00,3310311.52
29/07/2023,UPI/DR/7291937630/GEETA DEVI/PUNB0368283/geeta225@okhdfc,TXN0272602,249.00,,3310062.52
29/07/2023,NEFT/347420732254/RAVI KUMAR SHARMA/PUNB0368283/14478452720209,TXN0272603,1250.00,,3308812.52
29/07/2023,IMPS/P2P/13901062/PRAKASH RAO/7498522216,TXN0272604,,24000.00,3332812.52
30/07/2023,UPI/DR/56962135/GOPAL VERMA/PUNB0368283/gopal469@paytm,TXN0272605,3499.00,,3329313.52
30/07/2023,NEFT/853938027708/RAMESH PILLAI/PUNB0368283/03081214796899,TXN0272606,,11200.00,3340513.52
30/07/2023,NEFT/91253464/LATHA MURTHY/PUNB0368283/99858756712983,TXN0272607,850.00,,3339663.52
31/07/2023,CHQ NO 447889 CLEARING,TXN0272608,249.00,,3339414.52
31/07/2023,NEFT/10333908/PADMA RAO/PUNB0368283/01643797409078,TXN0272609,449.00,,3338965.52
31/07/2023,UPI/CR/7108201643/KAVYA REDDY/PUNB0368283/kavya58@oksbi,TXN0272610,,4800.00,3343765.52
31/07/2023,NEFT/90049749/SHEELA DEVI/PUNB0368283/63838854169287,TXN0272611,,1200.00,3344965.52
31/07/2023,UPI/CR/495291795437/LALITHA DEVI/PUNB0368283/lalitha898@okhdfc,TXN0272612,,2500.00,3347465.52
01/08/2023,UPI/DR/894169352862/SUNITA DEVI/PUNB0368283/sunita433@okaxis,TXN0272613,449.00,,3347016.52
01/08/2023,UPI/DR/9487392862/SHEELA DEVI/PUNB0368283/sheela333@ybl,TXN0272614,699.00,,3346317.52
03/08/2023,NEFT/4897398904/TANVI RAO/PUNB0368283/15201437824029,TXN0272615,449.00,,3345868.52
03/08/2023,UPI/CR/9004136600/SURESH NAIR/PUNB0368283/suresh692@okhdfc,TXN0272616,,24000.00,3369868.52
04/08/2023,CASH DEPOSIT/BRANCH COUNTER/WHITEFIELD BENGALURU,TXN0272617,,1200.00,3371068.52
04/08/2023,NEFT/21534023/FATIMA SHEIKH/PUNB0368283/09617964010797,TXN0272618,310.00,,3370758.52
04/08/2023,UPI/CR/5477565944/FARHAN KHAN/PUNB0368283/farhan924@ybl,TXN0272619,,1200.00,3371958.52
05/08/2023,UPI/DR/773975559914/ARCHANA PILLAI/PUNB0368283/archana474@ybl,TXN0272620,699.00,,3371259.52
05/08/2023,ATM/WDL/85297484/HDFC ATM KORAMANGALA,TXN0272621,699.00,,3370560.52
05/08/2023,ATM/WDL/005175445615/SBI ATM JAYANAGAR BLR,TXN0272622,999.00,,3369561.52
05/08/2023,ATM/WDL/8754099973/SBI ATM JAYANAGAR BLR,TXN0272623,999.00,,3368562.52
06/08/2023,ATM/WDL/63524206/CANARA ATM MYSURU,TXN0272624,1250.00,,3367312.52
06/08/2023,NEFT/190382891826/ADITYA KUMAR/PUNB0368283/72083303341804,TXN0272625,7800.00,,3359512.52
07/08/2023,UPI/DR/1570033308/MALLIKA DAS/PUNB0368283/mallika574@okaxis,TXN0272626,49.00,,3359463.52
07/08/2023,UPI/CR/899575521290/ANITHA KRISHNAN/PUNB0368283/anitha904@paytm,TXN0272627,,850.00,3360313.52
07/08/2023,UPI/CR/263589182697/MOHAMMED IRFAN/PUNB0368283/mohammed843@okaxis,TXN0272628,,7600.00,3367913.52
08/08/2023,UPI/DR/773323089007/POOJA SHARMA/PUNB0368283/pooja455@okaxis,TXN0272629,2380.00,,3365533.52
08/08/2023,UPI/DR/671331119991/ROHIT SHARMA/PUNB0368283/rohit791@okaxis,TXN0272630,310.00,,3365223.52
10/08/2023,UPI/DR/4366131689/DEEPAK JOSHI/PUNB0368283/deepak511@okhdfc,TXN0272631,699.00,,3364524.52
11/08/2023,UPI/DR/463052786409/SURESH BABU/PUNB0368283/suresh851@okaxis,TXN0272632,310.00,,3364214.52
11/08/2023,UPI/CR/116196872827/PADMA RAO/PUNB0368283/padma294@okaxis,TXN0272633,,850.00,3365064.52
11/08/2023,IMPS/P2P/43330397/SHAHID KHAN/7393207262,TXN0272634,,11200.00,3376264.52
11/08/2023,UPI/CR/911230768386/GOPAL VERMA/PUNB0368283/gopal173@oksbi,TXN0272635,,1200.00,3377464.52
11/08/2023,IMPS/P2P/86238894/LATHA MURTHY/9557475364,TXN0272636,,18500.00,3395964.52
12/08/2023,CHQ NO 748235 CLEARING,TXN0272637,3499.00,,3392465.52
12/08/2023,IMPS/P2P/863797579251/NADIA HUSSAIN/9425746450,TXN0272638,,850.00,3393315.52
13/08/2023,UPI/DR/8838074507/MOHAMMED IRFAN/PUNB0368283/mohammed555@okaxis,TXN0272639,449.00,,3392866.52
13/08/2023,UPI/DR/59960259/KAVITHA RAO/PUNB0368283/kavitha44@oksbi,TXN0272640,5200.00,,3387666.52
13/08/2023,UPI/CR/52869633/KIRAN REDDY/PUNB0368283/kiran400@oksbi,TXN0272641,,24000.00,3411666.52
13/08/2023,CHQ NO 743295 CLEARING,TXN0272642,3499.00,,3408167.52
14/08/2023,NEFT/70295941/ANITHA KRISHNAN/PUNB0368283/86486520002310,TXN0272643,,2500.00,3410667.52
14/08/2023,UPI/DR/204885597689/SURESH NAIR/PUNB0368283/suresh137@okhdfc,TXN0272644,310.00,,3410357.52
15/08/2023,NEFT/83196554/ANAND KUMAR/PUNB0368283/35077533624753,TXN0272645,1680.00,,3408677.52
17/08/2023,CHQ NO 326035 CLEARING,TXN0272646,2380.00,,3406297.52
17/08/2023,NEFT/759869076470/MOHAN DAS/PUNB0368283/15140990704550,TXN0272647,5200.00,,3401097.52
17/08/2023,CHQ NO 890494 CLEARING,TXN0272648,449.00,,3400648.52
18/08/2023,ATM/WDL/809142121650/CANARA ATM MYSURU,TXN0272649,3499.00,,3397149.52
19/08/2023,UPI/DR/2985721059/MEERA PILLAI/PUNB0368283/meera313@okaxis,TXN0272650,699.00,,3396450.52
19/08/2023,UPI/DR/91581682/KAVERI MENON/PUNB0368283/kaveri436@okhdfc,TXN0272651,999.00,,3395451.52
19/08/2023,UPI/DR/8174679722/RAJESH VERMA/PUNB0368283/rajesh364@okhdfc,TXN0272652,999.00,,3394452.52
19/08/2023,CHQ NO 729154 CLEARING,TXN0272653,120.00,,3394332.52
19/08/2023,IMPS/P2P/7617851439/RAMESH PILLAI/7513426299,TXN0272654,,11200.00,3405532.52
20/08/2023,NEFT/935636061260/SHEELA DEVI/PUNB0368283/29116445364641,TXN0272655,699.00,,3404833.52
20/08/2023,NEFT/06453751/HARISH MENON/PUNB0368283/78778707051564,TXN0272656,,24000.00,3428833.52
20/08/2023,UPI/DR/3381568530/FATIMA SHEIKH/PUNB0368283/fatima872@ybl,TXN0272657,699.00,,3428134.52
20/08/2023,CASH DEPOSIT/BRANCH COUNTER/WHITEFIELD BENGALURU,TXN0272658,,11200.00,3439334.52
20/08/2023,IMPS/P2P/307760704898/TARA SINGH/9279004216,TXN0272659,,11200.00,3450534.52
21/08/2023,NEFT/0093112835/GEETA DEVI/PUNB0368283/64588057410315,TXN0272660,449.00,,3450085.52
22/08/2023,IMPS/P2P/34158736/SAVITHA DEVI/9212924597,TXN0272661,,2500.00,3452585.52
22/08/2023,UPI/DR/809256556005/SANTOSH KUMAR/PUNB0368283/santosh342@oksbi,TXN0272662,79.00,,3452506.52
22/08/2023,NEFT/75088700/LATHA MURTHY/PUNB0368283/09404310196762,TXN0272663,,500.00,3453006.52
23/08/2023,UPI/DR/814781992052/FATIMA SHEIKH/PUNB0368283/fatima646@okhdfc,TXN0272664,1250.00,,3451756.52
23/08/2023,UPI/DR/000310478477/ADITYA KUMAR/PUNB0368283/aditya791@ybl,TXN0272665,699.00,,3451057.52
23/08/2023,NEFT/9811718752/ANAND KUMAR/PUNB0368283/50066465067281,TXN0272666,2380.00,,3448677.52
24/08/2023,UPI/DR/82892415/REKHA PILLAI/PUNB0368283/rekha91@oksbi,TXN0272667,79.00,,3448598.52
24/08/2023,NEFT/347559547805/SUSHMA RAO/PUNB0368283/86839233089326,TXN0272668,310.00,,3448288.52
25/08/2023,CHQ NO 353569 CLEARING,TXN0272669,2380.00,,3445908.52
25/08/2023,CASH DEPOSIT/BRANCH COUNTER/WHITEFIELD BENGALURU,TXN0272670,,7600.00,3453508.52
25/08/2023,NEFT/580156288580/GEETA DEVI,TXN0272671,12000.00,,3441508.52
26/08/2023,UPI/CR/6788361641/HARISH MENON/PUNB0368283/harish810@oksbi,TXN0272672,,500.00,3442008.52
26/08/2023,NEFT/242505612856/MOHAN DAS/PUNB0368283/70042424823160,TXN0272673,,850.00,3442858.52
27/08/2023,IMPS/P2P/509307885363/MOHAMMED IRFAN/8756926752,TXN0272674,,2500.00,3445358.52
27/08/2023,NEFT/2890132253/LAKSHMI VENKAT/PUNB0368283/79944922873486,TXN0272675,,32000.00,3477358.52
27/08/2023,UPI/DR/2713268963/RAJENDRA PRASAD/PUNB0368283/rajendra729@okaxis,TXN0272676,850.00,,3476508.52
28/08/2023,UPI/DR/94263080/SHEELA DEVI/PUNB0368283/sheela745@paytm,TXN0272677,120.00,,3476388.52
28/08/2023,IMPS/P2P/03614019/MEENA IYER/7251408529,TXN0272678,,32000.00,3508388.52
28/08/2023,CASH DEPOSIT/BRANCH COUNTER/WHITEFIELD BENGALURU,TXN0272679,,24000.00,3532388.52
28/08/2023,ATM/WDL/35782674/CANARA ATM MYSURU,TXN0272680,5200.00,,3527188.52
28/08/2023,REVERSAL-NEFT/PENDING_REV_48938558,TXN0272681,,12000.00,3539188.52
28/08/2023,IMPS/P2P/2542731810/RAMESH GOWDA/8641739873,TXN0272682,,850.00,3540038.52
30/08/2023,UPI/DR/471970122060/CHANDAN SHARMA/PUNB0368283/chandan362@okaxis,TXN0272683,120.00,,3539918.52
30/08/2023,UPI/CR/9390326607/AYESHA KHAN/PUNB0368283/ayesha861@ybl,TXN0272684,,1200.00,3541118.52
30/08/2023,UPI/DR/987974319223/SANTOSH KUMAR/PUNB0368283/santosh52@okhdfc,TXN0272685,999.00,,3540119.52
30/08/2023,UPI/DR/779367259079/DEEPA NAIR/PUNB0368283/deepa90@okaxis,TXN0272686,120.00,,3539999.52
01/09/2023,CASH DEPOSIT/BRANCH COUNTER/WHITEFIELD BENGALURU,TXN0272687,,2500.00,3542499.52
01/09/2023,UPI/DR/58363942/LATHA MURTHY/PUNB0368283/latha425@oksbi,TXN0272688,79.00,,3542420.52
01/09/2023,CHQ NO 841701 CLEARING,TXN0272689,2380.00,,3540040.52
01/09/2023,CHQ NO 855900 CLEARING,TXN0272690,49.00,,3539991.52
02/09/2023,NEFT/533629085962/BINDHU NAIR/PUNB0368283/76970081150847,TXN0272691,5200.00,,3534791.52
02/09/2023,UPI/DR/954367026256/RAJESH VERMA/PUNB0368283/rajesh360@paytm,TXN0272692,1250.00,,3533541.52
02/09/2023,UPI/DR/101283756307/RAJESH VERMA/PUNB0368283/rajesh196@paytm,TXN0272693,7800.00,,3525741.52
02/09/2023,NEFT/08752731/SHAHID KHAN/PUNB0368283/59897489401805,TXN0272694,999.00,,3524742.52
02/09/2023,ATM/WDL/130629647144/SBI ATM JAYANAGAR BLR,TXN0272695,49.00,,3524693.52
02/09/2023,ATM/WDL/3512813146/SBI ATM JAYANAGAR BLR,TXN0272696,449.00,,3524244.52
04/09/2023,CHQ NO 876040 CLEARING,TXN0272697,699.00,,3523545.52
04/09/2023,NEFT/817779990404/USHA RANI/PUNB0368283/42808282272278,TXN0272698,,7600.00,3531145.52
04/09/2023,CHQ NO 028046 CLEARING,TXN0272699,49.00,,3531096.52
04/09/2023,NEFT/3724027252/CHANDAN SHARMA/PUNB0368283/23656305105755,TXN0272700,,18500.00,3549596.52
04/09/2023,IMPS/P2P/61475998/NADIA HUSSAIN/9566292080,TXN0272701,,24000.00,3573596.52
04/09/2023,UPI/CR/97262931/SURESH NAIR/PUNB0368283/suresh328@ybl,TXN0272702,,11200.00,3584796.52
04/09/2023,CASH DEPOSIT/BRANCH COUNTER/WHITEFIELD BENGALURU,TXN0272703,,11200.00,3595996.52
04/09/2023,CHQ NO 943183 CLEARING,TXN0272704,850.00,,3595146.52
06/09/2023,NEFT/994745979028/AYESHA KHAN/PUNB0368283/84176783786601,TXN0272705,310.00,,3594836.52
06/09/2023,UPI/CR/2202035417/MOHAMMED IRFAN/PUNB0368283/mohammed692@oksbi,TXN0272706,,850.00,3595686.52
06/09/2023,UPI/DR/086112513005/DEEPAK JOSHI/PUNB0368283/deepak998@ybl,TXN0272707,999.00,,3594687.52
06/09/2023,UPI/DR/8040310954/ARJUN MEHTA/PUNB0368283/arjun880@okhdfc,TXN0272708,699.00,,3593988.52
07/09/2023,UPI/CR/385171420093/GANESH KUMAR/PUNB0368283/ganesh175@oksbi,TXN0272709,,32000.00,3625988.52
07/09/2023,UPI/DR/86271768/KARTHIK MENON/PUNB0368283/karthik521@okhdfc,TXN0272710,850.00,,3625138.52
08/09/2023,CHQ NO 775699 CLEARING,TXN0272711,120.00,,3625018.52
08/09/2023,ATM/WDL/5874328126/CANARA ATM MYSURU,TXN0272712,1250.00,,3623768.52
09/09/2023,CHQ NO 450634 CLEARING,TXN0272713,699.00,,3623069.52
10/09/2023,CASH DEPOSIT/BRANCH COUNTER/WHITEFIELD BENGALURU,TXN0272714,,850.00,3623919.52
10/09/2023,CASH DEPOSIT/BRANCH COUNTER/WHITEFIELD BENGALURU,TXN0272715,,1200.00,3625119.52
10/09/2023,NEFT/8856459431/CHANDAN SHARMA/PUNB0368283/74840054689596,TXN0272716,,24000.00,3649119.52
11/09/2023,CHQ NO 309916 CLEARING,TXN0272717,850.00,,3648269.52
11/09/2023,CASH DEPOSIT/BRANCH COUNTER/WHITEFIELD BENGALURU,TXN0272718,,4800.00,3653069.52
12/09/2023,UPI/DR/978473539612/GEETA DEVI/PUNB0368283/geeta356@oksbi,TXN0272719,1680.00,,3651389.52
12/09/2023,NEFT/4027911214/KIRAN REDDY/PUNB0368283/35956539690405,TXN0272720,,24000.00,3675389.52
12/09/2023,CASH DEPOSIT/BRANCH COUNTER/WHITEFIELD BENGALURU,TXN0272721,,2500.00,3677889.52
12/09/2023,IMPS/P2P/488566238498/KAVYA REDDY/9733848871,TXN0272722,,7600.00,3685489.52
12/09/2023,NEFT/924214361204/MEERA PILLAI/PUNB0368283/68510630894722,TXN0272723,1250.00,,3684239.52
12/09/2023,CHQ NO 216245 CLEARING,TXN0272724,449.00,,3683790.52
13/09/2023,IMPS/P2P/829782838012/SUNITA DEVI/8597606389,TXN0272725,,2500.00,3686290.52
13/09/2023,NEFT/5092542859/NADIA HUSSAIN/PUNB0368283/42339391825589,TXN0272726,,500.00,3686790.52
13/09/2023,IMPS/P2P/409458745086/TANVI RAO/9693062709,TXN0272727,,500.00,3687290.52
13/09/2023,UPI/DR/56885474/ANITHA KRISHNAN/PUNB0368283/anitha823@oksbi,TXN0272728,120.00,,3687170.52
13/09/2023,ATM/WDL/16303775/HDFC ATM KORAMANGALA,TXN0272729,999.00,,3686171.52
14/09/2023,IMPS/P2P/4938289414/RAJENDRA PRASAD/9181734992,TXN0272730,,11200.00,3697371.52
15/09/2023,UPI/DR/509446078561/DEEPA NAIR/PUNB0368283/deepa144@okaxis,TXN0272731,2380.00,,3694991.52
15/09/2023,CHQ NO 921158 CLEARING,TXN0272732,2380.00,,3692611.52
16/09/2023,UPI/DR/3274683351/BINDHU NAIR/PUNB0368283/bindhu301@okaxis,TXN0272733,120.00,,3692491.52
16/09/2023,CHQ NO 114737 CLEARING,TXN0272734,449.00,,3692042.52
17/09/2023,UPI/DR/0439855435/SUSHMA RAO/PUNB0368283/sushma601@ybl,TXN0272735,7800.00,,3684242.52
17/09/2023,UPI/DR/900509788025/NIKHIL GUPTA/PUNB0368283/nikhil332@oksbi,TXN0272736,120.00,,3684122.52
17/09/2023,UPI/DR/43051224/SHEELA DEVI/PUNB0368283/sheela559@ybl,TXN0272737,249.00,,3683873.52
18/09/2023,ATM/WDL/7445918343/SBI ATM JAYANAGAR BLR,TXN0272738,999.00,,3682874.52
18/09/2023,CHQ NO 511183 CLEARING,TXN0272739,7800.00,,3675074.52
19/09/2023,NEFT/0682247832/AYESHA KHAN/PUNB0368283/56970607585645,TXN0272740,120.00,,3674954.52
19/09/2023,CHQ NO 643168 CLEARING,TXN0272741,1250.00,,3673704.52
19/09/2023,UPI/DR/55483411/LATHA MURTHY/PUNB0368283/latha293@okaxis,TXN0272742,2380.00,,3671324.52
20/09/2023,UPI/DR/77470625/ARJUN MEHTA/PUNB0368283/arjun484@okaxis,TXN0272743,120.00,,3671204.52
20/09/2023,UPI/DR/29445808/VIKRAM NAIR/PUNB0368283/vikram424@okhdfc,TXN0272744,120.00,,3671084.52
21/09/2023,ATM/WDL/893554465344/HDFC ATM KORAMANGALA,TXN0272745,3499.00,,3667585.52
22/09/2023,UPI/DR/06551719/SNEHA PATIL/PUNB0368283/sneha175@oksbi,TXN0272746,5200.00,,3662385.52
22/09/2023,UPI/CR/605455296578/LATHA MURTHY/PUNB0368283/latha334@okaxis,TXN0272747,,11200.00,3673585.52
23/09/2023,UPI/DR/729308841195/SMITHA PILLAI/PUNB0368283/smitha415@paytm,TXN0272748,5200.00,,3668385.52
23/09/2023,UPI/DR/693652433993/KAVYA REDDY/PUNB0368283/kavya587@okhdfc,TXN0272749,999.00,,3667386.52
24/09/2023,CHQ NO 008437 CLEARING,TXN0272750,79.00,,3667307.52
24/09/2023,UPI/DR/83971831/NILESH KULKARNI/PUNB0368283/nilesh565@okhdfc,TXN0272751,3499.00,,3663808.52
25/09/2023,UPI/DR/948885754243/GOPAL VERMA/PUNB0368283/gopal354@oksbi,TXN0272752,7800.00,,3656008.52
25/09/2023,UPI/DR/9872703259/PREETHI IYER/PUNB0368283/preethi163@ybl,TXN0272753,79.00,,3655929.52
25/09/2023,ATM/WDL/27181922/CANARA ATM MYSURU,TXN0272754,1250.00,,3654679.52
25/09/2023,UPI/DR/905507145685/SUNIL YADAV/PUNB0368283/sunil379@ybl,TXN0272755,1680.00,,3652999.52
26/09/2023,UPI/DR/6874857568/SHEELA DEVI/PUNB0368283/sheela518@okaxis,TXN0272756,1250.00,,3651749.52
26/09/2023,NEFT/074172087295/MOHAMMED IRFAN/PUNB0368283/12171216272711,TXN0272757,,7600.00,3659349.52
26/09/2023,UPI/DR/182744123420/SANTOSH KUMAR/PUNB0368283/santosh840@okhdfc,TXN0272758,1250.00,,3658099.52
27/09/2023,CHQ NO 613641 CLEARING,TXN0272759,79.00,,3658020.52
27/09/2023,UPI/DR/43431987/SNEHA PATIL/PUNB0368283/sneha380@oksbi,TXN0272760,999.00,,3657021.52
27/09/2023,CHQ NO 715034 CLEARING,TXN0272761,79.00,,3656942.52
27/09/2023,ATM/WDL/6463915811/HDFC ATM KORAMANGALA,TXN0272762,449.00,,3656493.52
27/09/2023,UPI/CR/5107121343/SUNITA DEVI/PUNB0368283/sunita806@okaxis,TXN0272763,,32000.00,3688493.52
27/09/2023,NEFT/957104504133/RESHMA KHAN/PUNB0368283/38485075319974,TXN0272764,49.00,,3688444.52
28/09/2023,IMPS/P2P/9957143664/LALITHA DEVI/9766493592,TXN0272765,,500.00,3688944.52
28/09/2023,UPI/DR/1849025496/PRAKASH RAO/PUNB0368283/prakash777@okhdfc,TXN0272766,7800.00,,3681144.52
28/09/2023,NEFT/7341922423/KIRAN REDDY/PUNB0368283/30051189123718,TXN0272767,79.00,,3681065.52
28/09/2023,ATM/WDL/08966850/CANARA ATM MYSURU,TXN0272768,7800.00,,3673265.52
28/09/2023,UPI/DR/2554717348/PADMA RAO/PUNB0368283/padma384@okaxis,TXN0272769,999.00,,3672266.52
28/09/2023,NEFT/75696423/VINAY PATIL/PUNB0368283/04916074094581,TXN0272770,3499.00,,3668767.52
29/09/2023,ATM/WDL/910621231613/SBI ATM JAYANAGAR BLR,TXN0272771,999.00,,3667768.52
30/09/2023,UPI/CR/5197822975/FATIMA SHEIKH/PUNB0368283/fatima141@paytm,TXN0272772,,18500.00,3686268.52
01/10/2023,CHQ NO 334296 CLEARING,TXN0272773,2380.00,,3683888.52
01/10/2023,NEFT/6246339702/VIKRAM NAIR/PUNB0368283/94653551943463,TXN0272774,2380.00,,3681508.52
02/10/2023,CASH DEPOSIT/BRANCH COUNTER/WHITEFIELD BENGALURU,TXN0272775,,32000.00,3713508.52
03/10/2023,CHQ NO 010817 CLEARING,TXN0272776,7800.00,,3705708.52
03/10/2023,UPI/DR/584323291799/FAILED/TimeOut/Sneha Patil,TXN0272777,5000.00,,3705708.52
03/10/2023,UPI/DR/4436992898/ANAND KUMAR/PUNB0368283/anand108@paytm,TXN0272778,249.00,,3705459.52
03/10/2023,CASH DEPOSIT/BRANCH COUNTER/WHITEFIELD BENGALURU,TXN0272779,,850.00,3706309.52
04/10/2023,UPI/DR/147780630116/KAVERI MENON/PUNB0368283/kaveri70@paytm,TXN0272780,310.00,,3705999.52
04/10/2023,CASH DEPOSIT/BRANCH COUNTER/WHITEFIELD BENGALURU,TXN0272781,,1200.00,3707199.52
05/10/2023,UPI/DR/42839413/FATIMA SHEIKH/PUNB0368283/fatima398@okhdfc,TXN0272782,7800.00,,3699399.52
05/10/2023,NEFT/924134330879/AYESHA KHAN/PUNB0368283/43656437081304,TXN0272783,,32000.00,3731399.52
06/10/2023,UPI/DR/989493844929/CHANDAN SHARMA/PUNB0368283/chandan813@okaxis,TXN0272784,850.00,,3730549.52
06/10/2023,NEFT/295699865418/ROHIT SHARMA/PUNB0368283/48307026458568,TXN0272785,2380.00,,3728169.52
07/10/2023,IMPS/P2P/9228863472/RAJENDRA PRASAD/8564749074,TXN0272786,,2500.00,3730669.52
08/10/2023,UPI/DR/913945128397/LAKSHMI VENKAT/PUNB0368283/lakshmi124@okaxis,TXN0272787,1680.00,,3728989.52
08/10/2023,UPI/DR/07844439/MOHAMMED IRFAN/PUNB0368283/mohammed732@paytm,TXN0272788,5200.00,,3723789.52
08/10/2023,NEFT/5285361665/SUSHMA RAO/PUNB0368283/12410584796038,TXN0272789,5200.00,,3718589.52
09/10/2023,ATM/WDL/2140664117/HDFC ATM KORAMANGALA,TXN0272790,5200.00,,3713389.52
09/10/2023,UPI/CR/8184960415/LALITHA DEVI/PUNB0368283/lalitha288@okaxis,TXN0272791,,24000.00,3737389.52
09/10/2023,UPI/CR/4780492487/MEENA IYER/PUNB0368283/meena269@ybl,TXN0272792,,2500.00,3739889.52
09/10/2023,IMPS/P2P/33971696/REKHA PILLAI/7526820677,TXN0272793,,32000.00,3771889.52
09/10/2023,IMPS/P2P/045751601738/NILESH KULKARNI/8427972854,TXN0272794,,11200.00,3783089.52
10/10/2023,UPI/DR/45246176/PADMA RAO/PUNB0368283/padma359@okaxis,TXN0272795,999.00,,3782090.52
10/10/2023,NEFT/54079432/TARA SINGH/PUNB0368283/46845139526305,TXN0272796,3499.00,,3778591.52
11/10/2023,IMPS/P2P/7836277349/GEETA DEVI/7425673447,TXN0272797,,1200.00,3779791.52
11/10/2023,ATM/WDL/335013137749/HDFC ATM KORAMANGALA,TXN0272798,249.00,,3779542.52
11/10/2023,ATM/WDL/377574073648/SBI ATM JAYANAGAR BLR,TXN0272799,999.00,,3778543.52
11/10/2023,NEFT/3579911068/RAHUL SINGH/PUNB0368283/46885431907733,TXN0272800,,24000.00,3802543.52
12/10/2023,UPI/DR/85695000/VENKAT RAO/PUNB0368283/venkat57@oksbi,TXN0272801,999.00,,3801544.52
12/10/2023,UPI/DR/2620226280/SANJANA HEGDE/PUNB0368283/sanjana96@oksbi,TXN0272802,49.00,,3801495.52
12/10/2023,UPI/CR/67032167/ARUN SHARMA/PUNB0368283/arun326@okaxis,TXN0272803,,11200.00,3812695.52
12/10/2023,CHQ NO 587912 CLEARING,TXN0272804,310.00,,3812385.52
13/10/2023,UPI/DR/73083591/SHEELA DEVI/PUNB0368283/sheela302@paytm,TXN0272805,3499.00,,3808886.52
14/10/2023,UPI/DR/16990772/GEETA DEVI/PUNB0368283/geeta594@okhdfc,TXN0272806,2380.00,,3806506.52
15/10/2023,UPI/DR/77003793/NAVEEN KUMAR/PUNB0368283/naveen755@ybl,TXN0272807,449.00,,3806057.52
15/10/2023,UPI/DR/40993729/FARHAN KHAN/PUNB0368283/farhan312@paytm,TXN0272808,7800.00,,3798257.52
15/10/2023,ATM/WDL/9635666398/SBI ATM JAYANAGAR BLR,TXN0272809,310.00,,3797947.52
17/10/2023,UPI/DR/2357979741/RANJIT SINGH/PUNB0368283/ranjit187@okaxis,TXN0272810,120.00,,3797827.52
18/10/2023,ATM/WDL/98508772/CANARA ATM MYSURU,TXN0272811,120.00,,3797707.52
18/10/2023,CHQ NO 709707 CLEARING,TXN0272812,7800.00,,3789907.52
18/10/2023,UPI/DR/294135533671/PRIYA NAIR/PUNB0368283/priya598@paytm,TXN0272813,3499.00,,3786408.52
18/10/2023,UPI/DR/68075539/GANESH KUMAR/PUNB0368283/ganesh572@okaxis,TXN0272814,3499.00,,3782909.52
19/10/2023,CHQ NO 868218 CLEARING,TXN0272815,999.00,,3781910.52
20/10/2023,UPI/DR/363258684960/RAHUL SINGH/PUNB0368283/rahul157@oksbi,TXN0272816,249.00,,3781661.52
20/10/2023,CASH DEPOSIT/BRANCH COUNTER/WHITEFIELD BENGALURU,TXN0272817,,7600.00,3789261.52
20/10/2023,UPI/CR/935189349573/RAHUL SINGH/PUNB0368283/rahul69@paytm,TXN0272818,,11200.00,3800461.52
20/10/2023,ATM/WDL/2280610985/HDFC ATM KORAMANGALA,TXN0272819,1250.00,,3799211.52
21/10/2023,IMPS/P2P/630432250470/FATIMA SHEIKH/8303671760,TXN0272820,,24000.00,3823211.52
21/10/2023,NEFT/51027366/ANAND KUMAR/PUNB0368283/51270390478169,TXN0272821,,2500.00,3825711.52
21/10/2023,ATM/WDL/9240678896/CANARA ATM MYSURU,TXN0272822,999.00,,3824712.52
22/10/2023,CHQ NO 491716 CLEARING,TXN0272823,310.00,,3824402.52
22/10/2023,NEFT/53856959/PADMA RAO/PUNB0368283/60945482722365,TXN0272824,7800.00,,3816602.52
22/10/2023,NEFT/815684809394/PADMA RAO/PUNB0368283/57075870358653,TXN0272825,,500.00,3817102.52
22/10/2023,IMPS/P2P/03167949/MALLIKA DAS/7578059680,TXN0272826,,850.00,3817952.52
22/10/2023,NEFT/149167135505/SAVITHA DEVI/PUNB0368283/08743020346235,TXN0272827,,850.00,3818802.52
22/10/2023,ATM/WDL/1934017268/HDFC ATM KORAMANGALA,TXN0272828,120.00,,3818682.52
23/10/2023,UPI/DR/58305688/SURESH NAIR/PUNB0368283/suresh356@paytm,TXN0272829,5200.00,,3813482.52
23/10/2023,CASH DEPOSIT/BRANCH COUNTER/WHITEFIELD BENGALURU,TXN0272830,,850.00,3814332.52
24/10/2023,UPI/DR/68785196/GEETA DEVI/PUNB0368283/geeta792@okhdfc,TXN0272831,1250.00,,3813082.52
24/10/2023,UPI/DR/80031991/REKHA PILLAI/PUNB0368283/rekha547@ybl,TXN0272832,79.00,,3813003.52
24/10/2023,ATM/WDL/6589503006/SBI ATM JAYANAGAR BLR,TXN0272833,120.00,,3812883.52
25/10/2023,CASH DEPOSIT/BRANCH COUNTER/WHITEFIELD BENGALURU,TXN0272834,,4800.00,3817683.52
25/10/2023,NEFT/56322833/LAKSHMI VENKAT/PUNB0368283/00817798600520,TXN0272835,,24000.00,3841683.52
25/10/2023,UPI/DR/93842004/SAVITHA DEVI/PUNB0368283/savitha258@paytm,TXN0272836,49.00,,3841634.52
26/10/2023,UPI/DR/2502525576/PRIYA NAIR/PUNB0368283/priya737@paytm,TXN0272837,120.00,,3841514.52
26/10/2023,CASH DEPOSIT/BRANCH COUNTER/WHITEFIELD BENGALURU,TXN0272838,,32000.00,3873514.52
27/10/2023,NEFT/6568367261/ANAND KUMAR/PUNB0368283/53220879660481,TXN0272839,,2500.00,3876014.52
27/10/2023,NEFT/2841168608/NILESH KULKARNI/PUNB0368283/30335026004551,TXN0272840,999.00,,3875015.52
27/10/2023,NEFT/74290061/SURESH BABU/PUNB0368283/68326784609338,TXN0272841,,32000.00,3907015.52
28/10/2023,CHQ NO 545631 CLEARING,TXN0272842,120.00,,3906895.52
28/10/2023,NEFT/890406164312/SUSHMA RAO/PUNB0368283/54357150650437,TXN0272843,,32000.00,3938895.52
28/10/2023,CASH DEPOSIT/BRANCH COUNTER/WHITEFIELD BENGALURU,TXN0272844,,1200.00,3940095.52
28/10/2023,UPI/CR/02776810/DIVYA MENON/PUNB0368283/divya491@oksbi,TXN0272845,,500.00,3940595.52
30/10/2023,UPI/DR/99359940/GOPAL VERMA/PUNB0368283/gopal246@okhdfc,TXN0272846,310.00,,3940285.52
30/10/2023,NEFT/70644960/FATIMA SHEIKH/PUNB0368283/57818573905661,TXN0272847,3499.00,,3936786.52
30/10/2023,UPI/DR/5619906957/POOJA SHARMA/PUNB0368283/pooja721@okaxis,TXN0272848,449.00,,3936337.52
31/10/2023,UPI/DR/79628990/RESHMA KHAN/PUNB0368283/reshma698@oksbi,TXN0272849,449.00,,3935888.52
31/10/2023,UPI/DR/99716618/VINAY PATIL/PUNB0368283/vinay584@oksbi,TXN0272850,449.00,,3935439.52
01/11/2023,UPI/DR/850229259928/AYESHA KHAN/PUNB0368283/ayesha206@oksbi,TXN0272851,7800.00,,3927639.52
01/11/2023,NEFT/698757697449/HARISH MENON/PUNB0368283/78919995430832,TXN0272852,79.00,,3927560.52
01/11/2023,ATM/WDL/71323950/CANARA ATM MYSURU,TXN0272853,999.00,,3926561.52
01/11/2023,UPI/DR/798573707470/ARJUN MEHTA/PUNB0368283/arjun933@ybl,TXN0272854,310.00,,3926251.52
01/11/2023,UPI/CR/6798370448/RAVI KUMAR SHARMA/PUNB0368283/ravi20@ybl,TXN0272855,,11200.00,3937451.52
01/11/2023,CHQ NO 643094 CLEARING,TXN0272856,310.00,,3937141.52
01/11/2023,UPI/DR/042671505392/SANTOSH KUMAR/PUNB0368283/santosh379@okaxis,TXN0272857,1250.00,,3935891.52
02/11/2023,CASH DEPOSIT/BRANCH COUNTER/WHITEFIELD BENGALURU,TXN0272858,,18500.00,3954391.52
02/11/2023,UPI/CR/14883816/NAVEEN KUMAR/PUNB0368283/naveen47@paytm,TXN0272859,,7600.00,3961991.52
02/11/2023,ATM/WDL/205884524027/SBI ATM JAYANAGAR BLR,TXN0272860,5200.00,,3956791.52
02/11/2023,UPI/DR/2358588802/RAHUL SINGH/PUNB0368283/rahul628@okaxis,TXN0272861,699.00,,3956092.52
02/11/2023,IMPS/P2P/473747306174/IMRAN KHAN/8515708327,TXN0272862,,32000.00,3988092.52
02/11/2023,CHQ NO 887467 CLEARING,TXN0272863,699.00,,3987393.52
03/11/2023,UPI/DR/55927830/RAMESH GOWDA/PUNB0368283/ramesh360@paytm,TXN0272864,120.00,,3987273.52
03/11/2023,ATM/WDL/81632938/SBI ATM JAYANAGAR BLR,TXN0272865,79.00,,3987194.52
03/11/2023,UPI/DR/836937823833/LATHA MURTHY/PUNB0368283/latha341@paytm,TXN0272866,249.00,,3986945.52
04/11/2023,UPI/DR/61969971/DEEPA NAIR/PUNB0368283/deepa651@paytm,TXN0272867,249.00,,3986696.52
04/11/2023,ATM/WDL/1780494753/SBI ATM JAYANAGAR BLR,TXN0272868,449.00,,3986247.52
04/11/2023,CASH DEPOSIT/BRANCH COUNTER/WHITEFIELD BENGALURU,TXN0272869,,32000.00,4018247.52
04/11/2023,UPI/DR/286956897747/NILESH KULKARNI/PUNB0368283/nilesh714@okaxis,TXN0272870,49.00,,4018198.52
05/11/2023,UPI/DR/7994612014/FATIMA SHEIKH/PUNB0368283/fatima739@okhdfc,TXN0272871,699.00,,4017499.52
05/11/2023,UPI/CR/72871818/SMITHA PILLAI/PUNB0368283/smitha197@oksbi,TXN0272872,,18500.00,4035999.52
05/11/2023,CASH DEPOSIT/BRANCH COUNTER/WHITEFIELD BENGALURU,TXN0272873,,24000.00,4059999.52
05/11/2023,NEFT/84723056/VINAY PATIL/PUNB0368283/28966859609311,TXN0272874,999.00,,4059000.52
05/11/2023,NEFT/74974507/ARJUN MEHTA/PUNB0368283/61679437996215,TXN0272875,,2500.00,4061500.52
05/11/2023,UPI/CR/52010658/KAVITHA RAO/PUNB0368283/kavitha231@oksbi,TXN0272876,,18500.00,4080000.52
05/11/2023,CASH DEPOSIT/BRANCH COUNTER/WHITEFIELD BENGALURU,TXN0272877,,2500.00,4082500.52
06/11/2023,ATM/WDL/3354894958/HDFC ATM KORAMANGALA,TXN0272878,449.00,,4082051.52
06/11/2023,NEFT/958795468738/KARTHIK MENON/PUNB0368283/09393391343055,TXN0272879,2380.00,,4079671.52
06/11/2023,CASH DEPOSIT/BRANCH COUNTER/WHITEFIELD BENGALURU,TXN0272880,,2500.00,4082171.52
06/11/2023,CHQ NO 658415 CLEARING,TXN0272881,1250.00,,4080921.52
08/11/2023,ATM/WDL/565458740545/HDFC ATM KORAMANGALA,TXN0272882,1250.00,,4079671.52
08/11/2023,ATM/WDL/14788275/SBI ATM JAYANAGAR BLR,TXN0272883,1250.00,,4078421.52
08/11/2023,NEFT/2381446072/PRAKASH RAO/PUNB0368283/10597651410919,TXN0272884,1250.00,,4077171.52
09/11/2023,CASH DEPOSIT/BRANCH COUNTER/WHITEFIELD BENGALURU,TXN0272885,,1200.00,4078371.52
09/11/2023,UPI/DR/12861159/PRAKASH RAO/PUNB0368283/prakash742@oksbi,TXN0272886,7800.00,,4070571.52
09/11/2023,UPI/DR/76570469/TANVI RAO/PUNB0368283/tanvi65@ybl,TXN0272887,7800.00,,4062771.52
10/11/2023,ATM/WDL/1964673166/HDFC ATM KORAMANGALA,TXN0272888,699.00,,4062072.52
11/11/2023,UPI/DR/329027654007/VENKAT RAO/PUNB0368283/venkat249@paytm,TXN0272889,310.00,,4061762.52
11/11/2023,UPI/DR/4640775882/RAVI KUMAR SHARMA/PUNB0368283/ravi402@okhdfc,TXN0272890,2380.00,,4059382.52
11/11/2023,UPI/CR/61922856/ARUN SHARMA/PUNB0368283/arun997@oksbi,TXN0272891,,32000.00,4091382.52
11/11/2023,UPI/DR/1464854586/BINDHU NAIR/PUNB0368283/bindhu199@ybl,TXN0272892,7800.00,,4083582.52
12/11/2023,UPI/CR/8290677877/MALLIKA DAS/PUNB0368283/mallika216@ybl,TXN0272893,,2500.00,4086082.52
13/11/2023,CASH DEPOSIT/BRANCH COUNTER/WHITEFIELD BENGALURU,TXN0272894,,500.00,4086582.52
13/11/2023,CASH DEPOSIT/BRANCH COUNTER/WHITEFIELD BENGALURU,TXN0272895,,11200.00,4097782.52
14/11/2023,NEFT/85132642/PRAKASH RAO/PUNB0368283/36887965707986,TXN0272896,,32000.00,4129782.52
14/11/2023,UPI/DR/60054692/AYESHA KHAN/PUNB0368283/ayesha833@okaxis,TXN0272897,1250.00,,4128532.52
14/11/2023,UPI/DR/15704142/KIRAN REDDY/PUNB0368283/kiran837@oksbi,TXN0272898,120.00,,4128412.52
14/11/2023,UPI/DR/6531809956/BABU LAL/PUNB0368283/babu792@paytm,TXN0272899,49.00,,4128363.52
14/11/2023,UPI/DR/870155644915/GOPAL VERMA/PUNB0368283/gopal334@okaxis,TXN0272900,999.00,,4127364.52
15/11/2023,NEFT/77242831/RESHMA KHAN/PUNB0368283/09278521941177,TXN0272901,310.00,,4127054.52
15/11/2023,CASH DEPOSIT/BRANCH COUNTER/WHITEFIELD BENGALURU,TXN0272902,,500.00,4127554.52
15/11/2023,UPI/CR/10987197/RANJIT SINGH/PUNB0368283/ranjit493@paytm,TXN0272903,,32000.00,4159554.52
15/11/2023,CHQ NO 941080 CLEARING,TXN0272904,49.00,,4159505.52
16/11/2023,UPI/DR/431134431371/REKHA PILLAI/PUNB0368283/rekha399@okaxis,TXN0272905,2380.00,,4157125.52
17/11/2023,CHQ NO 104224 CLEARING,TXN0272906,49.00,,4157076.52
17/11/2023,UPI/DR/8495941246/PRAKASH RAO/PUNB0368283/prakash115@paytm,TXN0272907,2380.00,,4154696.52
17/11/2023,UPI/CR/416626356876/HARISH MENON/PUNB0368283/harish614@okhdfc,TXN0272908,,11200.00,4165896.52
17/11/2023,NEFT/610189022612/SAVITHA DEVI/PUNB0368283/96836496454798,TXN0272909,,11200.00,4177096.52
18/11/2023,UPI/DR/023425269946/ROHIT SHARMA/PUNB0368283/rohit286@paytm,TXN0272910,249.00,,4176847.52
18/11/2023,ATM/WDL/19988632/SBI ATM JAYANAGAR BLR,TXN0272911,850.00,,4175997.52
18/11/2023,UPI/DR/13595111/RAJESH VERMA/PUNB0368283/rajesh237@okaxis,TXN0272912,850.00,,4175147.52
20/11/2023,UPI/DR/3832150085/REKHA PILLAI/PUNB0368283/rekha446@paytm,TXN0272913,120.00,,4175027.52
20/11/2023,UPI/DR/123257279879/ANITHA KRISHNAN/PUNB0368283/anitha420@ybl,TXN0272914,1250.00,,4173777.52
20/11/2023,NEFT/10541757/RAHUL SINGH/PUNB0368283/92518945786786,TXN0272915,,1200.00,4174977.52
21/11/2023,NEFT/8273805086/GOPAL VERMA/PUNB0368283/86226938675591,TXN0272916,,11200.00,4186177.52
21/11/2023,NEFT/013791507699/MEENA IYER/PUNB0368283/59108885249544,TXN0272917,449.00,,4185728.52
21/11/2023,IMPS/P2P/6546492439/KIRAN REDDY/9283668339,TXN0272918,,850.00,4186578.52
21/11/2023,UPI/DR/08299517/VIKRAM NAIR/PUNB0368283/vikram41@oksbi,TXN0272919,310.00,,4186268.52
21/11/2023,UPI/DR/12506509/RESHMA KHAN/PUNB0368283/reshma123@ybl,TXN0272920,5200.00,,4181068.52
21/11/2023,NEFT/664625916236/NADIA HUSSAIN/PUNB0368283/45310195804438,TXN0272921,,11200.00,4192268.52
22/11/2023,UPI/CR/961748138462/NADIA HUSSAIN/PUNB0368283/nadia230@okaxis,TXN0272922,,11200.00,4203468.52
22/11/2023,NEFT/6111138176/ANITHA KRISHNAN/PUNB0368283/65255961220697,TXN0272923,,18500.00,4221968.52
22/11/2023,UPI/DR/40170664/TANVI RAO/PUNB0368283/tanvi41@oksbi,TXN0272924,7800.00,,4214168.52
22/11/2023,UPI/DR/473557858941/VIKRAM NAIR/PUNB0368283/vikram643@okaxis,TXN0272925,310.00,,4213858.52
22/11/2023,UPI/DR/9736852779/LATHA MURTHY/PUNB0368283/latha239@okhdfc,TXN0272926,249.00,,4213609.52
23/11/2023,UPI/DR/7776009379/VIKRAM NAIR/PUNB0368283/vikram770@ybl,TXN0272927,999.00,,4212610.52
23/11/2023,CHQ NO 168752 CLEARING,TXN0272928,699.00,,4211911.52
23/11/2023,ATM/WDL/99526814/SBI ATM JAYANAGAR BLR,TXN0272929,310.00,,4211601.52
24/11/2023,UPI/CR/0076727769/NADIA HUSSAIN/PUNB0368283/nadia392@paytm,TXN0272930,,32000.00,4243601.52
24/11/2023,IMPS/P2P/674437795214/MOHAN DAS/9763318367,TXN0272931,,18500.00,4262101.52
24/11/2023,IMPS/P2P/0551831546/PRAKASH RAO/9318791904,TXN0272932,,11200.00,4273301.52
24/11/2023,NEFT/83414720/AYESHA KHAN/PUNB0368283/47619615180550,TXN0272933,7800.00,,4265501.52
25/11/2023,UPI/DR/5432084920/TANVI RAO/PUNB0368283/tanvi723@paytm,TXN0272934,999.00,,4264502.52
25/11/2023,UPI/DR/680470687160/LATHA MURTHY/PUNB0368283/latha297@ybl,TXN0272935,699.00,,4263803.52
25/11/2023,UPI/DR/9830775660/MEENA IYER/PUNB0368283/meena276@ybl,TXN0272936,1680.00,,4262123.52
25/11/2023,ATM/WDL/05488698/SBI ATM JAYANAGAR BLR,TXN0272937,7800.00,,4254323.52
26/11/2023,UPI/DR/1183508913/MEENA IYER/PUNB0368283/meena91@okhdfc,TXN0272938,7800.00,,4246523.52
26/11/2023,UPI/DR/332264191839/MALLIKA DAS/PUNB0368283/mallika449@okaxis,TXN0272939,999.00,,4245524.52
26/11/2023,UPI/CR/89097152/PRIYA NAIR/PUNB0368283/priya98@paytm,TXN0272940,,24000.00,4269524.52
27/11/2023,UPI/DR/3301427533/ARCHANA PILLAI/PUNB0368283/archana877@oksbi,TXN0272941,999.00,,4268525.52
28/11/2023,UPI/DR/238792454116/SNEHA PATIL/PUNB0368283/sneha329@paytm,TXN0272942,310.00,,4268215.52
28/11/2023,NEFT/0694489304/TARA SINGH/PUNB0368283/11660208579863,TXN0272943,1680.00,,4266535.52
29/11/2023,NEFT/214830979310/PRAKASH RAO/PUNB0368283/21152612883619,TXN0272944,1250.00,,4265285.52
29/11/2023,NEFT/5967290030/SURESH NAIR/PUNB0368283/02281898538602,TXN0272945,120.00,,4265165.52
29/11/2023,CASH DEPOSIT/BRANCH COUNTER/WHITEFIELD BENGALURU,TXN0272946,,32000.00,4297165.52
30/11/2023,IMPS/P2P/91667088/MALLIKA DAS/7326760280,TXN0272947,,18500.00,4315665.52
30/11/2023,IMPS/P2P/39157636/USHA RANI/8720455300,TXN0272948,,4800.00,4320465.52
30/11/2023,UPI/CR/480117282038/TARA SINGH/PUNB0368283/tara982@okaxis,TXN0272949,,1200.00,4321665.52
01/12/2023,UPI/CR/892371561559/TANVI RAO/PUNB0368283/tanvi168@okaxis,TXN0272950,,32000.00,4353665.52
01/12/2023,UPI/DR/0410605702/SMITHA PILLAI/PUNB0368283/smitha101@oksbi,TXN0272951,449.00,,4353216.52
02/12/2023,CASH DEPOSIT/BRANCH COUNTER/WHITEFIELD BENGALURU,TXN0272952,,4800.00,4358016.52
03/12/2023,NEFT/33953130/MOHAN DAS/PUNB0368283/40303773336068,TXN0272953,,11200.00,4369216.52
03/12/2023,UPI/DR/0772632430/DEEPAK JOSHI/PUNB0368283/deepak584@okhdfc,TXN0272954,5200.00,,4364016.52
03/12/2023,NEFT/4225853447/SUSHMA RAO/PUNB0368283/55308741804923,TXN0272955,79.00,,4363937.52
03/12/2023,CASH DEPOSIT/BRANCH COUNTER/WHITEFIELD BENGALURU,TXN0272956,,11200.00,4375137.52
03/12/2023,UPI/CR/02046851/VINAY PATIL/PUNB0368283/vinay626@ybl,TXN0272957,,11200.00,4386337.52
03/12/2023,UPI/DR/638221381330/VINAY PATIL/PUNB0368283/vinay141@paytm,TXN0272958,449.00,,4385888.52
03/12/2023,NEFT/7853375389/MOHAN DAS/PUNB0368283/36030217643636,TXN0272959,,1200.00,4387088.52
04/12/2023,NEFT/2610443295/DIVYA MENON/PUNB0368283/54376163818990,TXN0272960,310.00,,4386778.52
04/12/2023,ATM/WDL/66221766/HDFC ATM KORAMANGALA,TXN0272961,249.00,,4386529.52
05/12/2023,NEFT/003593495031/ADITYA KUMAR/PUNB0368283/96322043417423,TXN0272962,850.00,,4385679.52
05/12/2023,CHQ NO 048204 CLEARING,TXN0272963,699.00,,4384980.52
05/12/2023,CHQ NO 596072 CLEARING,TXN0272964,49.00,,4384931.52
05/12/2023,UPI/DR/9351280960/RESHMA KHAN/PUNB0368283/reshma639@okhdfc,TXN0272965,999.00,,4383932.52
05/12/2023,NEFT/92047915/KARTHIK MENON/PUNB0368283/30521922763902,TXN0272966,449.00,,4383483.52
06/12/2023,ATM/WDL/54784813/HDFC ATM KORAMANGALA,TXN0272967,49.00,,4383434.52
06/12/2023,CHQ NO 348099 CLEARING,TXN0272968,850.00,,4382584.52
06/12/2023,ATM/WDL/1201879990/SBI ATM JAYANAGAR BLR,TXN0272969,699.00,,4381885.52
06/12/2023,UPI/DR/7335874535/AYESHA KHAN/PUNB0368283/ayesha398@paytm,TXN0272970,5200.00,,4376685.52
07/12/2023,NEFT/6933364603/GEETA DEVI/PUNB0368283/62745844985835,TXN0272971,,18500.00,4395185.52
07/12/2023,CASH DEPOSIT/BRANCH COUNTER/WHITEFIELD BENGALURU,TXN0272972,,4800.00,4399985.52
07/12/2023,IMPS/P2P/167215358692/GANESH KUMAR/8693530912,TXN0272973,,850.00,4400835.52
08/12/2023,NEFT/05830797/NILESH KULKARNI/PUNB0368283/06359848571599,TXN0272974,2380.00,,4398455.52
08/12/2023,ATM/WDL/6627571931/HDFC ATM KORAMANGALA,TXN0272975,1680.00,,4396775.52
09/12/2023,CHQ NO 213200 CLEARING,TXN0272976,3499.00,,4393276.52
09/12/2023,UPI/DR/176298445410/ADITYA KUMAR/PUNB0368283/aditya294@ybl,TXN0272977,449.00,,4392827.52
09/12/2023,UPI/DR/0824026696/MEERA PILLAI/PUNB0368283/meera145@okaxis,TXN0272978,49.00,,4392778.52
10/12/2023,IMPS/P2P/873798032832/SANJANA HEGDE/8944065150,TXN0272979,,2500.00,4395278.52
10/12/2023,ATM/WDL/47986121/CANARA ATM MYSURU,TXN0272980,1680.00,,4393598.52
11/12/2023,NEFT/8862011653/PRIYA NAIR/PUNB0368283/94295963391861,TXN0272981,999.00,,4392599.52
11/12/2023,ATM/WDL/731098075178/CANARA ATM MYSURU,TXN0272982,850.00,,4391749.52
12/12/2023,IMPS/P2P/984735718549/NADIA HUSSAIN/7171915707,TXN0272983,,11200.00,4402949.52
13/12/2023,CHQ NO 662864 CLEARING,TXN0272984,5200.00,,4397749.52
13/12/2023,UPI/DR/47885409/SMITHA PILLAI/PUNB0368283/smitha329@oksbi,TXN0272985,7800.00,,4389949.52
13/12/2023,UPI/DR/944212698165/RAMESH PILLAI/PUNB0368283/ramesh784@paytm,TXN0272986,699.00,,4389250.52
14/12/2023,UPI/DR/820391999495/SHAHID KHAN/PUNB0368283/shahid540@ybl,TXN0272987,120.00,,4389130.52
14/12/2023,UPI/DR/323795915254/SAVITHA DEVI/PUNB0368283/savitha126@oksbi,TXN0272988,5200.00,,4383930.52
14/12/2023,ATM/WDL/9072699082/SBI ATM JAYANAGAR BLR,TXN0272989,120.00,,4383810.52
14/12/2023,ATM/WDL/044976943384/HDFC ATM KORAMANGALA,TXN0272990,1680.00,,4382130.52
14/12/2023,CASH DEPOSIT/BRANCH COUNTER/WHITEFIELD BENGALURU,TXN0272991,,1200.00,4383330.52
14/12/2023,UPI/DR/76282182/POOJA SHARMA/PUNB0368283/pooja398@oksbi,TXN0272992,999.00,,4382331.52
15/12/2023,CASH DEPOSIT/BRANCH COUNTER/WHITEFIELD BENGALURU,TXN0272993,,500.00,4382831.52
15/12/2023,UPI/CR/314873875063/ARJUN MEHTA/PUNB0368283/arjun357@okaxis,TXN0272994,,32000.00,4414831.52
15/12/2023,CHQ NO 288957 CLEARING,TXN0272995,7800.00,,4407031.52
15/12/2023,UPI/DR/830963921283/BINDHU NAIR/PUNB0368283/bindhu439@oksbi,TXN0272996,249.00,,4406782.52
15/12/2023,CASH DEPOSIT/BRANCH COUNTER/WHITEFIELD BENGALURU,TXN0272997,,1200.00,4407982.52
16/12/2023,UPI/CR/0254493558/RAHUL SINGH/PUNB0368283/rahul400@paytm,TXN0272998,,2500.00,4410482.52
16/12/2023,UPI/CR/08312440/ANITHA KRISHNAN/PUNB0368283/anitha332@okaxis,TXN0272999,,11200.00,4421682.52
16/12/2023,NEFT/8238161063/SURESH NAIR/PUNB0368283/29287927690189,TXN0273000,,500.00,4422182.52
16/12/2023,CHQ NO 578164 CLEARING,TXN0273001,999.00,,4421183.52
17/12/2023,ATM/WDL/8529766856/HDFC ATM KORAMANGALA,TXN0273002,79.00,,4421104.52
17/12/2023,UPI/DR/29265998/ANITHA KRISHNAN/PUNB0368283/anitha298@paytm,TXN0273003,249.00,,4420855.52
17/12/2023,CASH DEPOSIT/BRANCH COUNTER/WHITEFIELD BENGALURU,TXN0273004,,24000.00,4444855.52
17/12/2023,CASH DEPOSIT/BRANCH COUNTER/WHITEFIELD BENGALURU,TXN0273005,,850.00,4445705.52
18/12/2023,NEFT/27081787/KAVITHA RAO/PUNB0368283/93369808988144,TXN0273006,49.00,,4445656.52
18/12/2023,ATM/WDL/8220567141/CANARA ATM MYSURU,TXN0273007,249.00,,4445407.52
19/12/2023,CASH DEPOSIT/BRANCH COUNTER/WHITEFIELD BENGALURU,TXN0273008,,32000.00,4477407.52
19/12/2023,NEFT/99520022/NIKHIL GUPTA/PUNB0368283/56531899136376,TXN0273009,449.00,,4476958.52
19/12/2023,ATM/WDL/189715269003/SBI ATM JAYANAGAR BLR,TXN0273010,999.00,,4475959.52
20/12/2023,CHQ NO 907225 CLEARING,TXN0273011,249.00,,4475710.52
20/12/2023,NEFT/9099217262/RAVI KUMAR SHARMA/PUNB0368283/76220653649354,TXN0273012,,2500.00,4478210.52
21/12/2023,UPI/DR/440031892801/ARUN SHARMA/PUNB0368283/arun417@okaxis,TXN0273013,1680.00,,4476530.52
21/12/2023,ATM/WDL/66102536/HDFC ATM KORAMANGALA,TXN0273014,699.00,,4475831.52
21/12/2023,UPI/CR/629788649795/SMITHA PILLAI/PUNB0368283/smitha371@paytm,TXN0273015,,24000.00,4499831.52
22/12/2023,NEFT/403661688324/USHA RANI/PUNB0368283/15721679026879,TXN0273016,,11200.00,4511031.52
23/12/2023,UPI/DR/449794434804/SUNIL YADAV/PUNB0368283/sunil323@okhdfc,TXN0273017,850.00,,4510181.52
23/12/2023,UPI/CR/53083476/NILESH KULKARNI/PUNB0368283/nilesh80@paytm,TXN0273018,,2500.00,4512681.52
23/12/2023,CASH DEPOSIT/BRANCH COUNTER/WHITEFIELD BENGALURU,TXN0273019,,4800.00,4517481.52
24/12/2023,UPI/DR/449034472271/SANTOSH KUMAR/PUNB0368283/santosh594@ybl,TXN0273020,79.00,,4517402.52
24/12/2023,IMPS/P2P/8384463630/SURESH BABU/8439774664,TXN0273021,,7600.00,4525002.52
24/12/2023,IMPS/P2P/27942009/KAVERI MENON/7039940077,TXN0273022,,850.00,4525852.52
25/12/2023,UPI/CR/267524305821/PRAKASH RAO/PUNB0368283/prakash715@okhdfc,TXN0273023,,7600.00,4533452.52
25/12/2023,CHQ NO 116103 CLEARING,TXN0273024,79.00,,4533373.52
25/12/2023,CHQ NO 645642 CLEARING,TXN0273025,7800.00,,4525573.52
26/12/2023,UPI/DR/738997550779/LAKSHMI VENKAT/PUNB0368283/lakshmi730@ybl,TXN0273026,699.00,,4524874.52
26/12/2023,NEFT/622436089029/SAVITHA DEVI/PUNB0368283/11034798262450,TXN0273027,449.00,,4524425.52
26/12/2023,IMPS/P2P/689492835733/ADITYA KUMAR/8135304626,TXN0273028,,11200.00,4535625.52
26/12/2023,CHQ NO 216434 CLEARING,TXN0273029,449.00,,4535176.52
26/12/2023,NEFT/225209456730/NADIA HUSSAIN/PUNB0368283/87726234176947,TXN0273030,2380.00,,4532796.52
27/12/2023,CHQ NO 449831 CLEARING,TXN0273031,2380.00,,4530416.52
27/12/2023,NEFT/541949883345/KAVYA REDDY/PUNB0368283/03976245590019,TXN0273032,3499.00,,4526917.52
27/12/2023,IMPS/P2P/883892970612/ARCHANA PILLAI/7814186211,TXN0273033,,4800.00,4531717.52
27/12/2023,ATM/WDL/259292340477/HDFC ATM KORAMANGALA,TXN0273034,449.00,,4531268.52
27/12/2023,UPI/CR/8189273266/SUNIL YADAV/PUNB0368283/sunil519@ybl,TXN0273035,,18500.00,4549768.52
27/12/2023,CHQ NO 140289 CLEARING,TXN0273036,79.00,,4549689.52
27/12/2023,UPI/CR/8252838299/AYESHA KHAN/PUNB0368283/ayesha23@okhdfc,TXN0273037,,4800.00,4554489.52
28/12/2023,NEFT/79544497/PRIYA NAIR/PUNB0368283/95621472060923,TXN0273038,3499.00,,4550990.52
28/12/2023,UPI/CR/2788443637/KARTHIK MENON/PUNB0368283/karthik743@okhdfc,TXN0273039,,2500.00,4553490.52
29/12/2023,UPI/DR/35573384/KAVITHA RAO/PUNB0368283/kavitha133@paytm,TXN0273040,249.00,,4553241.52
29/12/2023,CASH DEPOSIT/BRANCH COUNTER/WHITEFIELD BENGALURU,TXN0273041,,18500.00,4571741.52
30/12/2023,ATM/WDL/50989814/HDFC ATM KORAMANGALA,TXN0273042,999.00,,4570742.52
31/12/2023,NEFT/6195138941/NADIA HUSSAIN/PUNB0368283/09079760511306,TXN0273043,,4800.00,4575542.52
31/12/2023,UPI/DR/21147628/PADMA RAO/PUNB0368283/padma986@okhdfc,TXN0273044,5200.00,,4570342.52
31/12/2023,CASH DEPOSIT/BRANCH COUNTER/WHITEFIELD BENGALURU,TXN0273045,,18500.00,4588842.52
31/12/2023,NEFT/245152019860/DEEPA NAIR/PUNB0368283/20904023609463,TXN0273046,,32000.00,4620842.52
31/12/2023,UPI/DR/22289076/PREETHI IYER/PUNB0368283/preethi597@okaxis,TXN0273047,850.00,,4619992.52
31/12/2023,UPI/DR/4358802371/SANTOSH KUMAR/PUNB0368283/santosh286@oksbi,TXN0273048,2380.00,,4617612.52
01/01/2024,NEFT/133176893466/BABU LAL/PUNB0368283/54373273827908,TXN0273049,999.00,,4616613.52
01/01/2024,NEFT/6118469630/SAVITHA DEVI/PUNB0368283/04226226483063,TXN0273050,999.00,,4615614.52
01/01/2024,ATM/WDL/76328691/HDFC ATM KORAMANGALA,TXN0273051,79.00,,4615535.52
01/01/2024,NEFT/74867415/FARHAN KHAN/PUNB0368283/97069544182464,TXN0273052,249.00,,4615286.52
02/01/2024,CHQ NO 674139 CLEARING,TXN0273053,850.00,,4614436.52
02/01/2024,NEFT/870573323516/RAVI KUMAR SHARMA/PUNB0368283/93333626352252,TXN0273054,,1200.00,4615636.52
02/01/2024,CHQ NO 694826 CLEARING,TXN0273055,999.00,,4614637.52
04/01/2024,UPI/DR/2861759642/SUSHMA RAO/PUNB0368283/sushma409@okhdfc,TXN0273056,699.00,,4613938.52
04/01/2024,UPI/DR/8449115860/RAVI KUMAR SHARMA/PUNB0368283/ravi40@ybl,TXN0273057,1250.00,,4612688.52
04/01/2024,UPI/DR/97935961/MEERA PILLAI/PUNB0368283/meera741@okaxis,TXN0273058,999.00,,4611689.52
05/01/2024,CHQ NO 177905 CLEARING,TXN0273059,79.00,,4611610.52
05/01/2024,NEFT/93466540/DEEPA NAIR/PUNB0368283/91252937254266,TXN0273060,3499.00,,4608111.52
05/01/2024,UPI/DR/8232904422/RAJESH VERMA/PUNB0368283/rajesh504@oksbi,TXN0273061,49.00,,4608062.52
06/01/2024,NEFT/88378699/RAVI KUMAR SHARMA/PUNB0368283/50457234615527,TXN0273062,120.00,,4607942.52
06/01/2024,UPI/DR/335524258000/RAHUL SINGH/PUNB0368283/rahul24@oksbi,TXN0273063,999.00,,4606943.52
06/01/2024,IMPS/P2P/782717516741/SMITHA PILLAI/9640929399,TXN0273064,,7600.00,4614543.52
06/01/2024,IMPS/P2P/996324594870/REKHA PILLAI/9210893536,TXN0273065,,24000.00,4638543.52
06/01/2024,UPI/CR/90199334/KIRAN REDDY/PUNB0368283/kiran722@oksbi,TXN0273066,,2500.00,4641043.52
06/01/2024,UPI/DR/712647831151/KAVITHA RAO/PUNB0368283/kavitha340@okaxis,TXN0273067,999.00,,4640044.52
07/01/2024,NEFT/95674033/AYESHA KHAN/PUNB0368283/85979738130086,TXN0273068,,32000.00,4672044.52
07/01/2024,UPI/DR/2992388721/BABU LAL/PUNB0368283/babu499@ybl,TXN0273069,310.00,,4671734.52
07/01/2024,IMPS/P2P/449488780053/CHANDAN SHARMA/9841195435,TXN0273070,,18500.00,4690234.52
07/01/2024,IMPS/P2P/1565819471/RESHMA KHAN/9145175521,TXN0273071,,18500.00,4708734.52
08/01/2024,NEFT/4754787216/PRAKASH RAO/PUNB0368283/61968602535922,TXN0273072,,500.00,4709234.52
09/01/2024,NEFT/096351394884/RAJENDRA PRASAD/PUNB0368283/38691590622528,TXN0273073,5200.00,,4704034.52
09/01/2024,IMPS/P2P/025099179557/RAJESH VERMA/8423396471,TXN0273074,,1200.00,4705234.52
09/01/2024,CHQ NO 031887 CLEARING,TXN0273075,1250.00,,4703984.52
09/01/2024,IMPS/P2P/34300044/BINDHU NAIR/7729114235,TXN0273076,,1200.00,4705184.52
09/01/2024,ATM/WDL/92643862/HDFC ATM KORAMANGALA,TXN0273077,850.00,,4704334.52
10/01/2024,UPI/CR/572529485293/TARA SINGH/PUNB0368283/tara595@okaxis,TXN0273078,,850.00,4705184.52
10/01/2024,UPI/DR/00659857/RANJIT SINGH/PUNB0368283/ranjit567@okhdfc,TXN0273079,1680.00,,4703504.52
11/01/2024,UPI/CR/26008003/CHANDAN SHARMA/PUNB0368283/chandan458@ybl,TXN0273080,,2500.00,4706004.52
12/01/2024,CHQ NO 617611 CLEARING,TXN0273081,120.00,,4705884.52
12/01/2024,UPI/DR/61691874/MEERA PILLAI/PUNB0368283/meera156@okhdfc,TXN0273082,1680.00,,4704204.52
12/01/2024,ATM/WDL/3767771798/CANARA ATM MYSURU,TXN0273083,449.00,,4703755.52
12/01/2024,UPI/DR/895602734607/SMITHA PILLAI/PUNB0368283/smitha734@ybl,TXN0273084,49.00,,4703706.52
13/01/2024,NEFT/69968229/SUNITA DEVI/PUNB0368283/16555462588244,TXN0273085,,4800.00,4708506.52
14/01/2024,ATM/WDL/0612727641/HDFC ATM KORAMANGALA,TXN0273086,1680.00,,4706826.52
14/01/2024,NEFT/7829408386/VENKAT RAO/PUNB0368283/71494278234103,TXN0273087,120.00,,4706706.52
14/01/2024,UPI/DR/216896026485/VENKAT RAO/PUNB0368283/venkat736@paytm,TXN0273088,249.00,,4706457.52
15/01/2024,CASH DEPOSIT/BRANCH COUNTER/WHITEFIELD BENGALURU,TXN0273089,,24000.00,4730457.52
15/01/2024,CASH DEPOSIT/BRANCH COUNTER/WHITEFIELD BENGALURU,TXN0273090,,500.00,4730957.52
15/01/2024,IMPS/P2P/1588811054/ARUN SHARMA/9941456317,TXN0273091,,500.00,4731457.52
16/01/2024,UPI/DR/10938104/NILESH KULKARNI/PUNB0368283/nilesh951@okhdfc,TXN0273092,5200.00,,4726257.52
16/01/2024,CASH DEPOSIT/BRANCH COUNTER/WHITEFIELD BENGALURU,TXN0273093,,850.00,4727107.52
16/01/2024,NEFT/995961648328/GOPAL VERMA/PUNB0368283/19222904496494,TXN0273094,,4800.00,4731907.52
18/01/2024,ATM/WDL/764133010989/SBI ATM JAYANAGAR BLR,TXN0273095,7800.00,,4724107.52
18/01/2024,UPI/DR/247140890832/GOPAL VERMA/PUNB0368283/gopal648@oksbi,TXN0273096,310.00,,4723797.52
18/01/2024,UPI/DR/90371820/POOJA SHARMA/PUNB0368283/pooja149@oksbi,TXN0273097,699.00,,4723098.52
19/01/2024,NEFT/46369388/CHANDAN SHARMA/PUNB0368283/60468880284358,TXN0273098,,1200.00,4724298.52
20/01/2024,CHQ NO 021389 CLEARING,TXN0273099,1250.00,,4723048.52
20/01/2024,CHQ NO 382441 CLEARING,TXN0273100,49.00,,4722999.52
21/01/2024,UPI/DR/324487698984/KAVERI MENON/PUNB0368283/kaveri595@okhdfc,TXN0273101,2380.00,,4720619.52
21/01/2024,NEFT/571476219429/KAVERI MENON/PUNB0368283/11367036188078,TXN0273102,5200.00,,4715419.52
21/01/2024,UPI/DR/67244559/LATHA MURTHY/PUNB0368283/latha660@okaxis,TXN0273103,1250.00,,4714169.52
21/01/2024,ATM/WDL/7827802941/HDFC ATM KORAMANGALA,TXN0273104,1680.00,,4712489.52
21/01/2024,ATM/WDL/22941636/CANARA ATM MYSURU,TXN0273105,449.00,,4712040.52
21/01/2024,NEFT/295414686098/FATIMA SHEIKH/PUNB0368283/89955103304258,TXN0273106,5200.00,,4706840.52
21/01/2024,UPI/DR/24259755/MOHAMMED IRFAN/PUNB0368283/mohammed569@okaxis,TXN0273107,3499.00,,4703341.52
22/01/2024,CHQ NO 131503 CLEARING,TXN0273108,310.00,,4703031.52
23/01/2024,IMPS/P2P/5458937573/RANJIT SINGH/8335885766,TXN0273109,,850.00,4703881.52
23/01/2024,CASH DEPOSIT/BRANCH COUNTER/WHITEFIELD BENGALURU,TXN0273110,,1200.00,4705081.52
23/01/2024,UPI/DR/268738993011/MOHAN DAS/PUNB0368283/mohan400@ybl,TXN0273111,699.00,,4704382.52
24/01/2024,IMPS/P2P/564372339046/PRAKASH RAO/8889815153,TXN0273112,,850.00,4705232.52
25/01/2024,NEFT/42073064/RESHMA KHAN/PUNB0368283/80968863746991,TXN0273113,120.00,,4705112.52
25/01/2024,CHQ NO 049297 CLEARING,TXN0273114,999.00,,4704113.52
25/01/2024,ATM/WDL/9389640046/SBI ATM JAYANAGAR BLR,TXN0273115,3499.00,,4700614.52
25/01/2024,UPI/DR/05715097/SHEELA DEVI/PUNB0368283/sheela489@okhdfc,TXN0273116,3499.00,,4697115.52
26/01/2024,UPI/DR/1935769635/KIRAN REDDY/PUNB0368283/kiran849@ybl,TXN0273117,49.00,,4697066.52
27/01/2024,NEFT/4920430309/SMITHA PILLAI/PUNB0368283/99259540880662,TXN0273118,,7600.00,4704666.52
27/01/2024,UPI/DR/443754282632/HARISH MENON/PUNB0368283/harish547@okhdfc,TXN0273119,120.00,,4704546.52
27/01/2024,NEFT/273314444592/NIKHIL GUPTA/PUNB0368283/96699101198395,TXN0273120,,850.00,4705396.52
28/01/2024,CHQ NO 093326 CLEARING,TXN0273121,49.00,,4705347.52
28/01/2024,NEFT/8683132314/ARJUN MEHTA/PUNB0368283/47244139557411,TXN0273122,,11200.00,4716547.52
28/01/2024,NEFT/7276087336/AYESHA KHAN/PUNB0368283/99300476282962,TXN0273123,5200.00,,4711347.52
30/01/2024,CASH DEPOSIT/BRANCH COUNTER/WHITEFIELD BENGALURU,TXN0273124,,2500.00,4713847.52
30/01/2024,UPI/CR/860671863499/SUNITA DEVI/PUNB0368283/sunita303@okaxis,TXN0273125,,500.00,4714347.52
31/01/2024,CHQ NO 591652 CLEARING,TXN0273126,1680.00,,4712667.52
31/01/2024,IMPS/P2P/3279651373/ANAND KUMAR/9155969791,TXN0273127,,18500.00,4731167.52
31/01/2024,CHQ NO 667735 CLEARING,TXN0273128,1250.00,,4729917.52
31/01/2024,NEFT/60886243/RAJENDRA PRASAD/PUNB0368283/11880707123624,TXN0273129,,32000.00,4761917.52
31/01/2024,UPI/DR/7893822666/MALLIKA DAS/PUNB0368283/mallika436@oksbi,TXN0273130,79.00,,4761838.52
31/01/2024,CHQ NO 930678 CLEARING,TXN0273131,449.00,,4761389.52
31/01/2024,IMPS/P2P/44386090/ADITYA KUMAR/7513952209,TXN0273132,,11200.00,4772589.52
31/01/2024,UPI/CR/998296097177/PADMA RAO/PUNB0368283/padma663@okhdfc,TXN0273133,,1200.00,4773789.52
01/02/2024,UPI/CR/8787952519/NADIA HUSSAIN/PUNB0368283/nadia388@okhdfc,TXN0273134,,24000.00,4797789.52
01/02/2024,CASH DEPOSIT/BRANCH COUNTER/WHITEFIELD BENGALURU,TXN0273135,,24000.00,4821789.52
01/02/2024,UPI/DR/47191417/ROHIT SHARMA/PUNB0368283/rohit748@ybl,TXN0273136,1680.00,,4820109.52
01/02/2024,NEFT/40733597/SANTOSH KUMAR/PUNB0368283/74676263205922,TXN0273137,79.00,,4820030.52
02/02/2024,UPI/DR/6373029159/ARCHANA PILLAI/PUNB0368283/archana48@ybl,TXN0273138,999.00,,4819031.52
02/02/2024,NEFT/6844711734/DEEPA NAIR/PUNB0368283/19164621794526,TXN0273139,,1200.00,4820231.52
03/02/2024,UPI/DR/18211984/CHANDAN SHARMA/PUNB0368283/chandan512@paytm,TXN0273140,999.00,,4819232.52
03/02/2024,UPI/CR/889889349261/BABU LAL/PUNB0368283/babu10@okhdfc,TXN0273141,,32000.00,4851232.52
03/02/2024,UPI/CR/447436718560/ANAND KUMAR/PUNB0368283/anand420@okaxis,TXN0273142,,2500.00,4853732.52
03/02/2024,ATM/WDL/11302735/SBI ATM JAYANAGAR BLR,TXN0273143,999.00,,4852733.52
04/02/2024,CHQ NO 340178 CLEARING,TXN0273144,2380.00,,4850353.52
04/02/2024,CHQ NO 076713 CLEARING,TXN0273145,999.00,,4849354.52
04/02/2024,NEFT/337863315857/KARTHIK MENON/PUNB0368283/37823760857388,TXN0273146,,4800.00,4854154.52
04/02/2024,UPI/DR/014670093502/DEEPAK JOSHI/PUNB0368283/deepak678@okhdfc,TXN0273147,249.00,,4853905.52
05/02/2024,UPI/CR/8885436555/SUNIL YADAV/PUNB0368283/sunil474@okhdfc,TXN0273148,,4800.00,4858705.52
05/02/2024,ATM/WDL/4757217152/HDFC ATM KORAMANGALA,TXN0273149,120.00,,4858585.52
05/02/2024,UPI/DR/290239783824/CHANDAN SHARMA/PUNB0368283/chandan220@ybl,TXN0273150,1250.00,,4857335.52
06/02/2024,ATM/WDL/8168634856/SBI ATM JAYANAGAR BLR,TXN0273151,1250.00,,4856085.52
06/02/2024,UPI/DR/37954253/RAMESH GOWDA/PUNB0368283/ramesh663@oksbi,TXN0273152,2380.00,,4853705.52
07/02/2024,NEFT/97875848/RAHUL SINGH/PUNB0368283/14314398424498,TXN0273153,1680.00,,4852025.52
07/02/2024,UPI/DR/2640697373/RAHUL SINGH/PUNB0368283/rahul726@oksbi,TXN0273154,699.00,,4851326.52
07/02/2024,UPI/DR/152879869507/MOHAN DAS/PUNB0368283/mohan430@ybl,TXN0273155,249.00,,4851077.52
07/02/2024,CHQ NO 572893 CLEARING,TXN0273156,1250.00,,4849827.52
08/02/2024,NEFT/023103340851/ANITHA KRISHNAN/PUNB0368283/60818326175983,TXN0273157,7800.00,,4842027.52
08/02/2024,UPI/DR/8892240925/RAMESH GOWDA/PUNB0368283/ramesh808@ybl,TXN0273158,449.00,,4841578.52
09/02/2024,UPI/DR/936714169058/SANJANA HEGDE/PUNB0368283/sanjana563@okaxis,TXN0273159,79.00,,4841499.52
09/02/2024,NEFT/4732444389/KAVYA REDDY/PUNB0368283/14683742594966,TXN0273160,5200.00,,4836299.52
09/02/2024,UPI/DR/5908431957/KAVITHA RAO/PUNB0368283/kavitha667@okhdfc,TXN0273161,1680.00,,4834619.52
10/02/2024,UPI/DR/8281224015/DEEPAK JOSHI/PUNB0368283/deepak740@oksbi,TXN0273162,3499.00,,4831120.52
10/02/2024,IMPS/P2P/8573479083/SUNITA DEVI/7623003726,TXN0273163,,7600.00,4838720.52
11/02/2024,ATM/WDL/905731519567/SBI ATM JAYANAGAR BLR,TXN0273164,2380.00,,4836340.52
11/02/2024,NEFT/9343993995/SNEHA PATIL/PUNB0368283/79020932766634,TXN0273165,,11200.00,4847540.52
11/02/2024,CHQ NO 055824 CLEARING,TXN0273166,699.00,,4846841.52
11/02/2024,UPI/CR/64379399/RAHUL SINGH/PUNB0368283/rahul740@okaxis,TXN0273167,,7600.00,4854441.52
12/02/2024,UPI/CR/577561224214/SANJANA HEGDE/PUNB0368283/sanjana274@oksbi,TXN0273168,,500.00,4854941.52
13/02/2024,NEFT/298499204281/GOPAL VERMA/PUNB0368283/66453245291039,TXN0273169,310.00,,4854631.52
13/02/2024,CHQ NO 622193 CLEARING,TXN0273170,7800.00,,4846831.52
13/02/2024,UPI/DR/1884319670/MALLIKA DAS/PUNB0368283/mallika629@paytm,TXN0273171,5200.00,,4841631.52
14/02/2024,UPI/DR/87514544/GOPAL VERMA/PUNB0368283/gopal851@oksbi,TXN0273172,49.00,,4841582.52
15/02/2024,UPI/DR/922650181144/ANAND KUMAR/PUNB0368283/anand772@paytm,TXN0273173,3499.00,,4838083.52
15/02/2024,NEFT/9027600452/REKHA PILLAI/PUNB0368283/30247899202116,TXN0273174,,1200.00,4839283.52
15/02/2024,CHQ NO 821636 CLEARING,TXN0273175,999.00,,4838284.52
16/02/2024,UPI/DR/01716291/ARJUN MEHTA/PUNB0368283/arjun323@paytm,TXN0273176,1250.00,,4837034.52
16/02/2024,ATM/WDL/17525131/CANARA ATM MYSURU,TXN0273177,310.00,,4836724.52
16/02/2024,UPI/DR/61045155/MOHAN DAS/PUNB0368283/mohan468@oksbi,TXN0273178,3499.00,,4833225.52
16/02/2024,UPI/DR/03590890/ROHIT SHARMA/PUNB0368283/rohit853@oksbi,TXN0273179,3499.00,,4829726.52
17/02/2024,UPI/DR/806514208784/BINDHU NAIR/PUNB0368283/bindhu160@paytm,TXN0273180,3499.00,,4826227.52
17/02/2024,CASH DEPOSIT/BRANCH COUNTER/WHITEFIELD BENGALURU,TXN0273181,,24000.00,4850227.52
17/02/2024,UPI/DR/3706438176/SUSHMA RAO/PUNB0368283/sushma963@okaxis,TXN0273182,79.00,,4850148.52
17/02/2024,CASH DEPOSIT/BRANCH COUNTER/WHITEFIELD BENGALURU,TXN0273183,,32000.00,4882148.52
19/02/2024,UPI/DR/362035825831/ARJUN MEHTA/PUNB0368283/arjun608@okaxis,TXN0273184,310.00,,4881838.52
19/02/2024,NEFT/805527014516/ANAND KUMAR/PUNB0368283/39454891586972,TXN0273185,79.00,,4881759.52
20/02/2024,UPI/DR/05296432/BINDHU NAIR/PUNB0368283/bindhu960@oksbi,TXN0273186,7800.00,,4873959.52
20/02/2024,UPI/DR/840472626153/BABU LAL/PUNB0368283/babu890@okaxis,TXN0273187,699.00,,4873260.52
20/02/2024,IMPS/P2P/4508240302/MEENA IYER/8848736825,TXN0273188,,500.00,4873760.52
20/02/2024,UPI/DR/34783899/SAVITHA DEVI/PUNB0368283/savitha997@paytm,TXN0273189,120.00,,4873640.52
21/02/2024,NEFT/94291139/SUNIL YADAV/PUNB0368283/82396452502136,TXN0273190,,2500.00,4876140.52
21/02/2024,CHQ NO 757750 CLEARING,TXN0273191,999.00,,4875141.52
21/02/2024,UPI/CR/0549186398/RANJIT SINGH/PUNB0368283/ranjit355@oksbi,TXN0273192,,1200.00,4876341.52
21/02/2024,UPI/DR/0242233813/TARA SINGH/PUNB0368283/tara774@okhdfc,TXN0273193,249.00,,4876092.52
21/02/2024,NEFT/83261139/SUNITA DEVI/PUNB0368283/15798356548573,TXN0273194,,500.00,4876592.52
22/02/2024,UPI/DR/0224754871/RAJENDRA PRASAD/PUNB0368283/rajendra818@okhdfc,TXN0273195,999.00,,4875593.52
22/02/2024,NEFT/480648841512/SMITHA PILLAI/PUNB0368283/50051424474726,TXN0273196,,24000.00,4899593.52
23/02/2024,ATM/WDL/4296860013/HDFC ATM KORAMANGALA,TXN0273197,999.00,,4898594.52
23/02/2024,NEFT/95067105/TARA SINGH/PUNB0368283/67371900864510,TXN0273198,,18500.00,4917094.52
23/02/2024,NEFT/273450646966/ARCHANA PILLAI/PUNB0368283/72169589623905,TXN0273199,,850.00,4917944.52
24/02/2024,UPI/DR/647714048586/GOPAL VERMA/PUNB0368283/gopal995@ybl,TXN0273200,79.00,,4917865.52
25/02/2024,NEFT/6440234730/GANESH KUMAR/PUNB0368283/95806566257835,TXN0273201,,850.00,4918715.52
25/02/2024,NEFT/22688730/PADMA RAO/PUNB0368283/55629913346159,TXN0273202,,11200.00,4929915.52
25/02/2024,CHQ NO 734377 CLEARING,TXN0273203,699.00,,4929216.52
26/02/2024,UPI/DR/40327896/GOPAL VERMA/PUNB0368283/gopal259@okhdfc,TXN0273204,2380.00,,4926836.52
26/02/2024,IMPS/P2P/1822614755/DEEPAK JOSHI/7893288153,TXN0273205,,18500.00,4945336.52
27/02/2024,NEFT/91426199/SURESH NAIR/PUNB0368283/10142473530036,TXN0273206,7800.00,,4937536.52
27/02/2024,NEFT/9478723287/RESHMA KHAN/PUNB0368283/09358818626118,TXN0273207,,850.00,4938386.52
27/02/2024,UPI/DR/6515959465/RANJIT SINGH/PUNB0368283/ranjit384@oksbi,TXN0273208,999.00,,4937387.52
27/02/2024,CHQ NO 377271 CLEARING,TXN0273209,79.00,,4937308.52
28/02/2024,NEFT/99422008/CHANDAN SHARMA/PUNB0368283/80959028147827,TXN0273210,,18500.00,4955808.52
28/02/2024,UPI/CR/522734787420/SUSHMA RAO/PUNB0368283/sushma831@okaxis,TXN0273211,,1200.00,4957008.52
28/02/2024,UPI/CR/4968150186/SUNITA DEVI/PUNB0368283/sunita707@ybl,TXN0273212,,18500.00,4975508.52
01/03/2024,NEFT/57127384/IMRAN KHAN/PUNB0368283/83179567958178,TXN0273213,699.00,,4974809.52
01/03/2024,UPI/DR/3978430015/NILESH KULKARNI/PUNB0368283/nilesh886@paytm,TXN0273214,999.00,,4973810.52
01/03/2024,NEFT/6198099726/SUNITA DEVI/PUNB0368283/48805640577783,TXN0273215,,7600.00,4981410.52
01/03/2024,ATM/WDL/97558153/SBI ATM JAYANAGAR BLR,TXN0273216,3499.00,,4977911.52
01/03/2024,UPI/CR/9902290175/TARA SINGH/PUNB0368283/tara655@ybl,TXN0273217,,18500.00,4996411.52
01/03/2024,UPI/CR/92802762/ARJUN MEHTA/PUNB0368283/arjun744@ybl,TXN0273218,,2500.00,4998911.52
02/03/2024,UPI/CR/28741164/FARHAN KHAN/PUNB0368283/farhan250@okhdfc,TXN0273219,,24000.00,5022911.52
02/03/2024,UPI/CR/85403572/RAVI KUMAR SHARMA/PUNB0368283/ravi939@okhdfc,TXN0273220,,24000.00,5046911.52
02/03/2024,CASH DEPOSIT/BRANCH COUNTER/WHITEFIELD BENGALURU,TXN0273221,,18500.00,5065411.52
02/03/2024,UPI/DR/608533700343/SMITHA PILLAI/PUNB0368283/smitha489@paytm,TXN0273222,449.00,,5064962.52
03/03/2024,CHQ NO 247944 CLEARING,TXN0273223,79.00,,5064883.52
03/03/2024,UPI/DR/76592133/DEEPA NAIR/PUNB0368283/deepa875@ybl,TXN0273224,449.00,,5064434.52
04/03/2024,UPI/DR/808686640170/BABU LAL/PUNB0368283/babu834@ybl,TXN0273225,699.00,,5063735.52
05/03/2024,NEFT/3855527631/MEERA PILLAI/PUNB0368283/15091137054572,TXN0273226,,18500.00,5082235.52
05/03/2024,NEFT/45440386/PRAKASH RAO/PUNB0368283/62615054399879,TXN0273227,850.00,,5081385.52
06/03/2024,NEFT/242751469832/TANVI RAO/PUNB0368283/03359881250329,TXN0273228,,7600.00,5088985.52
06/03/2024,UPI/DR/364493995182/SHEELA DEVI/PUNB0368283/sheela684@okhdfc,TXN0273229,999.00,,5087986.52
06/03/2024,NEFT/5623556602/VIKRAM NAIR/PUNB0368283/61874374285320,TXN0273230,3499.00,,5084487.52
07/03/2024,NEFT/736975334864/TARA SINGH/PUNB0368283/16130620335031,TXN0273231,,7600.00,5092087.52
07/03/2024,NEFT/84140724/RAMESH GOWDA/PUNB0368283/39493551099941,TXN0273232,,4800.00,5096887.52
07/03/2024,NEFT/071050335108/LATHA MURTHY/PUNB0368283/12928846923076,TXN0273233,79.00,,5096808.52
07/03/2024,UPI/CR/502765601492/PADMA RAO/PUNB0368283/padma887@oksbi,TXN0273234,,7600.00,5104408.52
07/03/2024,UPI/DR/33802383/TARA SINGH/PUNB0368283/tara244@oksbi,TXN0273235,699.00,,5103709.52
07/03/2024,ATM/WDL/007733686171/HDFC ATM KORAMANGALA,TXN0273236,79.00,,5103630.52
08/03/2024,NEFT/0726618096/SMITHA PILLAI/PUNB0368283/03052620019482,TXN0273237,,500.00,5104130.52
08/03/2024,UPI/DR/7290717627/LATHA MURTHY/PUNB0368283/latha843@paytm,TXN0273238,7800.00,,5096330.52
08/03/2024,UPI/DR/0271120341/MEENA IYER/PUNB0368283/meena931@okhdfc,TXN0273239,249.00,,5096081.52
08/03/2024,ATM/WDL/729871796317/SBI ATM JAYANAGAR BLR,TXN0273240,79.00,,5096002.52
08/03/2024,UPI/CR/17773223/SUNIL YADAV/PUNB0368283/sunil198@paytm,TXN0273241,,850.00,5096852.52
09/03/2024,IMPS/P2P/9087458683/ROHIT SHARMA/7585774248,TXN0273242,,18500.00,5115352.52
09/03/2024,UPI/DR/979766779826/FAILED/TimeOut/Karthik Menon,TXN0273243,9500.00,,5115352.52
09/03/2024,ATM/WDL/8759838734/SBI ATM JAYANAGAR BLR,TXN0273244,49.00,,5115303.52
09/03/2024,IMPS/P2P/0474099126/SURESH BABU/9392749538,TXN0273245,,32000.00,5147303.52
09/03/2024,ATM/WDL/669737202486/CANARA ATM MYSURU,TXN0273246,3499.00,,5143804.52
10/03/2024,UPI/DR/017544412993/RAJENDRA PRASAD/PUNB0368283/rajendra912@ybl,TXN0273247,999.00,,5142805.52
11/03/2024,UPI/DR/9208268556/RAJESH VERMA/PUNB0368283/rajesh508@paytm,TXN0273248,999.00,,5141806.52
12/03/2024,NEFT/273284335707/DEEPAK JOSHI/PUNB0368283/72992131770661,TXN0273249,,850.00,5142656.52
12/03/2024,UPI/DR/549218261994/ANAND KUMAR/PUNB0368283/anand873@okaxis,TXN0273250,79.00,,5142577.52
12/03/2024,ATM/WDL/8781694542/HDFC ATM KORAMANGALA,TXN0273251,120.00,,5142457.52
12/03/2024,UPI/DR/348101981909/ADITYA KUMAR/PUNB0368283/aditya88@okhdfc,TXN0273252,49.00,,5142408.52
13/03/2024,ATM/WDL/140571249405/HDFC ATM KORAMANGALA,TXN0273253,310.00,,5142098.52
13/03/2024,UPI/CR/715716171019/USHA RANI/PUNB0368283/usha496@paytm,TXN0273254,,7600.00,5149698.52
13/03/2024,IMPS/P2P/05380994/KAVITHA RAO/9055312213,TXN0273255,,1200.00,5150898.52
14/03/2024,IMPS/P2P/80496975/SUNIL YADAV/7480326423,TXN0273256,,18500.00,5169398.52
14/03/2024,UPI/DR/486707304525/PRAKASH RAO/PUNB0368283/prakash949@okhdfc,TXN0273257,79.00,,5169319.52
14/03/2024,NEFT/5400696136/NAVEEN KUMAR/PUNB0368283/68757262280652,TXN0273258,120.00,,5169199.52
14/03/2024,NEFT/59164638/MEERA PILLAI/PUNB0368283/26199867222276,TXN0273259,850.00,,5168349.52
14/03/2024,UPI/DR/312781749320/ARCHANA PILLAI/PUNB0368283/archana595@okhdfc,TXN0273260,1680.00,,5166669.52
15/03/2024,NEFT/484691797090/GEETA DEVI/PUNB0368283/44910882840454,TXN0273261,,24000.00,5190669.52
16/03/2024,UPI/DR/4388930942/DEEPAK JOSHI/PUNB0368283/deepak305@okhdfc,TXN0273262,2380.00,,5188289.52
16/03/2024,UPI/DR/3543824290/SURESH NAIR/PUNB0368283/suresh520@paytm,TXN0273263,1250.00,,5187039.52
17/03/2024,UPI/DR/7047587397/DEEPA NAIR/PUNB0368283/deepa880@oksbi,TXN0273264,850.00,,5186189.52
17/03/2024,UPI/CR/968796775797/PRIYA NAIR/PUNB0368283/priya561@okaxis,TXN0273265,,11200.00,5197389.52
17/03/2024,UPI/DR/5164091060/MALLIKA DAS/PUNB0368283/mallika609@paytm,TXN0273266,699.00,,5196690.52
17/03/2024,NEFT/549012243332/SHEELA DEVI/PUNB0368283/91027739563394,TXN0273267,,32000.00,5228690.52
18/03/2024,CASH DEPOSIT/BRANCH COUNTER/WHITEFIELD BENGALURU,TXN0273268,,500.00,5229190.52
18/03/2024,UPI/DR/47510225/SUNITA DEVI/PUNB0368283/sunita206@okhdfc,TXN0273269,3499.00,,5225691.52
18/03/2024,NEFT/4408672275/PREETHI IYER/PUNB0368283/27350782849375,TXN0273270,,7600.00,5233291.52
19/03/2024,UPI/DR/3609831484/RAHUL SINGH/PUNB0368283/rahul460@oksbi,TXN0273271,310.00,,5232981.52
19/03/2024,UPI/DR/3308004798/SAVITHA DEVI/PUNB0368283/savitha727@oksbi,TXN0273272,449.00,,5232532.52
19/03/2024,NEFT/151879075382/RANJIT SINGH/PUNB0368283/43054836655043,TXN0273273,3499.00,,5229033.52
20/03/2024,NEFT/52693577/KARTHIK MENON/PUNB0368283/29975437260857,TXN0273274,5200.00,,5223833.52
20/03/2024,UPI/DR/09332832/DEEPA NAIR/PUNB0368283/deepa612@okhdfc,TXN0273275,120.00,,5223713.52
21/03/2024,UPI/DR/044999923979/NILESH KULKARNI/PUNB0368283/nilesh358@ybl,TXN0273276,1680.00,,5222033.52
21/03/2024,NEFT/0776674482/TARA SINGH/PUNB0368283/56447752451402,TXN0273277,7800.00,,5214233.52
21/03/2024,UPI/CR/755822388745/DIVYA MENON/PUNB0368283/divya471@okhdfc,TXN0273278,,32000.00,5246233.52
21/03/2024,UPI/DR/78369131/HARISH MENON/PUNB0368283/harish535@oksbi,TXN0273279,310.00,,5245923.52
21/03/2024,ATM/WDL/00396817/HDFC ATM KORAMANGALA,TXN0273280,1680.00,,5244243.52
21/03/2024,UPI/DR/49533405/DIVYA MENON/PUNB0368283/divya640@ybl,TXN0273281,2380.00,,5241863.52
21/03/2024,CHQ NO 024384 CLEARING,TXN0273282,2380.00,,5239483.52
22/03/2024,NEFT/785411785878/POOJA SHARMA/PUNB0368283/35615953469402,TXN0273283,,24000.00,5263483.52
22/03/2024,UPI/DR/91293159/SURESH NAIR/PUNB0368283/suresh880@oksbi,TXN0273284,449.00,,5263034.52
23/03/2024,UPI/DR/7282761782/MALLIKA DAS/PUNB0368283/mallika900@oksbi,TXN0273285,3499.00,,5259535.52
23/03/2024,NEFT/617822777294/DIVYA MENON/PUNB0368283/90338253823440,TXN0273286,3499.00,,5256036.52
23/03/2024,ATM/WDL/5582527394/SBI ATM JAYANAGAR BLR,TXN0273287,120.00,,5255916.52
23/03/2024,UPI/DR/035484821777/CHANDAN SHARMA/PUNB0368283/chandan70@oksbi,TXN0273288,249.00,,5255667.52
24/03/2024,ATM/WDL/207366506647/CANARA ATM MYSURU,TXN0273289,5200.00,,5250467.52
24/03/2024,ATM/WDL/02065332/CANARA ATM MYSURU,TXN0273290,850.00,,5249617.52
25/03/2024,UPI/DR/1265802762/KAVITHA RAO/PUNB0368283/kavitha426@ybl,TXN0273291,5200.00,,5244417.52
25/03/2024,NEFT/1127697455/ARCHANA PILLAI/PUNB0368283/66404532218270,TXN0273292,7800.00,,5236617.52
26/03/2024,CHQ NO 287351 CLEARING,TXN0273293,7800.00,,5228817.52
26/03/2024,ATM/WDL/485780642865/HDFC ATM KORAMANGALA,TXN0273294,3499.00,,5225318.52
26/03/2024,NEFT/3411973068/RANJIT SINGH/PUNB0368283/81254074779919,TXN0273295,699.00,,5224619.52
26/03/2024,ATM/WDL/563330414848/SBI ATM JAYANAGAR BLR,TXN0273296,49.00,,5224570.52
26/03/2024,NEFT/9160253028/LAKSHMI VENKAT/PUNB0368283/76952804394161,TXN0273297,2380.00,,5222190.52
26/03/2024,CASH DEPOSIT/BRANCH COUNTER/WHITEFIELD BENGALURU,TXN0273298,,11200.00,5233390.52
27/03/2024,UPI/DR/648688452095/SUSHMA RAO/PUNB0368283/sushma549@oksbi,TXN0273299,5200.00,,5228190.52
28/03/2024,UPI/DR/7085498868/BINDHU NAIR/PUNB0368283/bindhu703@oksbi,TXN0273300,1250.00,,5226940.52
28/03/2024,ATM/WDL/449494705111/SBI ATM JAYANAGAR BLR,TXN0273301,999.00,,5225941.52
28/03/2024,UPI/CR/71590342/SANJANA HEGDE/PUNB0368283/sanjana799@paytm,TXN0273302,,4800.00,5230741.52
28/03/2024,UPI/CR/2972741685/PRIYA NAIR/PUNB0368283/priya729@okaxis,TXN0273303,,1200.00,5231941.52
29/03/2024,ATM/WDL/477880635577/SBI ATM JAYANAGAR BLR,TXN0273304,7800.00,,5224141.52
29/03/2024,UPI/DR/473777543654/KAVERI MENON/PUNB0368283/kaveri437@ybl,TXN0273305,1680.00,,5222461.52
29/03/2024,UPI/DR/89713843/NILESH KULKARNI/PUNB0368283/nilesh745@okaxis,TXN0273306,249.00,,5222212.52
30/03/2024,ATM/WDL/55567622/SBI ATM JAYANAGAR BLR,TXN0273307,5200.00,,5217012.52
30/03/2024,NEFT/9506834547/RAJENDRA PRASAD/PUNB0368283/23297364803116,TXN0273308,850.00,,5216162.52
31/03/2024,UPI/CR/29820455/DEEPA NAIR/PUNB0368283/deepa747@ybl,TXN0273309,,4800.00,5220962.52
31/03/2024,UPI/CR/89743896/LALITHA DEVI/PUNB0368283/lalitha804@oksbi,TXN0273310,,18500.00,5239462.52
01/04/2024,UPI/DR/207303217354/ANITHA KRISHNAN/PUNB0368283/anitha63@oksbi,TXN0273311,999.00,,5238463.52
01/04/2024,ATM/WDL/04693631/HDFC ATM KORAMANGALA,TXN0273312,999.00,,5237464.52
02/04/2024,ATM/WDL/920597572652/CANARA ATM MYSURU,TXN0273313,1250.00,,5236214.52
03/04/2024,CHQ NO 067388 CLEARING,TXN0273314,1680.00,,5234534.52
03/04/2024,IMPS/P2P/7713021120/LAKSHMI VENKAT/7430284347,TXN0273315,,4800.00,5239334.52
03/04/2024,UPI/DR/124549337580/POOJA SHARMA/PUNB0368283/pooja614@paytm,TXN0273316,7800.00,,5231534.52
03/04/2024,NEFT/0333715785/SURESH BABU/PUNB0368283/68591940491468,TXN0273317,5200.00,,5226334.52
03/04/2024,NEFT/3798489490/FATIMA SHEIKH/PUNB0368283/23487814747216,TXN0273318,999.00,,5225335.52
04/04/2024,NEFT/43704689/SMITHA PILLAI/PUNB0368283/42423398488865,TXN0273319,7800.00,,5217535.52
04/04/2024,CASH DEPOSIT/BRANCH COUNTER/WHITEFIELD BENGALURU,TXN0273320,,24000.00,5241535.52
05/04/2024,UPI/DR/20655222/ROHIT SHARMA/PUNB0368283/rohit469@oksbi,TXN0273321,850.00,,5240685.52
05/04/2024,UPI/DR/549065714099/MALLIKA DAS/PUNB0368283/mallika533@paytm,TXN0273322,5200.00,,5235485.52
06/04/2024,ATM/WDL/1613351606/SBI ATM JAYANAGAR BLR,TXN0273323,699.00,,5234786.52
07/04/2024,UPI/DR/86878449/RAHUL SINGH/PUNB0368283/rahul67@okaxis,TXN0273324,120.00,,5234666.52
07/04/2024,UPI/DR/74464500/PREETHI IYER/PUNB0368283/preethi341@okaxis,TXN0273325,850.00,,5233816.52
07/04/2024,UPI/DR/8125175259/MOHAMMED IRFAN/PUNB0368283/mohammed769@okhdfc,TXN0273326,7800.00,,5226016.52
08/04/2024,IMPS/P2P/23616959/MALLIKA DAS/9376465439,TXN0273327,,11200.00,5237216.52
08/04/2024,IMPS/P2P/379392591683/NIKHIL GUPTA/9512122471,TXN0273328,,1200.00,5238416.52
08/04/2024,UPI/DR/2600605394/FATIMA SHEIKH/PUNB0368283/fatima376@okhdfc,TXN0273329,449.00,,5237967.52
08/04/2024,NEFT/2234450624/VINAY PATIL/PUNB0368283/38220275403827,TXN0273330,999.00,,5236968.52
09/04/2024,UPI/CR/28263953/GOPAL VERMA/PUNB0368283/gopal508@oksbi,TXN0273331,,2500.00,5239468.52
09/04/2024,NEFT/4889215479/SANTOSH KUMAR/PUNB0368283/54224246726933,TXN0273332,,18500.00,5257968.52
09/04/2024,CASH DEPOSIT/BRANCH COUNTER/WHITEFIELD BENGALURU,TXN0273333,,7600.00,5265568.52
10/04/2024,IMPS/P2P/96475543/AYESHA KHAN/9148844071,TXN0273334,,4800.00,5270368.52
10/04/2024,CASH DEPOSIT/BRANCH COUNTER/WHITEFIELD BENGALURU,TXN0273335,,850.00,5271218.52
10/04/2024,UPI/DR/2582481048/DEEPAK JOSHI/PUNB0368283/deepak882@okaxis,TXN0273336,1250.00,,5269968.52
11/04/2024,CASH DEPOSIT/BRANCH COUNTER/WHITEFIELD BENGALURU,TXN0273337,,500.00,5270468.52
11/04/2024,CHQ NO 892179 CLEARING,TXN0273338,449.00,,5270019.52
11/04/2024,NEFT/440603860266/VINAY PATIL/PUNB0368283/56978448698225,TXN0273339,,18500.00,5288519.52
11/04/2024,NEFT/5658581316/RAJESH VERMA/PUNB0368283/54679750291101,TXN0273340,999.00,,5287520.52
11/04/2024,UPI/CR/2248722278/ARCHANA PILLAI/PUNB0368283/archana34@okhdfc,TXN0273341,,1200.00,5288720.52
11/04/2024,UPI/DR/1664691055/AYESHA KHAN/PUNB0368283/ayesha833@oksbi,TXN0273342,5200.00,,5283520.52
11/04/2024,ATM/WDL/218701149568/SBI ATM JAYANAGAR BLR,TXN0273343,249.00,,5283271.52
12/04/2024,CASH DEPOSIT/BRANCH COUNTER/WHITEFIELD BENGALURU,TXN0273344,,24000.00,5307271.52
13/04/2024,UPI/CR/297622560181/RAJESH VERMA/PUNB0368283/rajesh192@okhdfc,TXN0273345,,7600.00,5314871.52
13/04/2024,UPI/DR/2290946396/NAVEEN KUMAR/PUNB0368283/naveen343@oksbi,TXN0273346,79.00,,5314792.52
14/04/2024,UPI/DR/91015585/NADIA HUSSAIN/PUNB0368283/nadia171@okaxis,TXN0273347,999.00,,5313793.52
14/04/2024,CASH DEPOSIT/BRANCH COUNTER/WHITEFIELD BENGALURU,TXN0273348,,7600.00,5321393.52
14/04/2024,UPI/DR/41820532/SHAHID KHAN/PUNB0368283/shahid797@paytm,TXN0273349,449.00,,5320944.52
14/04/2024,ATM/WDL/29350308/CANARA ATM MYSURU,TXN0273350,249.00,,5320695.52
14/04/2024,NEFT/2251933095/NIKHIL GUPTA/PUNB0368283/78573820522897,TXN0273351,850.00,,5319845.52
16/04/2024,NEFT/555189549015/SNEHA PATIL/PUNB0368283/27847504928189,TXN0273352,850.00,,5318995.52
16/04/2024,UPI/CR/31824366/BINDHU NAIR/PUNB0368283/bindhu928@okhdfc,TXN0273353,,24000.00,5342995.52
16/04/2024,UPI/DR/01300323/SURESH NAIR/PUNB0368283/suresh804@okhdfc,TXN0273354,310.00,,5342685.52
16/04/2024,UPI/DR/92853132/ANAND KUMAR/PUNB0368283/anand165@ybl,TXN0273355,1680.00,,5341005.52
16/04/2024,UPI/DR/910268200769/ARJUN MEHTA/PUNB0368283/arjun31@ybl,TXN0273356,3499.00,,5337506.52
17/04/2024,IMPS/P2P/8517295433/VIKRAM NAIR/8605508542,TXN0273357,,32000.00,5369506.52
17/04/2024,UPI/DR/997977963777/HARISH MENON/PUNB0368283/harish857@oksbi,TXN0273358,1680.00,,5367826.52
17/04/2024,ATM/WDL/33992358/SBI ATM JAYANAGAR BLR,TXN0273359,999.00,,5366827.52
17/04/2024,CHQ NO 518736 CLEARING,TXN0273360,850.00,,5365977.52
17/04/2024,NEFT/410824292779/NADIA HUSSAIN/PUNB0368283/92223858459218,TXN0273361,1250.00,,5364727.52
18/04/2024,NEFT/0818922257/SHAHID KHAN/PUNB0368283/77736912660869,TXN0273362,,18500.00,5383227.52
18/04/2024,UPI/DR/0436619828/BABU LAL/PUNB0368283/babu319@paytm,TXN0273363,449.00,,5382778.52
18/04/2024,UPI/CR/2765550409/RESHMA KHAN/PUNB0368283/reshma891@oksbi,TXN0273364,,32000.00,5414778.52
19/04/2024,UPI/CR/4180974131/NILESH KULKARNI/PUNB0368283/nilesh946@okhdfc,TXN0273365,,24000.00,5438778.52
19/04/2024,ATM/WDL/3840995002/HDFC ATM KORAMANGALA,TXN0273366,449.00,,5438329.52
19/04/2024,UPI/DR/309747503932/SURESH NAIR/PUNB0368283/suresh893@oksbi,TXN0273367,1680.00,,5436649.52
20/04/2024,UPI/DR/48953460/BABU LAL/PUNB0368283/babu92@okaxis,TXN0273368,7800.00,,5428849.52
20/04/2024,ATM/WDL/217225252723/SBI ATM JAYANAGAR BLR,TXN0273369,310.00,,5428539.52
21/04/2024,UPI/DR/056335873254/GANESH KUMAR/PUNB0368283/ganesh485@ybl,TXN0273370,7800.00,,5420739.52
22/04/2024,UPI/DR/64675221/SUNITA DEVI/PUNB0368283/sunita476@paytm,TXN0273371,49.00,,5420690.52
23/04/2024,NEFT/930851942950/SURESH NAIR/PUNB0368283/31864417818115,TXN0273372,,4800.00,5425490.52
23/04/2024,ATM/WDL/59545512/CANARA ATM MYSURU,TXN0273373,7800.00,,5417690.52
24/04/2024,CHQ NO 485610 CLEARING,TXN0273374,999.00,,5416691.52
24/04/2024,UPI/CR/97188490/SURESH NAIR/PUNB0368283/suresh539@oksbi,TXN0273375,,2500.00,5419191.52
24/04/2024,UPI/DR/237331956399/FARHAN KHAN/PUNB0368283/farhan905@ybl,TXN0273376,310.00,,5418881.52
24/04/2024,IMPS/P2P/552777947899/USHA RANI/8965228279,TXN0273377,,11200.00,5430081.52
25/04/2024,CASH DEPOSIT/BRANCH COUNTER/WHITEFIELD BENGALURU,TXN0273378,,500.00,5430581.52
26/04/2024,UPI/CR/54636250/RANJIT SINGH/PUNB0368283/ranjit958@paytm,TXN0273379,,850.00,5431431.52
26/04/2024,CASH DEPOSIT/BRANCH COUNTER/WHITEFIELD BENGALURU,TXN0273380,,2500.00,5433931.52
28/04/2024,UPI/DR/59525361/SNEHA PATIL/PUNB0368283/sneha723@ybl,TXN0273381,3499.00,,5430432.52
28/04/2024,NEFT/64060152/CHANDAN SHARMA/PUNB0368283/48684897212587,TXN0273382,,850.00,5431282.52
28/04/2024,NEFT/53068420/IMRAN KHAN/PUNB0368283/78262191586041,TXN0273383,999.00,,5430283.52
29/04/2024,NEFT/70359485/RAHUL SINGH/PUNB0368283/61575562382429,TXN0273384,49.00,,5430234.52
29/04/2024,ATM/WDL/625875305716/HDFC ATM KORAMANGALA,TXN0273385,79.00,,5430155.52
30/04/2024,CHQ NO 322267 CLEARING,TXN0273386,3499.00,,5426656.52
01/05/2024,IMPS/P2P/7732022091/RAMESH GOWDA/8443791253,TXN0273387,,850.00,5427506.52
01/05/2024,UPI/DR/6702736902/LATHA MURTHY/PUNB0368283/latha603@paytm,TXN0273388,999.00,,5426507.52
02/05/2024,UPI/DR/5899405288/FARHAN KHAN/PUNB0368283/farhan867@okaxis,TXN0273389,3499.00,,5423008.52
02/05/2024,UPI/DR/49640091/MALLIKA DAS/PUNB0368283/mallika122@okhdfc,TXN0273390,7800.00,,5415208.52
02/05/2024,UPI/DR/879098453412/PREETHI IYER/PUNB0368283/preethi797@paytm,TXN0273391,850.00,,5414358.52
03/05/2024,ATM/WDL/761249458124/SBI ATM JAYANAGAR BLR,TXN0273392,310.00,,5414048.52
03/05/2024,UPI/DR/6646978451/ROHIT SHARMA/PUNB0368283/rohit95@okaxis,TXN0273393,1680.00,,5412368.52
04/05/2024,CASH DEPOSIT/BRANCH COUNTER/WHITEFIELD BENGALURU,TXN0273394,,11200.00,5423568.52
04/05/2024,UPI/DR/0502327702/VIKRAM NAIR/PUNB0368283/vikram557@okhdfc,TXN0273395,850.00,,5422718.52
05/05/2024,CHQ NO 610090 CLEARING,TXN0273396,1250.00,,5421468.52
05/05/2024,CASH DEPOSIT/BRANCH COUNTER/WHITEFIELD BENGALURU,TXN0273397,,11200.00,5432668.52
06/05/2024,ATM/WDL/1199852312/CANARA ATM MYSURU,TXN0273398,310.00,,5432358.52
06/05/2024,CHQ NO 011820 CLEARING,TXN0273399,5200.00,,5427158.52
07/05/2024,CHQ NO 577624 CLEARING,TXN0273400,1250.00,,5425908.52
07/05/2024,NEFT/322909309012/MEENA IYER/PUNB0368283/13699846061453,TXN0273401,,32000.00,5457908.52
08/05/2024,UPI/DR/36107054/GEETA DEVI/PUNB0368283/geeta462@paytm,TXN0273402,850.00,,5457058.52
08/05/2024,NEFT/44628312/GANESH KUMAR/PUNB0368283/90145707146020,TXN0273403,,11200.00,5468258.52
09/05/2024,IMPS/P2P/2647400307/DEEPA NAIR/7893999515,TXN0273404,,4800.00,5473058.52
09/05/2024,UPI/DR/9377060356/RAJENDRA PRASAD/PUNB0368283/rajendra313@ybl,TXN0273405,5200.00,,5467858.52
09/05/2024,NEFT/7013740552/SHAHID KHAN/PUNB0368283/45114093717706,TXN0273406,120.00,,5467738.52
09/05/2024,UPI/DR/90578034/DEEPA NAIR/PUNB0368283/deepa964@okaxis,TXN0273407,699.00,,5467039.52
09/05/2024,CASH DEPOSIT/BRANCH COUNTER/WHITEFIELD BENGALURU,TXN0273408,,32000.00,5499039.52
09/05/2024,NEFT/561777539238/PRIYA NAIR/PUNB0368283/27362732043203,TXN0273409,7800.00,,5491239.52
09/05/2024,ATM/WDL/519200153279/SBI ATM JAYANAGAR BLR,TXN0273410,1680.00,,5489559.52
10/05/2024,CASH DEPOSIT/BRANCH COUNTER/WHITEFIELD BENGALURU,TXN0273411,,7600.00,5497159.52
11/05/2024,UPI/DR/066626861399/PREETHI IYER/PUNB0368283/preethi780@okaxis,TXN0273412,999.00,,5496160.52
12/05/2024,NEFT/15810367/ROHIT SHARMA/PUNB0368283/10217497169602,TXN0273413,1680.00,,5494480.52
12/05/2024,CASH DEPOSIT/BRANCH COUNTER/WHITEFIELD BENGALURU,TXN0273414,,7600.00,5502080.52
12/05/2024,IMPS/P2P/073335579601/POOJA SHARMA/7519550000,TXN0273415,,500.00,5502580.52
13/05/2024,UPI/CR/926346648326/RAJESH VERMA/PUNB0368283/rajesh391@paytm,TXN0273416,,1200.00,5503780.52
13/05/2024,NEFT/92202654/USHA RANI/PUNB0368283/73753730840130,TXN0273417,49.00,,5503731.52
13/05/2024,UPI/DR/280122663568/VENKAT RAO/PUNB0368283/venkat394@okhdfc,TXN0273418,310.00,,5503421.52
13/05/2024,CASH DEPOSIT/BRANCH COUNTER/WHITEFIELD BENGALURU,TXN0273419,,1200.00,5504621.52
14/05/2024,CHQ NO 964337 CLEARING,TXN0273420,699.00,,5503922.52
14/05/2024,UPI/CR/64508572/USHA RANI/PUNB0368283/usha471@paytm,TXN0273421,,32000.00,5535922.52
14/05/2024,CHQ NO 100014 CLEARING,TXN0273422,1250.00,,5534672.52
15/05/2024,CASH DEPOSIT/BRANCH COUNTER/WHITEFIELD BENGALURU,TXN0273423,,18500.00,5553172.52
15/05/2024,UPI/DR/667479749423/MALLIKA DAS/PUNB0368283/mallika318@paytm,TXN0273424,449.00,,5552723.52
16/05/2024,UPI/DR/93243092/RESHMA KHAN/PUNB0368283/reshma363@okaxis,TXN0273425,120.00,,5552603.52
16/05/2024,UPI/DR/449848240546/PRAKASH RAO/PUNB0368283/prakash961@ybl,TXN0273426,3499.00,,5549104.52
17/05/2024,ATM/WDL/73198699/HDFC ATM KORAMANGALA,TXN0273427,79.00,,5549025.52
17/05/2024,CHQ NO 123158 CLEARING,TXN0273428,1250.00,,5547775.52
17/05/2024,UPI/CR/47762001/VENKAT RAO/PUNB0368283/venkat37@okaxis,TXN0273429,,11200.00,5558975.52
18/05/2024,UPI/DR/55711691/HARISH MENON/PUNB0368283/harish326@ybl,TXN0273430,7800.00,,5551175.52
19/05/2024,ATM/WDL/55698528/HDFC ATM KORAMANGALA,TXN0273431,7800.00,,5543375.52
19/05/2024,CASH DEPOSIT/BRANCH COUNTER/WHITEFIELD BENGALURU,TXN0273432,,24000.00,5567375.52
19/05/2024,UPI/DR/15206977/ARCHANA PILLAI/PUNB0368283/archana728@okaxis,TXN0273433,850.00,,5566525.52
20/05/2024,ATM/WDL/176176679915/SBI ATM JAYANAGAR BLR,TXN0273434,999.00,,5565526.52
20/05/2024,UPI/DR/6093241709/PRIYA NAIR/PUNB0368283/priya452@okaxis,TXN0273435,120.00,,5565406.52
21/05/2024,UPI/DR/533105758133/RAHUL SINGH/PUNB0368283/rahul916@oksbi,TXN0273436,310.00,,5565096.52
21/05/2024,NEFT/469045247511/FATIMA SHEIKH/PUNB0368283/07724977786096,TXN0273437,249.00,,5564847.52
21/05/2024,NEFT/24604923/GOPAL VERMA/PUNB0368283/08134213209773,TXN0273438,79.00,,5564768.52
22/05/2024,ATM/WDL/5773348504/SBI ATM JAYANAGAR BLR,TXN0273439,5200.00,,5559568.52
22/05/2024,NEFT/35083097/ROHIT SHARMA/PUNB0368283/49868551226262,TXN0273440,,24000.00,5583568.52
22/05/2024,UPI/DR/237309322979/MEERA PILLAI/PUNB0368283/meera438@paytm,TXN0273441,310.00,,5583258.52
22/05/2024,NEFT/8724506590/ARCHANA PILLAI/PUNB0368283/14458749287990,TXN0273442,1250.00,,5582008.52
22/05/2024,IMPS/P2P/2392370229/VENKAT RAO/7103956441,TXN0273443,,24000.00,5606008.52
22/05/2024,UPI/DR/733059171165/REKHA PILLAI/PUNB0368283/rekha921@okhdfc,TXN0273444,850.00,,5605158.52
22/05/2024,CHQ NO 002351 CLEARING,TXN0273445,5200.00,,5599958.52
23/05/2024,CHQ NO 391828 CLEARING,TXN0273446,2380.00,,5597578.52
23/05/2024,UPI/DR/30523730/SHAHID KHAN/PUNB0368283/shahid131@oksbi,TXN0273447,79.00,,5597499.52
23/05/2024,UPI/DR/162710932031/VENKAT RAO/PUNB0368283/venkat940@okaxis,TXN0273448,2380.00,,5595119.52
24/05/2024,CASH DEPOSIT/BRANCH COUNTER/WHITEFIELD BENGALURU,TXN0273449,,24000.00,5619119.52
24/05/2024,IMPS/P2P/830334965020/MOHAMMED IRFAN/8587863316,TXN0273450,,11200.00,5630319.52
24/05/2024,UPI/DR/42335809/SHAHID KHAN/PUNB0368283/shahid454@okhdfc,TXN0273451,249.00,,5630070.52
25/05/2024,CHQ NO 807546 CLEARING,TXN0273452,699.00,,5629371.52
25/05/2024,ATM/WDL/7740405409/SBI ATM JAYANAGAR BLR,TXN0273453,699.00,,5628672.52
25/05/2024,CASH DEPOSIT/BRANCH COUNTER/WHITEFIELD BENGALURU,TXN0273454,,2500.00,5631172.52
25/05/2024,NEFT/52034543/ARCHANA PILLAI/PUNB0368283/44331397870741,TXN0273455,249.00,,5630923.52
26/05/2024,UPI/DR/1642497621/ADITYA KUMAR/PUNB0368283/aditya350@ybl,TXN0273456,120.00,,5630803.52
27/05/2024,UPI/CR/075916239494/GANESH KUMAR/PUNB0368283/ganesh344@okaxis,TXN0273457,,500.00,5631303.52
27/05/2024,IMPS/P2P/1238116067/SHEELA DEVI/9768115297,TXN0273458,,500.00,5631803.52
28/05/2024,UPI/DR/478016114171/FATIMA SHEIKH/PUNB0368283/fatima38@okhdfc,TXN0273459,310.00,,5631493.52
28/05/2024,IMPS/P2P/0815625753/ADITYA KUMAR/9228623331,TXN0273460,,500.00,5631993.52
28/05/2024,CASH DEPOSIT/BRANCH COUNTER/WHITEFIELD BENGALURU,TXN0273461,,500.00,5632493.52
28/05/2024,UPI/DR/87688108/NADIA HUSSAIN/PUNB0368283/nadia710@okaxis,TXN0273462,5200.00,,5627293.52
29/05/2024,CHQ NO 232461 CLEARING,TXN0273463,79.00,,5627214.52
30/05/2024,NEFT/2408852930/PREETHI IYER/PUNB0368283/57760783976946,TXN0273464,,18500.00,5645714.52
30/05/2024,UPI/DR/51178339/SURESH NAIR/PUNB0368283/suresh104@okaxis,TXN0273465,850.00,,5644864.52
30/05/2024,UPI/DR/45586636/PADMA RAO/PUNB0368283/padma774@okhdfc,TXN0273466,249.00,,5644615.52
30/05/2024,UPI/CR/0350326365/BABU LAL/PUNB0368283/babu327@paytm,TXN0273467,,850.00,5645465.52
31/05/2024,NEFT/7720305912/SUNIL YADAV/PUNB0368283/77286368104867,TXN0273468,249.00,,5645216.52
01/06/2024,CHQ NO 043533 CLEARING,TXN0273469,449.00,,5644767.52
02/06/2024,UPI/DR/37060345/DEEPA NAIR/PUNB0368283/deepa416@okaxis,TXN0273470,1250.00,,5643517.52
03/06/2024,UPI/DR/552716875620/SUNITA DEVI/PUNB0368283/sunita269@okaxis,TXN0273471,850.00,,5642667.52
04/06/2024,CASH DEPOSIT/BRANCH COUNTER/WHITEFIELD BENGALURU,TXN0273472,,850.00,5643517.52
06/06/2024,CHQ NO 523549 CLEARING,TXN0273473,5200.00,,5638317.52
07/06/2024,CHQ NO 748500 CLEARING,TXN0273474,1250.00,,5637067.52
07/06/2024,NEFT/49184929/PRIYA NAIR/PUNB0368283/79581746935613,TXN0273475,,32000.00,5669067.52
08/06/2024,NEFT/8537949258/GANESH KUMAR/PUNB0368283/53040313775228,TXN0273476,49.00,,5669018.52
08/06/2024,NEFT/9867197683/KAVERI MENON/PUNB0368283/40612985580271,TXN0273477,,2500.00,5671518.52
09/06/2024,ATM/WDL/34544212/SBI ATM JAYANAGAR BLR,TXN0273478,1250.00,,5670268.52
09/06/2024,UPI/DR/12081575/REKHA PILLAI/PUNB0368283/rekha905@ybl,TXN0273479,5200.00,,5665068.52
11/06/2024,CHQ NO 250691 CLEARING,TXN0273480,5200.00,,5659868.52
11/06/2024,NEFT/31322210/PRIYA NAIR/PUNB0368283/90152548758167,TXN0273481,,500.00,5660368.52
12/06/2024,UPI/DR/7979122696/NILESH KULKARNI/PUNB0368283/nilesh846@ybl,TXN0273482,310.00,,5660058.52
14/06/2024,UPI/DR/09956548/SURESH BABU/PUNB0368283/suresh511@okaxis,TXN0273483,2380.00,,5657678.52
14/06/2024,ATM/WDL/05675773/SBI ATM JAYANAGAR BLR,TXN0273484,699.00,,5656979.52
14/06/2024,CHQ NO 986632 CLEARING,TXN0273485,79.00,,5656900.52
14/06/2024,CHQ NO 148307 CLEARING,TXN0273486,310.00,,5656590.52
14/06/2024,UPI/CR/980404325088/RESHMA KHAN/PUNB0368283/reshma984@oksbi,TXN0273487,,11200.00,5667790.52
15/06/2024,IMPS/P2P/047906834134/NIKHIL GUPTA/9077545831,TXN0273488,,850.00,5668640.52
15/06/2024,ATM/WDL/800813785560/HDFC ATM KORAMANGALA,TXN0273489,7800.00,,5660840.52
15/06/2024,NEFT/913885328049/SUNIL YADAV/PUNB0368283/71508814314382,TXN0273490,699.00,,5660141.52
16/06/2024,CHQ NO 798393 CLEARING,TXN0273491,49.00,,5660092.52
16/06/2024,UPI/DR/11304759/DEEPAK JOSHI/PUNB0368283/deepak324@ybl,TXN0273492,120.00,,5659972.52
16/06/2024,UPI/CR/7203235780/ARCHANA PILLAI/PUNB0368283/archana154@paytm,TXN0273493,,11200.00,5671172.52
16/06/2024,NEFT/098889494349/ARUN SHARMA/PUNB0368283/39232753321126,TXN0273494,7800.00,,5663372.52
16/06/2024,IMPS/P2P/1044907142/NILESH KULKARNI/9508858796,TXN0273495,,11200.00,5674572.52
16/06/2024,CHQ NO 683245 CLEARING,TXN0273496,79.00,,5674493.52
17/06/2024,IMPS/P2P/3200723471/SANJANA HEGDE/8302908452,TXN0273497,,4800.00,5679293.52
17/06/2024,UPI/DR/3898385461/SAVITHA DEVI/PUNB0368283/savitha15@paytm,TXN0273498,120.00,,5679173.52
18/06/2024,UPI/CR/0080655075/KARTHIK MENON/PUNB0368283/karthik543@paytm,TXN0273499,,4800.00,5683973.52
18/06/2024,NEFT/9412472305/DIVYA MENON/PUNB0368283/34684559929987,TXN0273500,,11200.00,5695173.52
18/06/2024,UPI/DR/17305106/PREETHI IYER/PUNB0368283/preethi114@okhdfc,TXN0273501,449.00,,5694724.52
18/06/2024,UPI/DR/30204941/RAJENDRA PRASAD/PUNB0368283/rajendra421@paytm,TXN0273502,999.00,,5693725.52
18/06/2024,ATM/WDL/70791396/SBI ATM JAYANAGAR BLR,TXN0273503,5200.00,,5688525.52
18/06/2024,NEFT/4520311278/KAVITHA RAO/PUNB0368283/58879322841122,TXN0273504,,500.00,5689025.52
18/06/2024,UPI/DR/0629138992/RAJENDRA PRASAD/PUNB0368283/rajendra443@okhdfc,TXN0273505,310.00,,5688715.52
19/06/2024,CHQ NO 260247 CLEARING,TXN0273506,850.00,,5687865.52
20/06/2024,IMPS/P2P/0783943586/BABU LAL/9444353915,TXN0273507,,1200.00,5689065.52
20/06/2024,ATM/WDL/6660911675/CANARA ATM MYSURU,TXN0273508,79.00,,5688986.52
21/06/2024,UPI/DR/4170893386/SAVITHA DEVI/PUNB0368283/savitha105@okhdfc,TXN0273509,49.00,,5688937.52
22/06/2024,UPI/DR/557165473976/DEEPAK JOSHI/PUNB0368283/deepak75@paytm,TXN0273510,310.00,,5688627.52
22/06/2024,UPI/DR/37885458/VENKAT RAO/PUNB0368283/venkat910@paytm,TXN0273511,699.00,,5687928.52
22/06/2024,UPI/DR/1686925076/FARHAN KHAN/PUNB0368283/farhan335@paytm,TXN0273512,310.00,,5687618.52
23/06/2024,IMPS/P2P/0467865401/KAVITHA RAO/8829476780,TXN0273513,,4800.00,5692418.52
23/06/2024,IMPS/P2P/0204779235/REKHA PILLAI/8730579956,TXN0273514,,7600.00,5700018.52
23/06/2024,UPI/DR/648947175282/RESHMA KHAN/PUNB0368283/reshma901@ybl,TXN0273515,449.00,,5699569.52
23/06/2024,CHQ NO 620252 CLEARING,TXN0273516,999.00,,5698570.52
24/06/2024,CHQ NO 108305 CLEARING,TXN0273517,49.00,,5698521.52
24/06/2024,NEFT/454880595912/SUSHMA RAO/PUNB0368283/15741152700625,TXN0273518,,32000.00,5730521.52
25/06/2024,CHQ NO 661144 CLEARING,TXN0273519,120.00,,5730401.52
25/06/2024,CASH DEPOSIT/BRANCH COUNTER/WHITEFIELD BENGALURU,TXN0273520,,32000.00,5762401.52
26/06/2024,UPI/DR/19784849/SMITHA PILLAI/PUNB0368283/smitha847@oksbi,TXN0273521,850.00,,5761551.52
27/06/2024,UPI/DR/409704313646/TARA SINGH/PUNB0368283/tara999@oksbi,TXN0273522,2380.00,,5759171.52
27/06/2024,CASH DEPOSIT/BRANCH COUNTER/WHITEFIELD BENGALURU,TXN0273523,,850.00,5760021.52
27/06/2024,UPI/DR/619317532158/DIVYA MENON/PUNB0368283/divya537@ybl,TXN0273524,5200.00,,5754821.52
27/06/2024,UPI/CR/58513348/MOHAMMED IRFAN/PUNB0368283/mohammed627@okhdfc,TXN0273525,,32000.00,5786821.52
28/06/2024,UPI/DR/377397586801/IMRAN KHAN/PUNB0368283/imran910@okaxis,TXN0273526,7800.00,,5779021.52
28/06/2024,UPI/CR/920027703687/NAVEEN KUMAR/PUNB0368283/naveen316@paytm,TXN0273527,,500.00,5779521.52
28/06/2024,IMPS/P2P/3543438282/SHAHID KHAN/7683553597,TXN0273528,,32000.00,5811521.52
28/06/2024,UPI/DR/88886603/KAVERI MENON/PUNB0368283/kaveri352@paytm,TXN0273529,249.00,,5811272.52
28/06/2024,CASH DEPOSIT/BRANCH COUNTER/WHITEFIELD BENGALURU,TXN0273530,,18500.00,5829772.52
28/06/2024,UPI/DR/36029520/RAMESH PILLAI/PUNB0368283/ramesh751@oksbi,TXN0273531,5200.00,,5824572.52
30/06/2024,UPI/DR/0223399424/VINAY PATIL/PUNB0368283/vinay612@paytm,TXN0273532,3499.00,,5821073.52
30/06/2024,ATM/WDL/380559687887/CANARA ATM MYSURU,TXN0273533,310.00,,5820763.52
