Txn Date,Value Date,Description,Ref No./Cheque No.,Debit,Credit,Balance
01/08/2022,02/08/2022,NEFT/09561577/SANJANA HEGDE/SBIN0684317/36369171961152,TXN0258128,,24000.00,112328.00
01/08/2022,02/08/2022,ATM/WDL/278502803673/CANARA ATM MYSURU,TXN0258129,49.00,,112279.00
01/08/2022,02/08/2022,IMPS/P2P/5344333411/SUNIL YADAV/8803990871,TXN0258130,,32000.00,144279.00
02/08/2022,02/08/2022,ATM/WDL/38607953/HDFC ATM KORAMANGALA,TXN0258131,120.00,,144159.00
02/08/2022,02/08/2022,UPI/DR/222715604168/SANJANA HEGDE/SBIN0684317/sanjana58@okhdfc,TXN0258132,1680.00,,142479.00
02/08/2022,03/08/2022,UPI/CR/5988325074/GANESH KUMAR/SBIN0684317/ganesh918@okhdfc,TXN0258133,,500.00,142979.00
03/08/2022,03/08/2022,CHQ NO 917119 CLEARING,TXN0258134,999.00,,141980.00
03/08/2022,04/08/2022,NEFT/838446341963/SHEELA DEVI/SBIN0684317/06693542292616,TXN0258135,249.00,,141731.00
04/08/2022,04/08/2022,UPI/DR/2912009212/GEETA DEVI/SBIN0684317/geeta500@okhdfc,TXN0258136,2380.00,,139351.00
04/08/2022,04/08/2022,UPI/CR/7337991233/SURESH BABU/SBIN0684317/suresh153@paytm,TXN0258137,,1200.00,140551.00
04/08/2022,04/08/2022,IMPS/P2P/40197868/ARJUN MEHTA/9328787925,TXN0258138,,1200.00,141751.00
04/08/2022,04/08/2022,UPI/DR/188682505102/RANJIT SINGH/SBIN0684317/ranjit452@okhdfc,TXN0258139,120.00,,141631.00
04/08/2022,04/08/2022,NEFT/590897442332/SHEELA DEVI/SBIN0684317/00014818180561,TXN0258140,,850.00,142481.00
05/08/2022,05/08/2022,UPI/DR/888866804621/REKHA PILLAI/SBIN0684317/rekha277@ybl,TXN0258141,49.00,,142432.00
05/08/2022,05/08/2022,ATM/WDL/74366691/HDFC ATM KORAMANGALA,TXN0258142,5200.00,,137232.00
05/08/2022,06/08/2022,IMPS/P2P/2847653766/RAMESH PILLAI/8028943068,TXN0258143,,4800.00,142032.00
05/08/2022,05/08/2022,IMPS/P2P/42640161/RAJESH VERMA/8421036773,TXN0258144,,500.00,142532.00
05/08/2022,06/08/2022,UPI/CR/488177368491/RANJIT SINGH/SBIN0684317/ranjit695@ybl,TXN0258145,,850.00,143382.00
06/08/2022,06/08/2022,UPI/DR/7685335893/SUSHMA RAO/SBIN0684317/sushma90@ybl,TXN0258146,310.00,,143072.00
06/08/2022,07/08/2022,CHQ NO 612764 CLEARING,TXN0258147,2380.00,,140692.00
06/08/2022,06/08/2022,CHQ NO 147450 CLEARING,TXN0258148,699.00,,139993.00
06/08/2022,06/08/2022,IMPS/P2P/5888752227/MOHAN DAS/8525080832,TXN0258149,,4800.00,144793.00
06/08/2022,06/08/2022,CASH DEPOSIT/BRANCH COUNTER/HITEC CITY HYDERABAD,TXN0258150,,500.00,145293.00
06/08/2022,06/08/2022,CHQ NO 222797 CLEARING,TXN0258151,699.00,,144594.00
07/08/2022,07/08/2022,NEFT/56392328/LATHA MURTHY/SBIN0684317/10476180550335,TXN0258152,,18500.00,163094.00
07/08/2022,07/08/2022,UPI/DR/927853771618/ARUN SHARMA/SBIN0684317/arun163@okhdfc,TXN0258153,3499.00,,159595.00
07/08/2022,07/08/2022,NEFT/822574264980/VIKRAM NAIR/SBIN0684317/05895504301038,TXN0258154,249.00,,159346.00
08/08/2022,08/08/2022,NEFT/273737104182/GOPAL VERMA/SBIN0684317/04158314640494,TXN0258155,49.00,,159297.00
08/08/2022,08/08/2022,UPI/CR/419415794790/RAMESH GOWDA/SBIN0684317/ramesh158@okhdfc,TXN0258156,,2500.00,161797.00
08/08/2022,08/08/2022,CHQ NO 682395 CLEARING,TXN0258157,850.00,,160947.00
08/08/2022,08/08/2022,UPI/CR/1627633883/FATIMA SHEIKH/SBIN0684317/fatima866@paytm,TXN0258158,,500.00,161447.00
08/08/2022,09/08/2022,CASH DEPOSIT/BRANCH COUNTER/HITEC CITY HYDERABAD,TXN0258159,,4800.00,166247.00
08/08/2022,09/08/2022,IMPS/P2P/8451350077/LAKSHMI VENKAT/9371572959,TXN0258160,,24000.00,190247.00
08/08/2022,09/08/2022,UPI/DR/63897572/ANITHA KRISHNAN/SBIN0684317/anitha298@oksbi,TXN0258161,49.00,,190198.00
08/08/2022,09/08/2022,NEFT/6946009818/RAVI KUMAR SHARMA/SBIN0684317/57023070786595,TXN0258162,7800.00,,182398.00
08/08/2022,08/08/2022,NEFT/582396600709/NADIA HUSSAIN/SBIN0684317/59338864889329,TXN0258163,49.00,,182349.00
08/08/2022,08/08/2022,UPI/DR/3035802010/ANITHA KRISHNAN/SBIN0684317/anitha867@ybl,TXN0258164,1680.00,,180669.00
09/08/2022,10/08/2022,CASH DEPOSIT/BRANCH COUNTER/HITEC CITY HYDERABAD,TXN0258165,,24000.00,204669.00
09/08/2022,10/08/2022,NEFT/25207056/VENKAT RAO/SBIN0684317/76493551088458,TXN0258166,,1200.00,205869.00
09/08/2022,09/08/2022,UPI/DR/735093596909/DIVYA MENON/SBIN0684317/divya595@okhdfc,TXN0258167,850.00,,205019.00
09/08/2022,10/08/2022,UPI/DR/713944735563/TARA SINGH/SBIN0684317/tara694@okhdfc,TXN0258168,699.00,,204320.00
09/08/2022,10/08/2022,NEFT/186613217275/MOHAN DAS/SBIN0684317/00450623196776,TXN0258169,,18500.00,222820.00
09/08/2022,10/08/2022,ATM/WDL/85134291/CANARA ATM MYSURU,TXN0258170,2380.00,,220440.00
09/08/2022,10/08/2022,CHQ NO 917777 CLEARING,TXN0258171,120.00,,220320.00
09/08/2022,09/08/2022,CHQ NO 808527 CLEARING,TXN0258172,7800.00,,212520.00
09/08/2022,09/08/2022,IMPS/P2P/734437397276/SANTOSH KUMAR/7692911547,TXN0258173,,2500.00,215020.00
10/08/2022,10/08/2022,UPI/DR/802376256955/LAKSHMI VENKAT/SBIN0684317/lakshmi443@oksbi,TXN0258174,310.00,,214710.00
10/08/2022,10/08/2022,UPI/DR/4063240164/RESHMA KHAN/SBIN0684317/reshma308@okhdfc,TXN0258175,120.00,,214590.00
10/08/2022,10/08/2022,CHQ NO 140426 CLEARING,TXN0258176,449.00,,214141.00
10/08/2022,10/08/2022,UPI/DR/7657001805/ADITYA KUMAR/SBIN0684317/aditya628@okaxis,TXN0258177,699.00,,213442.00
10/08/2022,11/08/2022,CHQ NO 012479 CLEARING,TXN0258178,850.00,,212592.00
11/08/2022,11/08/2022,NEFT/0324238914/VIKRAM NAIR/SBIN0684317/72130747271130,TXN0258179,,1200.00,213792.00
11/08/2022,11/08/2022,UPI/CR/55454042/KARTHIK MENON/SBIN0684317/karthik695@oksbi,TXN0258180,,1200.00,214992.00
11/08/2022,11/08/2022,CASH DEPOSIT/BRANCH COUNTER/HITEC CITY HYDERABAD,TXN0258181,,500.00,215492.00
11/08/2022,11/08/2022,NEFT/83813380/AYESHA KHAN/SBIN0684317/10400406695801,TXN0258182,,11200.00,226692.00
12/08/2022,13/08/2022,UPI/DR/9102780053/ADITYA KUMAR/SBIN0684317/aditya77@ybl,TXN0258183,1680.00,,225012.00
12/08/2022,13/08/2022,IMPS/P2P/31031935/SURESH BABU/8547144336,TXN0258184,,7600.00,232612.00
12/08/2022,12/08/2022,NEFT/0653268619/GANESH KUMAR/SBIN0684317/10510884082716,TXN0258185,850.00,,231762.00
12/08/2022,13/08/2022,CASH DEPOSIT/BRANCH COUNTER/HITEC CITY HYDERABAD,TXN0258186,,850.00,232612.00
13/08/2022,13/08/2022,UPI/CR/15998892/DEEPA NAIR/SBIN0684317/deepa289@okaxis,TXN0258187,,500.00,233112.00
13/08/2022,13/08/2022,UPI/DR/247031655950/GANESH KUMAR/SBIN0684317/ganesh881@ybl,TXN0258188,49.00,,233063.00
13/08/2022,13/08/2022,UPI/DR/9243290688/POOJA SHARMA/SBIN0684317/pooja234@paytm,TXN0258189,999.00,,232064.00
13/08/2022,13/08/2022,UPI/DR/32798347/SNEHA PATIL/SBIN0684317/sneha701@ybl,TXN0258190,850.00,,231214.00
13/08/2022,13/08/2022,UPI/DR/270168121679/PRAKASH RAO/SBIN0684317/prakash26@ybl,TXN0258191,7800.00,,223414.00
14/08/2022,14/08/2022,CASH DEPOSIT/BRANCH COUNTER/HITEC CITY HYDERABAD,TXN0258192,,11200.00,234614.00
14/08/2022,14/08/2022,UPI/DR/6140614873/DIVYA MENON/SBIN0684317/divya628@okaxis,TXN0258193,249.00,,234365.00
14/08/2022,14/08/2022,CHQ NO 147932 CLEARING,TXN0258194,850.00,,233515.00
14/08/2022,14/08/2022,IMPS/P2P/848405077131/ARUN SHARMA/7829997007,TXN0258195,,2500.00,236015.00
14/08/2022,14/08/2022,UPI/CR/5698204514/FATIMA SHEIKH/SBIN0684317/fatima953@okaxis,TXN0258196,,1200.00,237215.00
14/08/2022,14/08/2022,NEFT/87180183/PRIYA NAIR/SBIN0684317/88410700955412,TXN0258197,449.00,,236766.00
15/08/2022,16/08/2022,NEFT/085595887754/IMRAN KHAN/SBIN0684317/76633273680259,TXN0258198,1680.00,,235086.00
15/08/2022,15/08/2022,UPI/DR/6322552453/SURESH NAIR/SBIN0684317/suresh790@oksbi,TXN0258199,120.00,,234966.00
15/08/2022,15/08/2022,ATM/WDL/774639155905/CANARA ATM MYSURU,TXN0258200,1250.00,,233716.00
15/08/2022,15/08/2022,UPI/DR/003839725022/KAVYA REDDY/SBIN0684317/kavya39@okhdfc,TXN0258201,850.00,,232866.00
16/08/2022,16/08/2022,IMPS/P2P/5961324746/ANITHA KRISHNAN/8130479805,TXN0258202,,4800.00,237666.00
16/08/2022,17/08/2022,IMPS/P2P/1055643683/KAVERI MENON/8889613098,TXN0258203,,18500.00,256166.00
17/08/2022,18/08/2022,NEFT/68494722/SANJANA HEGDE/SBIN0684317/63498152109344,TXN0258204,,4800.00,260966.00
17/08/2022,18/08/2022,NEFT/681947431554/SHEELA DEVI/SBIN0684317/64790787978863,TXN0258205,49.00,,260917.00
17/08/2022,17/08/2022,NEFT/8891551912/POOJA SHARMA/SBIN0684317/26298931935262,TXN0258206,310.00,,260607.00
17/08/2022,17/08/2022,UPI/DR/51282948/ARCHANA PILLAI/SBIN0684317/archana505@ybl,TXN0258207,449.00,,260158.00
17/08/2022,17/08/2022,NEFT/24844991/SURESH NAIR/SBIN0684317/24785735057282,TXN0258208,,7600.00,267758.00
17/08/2022,17/08/2022,UPI/DR/948318130180/ARJUN MEHTA/SBIN0684317/arjun581@okaxis,TXN0258209,5200.00,,262558.00
18/08/2022,19/08/2022,NEFT/2423711582/KAVITHA RAO/SBIN0684317/97500118399724,TXN0258210,2380.00,,260178.00
18/08/2022,18/08/2022,CASH DEPOSIT/BRANCH COUNTER/HITEC CITY HYDERABAD,TXN0258211,,32000.00,292178.00
19/08/2022,20/08/2022,UPI/DR/376905335420/VENKAT RAO/SBIN0684317/venkat908@oksbi,TXN0258212,120.00,,292058.00
19/08/2022,20/08/2022,UPI/DR/153950847156/GOPAL VERMA/SBIN0684317/gopal39@ybl,TXN0258213,3499.00,,288559.00
19/08/2022,19/08/2022,UPI/DR/945645148864/RAHUL SINGH/SBIN0684317/rahul67@okaxis,TXN0258214,2380.00,,286179.00
19/08/2022,20/08/2022,IMPS/P2P/381779077612/NAVEEN KUMAR/8505886990,TXN0258215,,850.00,287029.00
19/08/2022,20/08/2022,NEFT/596743888489/SUNITA DEVI/SBIN0684317/51962844500794,TXN0258216,,1200.00,288229.00
19/08/2022,19/08/2022,CASH DEPOSIT/BRANCH COUNTER/HITEC CITY HYDERABAD,TXN0258217,,24000.00,312229.00
19/08/2022,19/08/2022,ATM/WDL/7823409262/CANARA ATM MYSURU,TXN0258218,850.00,,311379.00
20/08/2022,21/08/2022,ATM/WDL/5165146603/CANARA ATM MYSURU,TXN0258219,49.00,,311330.00
20/08/2022,20/08/2022,ATM/WDL/265823869802/SBI ATM JAYANAGAR BLR,TXN0258220,3499.00,,307831.00
20/08/2022,20/08/2022,NEFT/69700770/BABU LAL/SBIN0684317/47107370695973,TXN0258221,999.00,,306832.00
20/08/2022,20/08/2022,IMPS/P2P/4071517430/GOPAL VERMA/8744447316,TXN0258222,,4800.00,311632.00
20/08/2022,21/08/2022,CHQ NO 560430 CLEARING,TXN0258223,7800.00,,303832.00
20/08/2022,20/08/2022,IMPS/P2P/99267624/USHA RANI/7270834950,TXN0258224,,1200.00,305032.00
21/08/2022,21/08/2022,CASH DEPOSIT/BRANCH COUNTER/HITEC CITY HYDERABAD,TXN0258225,,32000.00,337032.00
21/08/2022,22/08/2022,CHQ NO 295906 CLEARING,TXN0258226,999.00,,336033.00
21/08/2022,21/08/2022,IMPS/P2P/113106045410/IMRAN KHAN/8106494683,TXN0258227,,18500.00,354533.00
21/08/2022,21/08/2022,CASH DEPOSIT/BRANCH COUNTER/HITEC CITY HYDERABAD,TXN0258228,,24000.00,378533.00
21/08/2022,21/08/2022,NEFT/16509192/RANJIT SINGH/SBIN0684317/00120239603641,TXN0258229,999.00,,377534.00
21/08/2022,21/08/2022,UPI/DR/18947894/ARJUN MEHTA/SBIN0684317/arjun813@paytm,TXN0258230,79.00,,377455.00
21/08/2022,21/08/2022,NEFT/96338372/NAVEEN KUMAR/SBIN0684317/97473668410726,TXN0258231,,850.00,378305.00
21/08/2022,22/08/2022,CASH DEPOSIT/BRANCH COUNTER/HITEC CITY HYDERABAD,TXN0258232,,18500.00,396805.00
21/08/2022,22/08/2022,UPI/DR/723145115316/MOHAMMED IRFAN/SBIN0684317/mohammed878@ybl,TXN0258233,2380.00,,394425.00
21/08/2022,22/08/2022,CASH DEPOSIT/BRANCH COUNTER/HITEC CITY HYDERABAD,TXN0258234,,11200.00,405625.00
21/08/2022,22/08/2022,CHQ NO 277020 CLEARING,TXN0258235,850.00,,404775.00
21/08/2022,22/08/2022,UPI/CR/7446024486/REKHA PILLAI/SBIN0684317/rekha865@okaxis,TXN0258236,,500.00,405275.00
22/08/2022,22/08/2022,NEFT/8950604214/SHAHID KHAN/SBIN0684317/65013894840698,TXN0258237,,7600.00,412875.00
22/08/2022,22/08/2022,UPI/CR/13055402/KARTHIK MENON/SBIN0684317/karthik533@oksbi,TXN0258238,,1200.00,414075.00
22/08/2022,22/08/2022,UPI/DR/72038374/ADITYA KUMAR/SBIN0684317/aditya589@paytm,TXN0258239,249.00,,413826.00
22/08/2022,22/08/2022,CHQ NO 762175 CLEARING,TXN0258240,7800.00,,406026.00
23/08/2022,23/08/2022,NEFT/7527006481/KIRAN REDDY/SBIN0684317/54245854982526,TXN0258241,2380.00,,403646.00
23/08/2022,23/08/2022,CHQ NO 865608 CLEARING,TXN0258242,5200.00,,398446.00
23/08/2022,24/08/2022,ATM/WDL/18811095/CANARA ATM MYSURU,TXN0258243,850.00,,397596.00
23/08/2022,24/08/2022,CHQ NO 826418 CLEARING,TXN0258244,2380.00,,395216.00
23/08/2022,23/08/2022,NEFT/248227899781/MALLIKA DAS/SBIN0684317/90184702245134,TXN0258245,,1200.00,396416.00
23/08/2022,23/08/2022,CHQ NO 000332 CLEARING,TXN0258246,1250.00,,395166.00
23/08/2022,23/08/2022,NEFT/23310407/NIKHIL GUPTA/SBIN0684317/02944276506624,TXN0258247,1250.00,,393916.00
23/08/2022,23/08/2022,UPI/DR/1568960731/POOJA SHARMA/SBIN0684317/pooja322@oksbi,TXN0258248,449.00,,393467.00
24/08/2022,24/08/2022,UPI/CR/703836035147/SHEELA DEVI/SBIN0684317/sheela710@okaxis,TXN0258249,,850.00,394317.00
24/08/2022,24/08/2022,NEFT/3954923186/SANTOSH KUMAR/SBIN0684317/25586747943192,TXN0258250,449.00,,393868.00
24/08/2022,24/08/2022,IMPS/P2P/882313265466/GEETA DEVI/8065383434,TXN0258251,,2500.00,396368.00
25/08/2022,26/08/2022,UPI/DR/8796651623/AYESHA KHAN/SBIN0684317/ayesha148@okaxis,TXN0258252,2380.00,,393988.00
25/08/2022,26/08/2022,NEFT/20620718/GOPAL VERMA/SBIN0684317/42181506335777,TXN0258253,,7600.00,401588.00
25/08/2022,25/08/2022,ATM/WDL/94644694/SBI ATM JAYANAGAR BLR,TXN0258254,79.00,,401509.00
26/08/2022,27/08/2022,UPI/CR/629185464449/SUSHMA RAO/SBIN0684317/sushma132@oksbi,TXN0258255,,11200.00,412709.00
26/08/2022,26/08/2022,UPI/DR/9643182838/VIKRAM NAIR/SBIN0684317/vikram884@okhdfc,TXN0258256,5200.00,,407509.00
26/08/2022,26/08/2022,NEFT/30508025/REKHA PILLAI/SBIN0684317/14971560099613,TXN0258257,,7600.00,415109.00
26/08/2022,27/08/2022,CASH DEPOSIT/BRANCH COUNTER/HITEC CITY HYDERABAD,TXN0258258,,24000.00,439109.00
26/08/2022,26/08/2022,UPI/DR/93214143/RAJESH VERMA/SBIN0684317/rajesh221@oksbi,TXN0258259,49.00,,439060.00
26/08/2022,27/08/2022,IMPS/P2P/243073363925/ARJUN MEHTA/9444822448,TXN0258260,,7600.00,446660.00
26/08/2022,27/08/2022,IMPS/P2P/62214820/GOPAL VERMA/9500926527,TXN0258261,,32000.00,478660.00
26/08/2022,26/08/2022,CHQ NO 364788 CLEARING,TXN0258262,5200.00,,473460.00
26/08/2022,27/08/2022,CASH DEPOSIT/BRANCH COUNTER/HITEC CITY HYDERABAD,TXN0258263,,32000.00,505460.00
26/08/2022,26/08/2022,ATM/WDL/99573026/SBI ATM JAYANAGAR BLR,TXN0258264,449.00,,505011.00
27/08/2022,27/08/2022,NEFT/90704867/VENKAT RAO/SBIN0684317/85130417844365,TXN0258265,1680.00,,503331.00
27/08/2022,27/08/2022,CHQ NO 931259 CLEARING,TXN0258266,3499.00,,499832.00
27/08/2022,28/08/2022,IMPS/P2P/172441684340/AYESHA KHAN/8135407360,TXN0258267,,4800.00,504632.00
27/08/2022,28/08/2022,CASH DEPOSIT/BRANCH COUNTER/HITEC CITY HYDERABAD,TXN0258268,,32000.00,536632.00
27/08/2022,27/08/2022,ATM/WDL/951323911665/SBI ATM JAYANAGAR BLR,TXN0258269,1250.00,,535382.00
28/08/2022,29/08/2022,CASH DEPOSIT/BRANCH COUNTER/HITEC CITY HYDERABAD,TXN0258270,,11200.00,546582.00
28/08/2022,28/08/2022,UPI/DR/14609274/MALLIKA DAS/SBIN0684317/mallika292@okaxis,TXN0258271,699.00,,545883.00
28/08/2022,28/08/2022,ATM/WDL/687506189551/CANARA ATM MYSURU,TXN0258272,1250.00,,544633.00
28/08/2022,28/08/2022,ATM/WDL/682890017625/SBI ATM JAYANAGAR BLR,TXN0258273,1680.00,,542953.00
29/08/2022,29/08/2022,CASH DEPOSIT/BRANCH COUNTER/HITEC CITY HYDERABAD,TXN0258274,,850.00,543803.00
29/08/2022,30/08/2022,UPI/DR/225749160122/PADMA RAO/SBIN0684317/padma639@okhdfc,TXN0258275,249.00,,543554.00
29/08/2022,30/08/2022,UPI/DR/549961140898/KAVERI MENON/SBIN0684317/kaveri86@paytm,TXN0258276,999.00,,542555.00
29/08/2022,29/08/2022,NEFT/61120248/SURESH NAIR/SBIN0684317/46405497273557,TXN0258277,,2500.00,545055.00
29/08/2022,29/08/2022,UPI/DR/595940337493/KARTHIK MENON/SBIN0684317/karthik844@okhdfc,TXN0258278,49.00,,545006.00
29/08/2022,30/08/2022,ATM/WDL/2977062078/SBI ATM JAYANAGAR BLR,TXN0258279,49.00,,544957.00
30/08/2022,31/08/2022,UPI/DR/45663236/HARISH MENON/SBIN0684317/harish390@okhdfc,TXN0258280,1680.00,,543277.00
30/08/2022,30/08/2022,NEFT/6010973856/RAJENDRA PRASAD/SBIN0684317/54856799649184,TXN0258281,,11200.00,554477.00
30/08/2022,31/08/2022,UPI/DR/4434626895/KARTHIK MENON/SBIN0684317/karthik541@okhdfc,TXN0258282,699.00,,553778.00
30/08/2022,30/08/2022,UPI/CR/5433877330/ARJUN MEHTA/SBIN0684317/arjun341@ybl,TXN0258283,,24000.00,577778.00
30/08/2022,30/08/2022,CHQ NO 706716 CLEARING,TXN0258284,449.00,,577329.00
30/08/2022,30/08/2022,UPI/DR/29821395/KAVYA REDDY/SBIN0684317/kavya505@okhdfc,TXN0258285,699.00,,576630.00
30/08/2022,31/08/2022,CHQ NO 028529 CLEARING,TXN0258286,1680.00,,574950.00
31/08/2022,31/08/2022,IMPS/P2P/894261957566/FARHAN KHAN/7839493234,TXN0258287,,4800.00,579750.00
31/08/2022,31/08/2022,UPI/DR/57308609/KIRAN REDDY/SBIN0684317/kiran61@okaxis,TXN0258288,1680.00,,578070.00
31/08/2022,31/08/2022,CHQ NO 270092 CLEARING,TXN0258289,699.00,,577371.00
31/08/2022,31/08/2022,UPI/CR/2679002466/KARTHIK MENON/SBIN0684317/karthik807@ybl,TXN0258290,,11200.00,588571.00
31/08/2022,31/08/2022,CASH DEPOSIT/BRANCH COUNTER/HITEC CITY HYDERABAD,TXN0258291,,11200.00,599771.00
31/08/2022,31/08/2022,UPI/DR/605234663963/ARJUN MEHTA/SBIN0684317/arjun151@oksbi,TXN0258292,3499.00,,596272.00
01/09/2022,02/09/2022,UPI/DR/7284425092/LAKSHMI VENKAT/SBIN0684317/lakshmi437@okhdfc,TXN0258293,7800.00,,588472.00
01/09/2022,01/09/2022,UPI/CR/54303047/FATIMA SHEIKH/SBIN0684317/fatima228@okaxis,TXN0258294,,850.00,589322.00
01/09/2022,01/09/2022,NEFT/05755963/GANESH KUMAR/SBIN0684317/78028673448250,TXN0258295,,7600.00,596922.00
01/09/2022,01/09/2022,ATM/WDL/840118490123/SBI ATM JAYANAGAR BLR,TXN0258296,7800.00,,589122.00
01/09/2022,02/09/2022,UPI/DR/86775834/POOJA SHARMA/SBIN0684317/pooja265@okhdfc,TXN0258297,999.00,,588123.00
02/09/2022,02/09/2022,NEFT/650980159122/AYESHA KHAN/SBIN0684317/68973246088575,TXN0258298,,32000.00,620123.00
02/09/2022,03/09/2022,NEFT/038581104484/VINAY PATIL/SBIN0684317/03817808001988,TXN0258299,,32000.00,652123.00
02/09/2022,03/09/2022,UPI/DR/421090495044/BABU LAL/SBIN0684317/babu471@okaxis,TXN0258300,49.00,,652074.00
02/09/2022,03/09/2022,NEFT/885593975577/SAVITHA DEVI/SBIN0684317/92035060027576,TXN0258301,3499.00,,648575.00
02/09/2022,02/09/2022,UPI/CR/98228550/IMRAN KHAN/SBIN0684317/imran932@okhdfc,TXN0258302,,4800.00,653375.00
02/09/2022,02/09/2022,CASH DEPOSIT/BRANCH COUNTER/HITEC CITY HYDERABAD,TXN0258303,,11200.00,664575.00
03/09/2022,03/09/2022,NEFT/75870153/VIKRAM NAIR/SBIN0684317/36076583052338,TXN0258304,249.00,,664326.00
03/09/2022,03/09/2022,ATM/WDL/54135240/CANARA ATM MYSURU,TXN0258305,850.00,,663476.00
04/09/2022,04/09/2022,UPI/DR/0302161505/FATIMA SHEIKH/SBIN0684317/fatima620@okhdfc,TXN0258306,1680.00,,661796.00
04/09/2022,04/09/2022,IMPS/P2P/55907802/RESHMA KHAN/7427294167,TXN0258307,,7600.00,669396.00
04/09/2022,04/09/2022,CASH DEPOSIT/BRANCH COUNTER/HITEC CITY HYDERABAD,TXN0258308,,7600.00,676996.00
04/09/2022,05/09/2022,NEFT/9319128485/DIVYA MENON/SBIN0684317/14694291896625,TXN0258309,1250.00,,675746.00
04/09/2022,04/09/2022,CASH DEPOSIT/BRANCH COUNTER/HITEC CITY HYDERABAD,TXN0258310,,11200.00,686946.00
05/09/2022,05/09/2022,IMPS/P2P/5945456687/DEEPAK JOSHI/7561588648,TXN0258311,,18500.00,705446.00
05/09/2022,05/09/2022,IMPS/P2P/8153493628/KAVERI MENON/9327072566,TXN0258312,,2500.00,707946.00
05/09/2022,06/09/2022,NEFT/816798232929/SHEELA DEVI/SBIN0684317/70400761653580,TXN0258313,1680.00,,706266.00
05/09/2022,06/09/2022,CHQ NO 572713 CLEARING,TXN0258314,2380.00,,703886.00
06/09/2022,06/09/2022,UPI/DR/40029348/BABU LAL/SBIN0684317/babu195@ybl,TXN0258315,5200.00,,698686.00
06/09/2022,06/09/2022,UPI/DR/1506991359/RAHUL SINGH/SBIN0684317/rahul709@okaxis,TXN0258316,7800.00,,690886.00
06/09/2022,07/09/2022,ATM/WDL/0028439700/SBI ATM JAYANAGAR BLR,TXN0258317,449.00,,690437.00
06/09/2022,06/09/2022,NEFT/150600096767/MOHAN DAS/SBIN0684317/73868911321178,TXN0258318,,2500.00,692937.00
06/09/2022,06/09/2022,ATM/WDL/4108026492/CANARA ATM MYSURU,TXN0258319,699.00,,692238.00
07/09/2022,07/09/2022,ATM/WDL/4257603214/CANARA ATM MYSURU,TXN0258320,1680.00,,690558.00
07/09/2022,07/09/2022,NEFT/376909999098/AYESHA KHAN/SBIN0684317/78885094635878,TXN0258321,,500.00,691058.00
08/09/2022,09/09/2022,UPI/DR/4298991139/IMRAN KHAN/SBIN0684317/imran630@oksbi,TXN0258322,7800.00,,683258.00
08/09/2022,08/09/2022,UPI/DR/37574742/RAVI KUMAR SHARMA/SBIN0684317/ravi478@paytm,TXN0258323,5200.00,,678058.00
08/09/2022,08/09/2022,CASH DEPOSIT/BRANCH COUNTER/HITEC CITY HYDERABAD,TXN0258324,,4800.00,682858.00
08/09/2022,09/09/2022,NEFT/3618633123/POOJA SHARMA/SBIN0684317/38178800761236,TXN0258325,,1200.00,684058.00
08/09/2022,08/09/2022,IMPS/P2P/7075224779/GANESH KUMAR/8920872780,TXN0258326,,2500.00,686558.00
08/09/2022,08/09/2022,CHQ NO 301995 CLEARING,TXN0258327,5200.00,,681358.00
08/09/2022,08/09/2022,IMPS/P2P/4003565418/ADITYA KUMAR/8993111501,TXN0258328,,500.00,681858.00
09/09/2022,09/09/2022,NEFT/53371991/SHAHID KHAN/SBIN0684317/83366500275069,TXN0258329,5200.00,,676658.00
09/09/2022,09/09/2022,CHQ NO 413194 CLEARING,TXN0258330,3499.00,,673159.00
09/09/2022,09/09/2022,UPI/DR/6860716508/PRAKASH RAO/SBIN0684317/prakash222@oksbi,TXN0258331,999.00,,672160.00
09/09/2022,10/09/2022,ATM/WDL/281866793423/SBI ATM JAYANAGAR BLR,TXN0258332,1680.00,,670480.00
09/09/2022,09/09/2022,NEFT/74258773/DEEPAK JOSHI/SBIN0684317/36734721396353,TXN0258333,850.00,,669630.00
10/09/2022,11/09/2022,NEFT/4099640382/VINAY PATIL/SBIN0684317/84013725306245,TXN0258334,1250.00,,668380.00
10/09/2022,10/09/2022,ATM/WDL/1794109193/SBI ATM JAYANAGAR BLR,TXN0258335,3499.00,,664881.00
10/09/2022,10/09/2022,CHQ NO 812100 CLEARING,TXN0258336,3499.00,,661382.00
10/09/2022,10/09/2022,IMPS/P2P/2843081883/HARISH MENON/7716811511,TXN0258337,,24000.00,685382.00
10/09/2022,10/09/2022,ATM/WDL/015883991436/SBI ATM JAYANAGAR BLR,TXN0258338,999.00,,684383.00
10/09/2022,10/09/2022,UPI/DR/550233692831/PREETHI IYER/SBIN0684317/preethi741@okhdfc,TXN0258339,699.00,,683684.00
11/09/2022,11/09/2022,UPI/DR/81034150/PRIYA NAIR/SBIN0684317/priya720@okhdfc,TXN0258340,999.00,,682685.00
11/09/2022,11/09/2022,CASH DEPOSIT/BRANCH COUNTER/HITEC CITY HYDERABAD,TXN0258341,,500.00,683185.00
11/09/2022,12/09/2022,CASH DEPOSIT/BRANCH COUNTER/HITEC CITY HYDERABAD,TXN0258342,,18500.00,701685.00
12/09/2022,12/09/2022,CASH DEPOSIT/BRANCH COUNTER/HITEC CITY HYDERABAD,TXN0258343,,7600.00,709285.00
12/09/2022,12/09/2022,ATM/WDL/43385816/CANARA ATM MYSURU,TXN0258344,2380.00,,706905.00
13/09/2022,13/09/2022,ATM/WDL/841701528513/SBI ATM JAYANAGAR BLR,TXN0258345,999.00,,705906.00
14/09/2022,14/09/2022,NEFT/51804357/MEENA IYER/SBIN0684317/83081634864807,TXN0258346,79.00,,705827.00
14/09/2022,14/09/2022,IMPS/P2P/7557207951/SAVITHA DEVI/9177202509,TXN0258347,,32000.00,737827.00
14/09/2022,14/09/2022,IMPS/P2P/2448469492/VENKAT RAO/8478011911,TXN0258348,,500.00,738327.00
14/09/2022,15/09/2022,NEFT/8859478921/VIKRAM NAIR/SBIN0684317/82773038567267,TXN0258349,310.00,,738017.00
14/09/2022,14/09/2022,UPI/DR/499972750443/IMRAN KHAN/SBIN0684317/imran274@okhdfc,TXN0258350,5200.00,,732817.00
15/09/2022,15/09/2022,IMPS/P2P/109817230737/LALITHA DEVI/8180952492,TXN0258351,,850.00,733667.00
15/09/2022,15/09/2022,UPI/DR/873712827830/VENKAT RAO/SBIN0684317/venkat245@ybl,TXN0258352,310.00,,733357.00
15/09/2022,16/09/2022,NEFT/2773143278/SURESH BABU/SBIN0684317/90064936156885,TXN0258353,,32000.00,765357.00
15/09/2022,16/09/2022,CHQ NO 126307 CLEARING,TXN0258354,449.00,,764908.00
16/09/2022,17/09/2022,CASH DEPOSIT/BRANCH COUNTER/HITEC CITY HYDERABAD,TXN0258355,,11200.00,776108.00
16/09/2022,16/09/2022,CASH DEPOSIT/BRANCH COUNTER/HITEC CITY HYDERABAD,TXN0258356,,32000.00,808108.00
16/09/2022,17/09/2022,UPI/DR/36046793/RAVI KUMAR SHARMA/SBIN0684317/ravi704@okhdfc,TXN0258357,249.00,,807859.00
16/09/2022,16/09/2022,UPI/DR/84147909/PRAKASH RAO/SBIN0684317/prakash361@ybl,TXN0258358,449.00,,807410.00
16/09/2022,16/09/2022,NEFT/719832435995/RAJESH VERMA/SBIN0684317/82803868155782,TXN0258359,5200.00,,802210.00
16/09/2022,16/09/2022,UPI/DR/36834266/MOHAMMED IRFAN/SBIN0684317/mohammed18@ybl,TXN0258360,699.00,,801511.00
16/09/2022,16/09/2022,NEFT/2237937212/KAVERI MENON/SBIN0684317/80502443019926,TXN0258361,,11200.00,812711.00
16/09/2022,16/09/2022,IMPS/P2P/84899631/MEENA IYER/8654127869,TXN0258362,,7600.00,820311.00
17/09/2022,18/09/2022,IMPS/P2P/62585053/MEENA IYER/9707863472,TXN0258363,,18500.00,838811.00
17/09/2022,17/09/2022,UPI/CR/2006117179/RAMESH GOWDA/SBIN0684317/ramesh770@ybl,TXN0258364,,850.00,839661.00
17/09/2022,17/09/2022,UPI/CR/338362390346/PADMA RAO/SBIN0684317/padma981@okhdfc,TXN0258365,,500.00,840161.00
18/09/2022,19/09/2022,UPI/DR/82601935/REKHA PILLAI/SBIN0684317/rekha883@oksbi,TXN0258366,79.00,,840082.00
18/09/2022,19/09/2022,ATM/WDL/74158234/HDFC ATM KORAMANGALA,TXN0258367,999.00,,839083.00
19/09/2022,19/09/2022,UPI/DR/84481923/AYESHA KHAN/SBIN0684317/ayesha626@ybl,TXN0258368,850.00,,838233.00
19/09/2022,19/09/2022,NEFT/94585511/NADIA HUSSAIN/SBIN0684317/04268168273798,TXN0258369,,850.00,839083.00
19/09/2022,19/09/2022,UPI/CR/1399526242/ARUN SHARMA/SBIN0684317/arun294@ybl,TXN0258370,,500.00,839583.00
19/09/2022,20/09/2022,UPI/CR/099884548305/RANJIT SINGH/SBIN0684317/ranjit369@oksbi,TXN0258371,,11200.00,850783.00
20/09/2022,21/09/2022,UPI/CR/5905159559/TARA SINGH/SBIN0684317/tara768@okaxis,TXN0258372,,4800.00,855583.00
20/09/2022,20/09/2022,CHQ NO 743421 CLEARING,TXN0258373,699.00,,854884.00
20/09/2022,20/09/2022,ATM/WDL/633842267270/SBI ATM JAYANAGAR BLR,TXN0258374,850.00,,854034.00
20/09/2022,20/09/2022,IMPS/P2P/261218257826/SNEHA PATIL/8156523937,TXN0258375,,1200.00,855234.00
20/09/2022,21/09/2022,NEFT/336825256246/SUSHMA RAO/SBIN0684317/99632350175093,TXN0258376,,850.00,856084.00
20/09/2022,20/09/2022,CHQ NO 880613 CLEARING,TXN0258377,3499.00,,852585.00
20/09/2022,20/09/2022,CHQ NO 211681 CLEARING,TXN0258378,120.00,,852465.00
20/09/2022,20/09/2022,NEFT/66673691/IMRAN KHAN/SBIN0684317/56327026815921,TXN0258379,699.00,,851766.00
21/09/2022,21/09/2022,ATM/WDL/07651265/CANARA ATM MYSURU,TXN0258380,249.00,,851517.00
21/09/2022,21/09/2022,IMPS/P2P/471575979655/RAJENDRA PRASAD/9575799067,TXN0258381,,7600.00,859117.00
21/09/2022,21/09/2022,UPI/CR/91132879/LATHA MURTHY/SBIN0684317/latha388@okaxis,TXN0258382,,1200.00,860317.00
21/09/2022,22/09/2022,UPI/DR/65626532/BINDHU NAIR/SBIN0684317/bindhu26@okaxis,TXN0258383,999.00,,859318.00
21/09/2022,21/09/2022,UPI/DR/519145291754/KAVYA REDDY/SBIN0684317/kavya177@okhdfc,TXN0258384,49.00,,859269.00
21/09/2022,21/09/2022,CHQ NO 758554 CLEARING,TXN0258385,449.00,,858820.00
21/09/2022,21/09/2022,UPI/DR/258794814666/SNEHA PATIL/SBIN0684317/sneha464@okhdfc,TXN0258386,1250.00,,857570.00
21/09/2022,22/09/2022,NEFT/032258632362/DEEPAK JOSHI/SBIN0684317/34235058805176,TXN0258387,,2500.00,860070.00
22/09/2022,22/09/2022,CASH DEPOSIT/BRANCH COUNTER/HITEC CITY HYDERABAD,TXN0258388,,1200.00,861270.00
22/09/2022,22/09/2022,CASH DEPOSIT/BRANCH COUNTER/HITEC CITY HYDERABAD,TXN0258389,,18500.00,879770.00
22/09/2022,22/09/2022,NEFT/64631045/CHANDAN SHARMA/SBIN0684317/31844010437390,TXN0258390,5200.00,,874570.00
22/09/2022,23/09/2022,UPI/DR/987453518228/SURESH NAIR/SBIN0684317/suresh717@paytm,TXN0258391,7800.00,,866770.00
22/09/2022,22/09/2022,CHQ NO 610165 CLEARING,TXN0258392,1680.00,,865090.00
22/09/2022,22/09/2022,CHQ NO 275188 CLEARING,TXN0258393,2380.00,,862710.00
23/09/2022,23/09/2022,ATM/WDL/72496808/HDFC ATM KORAMANGALA,TXN0258394,1680.00,,861030.00
23/09/2022,23/09/2022,ATM/WDL/85456510/CANARA ATM MYSURU,TXN0258395,850.00,,860180.00
23/09/2022,23/09/2022,UPI/DR/4153378314/ANITHA KRISHNAN/SBIN0684317/anitha687@okhdfc,TXN0258396,850.00,,859330.00
23/09/2022,23/09/2022,UPI/DR/046343324152/KIRAN REDDY/SBIN0684317/kiran834@oksbi,TXN0258397,449.00,,858881.00
23/09/2022,23/09/2022,NEFT/56323543/MOHAMMED IRFAN/SBIN0684317/13678719377150,TXN0258398,,2500.00,861381.00
23/09/2022,23/09/2022,CASH DEPOSIT/BRANCH COUNTER/HITEC CITY HYDERABAD,TXN0258399,,24000.00,885381.00
23/09/2022,23/09/2022,CHQ NO 235337 CLEARING,TXN0258400,999.00,,884382.00
23/09/2022,23/09/2022,UPI/DR/923389461166/MEENA IYER/SBIN0684317/meena833@paytm,TXN0258401,850.00,,883532.00
24/09/2022,24/09/2022,CHQ NO 385458 CLEARING,TXN0258402,1250.00,,882282.00
24/09/2022,25/09/2022,UPI/DR/79905018/PRIYA NAIR/SBIN0684317/priya594@okaxis,TXN0258403,449.00,,881833.00
24/09/2022,24/09/2022,UPI/DR/7799093973/SUNIL YADAV/SBIN0684317/sunil808@ybl,TXN0258404,310.00,,881523.00
24/09/2022,24/09/2022,UPI/DR/71392394/NADIA HUSSAIN/SBIN0684317/nadia249@ybl,TXN0258405,249.00,,881274.00
25/09/2022,26/09/2022,CHQ NO 829597 CLEARING,TXN0258406,699.00,,880575.00
25/09/2022,25/09/2022,IMPS/P2P/0448120946/VINAY PATIL/7009592966,TXN0258407,,7600.00,888175.00
25/09/2022,26/09/2022,NEFT/0787611248/ARCHANA PILLAI/SBIN0684317/68371652195602,TXN0258408,,1200.00,889375.00
25/09/2022,25/09/2022,UPI/DR/57885011/DEEPA NAIR/SBIN0684317/deepa229@oksbi,TXN0258409,1680.00,,887695.00
26/09/2022,26/09/2022,UPI/DR/6863741813/SHEELA DEVI/SBIN0684317/sheela793@okhdfc,TXN0258410,999.00,,886696.00
26/09/2022,26/09/2022,NEFT/144124764619/MOHAMMED IRFAN/SBIN0684317/11901698614003,TXN0258411,,1200.00,887896.00
26/09/2022,27/09/2022,CHQ NO 278621 CLEARING,TXN0258412,5200.00,,882696.00
26/09/2022,27/09/2022,CASH DEPOSIT/BRANCH COUNTER/HITEC CITY HYDERABAD,TXN0258413,,850.00,883546.00
27/09/2022,28/09/2022,CASH DEPOSIT/BRANCH COUNTER/HITEC CITY HYDERABAD,TXN0258414,,1200.00,884746.00
27/09/2022,27/09/2022,UPI/DR/070580270088/ARUN SHARMA/SBIN0684317/arun270@okhdfc,TXN0258415,5200.00,,879546.00
27/09/2022,27/09/2022,UPI/DR/8429078490/CHANDAN SHARMA/SBIN0684317/chandan872@paytm,TXN0258416,2380.00,,877166.00
27/09/2022,27/09/2022,NEFT/712708479208/SUSHMA RAO/SBIN0684317/00285395866515,TXN0258417,,850.00,878016.00
27/09/2022,28/09/2022,NEFT/83887733/BINDHU NAIR/SBIN0684317/81295062472150,TXN0258418,2380.00,,875636.00
27/09/2022,27/09/2022,UPI/CR/415706355957/VINAY PATIL/SBIN0684317/vinay478@okhdfc,TXN0258419,,11200.00,886836.00
28/09/2022,28/09/2022,IMPS/P2P/732938496594/GEETA DEVI/7888446698,TXN0258420,,7600.00,894436.00
28/09/2022,28/09/2022,UPI/DR/5719327237/LALITHA DEVI/SBIN0684317/lalitha800@okhdfc,TXN0258421,49.00,,894387.00
28/09/2022,28/09/2022,UPI/DR/10512422/MEERA PILLAI/SBIN0684317/meera412@okhdfc,TXN0258422,79.00,,894308.00
28/09/2022,28/09/2022,ATM/WDL/535571894829/SBI ATM JAYANAGAR BLR,TXN0258423,120.00,,894188.00
28/09/2022,28/09/2022,IMPS/P2P/7049767728/SHEELA DEVI/7361856015,TXN0258424,,11200.00,905388.00
28/09/2022,29/09/2022,IMPS/P2P/602549034356/MALLIKA DAS/9359508928,TXN0258425,,1200.00,906588.00
29/09/2022,29/09/2022,ATM/WDL/8702568503/CANARA ATM MYSURU,TXN0258426,7800.00,,898788.00
29/09/2022,30/09/2022,UPI/DR/535154225962/PADMA RAO/SBIN0684317/padma430@paytm,TXN0258427,1250.00,,897538.00
29/09/2022,30/09/2022,ATM/WDL/876488843766/SBI ATM JAYANAGAR BLR,TXN0258428,120.00,,897418.00
29/09/2022,30/09/2022,NEFT/74462575/LATHA MURTHY/SBIN0684317/14660143724146,TXN0258429,,7600.00,905018.00
29/09/2022,30/09/2022,NEFT/135219485769/MEERA PILLAI/SBIN0684317/37498698343129,TXN0258430,,32000.00,937018.00
29/09/2022,30/09/2022,UPI/DR/035103330891/CHANDAN SHARMA/SBIN0684317/chandan550@okaxis,TXN0258431,120.00,,936898.00
29/09/2022,30/09/2022,UPI/DR/606274666549/KAVYA REDDY/SBIN0684317/kavya807@oksbi,TXN0258432,850.00,,936048.00
30/09/2022,30/09/2022,ATM/WDL/328533134034/HDFC ATM KORAMANGALA,TXN0258433,79.00,,935969.00
30/09/2022,01/10/2022,NEFT/5449114731/MEENA IYER/SBIN0684317/87143863515703,TXN0258434,850.00,,935119.00
30/09/2022,01/10/2022,UPI/DR/5256462870/ROHIT SHARMA/SBIN0684317/rohit421@ybl,TXN0258435,49.00,,935070.00
01/10/2022,01/10/2022,UPI/DR/71622237/KAVYA REDDY/SBIN0684317/kavya367@ybl,TXN0258436,999.00,,934071.00
01/10/2022,01/10/2022,UPI/CR/81106482/KARTHIK MENON/SBIN0684317/karthik377@ybl,TXN0258437,,4800.00,938871.00
01/10/2022,02/10/2022,ATM/WDL/9607790797/HDFC ATM KORAMANGALA,TXN0258438,1250.00,,937621.00
01/10/2022,01/10/2022,UPI/DR/7665835734/SURESH NAIR/SBIN0684317/suresh289@oksbi,TXN0258439,310.00,,937311.00
01/10/2022,02/10/2022,IMPS/P2P/4379316062/LALITHA DEVI/7132592189,TXN0258440,,1200.00,938511.00
01/10/2022,01/10/2022,NEFT/9893151738/BINDHU NAIR/SBIN0684317/72016422609083,TXN0258441,79.00,,938432.00
01/10/2022,02/10/2022,IMPS/P2P/2273741182/ANAND KUMAR/7426619341,TXN0258442,,32000.00,970432.00
01/10/2022,01/10/2022,ATM/WDL/369923138027/CANARA ATM MYSURU,TXN0258443,49.00,,970383.00
01/10/2022,01/10/2022,UPI/CR/090925350281/HARISH MENON/SBIN0684317/harish562@okaxis,TXN0258444,,500.00,970883.00
01/10/2022,01/10/2022,UPI/CR/14230050/GANESH KUMAR/SBIN0684317/ganesh225@ybl,TXN0258445,,24000.00,994883.00
01/10/2022,01/10/2022,IMPS/P2P/107455447654/NIKHIL GUPTA/7163687327,TXN0258446,,32000.00,1026883.00
02/10/2022,02/10/2022,ATM/WDL/1851473479/SBI ATM JAYANAGAR BLR,TXN0258447,7800.00,,1019083.00
02/10/2022,02/10/2022,UPI/DR/39142935/ARUN SHARMA/SBIN0684317/arun433@okaxis,TXN0258448,850.00,,1018233.00
02/10/2022,02/10/2022,UPI/DR/52486585/REKHA PILLAI/SBIN0684317/rekha296@okaxis,TXN0258449,7800.00,,1010433.00
02/10/2022,02/10/2022,ATM/WDL/70261284/CANARA ATM MYSURU,TXN0258450,699.00,,1009734.00
02/10/2022,02/10/2022,UPI/CR/61243446/SAVITHA DEVI/SBIN0684317/savitha511@paytm,TXN0258451,,4800.00,1014534.00
03/10/2022,03/10/2022,ATM/WDL/15945248/SBI ATM JAYANAGAR BLR,TXN0258452,310.00,,1014224.00
03/10/2022,03/10/2022,CASH DEPOSIT/BRANCH COUNTER/HITEC CITY HYDERABAD,TXN0258453,,7600.00,1021824.00
03/10/2022,03/10/2022,UPI/DR/48960155/RAMESH GOWDA/SBIN0684317/ramesh941@paytm,TXN0258454,49.00,,1021775.00
03/10/2022,03/10/2022,CASH DEPOSIT/BRANCH COUNTER/HITEC CITY HYDERABAD,TXN0258455,,7600.00,1029375.00
04/10/2022,04/10/2022,UPI/DR/504722659757/SHAHID KHAN/SBIN0684317/shahid732@okaxis,TXN0258456,120.00,,1029255.00
04/10/2022,04/10/2022,UPI/DR/65007814/FATIMA SHEIKH/SBIN0684317/fatima469@paytm,TXN0258457,2380.00,,1026875.00
04/10/2022,04/10/2022,IMPS/P2P/3722928238/FARHAN KHAN/7509561407,TXN0258458,,850.00,1027725.00
04/10/2022,04/10/2022,CHQ NO 055643 CLEARING,TXN0258459,249.00,,1027476.00
04/10/2022,04/10/2022,ATM/WDL/297832486009/SBI ATM JAYANAGAR BLR,TXN0258460,120.00,,1027356.00
05/10/2022,05/10/2022,NEFT/345293818769/NADIA HUSSAIN/SBIN0684317/26705536345589,TXN0258461,1250.00,,1026106.00
05/10/2022,05/10/2022,NEFT/846962122827/TANVI RAO/SBIN0684317/34693904682486,TXN0258462,79.00,,1026027.00
05/10/2022,06/10/2022,IMPS/P2P/60093156/PRIYA NAIR/8038419238,TXN0258463,,18500.00,1044527.00
05/10/2022,05/10/2022,UPI/DR/648761236247/SANJANA HEGDE/SBIN0684317/sanjana793@ybl,TXN0258464,310.00,,1044217.00
06/10/2022,06/10/2022,NEFT/27918013/CHANDAN SHARMA/SBIN0684317/28936247938881,TXN0258465,310.00,,1043907.00
06/10/2022,07/10/2022,CHQ NO 372410 CLEARING,TXN0258466,120.00,,1043787.00
06/10/2022,07/10/2022,IMPS/P2P/01559736/RAHUL SINGH/8124693631,TXN0258467,,850.00,1044637.00
06/10/2022,06/10/2022,IMPS/P2P/59851319/ANAND KUMAR/8411547810,TXN0258468,,1200.00,1045837.00
06/10/2022,06/10/2022,NEFT/54472691/GEETA DEVI/SBIN0684317/02859528978661,TXN0258469,2380.00,,1043457.00
06/10/2022,06/10/2022,CHQ NO 709920 CLEARING,TXN0258470,249.00,,1043208.00
07/10/2022,07/10/2022,IMPS/P2P/06011452/BINDHU NAIR/8310561147,TXN0258471,,7600.00,1050808.00
07/10/2022,07/10/2022,UPI/DR/6898961000/ARJUN MEHTA/SBIN0684317/arjun793@paytm,TXN0258472,449.00,,1050359.00
07/10/2022,07/10/2022,UPI/CR/392840703679/LAKSHMI VENKAT/SBIN0684317/lakshmi939@oksbi,TXN0258473,,2500.00,1052859.00
08/10/2022,08/10/2022,CHQ NO 988885 CLEARING,TXN0258474,999.00,,1051860.00
08/10/2022,08/10/2022,IMPS/P2P/436241651218/ARJUN MEHTA/7524024210,TXN0258475,,32000.00,1083860.00
08/10/2022,08/10/2022,NEFT/6651524485/LATHA MURTHY/SBIN0684317/08641139298990,TXN0258476,,4800.00,1088660.00
08/10/2022,09/10/2022,ATM/WDL/06593381/HDFC ATM KORAMANGALA,TXN0258477,249.00,,1088411.00
08/10/2022,08/10/2022,NEFT/78139103/RAMESH PILLAI/SBIN0684317/31997411389714,TXN0258478,5200.00,,1083211.00
09/10/2022,09/10/2022,NEFT/57566839/RAMESH PILLAI/SBIN0684317/14552160672697,TXN0258479,,7600.00,1090811.00
09/10/2022,09/10/2022,CHQ NO 806434 CLEARING,TXN0258480,310.00,,1090501.00
09/10/2022,09/10/2022,CASH DEPOSIT/BRANCH COUNTER/HITEC CITY HYDERABAD,TXN0258481,,11200.00,1101701.00
09/10/2022,09/10/2022,NEFT/2253333373/FATIMA SHEIKH/SBIN0684317/30713864240180,TXN0258482,7800.00,,1093901.00
09/10/2022,09/10/2022,UPI/DR/503044547168/PRIYA NAIR/SBIN0684317/priya121@oksbi,TXN0258483,699.00,,1093202.00
09/10/2022,09/10/2022,CASH DEPOSIT/BRANCH COUNTER/HITEC CITY HYDERABAD,TXN0258484,,1200.00,1094402.00
09/10/2022,09/10/2022,NEFT/99752002/POOJA SHARMA/SBIN0684317/88133830579781,TXN0258485,,2500.00,1096902.00
09/10/2022,09/10/2022,UPI/DR/5325484073/ROHIT SHARMA/SBIN0684317/rohit131@paytm,TXN0258486,120.00,,1096782.00
09/10/2022,10/10/2022,UPI/DR/71254354/DIVYA MENON/SBIN0684317/divya357@okaxis,TXN0258487,5200.00,,1091582.00
10/10/2022,10/10/2022,ATM/WDL/556141362863/SBI ATM JAYANAGAR BLR,TXN0258488,120.00,,1091462.00
10/10/2022,11/10/2022,NEFT/08365397/SNEHA PATIL/SBIN0684317/90834765831930,TXN0258489,,850.00,1092312.00
10/10/2022,10/10/2022,NEFT/03305602/SUSHMA RAO/SBIN0684317/45496285109462,TXN0258490,7800.00,,1084512.00
10/10/2022,11/10/2022,UPI/DR/4425307118/MOHAMMED IRFAN/SBIN0684317/mohammed242@ybl,TXN0258491,1680.00,,1082832.00
10/10/2022,11/10/2022,UPI/DR/91285463/PREETHI IYER/SBIN0684317/preethi95@okaxis,TXN0258492,1680.00,,1081152.00
10/10/2022,11/10/2022,ATM/WDL/0837701639/HDFC ATM KORAMANGALA,TXN0258493,5200.00,,1075952.00
10/10/2022,10/10/2022,UPI/CR/7256294581/PADMA RAO/SBIN0684317/padma646@oksbi,TXN0258494,,18500.00,1094452.00
11/10/2022,11/10/2022,NEFT/24235180/DIVYA MENON/SBIN0684317/84815360661280,TXN0258495,2380.00,,1092072.00
11/10/2022,11/10/2022,CASH DEPOSIT/BRANCH COUNTER/HITEC CITY HYDERABAD,TXN0258496,,18500.00,1110572.00
11/10/2022,11/10/2022,NEFT/1507768089/SANTOSH KUMAR/SBIN0684317/14356881536498,TXN0258497,79.00,,1110493.00
11/10/2022,12/10/2022,UPI/DR/022562676740/ARJUN MEHTA/SBIN0684317/arjun83@ybl,TXN0258498,7800.00,,1102693.00
11/10/2022,12/10/2022,UPI/DR/955665765902/SURESH NAIR/SBIN0684317/suresh865@oksbi,TXN0258499,249.00,,1102444.00
11/10/2022,11/10/2022,CASH DEPOSIT/BRANCH COUNTER/HITEC CITY HYDERABAD,TXN0258500,,4800.00,1107244.00
11/10/2022,11/10/2022,ATM/WDL/336701061987/CANARA ATM MYSURU,TXN0258501,249.00,,1106995.00
12/10/2022,12/10/2022,UPI/DR/94246062/TARA SINGH/SBIN0684317/tara844@oksbi,TXN0258502,999.00,,1105996.00
12/10/2022,12/10/2022,CHQ NO 957929 CLEARING,TXN0258503,850.00,,1105146.00
12/10/2022,13/10/2022,UPI/DR/27309843/MOHAMMED IRFAN/SBIN0684317/mohammed206@okaxis,TXN0258504,49.00,,1105097.00
12/10/2022,12/10/2022,ATM/WDL/612491174313/SBI ATM JAYANAGAR BLR,TXN0258505,79.00,,1105018.00
12/10/2022,12/10/2022,ATM/WDL/933863920679/HDFC ATM KORAMANGALA,TXN0258506,3499.00,,1101519.00
12/10/2022,12/10/2022,IMPS/P2P/827551891208/MALLIKA DAS/7681701319,TXN0258507,,11200.00,1112719.00
12/10/2022,12/10/2022,UPI/DR/4457446812/PRIYA NAIR/SBIN0684317/priya238@paytm,TXN0258508,2380.00,,1110339.00
12/10/2022,12/10/2022,CASH DEPOSIT/BRANCH COUNTER/HITEC CITY HYDERABAD,TXN0258509,,850.00,1111189.00
12/10/2022,12/10/2022,UPI/DR/1081223189/PREETHI IYER/SBIN0684317/preethi304@oksbi,TXN0258510,699.00,,1110490.00
13/10/2022,13/10/2022,NEFT/8761933903/LAKSHMI VENKAT/SBIN0684317/79028912301964,TXN0258511,79.00,,1110411.00
13/10/2022,13/10/2022,UPI/DR/02495391/ANAND KUMAR/SBIN0684317/anand455@okhdfc,TXN0258512,1680.00,,1108731.00
13/10/2022,13/10/2022,NEFT/78155441/MEENA IYER/SBIN0684317/81106280411621,TXN0258513,1250.00,,1107481.00
13/10/2022,13/10/2022,UPI/DR/333373198064/MALLIKA DAS/SBIN0684317/mallika449@oksbi,TXN0258514,5200.00,,1102281.00
14/10/2022,15/10/2022,UPI/CR/03038524/PADMA RAO/SBIN0684317/padma370@okhdfc,TXN0258515,,18500.00,1120781.00
14/10/2022,15/10/2022,CASH DEPOSIT/BRANCH COUNTER/HITEC CITY HYDERABAD,TXN0258516,,850.00,1121631.00
14/10/2022,15/10/2022,NEFT/12152488/RAHUL SINGH/SBIN0684317/41275359641570,TXN0258517,,11200.00,1132831.00
14/10/2022,14/10/2022,UPI/DR/6780712583/SANTOSH KUMAR/SBIN0684317/santosh254@oksbi,TXN0258518,1680.00,,1131151.00
14/10/2022,14/10/2022,ATM/WDL/95122239/HDFC ATM KORAMANGALA,TXN0258519,1680.00,,1129471.00
14/10/2022,15/10/2022,NEFT/761407780091/RESHMA KHAN/SBIN0684317/81369890991299,TXN0258520,79.00,,1129392.00
14/10/2022,14/10/2022,CHQ NO 685860 CLEARING,TXN0258521,1250.00,,1128142.00
14/10/2022,15/10/2022,UPI/DR/54687196/FARHAN KHAN/SBIN0684317/farhan154@paytm,TXN0258522,49.00,,1128093.00
14/10/2022,14/10/2022,UPI/DR/99044346/MOHAN DAS/SBIN0684317/mohan950@paytm,TXN0258523,79.00,,1128014.00
15/10/2022,15/10/2022,NEFT/75546865/MOHAN DAS/SBIN0684317/21054271485142,TXN0258524,,1200.00,1129214.00
15/10/2022,15/10/2022,NEFT/6472763510/NIKHIL GUPTA/SBIN0684317/19339923897348,TXN0258525,999.00,,1128215.00
15/10/2022,16/10/2022,UPI/DR/13154558/ANAND KUMAR/SBIN0684317/anand703@okaxis,TXN0258526,49.00,,1128166.00
16/10/2022,16/10/2022,NEFT/29136667/DEEPA NAIR/SBIN0684317/35471486063170,TXN0258527,,11200.00,1139366.00
16/10/2022,16/10/2022,CHQ NO 985764 CLEARING,TXN0258528,449.00,,1138917.00
16/10/2022,16/10/2022,ATM/WDL/740715780682/HDFC ATM KORAMANGALA,TXN0258529,249.00,,1138668.00
16/10/2022,16/10/2022,ATM/WDL/7771459021/HDFC ATM KORAMANGALA,TXN0258530,1250.00,,1137418.00
16/10/2022,17/10/2022,UPI/CR/13378671/USHA RANI/SBIN0684317/usha270@oksbi,TXN0258531,,24000.00,1161418.00
18/10/2022,18/10/2022,UPI/DR/666034021960/SAVITHA DEVI/SBIN0684317/savitha625@ybl,TXN0258532,7800.00,,1153618.00
18/10/2022,18/10/2022,IMPS/P2P/468406989511/ARCHANA PILLAI/9181685357,TXN0258533,,32000.00,1185618.00
18/10/2022,18/10/2022,ATM/WDL/490030329953/SBI ATM JAYANAGAR BLR,TXN0258534,449.00,,1185169.00
18/10/2022,18/10/2022,UPI/DR/86977097/RAJESH VERMA/SBIN0684317/rajesh511@okaxis,TXN0258535,120.00,,1185049.00
19/10/2022,19/10/2022,UPI/DR/6994752258/KAVERI MENON/SBIN0684317/kaveri673@ybl,TXN0258536,5200.00,,1179849.00
19/10/2022,20/10/2022,CHQ NO 076912 CLEARING,TXN0258537,5200.00,,1174649.00
19/10/2022,20/10/2022,CASH DEPOSIT/BRANCH COUNTER/HITEC CITY HYDERABAD,TXN0258538,,4800.00,1179449.00
19/10/2022,19/10/2022,UPI/DR/0141254859/BINDHU NAIR/SBIN0684317/bindhu857@okaxis,TXN0258539,999.00,,1178450.00
19/10/2022,20/10/2022,ATM/WDL/46997093/CANARA ATM MYSURU,TXN0258540,3499.00,,1174951.00
19/10/2022,19/10/2022,UPI/DR/706546823192/NIKHIL GUPTA/SBIN0684317/nikhil430@ybl,TXN0258541,699.00,,1174252.00
19/10/2022,19/10/2022,UPI/DR/73816626/PREETHI IYER/SBIN0684317/preethi701@ybl,TXN0258542,120.00,,1174132.00
19/10/2022,20/10/2022,UPI/DR/1167932359/AYESHA KHAN/SBIN0684317/ayesha753@okaxis,TXN0258543,1680.00,,1172452.00
20/10/2022,20/10/2022,ATM/WDL/415880380780/CANARA ATM MYSURU,TXN0258544,249.00,,1172203.00
20/10/2022,20/10/2022,NEFT/1918138749/SANJANA HEGDE/SBIN0684317/85524162407224,TXN0258545,,2500.00,1174703.00
20/10/2022,20/10/2022,NEFT/84452894/VENKAT RAO/SBIN0684317/09847727259417,TXN0258546,,7600.00,1182303.00
20/10/2022,20/10/2022,CASH DEPOSIT/BRANCH COUNTER/HITEC CITY HYDERABAD,TXN0258547,,4800.00,1187103.00
21/10/2022,21/10/2022,ATM/WDL/4183806209/HDFC ATM KORAMANGALA,TXN0258548,850.00,,1186253.00
21/10/2022,22/10/2022,NEFT/881200279141/MEENA IYER/SBIN0684317/12118246193619,TXN0258549,2380.00,,1183873.00
21/10/2022,21/10/2022,IMPS/P2P/9625120157/GEETA DEVI/9750444486,TXN0258550,,7600.00,1191473.00
22/10/2022,23/10/2022,UPI/DR/788889116005/GOPAL VERMA/SBIN0684317/gopal275@oksbi,TXN0258551,1250.00,,1190223.00
22/10/2022,23/10/2022,UPI/DR/81760562/HARISH MENON/SBIN0684317/harish721@paytm,TXN0258552,449.00,,1189774.00
23/10/2022,23/10/2022,NEFT/274931227997/SUNITA DEVI/SBIN0684317/95006286251718,TXN0258553,120.00,,1189654.00
23/10/2022,24/10/2022,CHQ NO 410995 CLEARING,TXN0258554,850.00,,1188804.00
23/10/2022,23/10/2022,UPI/DR/989597257679/RAMESH GOWDA/SBIN0684317/ramesh524@ybl,TXN0258555,850.00,,1187954.00
23/10/2022,23/10/2022,UPI/DR/3573191352/VENKAT RAO/SBIN0684317/venkat526@paytm,TXN0258556,449.00,,1187505.00
24/10/2022,24/10/2022,NEFT/057164013185/KAVERI MENON/SBIN0684317/03663164911862,TXN0258557,,1200.00,1188705.00
24/10/2022,24/10/2022,UPI/DR/1352138721/MALLIKA DAS/SBIN0684317/mallika958@paytm,TXN0258558,699.00,,1188006.00
24/10/2022,24/10/2022,IMPS/P2P/5231117192/MEERA PILLAI/9787679094,TXN0258559,,11200.00,1199206.00
24/10/2022,24/10/2022,ATM/WDL/659609975118/HDFC ATM KORAMANGALA,TXN0258560,699.00,,1198507.00
24/10/2022,24/10/2022,ATM/WDL/818256000995/HDFC ATM KORAMANGALA,TXN0258561,249.00,,1198258.00
25/10/2022,26/10/2022,ATM/WDL/508160523903/CANARA ATM MYSURU,TXN0258562,49.00,,1198209.00
25/10/2022,26/10/2022,UPI/DR/1406953232/RAHUL SINGH/SBIN0684317/rahul995@ybl,TXN0258563,699.00,,1197510.00
25/10/2022,25/10/2022,ATM/WDL/21190152/CANARA ATM MYSURU,TXN0258564,5200.00,,1192310.00
25/10/2022,25/10/2022,UPI/DR/73302742/SUNITA DEVI/SBIN0684317/sunita930@okaxis,TXN0258565,5200.00,,1187110.00
25/10/2022,26/10/2022,NEFT/92682578/PADMA RAO/SBIN0684317/13747534287059,TXN0258566,,7600.00,1194710.00
26/10/2022,26/10/2022,ATM/WDL/8023439326/SBI ATM JAYANAGAR BLR,TXN0258567,120.00,,1194590.00
26/10/2022,26/10/2022,CASH DEPOSIT/BRANCH COUNTER/HITEC CITY HYDERABAD,TXN0258568,,32000.00,1226590.00
26/10/2022,27/10/2022,CASH DEPOSIT/BRANCH COUNTER/HITEC CITY HYDERABAD,TXN0258569,,850.00,1227440.00
26/10/2022,27/10/2022,UPI/DR/02361908/KARTHIK MENON/SBIN0684317/karthik362@okhdfc,TXN0258570,449.00,,1226991.00
26/10/2022,26/10/2022,CASH DEPOSIT/BRANCH COUNTER/HITEC CITY HYDERABAD,TXN0258571,,24000.00,1250991.00
26/10/2022,26/10/2022,IMPS/P2P/01706448/ARCHANA PILLAI/8299986149,TXN0258572,,1200.00,1252191.00
26/10/2022,26/10/2022,UPI/DR/32755629/IMRAN KHAN/SBIN0684317/imran90@okaxis,TXN0258573,699.00,,1251492.00
26/10/2022,26/10/2022,UPI/CR/627558553456/BABU LAL/SBIN0684317/babu584@paytm,TXN0258574,,500.00,1251992.00
26/10/2022,26/10/2022,NEFT/23021315/ARCHANA PILLAI/SBIN0684317/80098952581268,TXN0258575,1680.00,,1250312.00
27/10/2022,27/10/2022,UPI/DR/74652390/LATHA MURTHY/SBIN0684317/latha661@oksbi,TXN0258576,5200.00,,1245112.00
27/10/2022,28/10/2022,NEFT/70945219/AYESHA KHAN/SBIN0684317/73815968835788,TXN0258577,699.00,,1244413.00
27/10/2022,27/10/2022,ATM/WDL/3175206388/HDFC ATM KORAMANGALA,TXN0258578,120.00,,1244293.00
27/10/2022,27/10/2022,CASH DEPOSIT/BRANCH COUNTER/HITEC CITY HYDERABAD,TXN0258579,,1200.00,1245493.00
27/10/2022,27/10/2022,IMPS/P2P/15044279/KIRAN REDDY/9281583721,TXN0258580,,500.00,1245993.00
27/10/2022,27/10/2022,UPI/DR/02622591/SUNIL YADAV/SBIN0684317/sunil178@okaxis,TXN0258581,699.00,,1245294.00
28/10/2022,28/10/2022,NEFT/398168631862/NAVEEN KUMAR/SBIN0684317/86990962042663,TXN0258582,5200.00,,1240094.00
28/10/2022,28/10/2022,CASH DEPOSIT/BRANCH COUNTER/HITEC CITY HYDERABAD,TXN0258583,,7600.00,1247694.00
28/10/2022,29/10/2022,IMPS/P2P/5932951617/VIKRAM NAIR/9818950111,TXN0258584,,7600.00,1255294.00
28/10/2022,28/10/2022,UPI/DR/4451515651/ARJUN MEHTA/SBIN0684317/arjun831@okhdfc,TXN0258585,5200.00,,1250094.00
28/10/2022,28/10/2022,CHQ NO 086301 CLEARING,TXN0258586,999.00,,1249095.00
28/10/2022,28/10/2022,UPI/DR/91994384/SAVITHA DEVI/SBIN0684317/savitha973@ybl,TXN0258587,449.00,,1248646.00
28/10/2022,28/10/2022,ATM/WDL/8087921638/HDFC ATM KORAMANGALA,TXN0258588,850.00,,1247796.00
28/10/2022,28/10/2022,UPI/DR/0251650103/ARJUN MEHTA/SBIN0684317/arjun942@okaxis,TXN0258589,449.00,,1247347.00
28/10/2022,29/10/2022,UPI/DR/4236115631/FARHAN KHAN/SBIN0684317/farhan185@okaxis,TXN0258590,449.00,,1246898.00
28/10/2022,28/10/2022,UPI/DR/893780039086/MOHAMMED IRFAN/SBIN0684317/mohammed748@ybl,TXN0258591,3499.00,,1243399.00
28/10/2022,29/10/2022,CHQ NO 200783 CLEARING,TXN0258592,5200.00,,1238199.00
29/10/2022,29/10/2022,UPI/DR/309375960826/SURESH NAIR/SBIN0684317/suresh562@ybl,TXN0258593,249.00,,1237950.00
29/10/2022,29/10/2022,UPI/DR/54479345/RAMESH GOWDA/SBIN0684317/ramesh822@ybl,TXN0258594,49.00,,1237901.00
29/10/2022,29/10/2022,UPI/DR/1511210695/VENKAT RAO/SBIN0684317/venkat592@oksbi,TXN0258595,3499.00,,1234402.00
29/10/2022,29/10/2022,UPI/DR/17087150/SHAHID KHAN/SBIN0684317/shahid994@paytm,TXN0258596,79.00,,1234323.00
29/10/2022,29/10/2022,UPI/DR/8430513331/ROHIT SHARMA/SBIN0684317/rohit38@ybl,TXN0258597,999.00,,1233324.00
29/10/2022,29/10/2022,UPI/DR/4257897015/GEETA DEVI/SBIN0684317/geeta834@ybl,TXN0258598,2380.00,,1230944.00
30/10/2022,30/10/2022,ATM/WDL/4632915175/SBI ATM JAYANAGAR BLR,TXN0258599,120.00,,1230824.00
30/10/2022,30/10/2022,NEFT/071576529141/MALLIKA DAS/SBIN0684317/93295840517430,TXN0258600,79.00,,1230745.00
30/10/2022,30/10/2022,UPI/DR/229452111039/LALITHA DEVI/SBIN0684317/lalitha184@okaxis,TXN0258601,7800.00,,1222945.00
30/10/2022,30/10/2022,ATM/WDL/4512578874/CANARA ATM MYSURU,TXN0258602,449.00,,1222496.00
30/10/2022,30/10/2022,IMPS/P2P/192943425701/ROHIT SHARMA/7085069725,TXN0258603,,1200.00,1223696.00
30/10/2022,30/10/2022,ATM/WDL/362694165411/CANARA ATM MYSURU,TXN0258604,49.00,,1223647.00
30/10/2022,30/10/2022,UPI/CR/81937125/KARTHIK MENON/SBIN0684317/karthik531@paytm,TXN0258605,,500.00,1224147.00
31/10/2022,01/11/2022,ATM/WDL/339986746316/CANARA ATM MYSURU,TXN0258606,850.00,,1223297.00
31/10/2022,01/11/2022,NEFT/41365685/GANESH KUMAR/SBIN0684317/82876715957841,TXN0258607,,850.00,1224147.00
31/10/2022,31/10/2022,ATM/WDL/9270179122/SBI ATM JAYANAGAR BLR,TXN0258608,310.00,,1223837.00
31/10/2022,31/10/2022,CHQ NO 650235 CLEARING,TXN0258609,7800.00,,1216037.00
01/11/2022,01/11/2022,UPI/DR/68385309/HARISH MENON/SBIN0684317/harish407@okhdfc,TXN0258610,3499.00,,1212538.00
01/11/2022,01/11/2022,UPI/DR/059618679130/PADMA RAO/SBIN0684317/padma924@okaxis,TXN0258611,310.00,,1212228.00
01/11/2022,02/11/2022,UPI/DR/05869907/PRAKASH RAO/SBIN0684317/prakash944@oksbi,TXN0258612,249.00,,1211979.00
01/11/2022,01/11/2022,ATM/WDL/6784151251/SBI ATM JAYANAGAR BLR,TXN0258613,2380.00,,1209599.00
01/11/2022,01/11/2022,UPI/DR/89796727/NILESH KULKARNI/SBIN0684317/nilesh24@okhdfc,TXN0258614,49.00,,1209550.00
01/11/2022,02/11/2022,ATM/WDL/315336447252/CANARA ATM MYSURU,TXN0258615,120.00,,1209430.00
01/11/2022,01/11/2022,UPI/CR/28214165/RAVI KUMAR SHARMA/SBIN0684317/ravi330@okaxis,TXN0258616,,11200.00,1220630.00
01/11/2022,01/11/2022,UPI/DR/2817724228/DIVYA MENON/SBIN0684317/divya341@oksbi,TXN0258617,120.00,,1220510.00
02/11/2022,02/11/2022,IMPS/P2P/1472536597/SUNITA DEVI/7193523933,TXN0258618,,850.00,1221360.00
02/11/2022,02/11/2022,CHQ NO 096206 CLEARING,TXN0258619,699.00,,1220661.00
03/11/2022,03/11/2022,UPI/CR/2453912116/RAMESH GOWDA/SBIN0684317/ramesh170@okaxis,TXN0258620,,1200.00,1221861.00
03/11/2022,03/11/2022,NEFT/078329486665/SANJANA HEGDE/SBIN0684317/15537930190646,TXN0258621,,850.00,1222711.00
03/11/2022,03/11/2022,CHQ NO 029937 CLEARING,TXN0258622,1250.00,,1221461.00
04/11/2022,04/11/2022,ATM/WDL/2266132223/CANARA ATM MYSURU,TXN0258623,699.00,,1220762.00
04/11/2022,04/11/2022,IMPS/P2P/848086688160/PADMA RAO/9918746395,TXN0258624,,850.00,1221612.00
04/11/2022,04/11/2022,CASH DEPOSIT/BRANCH COUNTER/HITEC CITY HYDERABAD,TXN0258625,,11200.00,1232812.00
04/11/2022,05/11/2022,CHQ NO 412945 CLEARING,TXN0258626,850.00,,1231962.00
05/11/2022,05/11/2022,ATM/WDL/71980980/HDFC ATM KORAMANGALA,TXN0258627,850.00,,1231112.00
05/11/2022,05/11/2022,UPI/DR/66907984/RAVI KUMAR SHARMA/SBIN0684317/ravi347@okhdfc,TXN0258628,7800.00,,1223312.00
05/11/2022,05/11/2022,UPI/DR/61115993/SNEHA PATIL/SBIN0684317/sneha161@oksbi,TXN0258629,7800.00,,1215512.00
05/11/2022,05/11/2022,UPI/DR/888759740241/MALLIKA DAS/SBIN0684317/mallika533@okaxis,TXN0258630,79.00,,1215433.00
05/11/2022,06/11/2022,CHQ NO 419297 CLEARING,TXN0258631,449.00,,1214984.00
05/11/2022,05/11/2022,UPI/CR/17554310/TARA SINGH/SBIN0684317/tara782@oksbi,TXN0258632,,7600.00,1222584.00
06/11/2022,06/11/2022,UPI/CR/6660387130/ANITHA KRISHNAN/SBIN0684317/anitha931@okhdfc,TXN0258633,,24000.00,1246584.00
07/11/2022,07/11/2022,UPI/CR/646663757755/MEERA PILLAI/SBIN0684317/meera255@okhdfc,TXN0258634,,1200.00,1247784.00
07/11/2022,07/11/2022,CASH DEPOSIT/BRANCH COUNTER/HITEC CITY HYDERABAD,TXN0258635,,24000.00,1271784.00
07/11/2022,07/11/2022,UPI/DR/9608498255/ROHIT SHARMA/SBIN0684317/rohit481@paytm,TXN0258636,3499.00,,1268285.00
07/11/2022,08/11/2022,IMPS/P2P/942833550826/RAMESH PILLAI/9294069044,TXN0258637,,850.00,1269135.00
07/11/2022,08/11/2022,UPI/DR/221151424403/POOJA SHARMA/SBIN0684317/pooja478@paytm,TXN0258638,79.00,,1269056.00
07/11/2022,07/11/2022,UPI/CR/36005545/RAMESH GOWDA/SBIN0684317/ramesh291@ybl,TXN0258639,,4800.00,1273856.00
08/11/2022,08/11/2022,CHQ NO 053957 CLEARING,TXN0258640,3499.00,,1270357.00
08/11/2022,08/11/2022,IMPS/P2P/343544675100/MOHAMMED IRFAN/9290998550,TXN0258641,,1200.00,1271557.00
08/11/2022,09/11/2022,UPI/DR/05846129/LAKSHMI VENKAT/SBIN0684317/lakshmi728@paytm,TXN0258642,249.00,,1271308.00
08/11/2022,08/11/2022,UPI/CR/487747112965/RANJIT SINGH/SBIN0684317/ranjit358@ybl,TXN0258643,,500.00,1271808.00
08/11/2022,08/11/2022,ATM/WDL/30591379/SBI ATM JAYANAGAR BLR,TXN0258644,120.00,,1271688.00
08/11/2022,09/11/2022,UPI/DR/155675831326/NAVEEN KUMAR/SBIN0684317/naveen367@oksbi,TXN0258645,120.00,,1271568.00
09/11/2022,10/11/2022,UPI/CR/2735759862/GOPAL VERMA/SBIN0684317/gopal542@okhdfc,TXN0258646,,850.00,1272418.00
09/11/2022,10/11/2022,CHQ NO 611331 CLEARING,TXN0258647,850.00,,1271568.00
09/11/2022,09/11/2022,UPI/DR/7661082462/REKHA PILLAI/SBIN0684317/rekha864@ybl,TXN0258648,850.00,,1270718.00
09/11/2022,10/11/2022,NEFT/852180707182/SUNIL YADAV/SBIN0684317/41088073810307,TXN0258649,,11200.00,1281918.00
09/11/2022,10/11/2022,IMPS/P2P/13449087/RAHUL SINGH/9921466960,TXN0258650,,2500.00,1284418.00
09/11/2022,09/11/2022,NEFT/197141623032/SUSHMA RAO/SBIN0684317/44220681859250,TXN0258651,1250.00,,1283168.00
09/11/2022,09/11/2022,CASH DEPOSIT/BRANCH COUNTER/HITEC CITY HYDERABAD,TXN0258652,,7600.00,1290768.00
09/11/2022,09/11/2022,UPI/DR/0844290088/SAVITHA DEVI/SBIN0684317/savitha734@ybl,TXN0258653,1250.00,,1289518.00
09/11/2022,10/11/2022,CHQ NO 511743 CLEARING,TXN0258654,120.00,,1289398.00
10/11/2022,10/11/2022,CASH DEPOSIT/BRANCH COUNTER/HITEC CITY HYDERABAD,TXN0258655,,18500.00,1307898.00
10/11/2022,10/11/2022,UPI/DR/207689806462/RAMESH GOWDA/SBIN0684317/ramesh741@okaxis,TXN0258656,120.00,,1307778.00
11/11/2022,11/11/2022,ATM/WDL/686962618168/CANARA ATM MYSURU,TXN0258657,310.00,,1307468.00
12/11/2022,12/11/2022,UPI/CR/7436932521/BABU LAL/SBIN0684317/babu749@paytm,TXN0258658,,1200.00,1308668.00
12/11/2022,12/11/2022,UPI/CR/9607810926/BINDHU NAIR/SBIN0684317/bindhu925@ybl,TXN0258659,,500.00,1309168.00
12/11/2022,12/11/2022,UPI/DR/12483161/KARTHIK MENON/SBIN0684317/karthik125@paytm,TXN0258660,7800.00,,1301368.00
13/11/2022,13/11/2022,UPI/CR/659144993121/LAKSHMI VENKAT/SBIN0684317/lakshmi191@oksbi,TXN0258661,,2500.00,1303868.00
13/11/2022,14/11/2022,NEFT/508580034073/PRIYA NAIR/SBIN0684317/88188134751865,TXN0258662,999.00,,1302869.00
13/11/2022,13/11/2022,UPI/DR/57429245/ARCHANA PILLAI/SBIN0684317/archana547@paytm,TXN0258663,699.00,,1302170.00
13/11/2022,14/11/2022,NEFT/308042164538/ANITHA KRISHNAN/SBIN0684317/86791721891127,TXN0258664,,850.00,1303020.00
13/11/2022,14/11/2022,CHQ NO 363722 CLEARING,TXN0258665,310.00,,1302710.00
14/11/2022,14/11/2022,CHQ NO 488500 CLEARING,TXN0258666,1680.00,,1301030.00
14/11/2022,14/11/2022,NEFT/81753628/PRIYA NAIR/SBIN0684317/32126442570278,TXN0258667,5200.00,,1295830.00
14/11/2022,14/11/2022,UPI/CR/09388998/NILESH KULKARNI/SBIN0684317/nilesh113@ybl,TXN0258668,,11200.00,1307030.00
14/11/2022,14/11/2022,CASH DEPOSIT/BRANCH COUNTER/HITEC CITY HYDERABAD,TXN0258669,,24000.00,1331030.00
15/11/2022,16/11/2022,UPI/DR/846420583293/FATIMA SHEIKH/SBIN0684317/fatima183@oksbi,TXN0258670,699.00,,1330331.00
15/11/2022,15/11/2022,UPI/CR/435556520032/RAJESH VERMA/SBIN0684317/rajesh377@okaxis,TXN0258671,,11200.00,1341531.00
15/11/2022,15/11/2022,CASH DEPOSIT/BRANCH COUNTER/HITEC CITY HYDERABAD,TXN0258672,,500.00,1342031.00
15/11/2022,16/11/2022,NEFT/65122264/GANESH KUMAR/SBIN0684317/34843277254805,TXN0258673,5200.00,,1336831.00
15/11/2022,16/11/2022,UPI/CR/5383120206/POOJA SHARMA/SBIN0684317/pooja548@paytm,TXN0258674,,11200.00,1348031.00
15/11/2022,16/11/2022,IMPS/P2P/8587098725/BABU LAL/8215806113,TXN0258675,,4800.00,1352831.00
15/11/2022,15/11/2022,NEFT/0585450612/USHA RANI/SBIN0684317/82220301332212,TXN0258676,,4800.00,1357631.00
15/11/2022,15/11/2022,UPI/DR/056301242033/DEEPAK JOSHI/SBIN0684317/deepak77@okhdfc,TXN0258677,850.00,,1356781.00
15/11/2022,15/11/2022,IMPS/P2P/497864000206/RAVI KUMAR SHARMA/8491017442,TXN0258678,,32000.00,1388781.00
16/11/2022,17/11/2022,NEFT/2817862130/ROHIT SHARMA/SBIN0684317/80946667893183,TXN0258679,,2500.00,1391281.00
16/11/2022,16/11/2022,UPI/CR/116536283163/RESHMA KHAN/SBIN0684317/reshma302@okhdfc,TXN0258680,,2500.00,1393781.00
16/11/2022,16/11/2022,ATM/WDL/38428090/HDFC ATM KORAMANGALA,TXN0258681,79.00,,1393702.00
16/11/2022,16/11/2022,NEFT/264922695806/FATIMA SHEIKH/SBIN0684317/45788422831886,TXN0258682,7800.00,,1385902.00
16/11/2022,16/11/2022,ATM/WDL/46812653/SBI ATM JAYANAGAR BLR,TXN0258683,699.00,,1385203.00
17/11/2022,17/11/2022,ATM/WDL/451136421639/HDFC ATM KORAMANGALA,TXN0258684,5200.00,,1380003.00
17/11/2022,17/11/2022,UPI/DR/29118760/CHANDAN SHARMA/SBIN0684317/chandan241@paytm,TXN0258685,249.00,,1379754.00
17/11/2022,17/11/2022,NEFT/36231939/TANVI RAO/SBIN0684317/02229699666851,TXN0258686,449.00,,1379305.00
17/11/2022,17/11/2022,NEFT/33644141/RAJESH VERMA/SBIN0684317/93121269372984,TXN0258687,1680.00,,1377625.00
17/11/2022,17/11/2022,NEFT/842490234914/RAJENDRA PRASAD/SBIN0684317/12961970678996,TXN0258688,5200.00,,1372425.00
17/11/2022,17/11/2022,UPI/DR/25769504/VINAY PATIL/SBIN0684317/vinay805@paytm,TXN0258689,1250.00,,1371175.00
17/11/2022,17/11/2022,CHQ NO 459623 CLEARING,TXN0258690,1680.00,,1369495.00
17/11/2022,18/11/2022,NEFT/121252428555/SHAHID KHAN/SBIN0684317/37459347528268,TXN0258691,49.00,,1369446.00
18/11/2022,18/11/2022,UPI/DR/135151147745/FATIMA SHEIKH/SBIN0684317/fatima62@oksbi,TXN0258692,5200.00,,1364246.00
18/11/2022,19/11/2022,CASH DEPOSIT/BRANCH COUNTER/HITEC CITY HYDERABAD,TXN0258693,,24000.00,1388246.00
18/11/2022,18/11/2022,CHQ NO 466590 CLEARING,TXN0258694,7800.00,,1380446.00
18/11/2022,18/11/2022,UPI/DR/0549685459/RAJENDRA PRASAD/SBIN0684317/rajendra566@ybl,TXN0258695,310.00,,1380136.00
18/11/2022,18/11/2022,UPI/DR/2616617776/SUNITA DEVI/SBIN0684317/sunita244@okhdfc,TXN0258696,1680.00,,1378456.00
19/11/2022,19/11/2022,UPI/CR/307473343791/PRAKASH RAO/SBIN0684317/prakash675@paytm,TXN0258697,,18500.00,1396956.00
19/11/2022,20/11/2022,CHQ NO 584843 CLEARING,TXN0258698,1250.00,,1395706.00
19/11/2022,19/11/2022,UPI/CR/48007323/RAMESH GOWDA/SBIN0684317/ramesh156@ybl,TXN0258699,,11200.00,1406906.00
19/11/2022,19/11/2022,ATM/WDL/234484683527/SBI ATM JAYANAGAR BLR,TXN0258700,1680.00,,1405226.00
19/11/2022,19/11/2022,UPI/DR/744511445038/RAHUL SINGH/SBIN0684317/rahul203@paytm,TXN0258701,1680.00,,1403546.00
19/11/2022,19/11/2022,UPI/DR/920550986438/RANJIT SINGH/SBIN0684317/ranjit31@okaxis,TXN0258702,850.00,,1402696.00
19/11/2022,19/11/2022,CASH DEPOSIT/BRANCH COUNTER/HITEC CITY HYDERABAD,TXN0258703,,1200.00,1403896.00
19/11/2022,19/11/2022,CASH DEPOSIT/BRANCH COUNTER/HITEC CITY HYDERABAD,TXN0258704,,1200.00,1405096.00
19/11/2022,19/11/2022,UPI/DR/71236981/BABU LAL/SBIN0684317/babu816@oksbi,TXN0258705,449.00,,1404647.00
19/11/2022,20/11/2022,NEFT/7966926826/DEEPA NAIR/SBIN0684317/69753897532671,TXN0258706,850.00,,1403797.00
20/11/2022,20/11/2022,NEFT/2516582553/ADITYA KUMAR/SBIN0684317/09076182867857,TXN0258707,79.00,,1403718.00
20/11/2022,20/11/2022,CHQ NO 627139 CLEARING,TXN0258708,699.00,,1403019.00
20/11/2022,20/11/2022,NEFT/319123035974/PREETHI IYER/SBIN0684317/08126646056661,TXN0258709,999.00,,1402020.00
20/11/2022,20/11/2022,NEFT/0148005112/KAVYA REDDY/SBIN0684317/22572144709251,TXN0258710,,24000.00,1426020.00
21/11/2022,21/11/2022,IMPS/P2P/854045954978/NAVEEN KUMAR/7756183819,TXN0258711,,11200.00,1437220.00
21/11/2022,21/11/2022,UPI/DR/9793030251/LAKSHMI VENKAT/SBIN0684317/lakshmi608@oksbi,TXN0258712,449.00,,1436771.00
22/11/2022,22/11/2022,UPI/DR/28926209/MEERA PILLAI/SBIN0684317/meera533@okhdfc,TXN0258713,249.00,,1436522.00
22/11/2022,22/11/2022,NEFT/6455449705/SUNITA DEVI/SBIN0684317/06659348980663,TXN0258714,449.00,,1436073.00
23/11/2022,23/11/2022,NEFT/5201139088/LALITHA DEVI/SBIN0684317/94927767921727,TXN0258715,,2500.00,1438573.00
23/11/2022,24/11/2022,UPI/CR/27184702/KARTHIK MENON/SBIN0684317/karthik738@ybl,TXN0258716,,2500.00,1441073.00
23/11/2022,24/11/2022,NEFT/96319066/SUNITA DEVI/SBIN0684317/18390187399038,TXN0258717,,7600.00,1448673.00
23/11/2022,23/11/2022,NEFT/1370121440/KAVYA REDDY/SBIN0684317/63572169130794,TXN0258718,,850.00,1449523.00
23/11/2022,23/11/2022,UPI/DR/80954361/SUSHMA RAO/SBIN0684317/sushma739@oksbi,TXN0258719,1250.00,,1448273.00
23/11/2022,23/11/2022,NEFT/61007843/SUNIL YADAV/SBIN0684317/92649107469193,TXN0258720,,24000.00,1472273.00
24/11/2022,24/11/2022,NEFT/0441478861/SANJANA HEGDE/SBIN0684317/37867342564373,TXN0258721,249.00,,1472024.00
24/11/2022,24/11/2022,IMPS/P2P/110144041665/MOHAN DAS/9367566573,TXN0258722,,4800.00,1476824.00
24/11/2022,24/11/2022,ATM/WDL/149658731292/SBI ATM JAYANAGAR BLR,TXN0258723,449.00,,1476375.00
25/11/2022,25/11/2022,CHQ NO 458856 CLEARING,TXN0258724,699.00,,1475676.00
25/11/2022,25/11/2022,UPI/CR/528227438941/CHANDAN SHARMA/SBIN0684317/chandan840@okhdfc,TXN0258725,,850.00,1476526.00
25/11/2022,25/11/2022,IMPS/P2P/189075772417/GEETA DEVI/9563925141,TXN0258726,,500.00,1477026.00
25/11/2022,25/11/2022,UPI/CR/77034694/KAVITHA RAO/SBIN0684317/kavitha267@ybl,TXN0258727,,1200.00,1478226.00
25/11/2022,25/11/2022,UPI/CR/44332116/MOHAN DAS/SBIN0684317/mohan608@ybl,TXN0258728,,4800.00,1483026.00
26/11/2022,27/11/2022,IMPS/P2P/6560048781/NIKHIL GUPTA/8425687323,TXN0258729,,850.00,1483876.00
26/11/2022,26/11/2022,CASH DEPOSIT/BRANCH COUNTER/HITEC CITY HYDERABAD,TXN0258730,,500.00,1484376.00
27/11/2022,27/11/2022,UPI/DR/5989346840/VINAY PATIL/SBIN0684317/vinay481@ybl,TXN0258731,449.00,,1483927.00
27/11/2022,28/11/2022,NEFT/802818213294/SURESH NAIR/SBIN0684317/14238680341276,TXN0258732,,18500.00,1502427.00
27/11/2022,27/11/2022,CASH DEPOSIT/BRANCH COUNTER/HITEC CITY HYDERABAD,TXN0258733,,2500.00,1504927.00
28/11/2022,28/11/2022,ATM/WDL/73867108/HDFC ATM KORAMANGALA,TXN0258734,120.00,,1504807.00
28/11/2022,29/11/2022,UPI/CR/7964344618/GEETA DEVI/SBIN0684317/geeta364@paytm,TXN0258735,,850.00,1505657.00
28/11/2022,29/11/2022,CASH DEPOSIT/BRANCH COUNTER/HITEC CITY HYDERABAD,TXN0258736,,2500.00,1508157.00
29/11/2022,30/11/2022,UPI/DR/83062936/PRAKASH RAO/SBIN0684317/prakash44@okaxis,TXN0258737,310.00,,1507847.00
29/11/2022,30/11/2022,UPI/DR/802766020912/ARJUN MEHTA/SBIN0684317/arjun570@oksbi,TXN0258738,5200.00,,1502647.00
29/11/2022,29/11/2022,ATM/WDL/142092666709/SBI ATM JAYANAGAR BLR,TXN0258739,1680.00,,1500967.00
29/11/2022,29/11/2022,NEFT/078223657211/GANESH KUMAR/SBIN0684317/17903518042345,TXN0258740,,1200.00,1502167.00
29/11/2022,29/11/2022,CHQ NO 010402 CLEARING,TXN0258741,49.00,,1502118.00
29/11/2022,29/11/2022,NEFT/727984646756/RAHUL SINGH/SBIN0684317/04634484193600,TXN0258742,449.00,,1501669.00
29/11/2022,29/11/2022,NEFT/1173748243/LATHA MURTHY/SBIN0684317/97524657437568,TXN0258743,,4800.00,1506469.00
29/11/2022,29/11/2022,UPI/DR/553106171256/NILESH KULKARNI/SBIN0684317/nilesh188@ybl,TXN0258744,449.00,,1506020.00
30/11/2022,01/12/2022,IMPS/P2P/287946746098/FARHAN KHAN/8914270323,TXN0258745,,2500.00,1508520.00
30/11/2022,30/11/2022,UPI/DR/051075263717/MEERA PILLAI/SBIN0684317/meera345@ybl,TXN0258746,3499.00,,1505021.00
30/11/2022,01/12/2022,NEFT/79861953/SUSHMA RAO/SBIN0684317/72296842405050,TXN0258747,249.00,,1504772.00
30/11/2022,30/11/2022,UPI/DR/470060239936/SNEHA PATIL/SBIN0684317/sneha959@okhdfc,TXN0258748,3499.00,,1501273.00
01/12/2022,02/12/2022,UPI/CR/762610963002/ARJUN MEHTA/SBIN0684317/arjun188@okaxis,TXN0258749,,2500.00,1503773.00
01/12/2022,01/12/2022,NEFT/7950713045/SANJANA HEGDE/SBIN0684317/93624126653218,TXN0258750,,24000.00,1527773.00
01/12/2022,01/12/2022,ATM/WDL/4127107807/HDFC ATM KORAMANGALA,TXN0258751,449.00,,1527324.00
02/12/2022,02/12/2022,NEFT/7684061230/KAVITHA RAO/SBIN0684317/17752270252353,TXN0258752,1680.00,,1525644.00
03/12/2022,03/12/2022,ATM/WDL/7805873162/HDFC ATM KORAMANGALA,TXN0258753,249.00,,1525395.00
03/12/2022,04/12/2022,UPI/DR/703138860493/TARA SINGH/SBIN0684317/tara445@okhdfc,TXN0258754,79.00,,1525316.00
03/12/2022,03/12/2022,NEFT/7593667124/RAJESH VERMA/SBIN0684317/41062860962145,TXN0258755,,32000.00,1557316.00
03/12/2022,04/12/2022,CASH DEPOSIT/BRANCH COUNTER/HITEC CITY HYDERABAD,TXN0258756,,32000.00,1589316.00
03/12/2022,03/12/2022,NEFT/160561712571/NADIA HUSSAIN/SBIN0684317/33279235783252,TXN0258757,,18500.00,1607816.00
03/12/2022,03/12/2022,CHQ NO 599609 CLEARING,TXN0258758,1680.00,,1606136.00
04/12/2022,04/12/2022,IMPS/P2P/20229109/AYESHA KHAN/8188475513,TXN0258759,,7600.00,1613736.00
04/12/2022,04/12/2022,CASH DEPOSIT/BRANCH COUNTER/HITEC CITY HYDERABAD,TXN0258760,,2500.00,1616236.00
04/12/2022,04/12/2022,NEFT/682680992103/SHAHID KHAN/SBIN0684317/17257539581787,TXN0258761,,4800.00,1621036.00
04/12/2022,04/12/2022,UPI/DR/6798004872/RAMESH PILLAI/SBIN0684317/ramesh83@ybl,TXN0258762,5200.00,,1615836.00
04/12/2022,04/12/2022,CHQ NO 869238 CLEARING,TXN0258763,1680.00,,1614156.00
04/12/2022,04/12/2022,IMPS/P2P/64013923/FARHAN KHAN/7831846628,TXN0258764,,850.00,1615006.00
04/12/2022,04/12/2022,UPI/CR/3375820190/PADMA RAO/SBIN0684317/padma818@paytm,TXN0258765,,24000.00,1639006.00
05/12/2022,05/12/2022,IMPS/P2P/78112994/VIKRAM NAIR/9765756520,TXN0258766,,11200.00,1650206.00
05/12/2022,06/12/2022,UPI/DR/399436550834/NAVEEN KUMAR/SBIN0684317/naveen73@paytm,TXN0258767,3499.00,,1646707.00
05/12/2022,05/12/2022,IMPS/P2P/9301561744/PRAKASH RAO/9904032315,TXN0258768,,850.00,1647557.00
05/12/2022,05/12/2022,UPI/DR/197238192453/NAVEEN KUMAR/SBIN0684317/naveen857@okaxis,TXN0258769,120.00,,1647437.00
05/12/2022,05/12/2022,CASH DEPOSIT/BRANCH COUNTER/HITEC CITY HYDERABAD,TXN0258770,,7600.00,1655037.00
05/12/2022,05/12/2022,UPI/CR/9581911429/KAVYA REDDY/SBIN0684317/kavya288@okhdfc,TXN0258771,,1200.00,1656237.00
05/12/2022,05/12/2022,UPI/CR/249992504833/ARJUN MEHTA/SBIN0684317/arjun739@oksbi,TXN0258772,,18500.00,1674737.00
05/12/2022,05/12/2022,UPI/DR/8728199983/SUNIL YADAV/SBIN0684317/sunil212@okhdfc,TXN0258773,449.00,,1674288.00
06/12/2022,06/12/2022,CASH DEPOSIT/BRANCH COUNTER/HITEC CITY HYDERABAD,TXN0258774,,24000.00,1698288.00
06/12/2022,06/12/2022,UPI/CR/936947760548/ARJUN MEHTA/SBIN0684317/arjun759@paytm,TXN0258775,,32000.00,1730288.00
06/12/2022,06/12/2022,NEFT/415818662879/USHA RANI/SBIN0684317/50341445943754,TXN0258776,249.00,,1730039.00
06/12/2022,07/12/2022,UPI/CR/87536578/FARHAN KHAN/SBIN0684317/farhan597@oksbi,TXN0258777,,850.00,1730889.00
07/12/2022,07/12/2022,UPI/DR/25274948/REKHA PILLAI/SBIN0684317/rekha982@oksbi,TXN0258778,120.00,,1730769.00
07/12/2022,07/12/2022,IMPS/P2P/659896972553/ADITYA KUMAR/8792964455,TXN0258779,,850.00,1731619.00
07/12/2022,08/12/2022,NEFT/71028425/TARA SINGH/SBIN0684317/10585411498261,TXN0258780,,32000.00,1763619.00
07/12/2022,08/12/2022,UPI/DR/8375437214/DEEPAK JOSHI/SBIN0684317/deepak110@ybl,TXN0258781,999.00,,1762620.00
08/12/2022,09/12/2022,NEFT/7427616184/SAVITHA DEVI/SBIN0684317/15389160146096,TXN0258782,449.00,,1762171.00
08/12/2022,09/12/2022,NEFT/03290792/SHEELA DEVI/SBIN0684317/44343564900530,TXN0258783,,24000.00,1786171.00
08/12/2022,08/12/2022,IMPS/P2P/843490422029/SNEHA PATIL/7347059254,TXN0258784,,11200.00,1797371.00
08/12/2022,08/12/2022,UPI/CR/5727159631/SHEELA DEVI/SBIN0684317/sheela319@okhdfc,TXN0258785,,32000.00,1829371.00
09/12/2022,09/12/2022,ATM/WDL/21223311/HDFC ATM KORAMANGALA,TXN0258786,49.00,,1829322.00
09/12/2022,09/12/2022,UPI/DR/189838382193/GEETA DEVI/SBIN0684317/geeta112@okaxis,TXN0258787,699.00,,1828623.00
09/12/2022,09/12/2022,CHQ NO 072568 CLEARING,TXN0258788,249.00,,1828374.00
09/12/2022,09/12/2022,CHQ NO 232257 CLEARING,TXN0258789,449.00,,1827925.00
09/12/2022,09/12/2022,UPI/DR/458218557563/RESHMA KHAN/SBIN0684317/reshma842@oksbi,TXN0258790,310.00,,1827615.00
10/12/2022,11/12/2022,UPI/CR/344782973723/RAJESH VERMA/SBIN0684317/rajesh446@okhdfc,TXN0258791,,18500.00,1846115.00
10/12/2022,10/12/2022,CHQ NO 998376 CLEARING,TXN0258792,49.00,,1846066.00
10/12/2022,10/12/2022,NEFT/933927409629/BINDHU NAIR/SBIN0684317/98211866004818,TXN0258793,7800.00,,1838266.00
10/12/2022,10/12/2022,NEFT/3746591846/PRAKASH RAO/SBIN0684317/05640386023857,TXN0258794,,2500.00,1840766.00
10/12/2022,10/12/2022,IMPS/P2P/007686003987/LAKSHMI VENKAT/9393959781,TXN0258795,,11200.00,1851966.00
10/12/2022,10/12/2022,UPI/DR/3196859445/SURESH NAIR/SBIN0684317/suresh860@paytm,TXN0258796,310.00,,1851656.00
11/12/2022,11/12/2022,NEFT/99095644/PRAKASH RAO/SBIN0684317/18872390420465,TXN0258797,,1200.00,1852856.00
11/12/2022,12/12/2022,IMPS/P2P/2779384573/RAHUL SINGH/8792435192,TXN0258798,,32000.00,1884856.00
11/12/2022,11/12/2022,UPI/DR/1604251877/SUNITA DEVI/SBIN0684317/sunita845@ybl,TXN0258799,1680.00,,1883176.00
11/12/2022,11/12/2022,UPI/DR/92388666/KARTHIK MENON/SBIN0684317/karthik552@paytm,TXN0258800,999.00,,1882177.00
11/12/2022,11/12/2022,UPI/DR/68309636/RAHUL SINGH/SBIN0684317/rahul299@paytm,TXN0258801,249.00,,1881928.00
11/12/2022,11/12/2022,NEFT/524123543137/USHA RANI/SBIN0684317/30951685702952,TXN0258802,,4800.00,1886728.00
11/12/2022,11/12/2022,UPI/DR/8014651444/BINDHU NAIR/SBIN0684317/bindhu832@paytm,TXN0258803,3499.00,,1883229.00
11/12/2022,12/12/2022,UPI/DR/72546739/ARUN SHARMA/SBIN0684317/arun56@paytm,TXN0258804,120.00,,1883109.00
12/12/2022,13/12/2022,CHQ NO 473178 CLEARING,TXN0258805,699.00,,1882410.00
12/12/2022,12/12/2022,CASH DEPOSIT/BRANCH COUNTER/HITEC CITY HYDERABAD,TXN0258806,,1200.00,1883610.00
12/12/2022,12/12/2022,UPI/CR/941945831339/SURESH NAIR/SBIN0684317/suresh718@okhdfc,TXN0258807,,7600.00,1891210.00
12/12/2022,12/12/2022,UPI/DR/3414194308/TARA SINGH/SBIN0684317/tara370@okhdfc,TXN0258808,1250.00,,1889960.00
13/12/2022,13/12/2022,NEFT/398425930642/RAMESH GOWDA/SBIN0684317/48989293900818,TXN0258809,49.00,,1889911.00
13/12/2022,14/12/2022,ATM/WDL/82547453/HDFC ATM KORAMANGALA,TXN0258810,1680.00,,1888231.00
13/12/2022,13/12/2022,NEFT/379526678069/ANITHA KRISHNAN/SBIN0684317/70360317359933,TXN0258811,449.00,,1887782.00
13/12/2022,13/12/2022,CASH DEPOSIT/BRANCH COUNTER/HITEC CITY HYDERABAD,TXN0258812,,7600.00,1895382.00
13/12/2022,13/12/2022,ATM/WDL/149394303922/HDFC ATM KORAMANGALA,TXN0258813,249.00,,1895133.00
14/12/2022,15/12/2022,UPI/DR/80283183/KARTHIK MENON/SBIN0684317/karthik958@oksbi,TXN0258814,699.00,,1894434.00
14/12/2022,14/12/2022,UPI/CR/378643353432/AYESHA KHAN/SBIN0684317/ayesha754@ybl,TXN0258815,,32000.00,1926434.00
14/12/2022,15/12/2022,UPI/DR/724543416024/GEETA DEVI/SBIN0684317/geeta385@okhdfc,TXN0258816,79.00,,1926355.00
14/12/2022,14/12/2022,CASH DEPOSIT/BRANCH COUNTER/HITEC CITY HYDERABAD,TXN0258817,,500.00,1926855.00
14/12/2022,14/12/2022,UPI/DR/196240539228/NADIA HUSSAIN/SBIN0684317/nadia956@paytm,TXN0258818,249.00,,1926606.00
14/12/2022,14/12/2022,CHQ NO 210631 CLEARING,TXN0258819,850.00,,1925756.00
15/12/2022,15/12/2022,UPI/DR/985356158588/VENKAT RAO/SBIN0684317/venkat794@paytm,TXN0258820,699.00,,1925057.00
15/12/2022,16/12/2022,CASH DEPOSIT/BRANCH COUNTER/HITEC CITY HYDERABAD,TXN0258821,,850.00,1925907.00
15/12/2022,16/12/2022,CASH DEPOSIT/BRANCH COUNTER/HITEC CITY HYDERABAD,TXN0258822,,11200.00,1937107.00
15/12/2022,16/12/2022,UPI/CR/782947515477/ADITYA KUMAR/SBIN0684317/aditya693@oksbi,TXN0258823,,11200.00,1948307.00
16/12/2022,16/12/2022,CASH DEPOSIT/BRANCH COUNTER/HITEC CITY HYDERABAD,TXN0258824,,2500.00,1950807.00
16/12/2022,16/12/2022,CASH DEPOSIT/BRANCH COUNTER/HITEC CITY HYDERABAD,TXN0258825,,850.00,1951657.00
16/12/2022,16/12/2022,IMPS/P2P/34907559/RAVI KUMAR SHARMA/7320770345,TXN0258826,,11200.00,1962857.00
16/12/2022,16/12/2022,IMPS/P2P/83486470/MOHAN DAS/8352784815,TXN0258827,,7600.00,1970457.00
16/12/2022,17/12/2022,CHQ NO 682996 CLEARING,TXN0258828,2380.00,,1968077.00
16/12/2022,16/12/2022,UPI/DR/7360161427/LALITHA DEVI/SBIN0684317/lalitha663@paytm,TXN0258829,249.00,,1967828.00
16/12/2022,16/12/2022,CASH DEPOSIT/BRANCH COUNTER/HITEC CITY HYDERABAD,TXN0258830,,850.00,1968678.00
17/12/2022,18/12/2022,NEFT/2497278488/MEENA IYER/SBIN0684317/01935171043584,TXN0258831,,500.00,1969178.00
17/12/2022,17/12/2022,UPI/DR/11096232/MEENA IYER/SBIN0684317/meena993@okaxis,TXN0258832,49.00,,1969129.00
17/12/2022,18/12/2022,UPI/CR/113181084402/HARISH MENON/SBIN0684317/harish588@oksbi,TXN0258833,,7600.00,1976729.00
17/12/2022,17/12/2022,UPI/DR/04289812/ANITHA KRISHNAN/SBIN0684317/anitha232@oksbi,TXN0258834,699.00,,1976030.00
18/12/2022,18/12/2022,IMPS/P2P/772108307088/RAMESH PILLAI/8721086857,TXN0258835,,18500.00,1994530.00
18/12/2022,18/12/2022,CHQ NO 573191 CLEARING,TXN0258836,3499.00,,1991031.00
18/12/2022,19/12/2022,UPI/DR/188625714764/RAMESH PILLAI/SBIN0684317/ramesh510@okaxis,TXN0258837,699.00,,1990332.00
18/12/2022,19/12/2022,ATM/WDL/2064564849/CANARA ATM MYSURU,TXN0258838,999.00,,1989333.00
18/12/2022,18/12/2022,UPI/DR/4131694423/ANITHA KRISHNAN/SBIN0684317/anitha932@oksbi,TXN0258839,79.00,,1989254.00
18/12/2022,19/12/2022,UPI/DR/6986739689/USHA RANI/SBIN0684317/usha702@okhdfc,TXN0258840,3499.00,,1985755.00
18/12/2022,18/12/2022,NEFT/2156422033/HARISH MENON/SBIN0684317/76245489620206,TXN0258841,,18500.00,2004255.00
19/12/2022,20/12/2022,ATM/WDL/54337116/CANARA ATM MYSURU,TXN0258842,2380.00,,2001875.00
19/12/2022,19/12/2022,ATM/WDL/711976329385/SBI ATM JAYANAGAR BLR,TXN0258843,7800.00,,1994075.00
19/12/2022,19/12/2022,UPI/DR/7011374570/ROHIT SHARMA/SBIN0684317/rohit922@okaxis,TXN0258844,310.00,,1993765.00
19/12/2022,19/12/2022,UPI/CR/482030801368/SAVITHA DEVI/SBIN0684317/savitha700@okhdfc,TXN0258845,,24000.00,2017765.00
20/12/2022,20/12/2022,UPI/CR/00753212/RANJIT SINGH/SBIN0684317/ranjit743@oksbi,TXN0258846,,4800.00,2022565.00
20/12/2022,20/12/2022,ATM/WDL/866160530253/CANARA ATM MYSURU,TXN0258847,2380.00,,2020185.00
20/12/2022,20/12/2022,UPI/DR/460005323480/KIRAN REDDY/SBIN0684317/kiran669@paytm,TXN0258848,3499.00,,2016686.00
20/12/2022,20/12/2022,CASH DEPOSIT/BRANCH COUNTER/HITEC CITY HYDERABAD,TXN0258849,,1200.00,2017886.00
21/12/2022,22/12/2022,NEFT/88285695/VIKRAM NAIR/SBIN0684317/23444092271033,TXN0258850,850.00,,2017036.00
21/12/2022,21/12/2022,UPI/DR/3906379999/RESHMA KHAN/SBIN0684317/reshma357@okhdfc,TXN0258851,449.00,,2016587.00
21/12/2022,21/12/2022,CHQ NO 948911 CLEARING,TXN0258852,1250.00,,2015337.00
22/12/2022,22/12/2022,NEFT/54094957/ARCHANA PILLAI/SBIN0684317/14572572417911,TXN0258853,,32000.00,2047337.00
22/12/2022,22/12/2022,UPI/DR/4869439702/KAVITHA RAO/SBIN0684317/kavitha17@oksbi,TXN0258854,249.00,,2047088.00
23/12/2022,24/12/2022,CASH DEPOSIT/BRANCH COUNTER/HITEC CITY HYDERABAD,TXN0258855,,4800.00,2051888.00
23/12/2022,23/12/2022,NEFT/3110203432/SUNITA DEVI/SBIN0684317/15535907553901,TXN0258856,,32000.00,2083888.00
23/12/2022,23/12/2022,IMPS/P2P/75676055/DEEPAK JOSHI/8543640741,TXN0258857,,32000.00,2115888.00
24/12/2022,25/12/2022,UPI/DR/9286815824/TANVI RAO/SBIN0684317/tanvi130@oksbi,TXN0258858,120.00,,2115768.00
24/12/2022,24/12/2022,NEFT/110010087048/GANESH KUMAR/SBIN0684317/31812447374572,TXN0258859,,24000.00,2139768.00
24/12/2022,25/12/2022,NEFT/54714067/REKHA PILLAI/SBIN0684317/70490386639041,TXN0258860,7800.00,,2131968.00
24/12/2022,25/12/2022,UPI/DR/382588345193/MOHAN DAS/SBIN0684317/mohan565@okaxis,TXN0258861,999.00,,2130969.00
24/12/2022,24/12/2022,NEFT/5154409328/ARUN SHARMA/SBIN0684317/37900811515229,TXN0258862,79.00,,2130890.00
24/12/2022,25/12/2022,UPI/CR/134938577967/DIVYA MENON/SBIN0684317/divya174@oksbi,TXN0258863,,7600.00,2138490.00
25/12/2022,25/12/2022,IMPS/P2P/493020372278/MEENA IYER/8270341499,TXN0258864,,850.00,2139340.00
25/12/2022,25/12/2022,NEFT/8366071583/NILESH KULKARNI/SBIN0684317/53443086396462,TXN0258865,5200.00,,2134140.00
25/12/2022,25/12/2022,UPI/CR/1236964340/KAVERI MENON/SBIN0684317/kaveri640@ybl,TXN0258866,,7600.00,2141740.00
26/12/2022,26/12/2022,IMPS/P2P/45051356/VIKRAM NAIR/7218289346,TXN0258867,,11200.00,2152940.00
26/12/2022,26/12/2022,UPI/DR/709168234266/ARUN SHARMA/SBIN0684317/arun652@okhdfc,TXN0258868,1250.00,,2151690.00
26/12/2022,26/12/2022,IMPS/P2P/413031918445/SAVITHA DEVI/9792471209,TXN0258869,,500.00,2152190.00
26/12/2022,26/12/2022,NEFT/595770796071/ANITHA KRISHNAN/SBIN0684317/02831414082481,TXN0258870,,7600.00,2159790.00
26/12/2022,26/12/2022,UPI/DR/467532723844/SMITHA PILLAI/SBIN0684317/smitha234@okhdfc,TXN0258871,49.00,,2159741.00
26/12/2022,26/12/2022,CHQ NO 442509 CLEARING,TXN0258872,3499.00,,2156242.00
26/12/2022,26/12/2022,UPI/CR/452707446174/FARHAN KHAN/SBIN0684317/farhan40@okaxis,TXN0258873,,4800.00,2161042.00
27/12/2022,27/12/2022,CHQ NO 132733 CLEARING,TXN0258874,999.00,,2160043.00
27/12/2022,27/12/2022,NEFT/4405588258/LAKSHMI VENKAT/SBIN0684317/49613741972855,TXN0258875,310.00,,2159733.00
28/12/2022,28/12/2022,UPI/DR/5924200076/LALITHA DEVI/SBIN0684317/lalitha218@okaxis,TXN0258876,449.00,,2159284.00
28/12/2022,29/12/2022,ATM/WDL/981736382965/SBI ATM JAYANAGAR BLR,TXN0258877,249.00,,2159035.00
28/12/2022,28/12/2022,IMPS/P2P/12551964/NIKHIL GUPTA/8944600959,TXN0258878,,11200.00,2170235.00
28/12/2022,28/12/2022,NEFT/6551768001/KAVITHA RAO/SBIN0684317/84589981833123,TXN0258879,,11200.00,2181435.00
29/12/2022,30/12/2022,CASH DEPOSIT/BRANCH COUNTER/HITEC CITY HYDERABAD,TXN0258880,,7600.00,2189035.00
29/12/2022,29/12/2022,UPI/DR/119664636190/VINAY PATIL/SBIN0684317/vinay640@okhdfc,TXN0258881,5200.00,,2183835.00
29/12/2022,29/12/2022,UPI/DR/163958662753/DEEPAK JOSHI/SBIN0684317/deepak22@ybl,TXN0258882,5200.00,,2178635.00
29/12/2022,29/12/2022,UPI/DR/56902253/MOHAN DAS/SBIN0684317/mohan444@ybl,TXN0258883,1250.00,,2177385.00
30/12/2022,31/12/2022,UPI/DR/590559681035/BABU LAL/SBIN0684317/babu208@okaxis,TXN0258884,1680.00,,2175705.00
30/12/2022,30/12/2022,UPI/DR/39891304/USHA RANI/SBIN0684317/usha171@oksbi,TXN0258885,1250.00,,2174455.00
30/12/2022,30/12/2022,CHQ NO 572811 CLEARING,TXN0258886,79.00,,2174376.00
30/12/2022,31/12/2022,NEFT/88666831/NADIA HUSSAIN/SBIN0684317/06585632202852,TXN0258887,,18500.00,2192876.00
31/12/2022,01/01/2023,NEFT/8463877269/LAKSHMI VENKAT/SBIN0684317/45797732068189,TXN0258888,699.00,,2192177.00
31/12/2022,31/12/2022,UPI/CR/0811326708/LATHA MURTHY/SBIN0684317/latha988@okaxis,TXN0258889,,4800.00,2196977.00
31/12/2022,31/12/2022,IMPS/P2P/5231997811/SMITHA PILLAI/9072261464,TXN0258890,,4800.00,2201777.00
31/12/2022,31/12/2022,NEFT/38893816/FARHAN KHAN/SBIN0684317/85820552674573,TXN0258891,249.00,,2201528.00
31/12/2022,01/01/2023,UPI/DR/389760356750/ROHIT SHARMA/SBIN0684317/rohit986@paytm,TXN0258892,1250.00,,2200278.00
31/12/2022,31/12/2022,NEFT/9648206331/SUNITA DEVI/SBIN0684317/97010114817293,TXN0258893,850.00,,2199428.00
31/12/2022,01/01/2023,CASH DEPOSIT/BRANCH COUNTER/HITEC CITY HYDERABAD,TXN0258894,,11200.00,2210628.00
31/12/2022,01/01/2023,CHQ NO 810648 CLEARING,TXN0258895,3499.00,,2207129.00
31/12/2022,31/12/2022,UPI/DR/055106786980/TARA SINGH/SBIN0684317/tara146@oksbi,TXN0258896,1680.00,,2205449.00
01/01/2023,01/01/2023,ATM/WDL/039968615480/CANARA ATM MYSURU,TXN0258897,249.00,,2205200.00
01/01/2023,01/01/2023,ATM/WDL/85383927/SBI ATM JAYANAGAR BLR,TXN0258898,1250.00,,2203950.00
01/01/2023,01/01/2023,UPI/DR/06760946/SURESH BABU/SBIN0684317/suresh113@okhdfc,TXN0258899,1250.00,,2202700.00
02/01/2023,02/01/2023,CHQ NO 102378 CLEARING,TXN0258900,850.00,,2201850.00
02/01/2023,02/01/2023,UPI/DR/49228609/KAVYA REDDY/SBIN0684317/kavya572@okaxis,TXN0258901,2380.00,,2199470.00
02/01/2023,02/01/2023,UPI/DR/847894003654/SURESH BABU/SBIN0684317/suresh484@oksbi,TXN0258902,5200.00,,2194270.00
02/01/2023,02/01/2023,UPI/DR/57033072/BABU LAL/SBIN0684317/babu415@okhdfc,TXN0258903,5200.00,,2189070.00
02/01/2023,02/01/2023,CHQ NO 870107 CLEARING,TXN0258904,249.00,,2188821.00
02/01/2023,02/01/2023,UPI/DR/34602082/SUSHMA RAO/SBIN0684317/sushma729@ybl,TXN0258905,120.00,,2188701.00
02/01/2023,02/01/2023,CASH DEPOSIT/BRANCH COUNTER/HITEC CITY HYDERABAD,TXN0258906,,2500.00,2191201.00
02/01/2023,02/01/2023,NEFT/78987280/VIKRAM NAIR/SBIN0684317/88883681577330,TXN0258907,49.00,,2191152.00
03/01/2023,03/01/2023,UPI/DR/6057849110/CHANDAN SHARMA/SBIN0684317/chandan646@oksbi,TXN0258908,1680.00,,2189472.00
03/01/2023,03/01/2023,IMPS/P2P/066715805659/MOHAMMED IRFAN/8683545869,TXN0258909,,7600.00,2197072.00
03/01/2023,03/01/2023,CHQ NO 693125 CLEARING,TXN0258910,1250.00,,2195822.00
03/01/2023,03/01/2023,IMPS/P2P/70912708/HARISH MENON/9607952630,TXN0258911,,11200.00,2207022.00
03/01/2023,04/01/2023,UPI/CR/73135523/POOJA SHARMA/SBIN0684317/pooja438@okhdfc,TXN0258912,,4800.00,2211822.00
03/01/2023,03/01/2023,NEFT/07986275/IMRAN KHAN/SBIN0684317/92012173960702,TXN0258913,,32000.00,2243822.00
03/01/2023,03/01/2023,ATM/WDL/7851381917/SBI ATM JAYANAGAR BLR,TXN0258914,2380.00,,2241442.00
04/01/2023,04/01/2023,UPI/DR/8335108463/RAHUL SINGH/SBIN0684317/rahul116@ybl,TXN0258915,120.00,,2241322.00
04/01/2023,05/01/2023,UPI/DR/8868775311/BINDHU NAIR/SBIN0684317/bindhu812@okhdfc,TXN0258916,5200.00,,2236122.00
04/01/2023,04/01/2023,NEFT/2808089511/ANAND KUMAR/SBIN0684317/68696942749562,TXN0258917,,18500.00,2254622.00
04/01/2023,04/01/2023,UPI/CR/24829327/PRIYA NAIR/SBIN0684317/priya303@okaxis,TXN0258918,,32000.00,2286622.00
04/01/2023,04/01/2023,UPI/DR/6521985578/RANJIT SINGH/SBIN0684317/ranjit646@paytm,TXN0258919,699.00,,2285923.00
05/01/2023,05/01/2023,UPI/DR/56707505/CHANDAN SHARMA/SBIN0684317/chandan825@ybl,TXN0258920,1250.00,,2284673.00
05/01/2023,06/01/2023,CHQ NO 021797 CLEARING,TXN0258921,999.00,,2283674.00
05/01/2023,05/01/2023,ATM/WDL/45599972/SBI ATM JAYANAGAR BLR,TXN0258922,5200.00,,2278474.00
05/01/2023,05/01/2023,IMPS/P2P/3820784687/MALLIKA DAS/9103167422,TXN0258923,,32000.00,2310474.00
06/01/2023,07/01/2023,IMPS/P2P/360398917421/MALLIKA DAS/7624615658,TXN0258924,,2500.00,2312974.00
06/01/2023,06/01/2023,UPI/DR/5478382979/MEERA PILLAI/SBIN0684317/meera681@ybl,TXN0258925,999.00,,2311975.00
06/01/2023,06/01/2023,NEFT/2789091086/BABU LAL/SBIN0684317/01956165729173,TXN0258926,449.00,,2311526.00
07/01/2023,07/01/2023,UPI/DR/971085988524/FAILED/TimeOut/Sushma Rao,TXN0258927,1200.00,,2311526.00
07/01/2023,07/01/2023,NEFT/42492047/AYESHA KHAN/SBIN0684317/98023811356154,TXN0258928,,2500.00,2314026.00
07/01/2023,07/01/2023,ATM/WDL/396285067875/HDFC ATM KORAMANGALA,TXN0258929,850.00,,2313176.00
07/01/2023,07/01/2023,UPI/DR/8798181156/RESHMA KHAN/SBIN0684317/reshma966@okaxis,TXN0258930,5200.00,,2307976.00
07/01/2023,08/01/2023,CASH DEPOSIT/BRANCH COUNTER/HITEC CITY HYDERABAD,TXN0258931,,1200.00,2309176.00
07/01/2023,07/01/2023,CHQ NO 875914 CLEARING,TXN0258932,7800.00,,2301376.00
07/01/2023,07/01/2023,IMPS/P2P/08508892/VINAY PATIL/9887846698,TXN0258933,,7600.00,2308976.00
07/01/2023,07/01/2023,UPI/DR/1385410082/VENKAT RAO/SBIN0684317/venkat543@okaxis,TXN0258934,7800.00,,2301176.00
08/01/2023,08/01/2023,UPI/CR/0581173297/SAVITHA DEVI/SBIN0684317/savitha300@ybl,TXN0258935,,18500.00,2319676.00
08/01/2023,09/01/2023,IMPS/P2P/926304612539/RAVI KUMAR SHARMA/7053952145,TXN0258936,,24000.00,2343676.00
08/01/2023,08/01/2023,NEFT/523641126095/KIRAN REDDY/SBIN0684317/65599016554114,TXN0258937,,11200.00,2354876.00
08/01/2023,08/01/2023,UPI/DR/852482216754/ROHIT SHARMA/SBIN0684317/rohit78@okhdfc,TXN0258938,79.00,,2354797.00
08/01/2023,08/01/2023,NEFT/3108379260/NAVEEN KUMAR/SBIN0684317/17958260766371,TXN0258939,,4800.00,2359597.00
09/01/2023,09/01/2023,UPI/DR/2962312902/RAMESH PILLAI/SBIN0684317/ramesh800@paytm,TXN0258940,49.00,,2359548.00
09/01/2023,09/01/2023,UPI/DR/38941309/SHEELA DEVI/SBIN0684317/sheela220@oksbi,TXN0258941,449.00,,2359099.00
09/01/2023,09/01/2023,UPI/DR/4177172643/RANJIT SINGH/SBIN0684317/ranjit307@okaxis,TXN0258942,120.00,,2358979.00
09/01/2023,09/01/2023,CASH DEPOSIT/BRANCH COUNTER/HITEC CITY HYDERABAD,TXN0258943,,7600.00,2366579.00
09/01/2023,09/01/2023,ATM/WDL/6576450161/SBI ATM JAYANAGAR BLR,TXN0258944,699.00,,2365880.00
09/01/2023,09/01/2023,CASH DEPOSIT/BRANCH COUNTER/HITEC CITY HYDERABAD,TXN0258945,,32000.00,2397880.00
09/01/2023,09/01/2023,CHQ NO 007225 CLEARING,TXN0258946,7800.00,,2390080.00
10/01/2023,11/01/2023,ATM/WDL/9915133748/CANARA ATM MYSURU,TXN0258947,2380.00,,2387700.00
10/01/2023,10/01/2023,NEFT/461243989087/GEETA DEVI/SBIN0684317/56350403641032,TXN0258948,1680.00,,2386020.00
10/01/2023,11/01/2023,UPI/CR/70284918/BINDHU NAIR/SBIN0684317/bindhu785@paytm,TXN0258949,,24000.00,2410020.00
10/01/2023,10/01/2023,UPI/DR/82322355/KIRAN REDDY/SBIN0684317/kiran830@oksbi,TXN0258950,120.00,,2409900.00
11/01/2023,12/01/2023,ATM/WDL/066094781119/HDFC ATM KORAMANGALA,TXN0258951,999.00,,2408901.00
11/01/2023,11/01/2023,ATM/WDL/5944008387/CANARA ATM MYSURU,TXN0258952,449.00,,2408452.00
11/01/2023,11/01/2023,UPI/DR/41410084/KAVITHA RAO/SBIN0684317/kavitha457@ybl,TXN0258953,850.00,,2407602.00
11/01/2023,12/01/2023,UPI/DR/716522141180/PADMA RAO/SBIN0684317/padma277@okhdfc,TXN0258954,1680.00,,2405922.00
11/01/2023,11/01/2023,UPI/DR/3081196464/RESHMA KHAN/SBIN0684317/reshma413@paytm,TXN0258955,49.00,,2405873.00
12/01/2023,13/01/2023,UPI/DR/389852333500/VENKAT RAO/SBIN0684317/venkat696@okhdfc,TXN0258956,999.00,,2404874.00
12/01/2023,12/01/2023,NEFT/45801452/NILESH KULKARNI/SBIN0684317/65052927578434,TXN0258957,2380.00,,2402494.00
12/01/2023,12/01/2023,CASH DEPOSIT/BRANCH COUNTER/HITEC CITY HYDERABAD,TXN0258958,,4800.00,2407294.00
13/01/2023,14/01/2023,UPI/CR/293484756673/REKHA PILLAI/SBIN0684317/rekha536@okaxis,TXN0258959,,11200.00,2418494.00
13/01/2023,14/01/2023,ATM/WDL/270007451277/CANARA ATM MYSURU,TXN0258960,449.00,,2418045.00
13/01/2023,13/01/2023,NEFT/983610175258/FATIMA SHEIKH/SBIN0684317/00753937434244,TXN0258961,,18500.00,2436545.00
14/01/2023,14/01/2023,UPI/DR/366869997730/MALLIKA DAS/SBIN0684317/mallika100@okaxis,TXN0258962,3499.00,,2433046.00
14/01/2023,14/01/2023,CASH DEPOSIT/BRANCH COUNTER/HITEC CITY HYDERABAD,TXN0258963,,11200.00,2444246.00
14/01/2023,14/01/2023,CASH DEPOSIT/BRANCH COUNTER/HITEC CITY HYDERABAD,TXN0258964,,32000.00,2476246.00
15/01/2023,15/01/2023,NEFT/27444320/ARUN SHARMA/SBIN0684317/31568632571257,TXN0258965,,11200.00,2487446.00
15/01/2023,15/01/2023,UPI/CR/8845332060/GEETA DEVI/SBIN0684317/geeta712@paytm,TXN0258966,,500.00,2487946.00
15/01/2023,15/01/2023,UPI/CR/016536630508/GOPAL VERMA/SBIN0684317/gopal317@okhdfc,TXN0258967,,4800.00,2492746.00
16/01/2023,16/01/2023,NEFT/937910621419/LAKSHMI VENKAT/SBIN0684317/91138798305563,TXN0258968,,7600.00,2500346.00
16/01/2023,17/01/2023,UPI/DR/50587335/RAVI KUMAR SHARMA/SBIN0684317/ravi964@oksbi,TXN0258969,79.00,,2500267.00
16/01/2023,16/01/2023,UPI/CR/7484729184/PREETHI IYER/SBIN0684317/preethi504@paytm,TXN0258970,,24000.00,2524267.00
16/01/2023,17/01/2023,IMPS/P2P/56055112/LAKSHMI VENKAT/7776623121,TXN0258971,,24000.00,2548267.00
16/01/2023,17/01/2023,CHQ NO 279900 CLEARING,TXN0258972,3499.00,,2544768.00
16/01/2023,16/01/2023,UPI/DR/315711345350/SANJANA HEGDE/SBIN0684317/sanjana739@ybl,TXN0258973,2380.00,,2542388.00
16/01/2023,16/01/2023,UPI/CR/9391258584/POOJA SHARMA/SBIN0684317/pooja814@paytm,TXN0258974,,2500.00,2544888.00
17/01/2023,17/01/2023,UPI/DR/5298711299/ARJUN MEHTA/SBIN0684317/arjun838@ybl,TXN0258975,79.00,,2544809.00
17/01/2023,17/01/2023,IMPS/P2P/8531021269/PRIYA NAIR/8186136284,TXN0258976,,18500.00,2563309.00
17/01/2023,17/01/2023,UPI/CR/248294309315/SUNITA DEVI/SBIN0684317/sunita743@paytm,TXN0258977,,850.00,2564159.00
17/01/2023,17/01/2023,NEFT/00229689/SANJANA HEGDE/SBIN0684317/80976296091385,TXN0258978,850.00,,2563309.00
18/01/2023,18/01/2023,IMPS/P2P/58046520/SANTOSH KUMAR/8692137322,TXN0258979,,11200.00,2574509.00
19/01/2023,20/01/2023,UPI/DR/955539407811/RAJESH VERMA/SBIN0684317/rajesh261@okaxis,TXN0258980,850.00,,2573659.00
19/01/2023,19/01/2023,UPI/CR/584174583388/SMITHA PILLAI/SBIN0684317/smitha566@okhdfc,TXN0258981,,18500.00,2592159.00
19/01/2023,20/01/2023,UPI/CR/422008406910/ROHIT SHARMA/SBIN0684317/rohit618@okhdfc,TXN0258982,,1200.00,2593359.00
19/01/2023,19/01/2023,IMPS/P2P/03470703/SHEELA DEVI/7497492501,TXN0258983,,850.00,2594209.00
19/01/2023,19/01/2023,UPI/DR/229041217501/DIVYA MENON/SBIN0684317/divya12@ybl,TXN0258984,120.00,,2594089.00
19/01/2023,20/01/2023,IMPS/P2P/538581968728/VIKRAM NAIR/8303559572,TXN0258985,,850.00,2594939.00
20/01/2023,20/01/2023,UPI/CR/8619559704/CHANDAN SHARMA/SBIN0684317/chandan939@oksbi,TXN0258986,,24000.00,2618939.00
20/01/2023,20/01/2023,UPI/CR/05569656/DEEPAK JOSHI/SBIN0684317/deepak587@okaxis,TXN0258987,,7600.00,2626539.00
20/01/2023,20/01/2023,IMPS/P2P/751356746836/SAVITHA DEVI/8429751628,TXN0258988,,500.00,2627039.00
20/01/2023,20/01/2023,UPI/DR/8658876829/FATIMA SHEIKH/SBIN0684317/fatima250@okaxis,TXN0258989,2380.00,,2624659.00
21/01/2023,22/01/2023,UPI/CR/06109614/RESHMA KHAN/SBIN0684317/reshma789@ybl,TXN0258990,,500.00,2625159.00
21/01/2023,21/01/2023,UPI/DR/501362711082/USHA RANI/SBIN0684317/usha458@paytm,TXN0258991,2380.00,,2622779.00
21/01/2023,22/01/2023,ATM/WDL/75004764/CANARA ATM MYSURU,TXN0258992,79.00,,2622700.00
21/01/2023,21/01/2023,UPI/DR/852328435122/RAJENDRA PRASAD/SBIN0684317/rajendra311@okhdfc,TXN0258993,1680.00,,2621020.00
21/01/2023,21/01/2023,ATM/WDL/25702840/CANARA ATM MYSURU,TXN0258994,5200.00,,2615820.00
22/01/2023,22/01/2023,NEFT/50027718/HARISH MENON/SBIN0684317/97552437863898,TXN0258995,7800.00,,2608020.00
22/01/2023,23/01/2023,CHQ NO 139664 CLEARING,TXN0258996,850.00,,2607170.00
22/01/2023,23/01/2023,UPI/DR/81387175/TANVI RAO/SBIN0684317/tanvi254@oksbi,TXN0258997,699.00,,2606471.00
23/01/2023,23/01/2023,UPI/DR/98714987/MEENA IYER/SBIN0684317/meena44@oksbi,TXN0258998,2380.00,,2604091.00
23/01/2023,23/01/2023,NEFT/2511752034/SUSHMA RAO/SBIN0684317/66264356142689,TXN0258999,79.00,,2604012.00
23/01/2023,24/01/2023,CHQ NO 657050 CLEARING,TXN0259000,3499.00,,2600513.00
24/01/2023,25/01/2023,UPI/DR/94552128/ANAND KUMAR/SBIN0684317/anand530@okaxis,TXN0259001,1250.00,,2599263.00
24/01/2023,25/01/2023,UPI/DR/28779190/LALITHA DEVI/SBIN0684317/lalitha412@ybl,TXN0259002,1680.00,,2597583.00
24/01/2023,25/01/2023,CHQ NO 358395 CLEARING,TXN0259003,850.00,,2596733.00
24/01/2023,24/01/2023,CHQ NO 509293 CLEARING,TXN0259004,1250.00,,2595483.00
24/01/2023,24/01/2023,UPI/DR/79602896/RAJENDRA PRASAD/SBIN0684317/rajendra939@oksbi,TXN0259005,850.00,,2594633.00
24/01/2023,24/01/2023,NEFT/07244817/RAJESH VERMA/SBIN0684317/84040265824664,TXN0259006,7800.00,,2586833.00
24/01/2023,25/01/2023,UPI/DR/2704352304/SUSHMA RAO/SBIN0684317/sushma721@okhdfc,TXN0259007,5200.00,,2581633.00
24/01/2023,24/01/2023,UPI/DR/3141665276/VENKAT RAO/SBIN0684317/venkat24@okhdfc,TXN0259008,120.00,,2581513.00
25/01/2023,25/01/2023,UPI/DR/532993331152/NAVEEN KUMAR/SBIN0684317/naveen480@oksbi,TXN0259009,249.00,,2581264.00
25/01/2023,25/01/2023,NEFT/08227286/GANESH KUMAR/SBIN0684317/44848256173327,TXN0259010,,1200.00,2582464.00
25/01/2023,26/01/2023,UPI/DR/19295904/AYESHA KHAN/SBIN0684317/ayesha646@ybl,TXN0259011,5200.00,,2577264.00
26/01/2023,26/01/2023,NEFT/478839507794/SUNIL YADAV/SBIN0684317/22230949167522,TXN0259012,3499.00,,2573765.00
26/01/2023,26/01/2023,CASH DEPOSIT/BRANCH COUNTER/HITEC CITY HYDERABAD,TXN0259013,,7600.00,2581365.00
27/01/2023,27/01/2023,UPI/DR/8672481909/BABU LAL/SBIN0684317/babu360@okhdfc,TXN0259014,449.00,,2580916.00
27/01/2023,27/01/2023,CHQ NO 645813 CLEARING,TXN0259015,49.00,,2580867.00
27/01/2023,27/01/2023,CHQ NO 042896 CLEARING,TXN0259016,310.00,,2580557.00
27/01/2023,27/01/2023,CHQ NO 976965 CLEARING,TXN0259017,7800.00,,2572757.00
27/01/2023,28/01/2023,CHQ NO 327031 CLEARING,TXN0259018,5200.00,,2567557.00
27/01/2023,27/01/2023,CHQ NO 011865 CLEARING,TXN0259019,449.00,,2567108.00
27/01/2023,27/01/2023,UPI/DR/0749264233/MOHAMMED IRFAN/SBIN0684317/mohammed295@paytm,TXN0259020,2380.00,,2564728.00
27/01/2023,27/01/2023,UPI/DR/096595835955/DEEPA NAIR/SBIN0684317/deepa366@okhdfc,TXN0259021,2380.00,,2562348.00
27/01/2023,28/01/2023,IMPS/P2P/3282439259/MEERA PILLAI/9598389731,TXN0259022,,7600.00,2569948.00
28/01/2023,28/01/2023,UPI/DR/20540935/VENKAT RAO/SBIN0684317/venkat29@okaxis,TXN0259023,49.00,,2569899.00
28/01/2023,28/01/2023,IMPS/P2P/5582719347/KAVITHA RAO/7412391373,TXN0259024,,1200.00,2571099.00
28/01/2023,28/01/2023,NEFT/5907310465/RAJESH VERMA/SBIN0684317/69679979998248,TXN0259025,,7600.00,2578699.00
28/01/2023,29/01/2023,ATM/WDL/50145394/SBI ATM JAYANAGAR BLR,TXN0259026,120.00,,2578579.00
29/01/2023,30/01/2023,UPI/CR/6010973424/SURESH NAIR/SBIN0684317/suresh485@okaxis,TXN0259027,,4800.00,2583379.00
29/01/2023,29/01/2023,NEFT/29918724/ROHIT SHARMA/SBIN0684317/98589068667720,TXN0259028,2380.00,,2580999.00
29/01/2023,29/01/2023,UPI/DR/562343905358/DEEPA NAIR/SBIN0684317/deepa811@ybl,TXN0259029,49.00,,2580950.00
30/01/2023,30/01/2023,CASH DEPOSIT/BRANCH COUNTER/HITEC CITY HYDERABAD,TXN0259030,,2500.00,2583450.00
30/01/2023,31/01/2023,NEFT/4436684949/KARTHIK MENON/SBIN0684317/21577985511661,TXN0259031,,18500.00,2601950.00
30/01/2023,30/01/2023,IMPS/P2P/24303937/RESHMA KHAN/8971202827,TXN0259032,,18500.00,2620450.00
31/01/2023,31/01/2023,UPI/CR/912935198933/USHA RANI/SBIN0684317/usha148@oksbi,TXN0259033,,32000.00,2652450.00
31/01/2023,31/01/2023,UPI/DR/4707686244/KIRAN REDDY/SBIN0684317/kiran773@oksbi,TXN0259034,310.00,,2652140.00
31/01/2023,31/01/2023,ATM/WDL/3422783831/CANARA ATM MYSURU,TXN0259035,79.00,,2652061.00
31/01/2023,31/01/2023,NEFT/28510229/VINAY PATIL/SBIN0684317/55351413755474,TXN0259036,,32000.00,2684061.00
31/01/2023,31/01/2023,ATM/WDL/549330412936/SBI ATM JAYANAGAR BLR,TXN0259037,999.00,,2683062.00
01/02/2023,01/02/2023,NEFT/927584466476/SNEHA PATIL/SBIN0684317/98202663491279,TXN0259038,,4800.00,2687862.00
01/02/2023,01/02/2023,ATM/WDL/6280822745/HDFC ATM KORAMANGALA,TXN0259039,999.00,,2686863.00
01/02/2023,01/02/2023,UPI/DR/066428158675/SANTOSH KUMAR/SBIN0684317/santosh136@paytm,TXN0259040,449.00,,2686414.00
01/02/2023,02/02/2023,IMPS/P2P/299418407446/SUSHMA RAO/8737151206,TXN0259041,,32000.00,2718414.00
01/02/2023,01/02/2023,NEFT/2229898205/DIVYA MENON/SBIN0684317/20696868840618,TXN0259042,449.00,,2717965.00
01/02/2023,02/02/2023,NEFT/18440395/SAVITHA DEVI/SBIN0684317/27858923349005,TXN0259043,,2500.00,2720465.00
02/02/2023,02/02/2023,UPI/DR/21576951/RAVI KUMAR SHARMA/SBIN0684317/ravi996@okhdfc,TXN0259044,850.00,,2719615.00
02/02/2023,02/02/2023,UPI/DR/766309573632/KAVITHA RAO/SBIN0684317/kavitha371@ybl,TXN0259045,7800.00,,2711815.00
02/02/2023,02/02/2023,ATM/WDL/7149845289/HDFC ATM KORAMANGALA,TXN0259046,1250.00,,2710565.00
02/02/2023,02/02/2023,UPI/DR/750007055456/DIVYA MENON/SBIN0684317/divya464@ybl,TXN0259047,449.00,,2710116.00
02/02/2023,02/02/2023,IMPS/P2P/20710316/FATIMA SHEIKH/8037310887,TXN0259048,,11200.00,2721316.00
02/02/2023,02/02/2023,NEFT/061286607942/PREETHI IYER/SBIN0684317/79083393948378,TXN0259049,,500.00,2721816.00
02/02/2023,03/02/2023,UPI/DR/78249879/ADITYA KUMAR/SBIN0684317/aditya789@okhdfc,TXN0259050,79.00,,2721737.00
02/02/2023,03/02/2023,UPI/DR/6609572766/SURESH BABU/SBIN0684317/suresh35@oksbi,TXN0259051,699.00,,2721038.00
03/02/2023,03/02/2023,NEFT/3705540183/SUSHMA RAO/SBIN0684317/51106239228298,TXN0259052,,24000.00,2745038.00
03/02/2023,03/02/2023,UPI/CR/43542320/LALITHA DEVI/SBIN0684317/lalitha698@oksbi,TXN0259053,,1200.00,2746238.00
04/02/2023,04/02/2023,UPI/DR/7786996970/SANTOSH KUMAR/SBIN0684317/santosh906@paytm,TXN0259054,2380.00,,2743858.00
04/02/2023,05/02/2023,NEFT/41152251/ARCHANA PILLAI/SBIN0684317/24963543374860,TXN0259055,,7600.00,2751458.00
04/02/2023,04/02/2023,NEFT/6892325910/BABU LAL/SBIN0684317/06759940341129,TXN0259056,,11200.00,2762658.00
04/02/2023,04/02/2023,UPI/DR/9796226328/RAMESH PILLAI/SBIN0684317/ramesh839@ybl,TXN0259057,3499.00,,2759159.00
05/02/2023,05/02/2023,UPI/CR/694306448348/SNEHA PATIL/SBIN0684317/sneha572@oksbi,TXN0259058,,2500.00,2761659.00
05/02/2023,06/02/2023,ATM/WDL/12096682/CANARA ATM MYSURU,TXN0259059,310.00,,2761349.00
05/02/2023,05/02/2023,CASH DEPOSIT/BRANCH COUNTER/HITEC CITY HYDERABAD,TXN0259060,,1200.00,2762549.00
05/02/2023,05/02/2023,IMPS/P2P/14258269/LALITHA DEVI/8574542994,TXN0259061,,11200.00,2773749.00
05/02/2023,06/02/2023,NEFT/1265636817/VINAY PATIL/SBIN0684317/26083408536452,TXN0259062,49.00,,2773700.00
05/02/2023,05/02/2023,CASH DEPOSIT/BRANCH COUNTER/HITEC CITY HYDERABAD,TXN0259063,,1200.00,2774900.00
06/02/2023,06/02/2023,IMPS/P2P/88614500/MOHAMMED IRFAN/9370011261,TXN0259064,,4800.00,2779700.00
06/02/2023,06/02/2023,ATM/WDL/387665705091/SBI ATM JAYANAGAR BLR,TXN0259065,850.00,,2778850.00
06/02/2023,06/02/2023,NEFT/98787512/RAJESH VERMA/SBIN0684317/97851571079962,TXN0259066,,850.00,2779700.00
06/02/2023,07/02/2023,UPI/CR/949754447260/DIVYA MENON/SBIN0684317/divya779@okhdfc,TXN0259067,,2500.00,2782200.00
06/02/2023,07/02/2023,NEFT/227049735638/ANITHA KRISHNAN/SBIN0684317/91922241015116,TXN0259068,249.00,,2781951.00
06/02/2023,06/02/2023,IMPS/P2P/6741518878/ARUN SHARMA/8804256203,TXN0259069,,7600.00,2789551.00
06/02/2023,06/02/2023,UPI/DR/73405481/VENKAT RAO/SBIN0684317/venkat715@ybl,TXN0259070,7800.00,,2781751.00
07/02/2023,07/02/2023,UPI/DR/336077726442/GEETA DEVI/SBIN0684317/geeta837@okhdfc,TXN0259071,49.00,,2781702.00
07/02/2023,07/02/2023,IMPS/P2P/57034930/PRAKASH RAO/9072884662,TXN0259072,,7600.00,2789302.00
07/02/2023,07/02/2023,IMPS/P2P/931019703226/RAMESH PILLAI/7769168437,TXN0259073,,1200.00,2790502.00
07/02/2023,08/02/2023,UPI/CR/046087358108/MALLIKA DAS/SBIN0684317/mallika282@okaxis,TXN0259074,,1200.00,2791702.00
08/02/2023,08/02/2023,ATM/WDL/52426114/CANARA ATM MYSURU,TXN0259075,120.00,,2791582.00
08/02/2023,08/02/2023,IMPS/P2P/772625244667/RESHMA KHAN/8102743664,TXN0259076,,7600.00,2799182.00
08/02/2023,09/02/2023,NEFT/8244991042/RAJESH VERMA/SBIN0684317/60713378833361,TXN0259077,249.00,,2798933.00
08/02/2023,08/02/2023,UPI/CR/088288784772/MEENA IYER/SBIN0684317/meena576@oksbi,TXN0259078,,11200.00,2810133.00
08/02/2023,08/02/2023,UPI/DR/56774479/PRIYA NAIR/SBIN0684317/priya658@oksbi,TXN0259079,850.00,,2809283.00
08/02/2023,08/02/2023,NEFT/980396147587/RAVI KUMAR SHARMA/SBIN0684317/95315289521996,TXN0259080,,7600.00,2816883.00
08/02/2023,09/02/2023,NEFT/8750180616/SURESH BABU/SBIN0684317/84928857021134,TXN0259081,49.00,,2816834.00
08/02/2023,09/02/2023,UPI/DR/59097045/PREETHI IYER/SBIN0684317/preethi265@ybl,TXN0259082,1680.00,,2815154.00
09/02/2023,09/02/2023,UPI/DR/3962862700/MOHAMMED IRFAN/SBIN0684317/mohammed422@okaxis,TXN0259083,49.00,,2815105.00
09/02/2023,09/02/2023,NEFT/744801884853/RESHMA KHAN/SBIN0684317/10629007768095,TXN0259084,,7600.00,2822705.00
09/02/2023,09/02/2023,UPI/DR/0245320308/SNEHA PATIL/SBIN0684317/sneha854@okaxis,TXN0259085,79.00,,2822626.00
09/02/2023,10/02/2023,UPI/DR/675217782679/FARHAN KHAN/SBIN0684317/farhan515@paytm,TXN0259086,310.00,,2822316.00
09/02/2023,10/02/2023,NEFT/2628378176/SUSHMA RAO/SBIN0684317/42144450574613,TXN0259087,,4800.00,2827116.00
09/02/2023,09/02/2023,IMPS/P2P/12995208/POOJA SHARMA/9407422839,TXN0259088,,500.00,2827616.00
09/02/2023,09/02/2023,UPI/DR/769015308030/RAJESH VERMA/SBIN0684317/rajesh522@oksbi,TXN0259089,699.00,,2826917.00
10/02/2023,11/02/2023,NEFT/627689826153/SURESH BABU/SBIN0684317/81107928403849,TXN0259090,310.00,,2826607.00
10/02/2023,10/02/2023,UPI/DR/5941758577/SUNITA DEVI/SBIN0684317/sunita302@paytm,TXN0259091,2380.00,,2824227.00
10/02/2023,10/02/2023,CASH DEPOSIT/BRANCH COUNTER/HITEC CITY HYDERABAD,TXN0259092,,11200.00,2835427.00
10/02/2023,11/02/2023,CHQ NO 606722 CLEARING,TXN0259093,999.00,,2834428.00
11/02/2023,11/02/2023,UPI/CR/9674192981/ROHIT SHARMA/SBIN0684317/rohit94@ybl,TXN0259094,,850.00,2835278.00
11/02/2023,12/02/2023,NEFT/2427295397/SHAHID KHAN/SBIN0684317/20148129838244,TXN0259095,5200.00,,2830078.00
11/02/2023,11/02/2023,UPI/DR/04521757/GANESH KUMAR/SBIN0684317/ganesh194@ybl,TXN0259096,1680.00,,2828398.00
11/02/2023,11/02/2023,CHQ NO 528965 CLEARING,TXN0259097,310.00,,2828088.00
12/02/2023,12/02/2023,UPI/DR/2990707312/SNEHA PATIL/SBIN0684317/sneha177@ybl,TXN0259098,1680.00,,2826408.00
12/02/2023,12/02/2023,CHQ NO 053973 CLEARING,TXN0259099,699.00,,2825709.00
12/02/2023,12/02/2023,NEFT/536178218800/ARUN SHARMA/SBIN0684317/90249214745572,TXN0259100,699.00,,2825010.00
12/02/2023,12/02/2023,UPI/DR/8829078044/KAVITHA RAO/SBIN0684317/kavitha970@okaxis,TXN0259101,310.00,,2824700.00
12/02/2023,12/02/2023,CASH DEPOSIT/BRANCH COUNTER/HITEC CITY HYDERABAD,TXN0259102,,11200.00,2835900.00
12/02/2023,12/02/2023,UPI/DR/7073747129/MOHAMMED IRFAN/SBIN0684317/mohammed893@paytm,TXN0259103,2380.00,,2833520.00
12/02/2023,12/02/2023,CASH DEPOSIT/BRANCH COUNTER/HITEC CITY HYDERABAD,TXN0259104,,2500.00,2836020.00
13/02/2023,13/02/2023,UPI/DR/87664522/HARISH MENON/SBIN0684317/harish113@okaxis,TXN0259105,999.00,,2835021.00
13/02/2023,13/02/2023,ATM/WDL/9798780007/CANARA ATM MYSURU,TXN0259106,850.00,,2834171.00
13/02/2023,14/02/2023,UPI/CR/781845997128/KAVERI MENON/SBIN0684317/kaveri165@okhdfc,TXN0259107,,850.00,2835021.00
13/02/2023,14/02/2023,ATM/WDL/76741449/SBI ATM JAYANAGAR BLR,TXN0259108,249.00,,2834772.00
13/02/2023,13/02/2023,IMPS/P2P/094530440067/RAVI KUMAR SHARMA/8419816368,TXN0259109,,850.00,2835622.00
13/02/2023,14/02/2023,NEFT/96947220/MOHAN DAS/SBIN0684317/96676643583751,TXN0259110,1250.00,,2834372.00
13/02/2023,13/02/2023,IMPS/P2P/2715371324/NILESH KULKARNI/8038368408,TXN0259111,,18500.00,2852872.00
14/02/2023,15/02/2023,UPI/CR/2198325143/MEENA IYER/SBIN0684317/meena544@okhdfc,TXN0259112,,4800.00,2857672.00
14/02/2023,14/02/2023,ATM/WDL/878714158289/SBI ATM JAYANAGAR BLR,TXN0259113,1680.00,,2855992.00
14/02/2023,14/02/2023,UPI/DR/996701940502/SURESH NAIR/SBIN0684317/suresh115@oksbi,TXN0259114,49.00,,2855943.00
14/02/2023,14/02/2023,UPI/DR/900278977513/RAJESH VERMA/SBIN0684317/rajesh674@paytm,TXN0259115,79.00,,2855864.00
14/02/2023,15/02/2023,CASH DEPOSIT/BRANCH COUNTER/HITEC CITY HYDERABAD,TXN0259116,,32000.00,2887864.00
14/02/2023,15/02/2023,UPI/DR/0984390128/NIKHIL GUPTA/SBIN0684317/nikhil69@okhdfc,TXN0259117,120.00,,2887744.00
15/02/2023,16/02/2023,UPI/CR/090125994645/AYESHA KHAN/SBIN0684317/ayesha605@okaxis,TXN0259118,,7600.00,2895344.00
15/02/2023,15/02/2023,UPI/CR/350726961169/ARUN SHARMA/SBIN0684317/arun963@ybl,TXN0259119,,2500.00,2897844.00
15/02/2023,15/02/2023,UPI/DR/2884099566/VENKAT RAO/SBIN0684317/venkat755@okhdfc,TXN0259120,5200.00,,2892644.00
15/02/2023,15/02/2023,UPI/DR/3698888815/SANJANA HEGDE/SBIN0684317/sanjana365@oksbi,TXN0259121,699.00,,2891945.00
15/02/2023,15/02/2023,CASH DEPOSIT/BRANCH COUNTER/HITEC CITY HYDERABAD,TXN0259122,,18500.00,2910445.00
15/02/2023,16/02/2023,ATM/WDL/13032255/HDFC ATM KORAMANGALA,TXN0259123,2380.00,,2908065.00
15/02/2023,16/02/2023,UPI/DR/07735044/SNEHA PATIL/SBIN0684317/sneha464@ybl,TXN0259124,3499.00,,2904566.00
15/02/2023,15/02/2023,CASH DEPOSIT/BRANCH COUNTER/HITEC CITY HYDERABAD,TXN0259125,,1200.00,2905766.00
16/02/2023,16/02/2023,CHQ NO 209414 CLEARING,TXN0259126,1680.00,,2904086.00
16/02/2023,16/02/2023,CHQ NO 790445 CLEARING,TXN0259127,449.00,,2903637.00
16/02/2023,16/02/2023,CHQ NO 375986 CLEARING,TXN0259128,310.00,,2903327.00
16/02/2023,17/02/2023,NEFT/507494563437/MOHAN DAS/SBIN0684317/16094891062907,TXN0259129,449.00,,2902878.00
17/02/2023,17/02/2023,UPI/DR/685802737407/AYESHA KHAN/SBIN0684317/ayesha805@ybl,TXN0259130,1680.00,,2901198.00
17/02/2023,18/02/2023,UPI/DR/510244635482/ARCHANA PILLAI/SBIN0684317/archana978@okhdfc,TXN0259131,49.00,,2901149.00
17/02/2023,18/02/2023,NEFT/24021148/NAVEEN KUMAR/SBIN0684317/16323216787255,TXN0259132,,850.00,2901999.00
17/02/2023,17/02/2023,UPI/DR/29489028/ROHIT SHARMA/SBIN0684317/rohit606@okhdfc,TXN0259133,1250.00,,2900749.00
18/02/2023,18/02/2023,IMPS/P2P/9562988409/SURESH NAIR/9163072690,TXN0259134,,24000.00,2924749.00
18/02/2023,18/02/2023,UPI/CR/64097731/SURESH BABU/SBIN0684317/suresh442@oksbi,TXN0259135,,24000.00,2948749.00
18/02/2023,19/02/2023,CHQ NO 802472 CLEARING,TXN0259136,49.00,,2948700.00
19/02/2023,20/02/2023,UPI/CR/511249229092/SHAHID KHAN/SBIN0684317/shahid972@oksbi,TXN0259137,,2500.00,2951200.00
19/02/2023,19/02/2023,UPI/DR/46455824/MOHAN DAS/SBIN0684317/mohan241@okaxis,TXN0259138,3499.00,,2947701.00
19/02/2023,19/02/2023,UPI/CR/094306570336/SURESH NAIR/SBIN0684317/suresh184@okaxis,TXN0259139,,850.00,2948551.00
19/02/2023,19/02/2023,UPI/CR/15052873/DEEPAK JOSHI/SBIN0684317/deepak803@paytm,TXN0259140,,1200.00,2949751.00
20/02/2023,20/02/2023,ATM/WDL/0469244053/CANARA ATM MYSURU,TXN0259141,79.00,,2949672.00
20/02/2023,21/02/2023,UPI/DR/688745995945/PADMA RAO/SBIN0684317/padma37@okaxis,TXN0259142,3499.00,,2946173.00
20/02/2023,20/02/2023,CHQ NO 498281 CLEARING,TXN0259143,310.00,,2945863.00
21/02/2023,21/02/2023,UPI/DR/19795507/SHEELA DEVI/SBIN0684317/sheela593@oksbi,TXN0259144,5200.00,,2940663.00
21/02/2023,21/02/2023,UPI/DR/1488031511/GOPAL VERMA/SBIN0684317/gopal957@okaxis,TXN0259145,699.00,,2939964.00
22/02/2023,23/02/2023,UPI/DR/481042601892/DEEPAK JOSHI/SBIN0684317/deepak124@okhdfc,TXN0259146,7800.00,,2932164.00
22/02/2023,22/02/2023,IMPS/P2P/60172127/LATHA MURTHY/8182612621,TXN0259147,,32000.00,2964164.00
22/02/2023,22/02/2023,ATM/WDL/538146468476/HDFC ATM KORAMANGALA,TXN0259148,120.00,,2964044.00
22/02/2023,22/02/2023,CHQ NO 120006 CLEARING,TXN0259149,2380.00,,2961664.00
22/02/2023,23/02/2023,NEFT/156066262581/RESHMA KHAN/SBIN0684317/82868342400401,TXN0259150,3499.00,,2958165.00
22/02/2023,23/02/2023,UPI/DR/362829261371/FAILED/TimeOut/Ganesh Kumar,TXN0259151,1200.00,,2958165.00
23/02/2023,24/02/2023,UPI/DR/59061711/RESHMA KHAN/SBIN0684317/reshma338@oksbi,TXN0259152,1680.00,,2956485.00
23/02/2023,24/02/2023,UPI/CR/2693070544/RAJENDRA PRASAD/SBIN0684317/rajendra666@okhdfc,TXN0259153,,500.00,2956985.00
23/02/2023,23/02/2023,CHQ NO 728135 CLEARING,TXN0259154,7800.00,,2949185.00
23/02/2023,23/02/2023,CHQ NO 718360 CLEARING,TXN0259155,999.00,,2948186.00
23/02/2023,23/02/2023,NEFT/439248779059/LAKSHMI VENKAT/SBIN0684317/28863051763887,TXN0259156,699.00,,2947487.00
24/02/2023,24/02/2023,UPI/DR/028068391694/SUNITA DEVI/SBIN0684317/sunita125@ybl,TXN0259157,999.00,,2946488.00
24/02/2023,25/02/2023,UPI/DR/3780077913/MEENA IYER/SBIN0684317/meena755@okaxis,TXN0259158,1250.00,,2945238.00
24/02/2023,24/02/2023,NEFT/767675104803/GOPAL VERMA/SBIN0684317/91620519254198,TXN0259159,120.00,,2945118.00
24/02/2023,25/02/2023,IMPS/P2P/52264780/CHANDAN SHARMA/9750570164,TXN0259160,,1200.00,2946318.00
24/02/2023,24/02/2023,IMPS/P2P/4980570413/ARUN SHARMA/8477132612,TXN0259161,,1200.00,2947518.00
24/02/2023,24/02/2023,UPI/DR/8689209755/TANVI RAO/SBIN0684317/tanvi416@okaxis,TXN0259162,249.00,,2947269.00
24/02/2023,24/02/2023,UPI/DR/48354413/LATHA MURTHY/SBIN0684317/latha732@okaxis,TXN0259163,5200.00,,2942069.00
24/02/2023,24/02/2023,IMPS/P2P/62593005/FATIMA SHEIKH/9818472168,TXN0259164,,18500.00,2960569.00
25/02/2023,26/02/2023,CHQ NO 581959 CLEARING,TXN0259165,310.00,,2960259.00
25/02/2023,25/02/2023,CASH DEPOSIT/BRANCH COUNTER/HITEC CITY HYDERABAD,TXN0259166,,24000.00,2984259.00
25/02/2023,26/02/2023,UPI/DR/80895185/VINAY PATIL/SBIN0684317/vinay964@okaxis,TXN0259167,699.00,,2983560.00
25/02/2023,25/02/2023,ATM/WDL/208632549705/CANARA ATM MYSURU,TXN0259168,249.00,,2983311.00
25/02/2023,25/02/2023,IMPS/P2P/119846419122/CHANDAN SHARMA/9817526228,TXN0259169,,500.00,2983811.00
26/02/2023,27/02/2023,UPI/DR/37137729/ARCHANA PILLAI/SBIN0684317/archana15@oksbi,TXN0259170,7800.00,,2976011.00
26/02/2023,26/02/2023,ATM/WDL/906039557010/HDFC ATM KORAMANGALA,TXN0259171,3499.00,,2972512.00
26/02/2023,26/02/2023,UPI/DR/9291955823/DEEPAK JOSHI/SBIN0684317/deepak864@okaxis,TXN0259172,310.00,,2972202.00
26/02/2023,26/02/2023,UPI/DR/1781027448/RAMESH PILLAI/SBIN0684317/ramesh565@oksbi,TXN0259173,2380.00,,2969822.00
26/02/2023,26/02/2023,UPI/CR/865409946465/ARJUN MEHTA/SBIN0684317/arjun472@paytm,TXN0259174,,500.00,2970322.00
26/02/2023,27/02/2023,ATM/WDL/1136525347/CANARA ATM MYSURU,TXN0259175,1250.00,,2969072.00
26/02/2023,26/02/2023,ATM/WDL/47730027/SBI ATM JAYANAGAR BLR,TXN0259176,249.00,,2968823.00
26/02/2023,26/02/2023,CHQ NO 771928 CLEARING,TXN0259177,2380.00,,2966443.00
26/02/2023,26/02/2023,NEFT/43078937/POOJA SHARMA/SBIN0684317/19814660897868,TXN0259178,2380.00,,2964063.00
27/02/2023,28/02/2023,CHQ NO 020745 CLEARING,TXN0259179,1680.00,,2962383.00
27/02/2023,28/02/2023,NEFT/43933774/GANESH KUMAR/SBIN0684317/22780426721051,TXN0259180,,24000.00,2986383.00
27/02/2023,27/02/2023,IMPS/P2P/8727209093/RAVI KUMAR SHARMA/9644641709,TXN0259181,,1200.00,2987583.00
27/02/2023,28/02/2023,NEFT/6964158687/KAVERI MENON/SBIN0684317/57596144048562,TXN0259182,,18500.00,3006083.00
27/02/2023,27/02/2023,UPI/DR/82795023/DEEPA NAIR/SBIN0684317/deepa403@oksbi,TXN0259183,79.00,,3006004.00
27/02/2023,28/02/2023,UPI/DR/04740058/SURESH BABU/SBIN0684317/suresh498@okaxis,TXN0259184,850.00,,3005154.00
27/02/2023,27/02/2023,NEFT/523094035327/KAVERI MENON/SBIN0684317/21154194570994,TXN0259185,,11200.00,3016354.00
28/02/2023,01/03/2023,UPI/DR/4131632846/TANVI RAO/SBIN0684317/tanvi846@okhdfc,TXN0259186,310.00,,3016044.00
28/02/2023,28/02/2023,CASH DEPOSIT/BRANCH COUNTER/HITEC CITY HYDERABAD,TXN0259187,,850.00,3016894.00
28/02/2023,28/02/2023,UPI/DR/56358292/ANITHA KRISHNAN/SBIN0684317/anitha440@ybl,TXN0259188,310.00,,3016584.00
28/02/2023,28/02/2023,NEFT/420819617163/ANITHA KRISHNAN/SBIN0684317/68897503782840,TXN0259189,79.00,,3016505.00
28/02/2023,01/03/2023,UPI/CR/0944563633/BINDHU NAIR/SBIN0684317/bindhu857@paytm,TXN0259190,,7600.00,3024105.00
28/02/2023,28/02/2023,NEFT/644460105235/RAJESH VERMA/SBIN0684317/81524022903714,TXN0259191,,7600.00,3031705.00
28/02/2023,01/03/2023,IMPS/P2P/895966510370/SUSHMA RAO/8145016034,TXN0259192,,18500.00,3050205.00
01/03/2023,01/03/2023,IMPS/P2P/116406066422/ANAND KUMAR/7705272684,TXN0259193,,1200.00,3051405.00
01/03/2023,01/03/2023,NEFT/07812207/LATHA MURTHY/SBIN0684317/49907289790084,TXN0259194,699.00,,3050706.00
01/03/2023,01/03/2023,UPI/CR/916363611451/BABU LAL/SBIN0684317/babu859@ybl,TXN0259195,,32000.00,3082706.00
01/03/2023,01/03/2023,ATM/WDL/343365246489/SBI ATM JAYANAGAR BLR,TXN0259196,3499.00,,3079207.00
01/03/2023,02/03/2023,ATM/WDL/41734395/HDFC ATM KORAMANGALA,TXN0259197,120.00,,3079087.00
01/03/2023,02/03/2023,NEFT/672416604195/SANTOSH KUMAR/SBIN0684317/91189654372374,TXN0259198,,1200.00,3080287.00
01/03/2023,01/03/2023,CASH DEPOSIT/BRANCH COUNTER/HITEC CITY HYDERABAD,TXN0259199,,1200.00,3081487.00
02/03/2023,02/03/2023,UPI/DR/796477706794/ARUN SHARMA/SBIN0684317/arun522@oksbi,TXN0259200,3499.00,,3077988.00
02/03/2023,02/03/2023,CASH DEPOSIT/BRANCH COUNTER/HITEC CITY HYDERABAD,TXN0259201,,500.00,3078488.00
02/03/2023,03/03/2023,UPI/CR/286173331285/POOJA SHARMA/SBIN0684317/pooja308@paytm,TXN0259202,,4800.00,3083288.00
02/03/2023,02/03/2023,UPI/DR/5358301179/GANESH KUMAR/SBIN0684317/ganesh593@ybl,TXN0259203,310.00,,3082978.00
03/03/2023,03/03/2023,ATM/WDL/320788148578/CANARA ATM MYSURU,TXN0259204,49.00,,3082929.00
03/03/2023,03/03/2023,IMPS/P2P/4494697195/BINDHU NAIR/7656611171,TXN0259205,,2500.00,3085429.00
03/03/2023,03/03/2023,UPI/DR/946653286553/SNEHA PATIL/SBIN0684317/sneha217@paytm,TXN0259206,1680.00,,3083749.00
03/03/2023,03/03/2023,CHQ NO 346587 CLEARING,TXN0259207,2380.00,,3081369.00
04/03/2023,04/03/2023,UPI/CR/7045120846/LALITHA DEVI/SBIN0684317/lalitha813@ybl,TXN0259208,,24000.00,3105369.00
04/03/2023,04/03/2023,ATM/WDL/47500570/SBI ATM JAYANAGAR BLR,TXN0259209,2380.00,,3102989.00
04/03/2023,05/03/2023,CASH DEPOSIT/BRANCH COUNTER/HITEC CITY HYDERABAD,TXN0259210,,32000.00,3134989.00
04/03/2023,04/03/2023,UPI/DR/518704264293/SURESH NAIR/SBIN0684317/suresh60@paytm,TXN0259211,249.00,,3134740.00
04/03/2023,04/03/2023,UPI/CR/483941395317/RAJENDRA PRASAD/SBIN0684317/rajendra769@okaxis,TXN0259212,,4800.00,3139540.00
04/03/2023,04/03/2023,UPI/DR/820111255751/ADITYA KUMAR/SBIN0684317/aditya726@okhdfc,TXN0259213,7800.00,,3131740.00
04/03/2023,04/03/2023,UPI/CR/293708820888/NILESH KULKARNI/SBIN0684317/nilesh571@oksbi,TXN0259214,,4800.00,3136540.00
04/03/2023,04/03/2023,UPI/DR/04543125/SAVITHA DEVI/SBIN0684317/savitha254@paytm,TXN0259215,5200.00,,3131340.00
05/03/2023,06/03/2023,NEFT/68932753/PRAKASH RAO/SBIN0684317/61707554542589,TXN0259216,,7600.00,3138940.00
05/03/2023,05/03/2023,IMPS/P2P/88218251/DIVYA MENON/8636420836,TXN0259217,,500.00,3139440.00
05/03/2023,05/03/2023,UPI/CR/04566600/SHEELA DEVI/SBIN0684317/sheela40@oksbi,TXN0259218,,4800.00,3144240.00
05/03/2023,05/03/2023,CASH DEPOSIT/BRANCH COUNTER/HITEC CITY HYDERABAD,TXN0259219,,24000.00,3168240.00
05/03/2023,05/03/2023,CHQ NO 312919 CLEARING,TXN0259220,699.00,,3167541.00
05/03/2023,05/03/2023,UPI/DR/0411452811/IMRAN KHAN/SBIN0684317/imran821@okhdfc,TXN0259221,449.00,,3167092.00
05/03/2023,05/03/2023,UPI/DR/28709399/ARJUN MEHTA/SBIN0684317/arjun459@oksbi,TXN0259222,1250.00,,3165842.00
05/03/2023,05/03/2023,NEFT/7591322931/SUNITA DEVI/SBIN0684317/24043460004466,TXN0259223,,32000.00,3197842.00
05/03/2023,05/03/2023,NEFT/965451635185/RESHMA KHAN/SBIN0684317/46640010882052,TXN0259224,,11200.00,3209042.00
05/03/2023,06/03/2023,IMPS/P2P/26218841/MOHAN DAS/9234842056,TXN0259225,,18500.00,3227542.00
06/03/2023,06/03/2023,UPI/DR/19043513/SURESH NAIR/SBIN0684317/suresh406@ybl,TXN0259226,49.00,,3227493.00
06/03/2023,06/03/2023,ATM/WDL/975310602555/SBI ATM JAYANAGAR BLR,TXN0259227,310.00,,3227183.00
06/03/2023,07/03/2023,CHQ NO 926995 CLEARING,TXN0259228,49.00,,3227134.00
06/03/2023,06/03/2023,UPI/CR/2415603247/RAVI KUMAR SHARMA/SBIN0684317/ravi871@oksbi,TXN0259229,,2500.00,3229634.00
06/03/2023,06/03/2023,UPI/DR/9105993733/LATHA MURTHY/SBIN0684317/latha840@okhdfc,TXN0259230,5200.00,,3224434.00
06/03/2023,06/03/2023,UPI/DR/8799379498/RESHMA KHAN/SBIN0684317/reshma848@okaxis,TXN0259231,449.00,,3223985.00
06/03/2023,07/03/2023,UPI/DR/52086712/RAHUL SINGH/SBIN0684317/rahul176@oksbi,TXN0259232,2380.00,,3221605.00
06/03/2023,06/03/2023,ATM/WDL/116617597758/HDFC ATM KORAMANGALA,TXN0259233,120.00,,3221485.00
07/03/2023,07/03/2023,ATM/WDL/275844572956/HDFC ATM KORAMANGALA,TXN0259234,1680.00,,3219805.00
07/03/2023,08/03/2023,UPI/CR/5031379131/DEEPA NAIR/SBIN0684317/deepa545@paytm,TXN0259235,,850.00,3220655.00
07/03/2023,07/03/2023,ATM/WDL/2753287871/HDFC ATM KORAMANGALA,TXN0259236,249.00,,3220406.00
07/03/2023,08/03/2023,ATM/WDL/61801443/SBI ATM JAYANAGAR BLR,TXN0259237,5200.00,,3215206.00
07/03/2023,07/03/2023,ATM/WDL/4667541715/SBI ATM JAYANAGAR BLR,TXN0259238,850.00,,3214356.00
08/03/2023,08/03/2023,NEFT/31699091/FATIMA SHEIKH/SBIN0684317/33769168052596,TXN0259239,49.00,,3214307.00
08/03/2023,08/03/2023,ATM/WDL/5833429466/HDFC ATM KORAMANGALA,TXN0259240,49.00,,3214258.00
08/03/2023,08/03/2023,UPI/DR/5185169145/RAVI KUMAR SHARMA/SBIN0684317/ravi183@oksbi,TXN0259241,310.00,,3213948.00
08/03/2023,08/03/2023,UPI/CR/307296821338/SUNITA DEVI/SBIN0684317/sunita347@ybl,TXN0259242,,32000.00,3245948.00
08/03/2023,08/03/2023,NEFT/886984849584/RAMESH PILLAI/SBIN0684317/96076754513082,TXN0259243,1680.00,,3244268.00
08/03/2023,08/03/2023,NEFT/42668461/NAVEEN KUMAR/SBIN0684317/42652811907275,TXN0259244,249.00,,3244019.00
09/03/2023,09/03/2023,UPI/DR/2168733426/MALLIKA DAS/SBIN0684317/mallika855@paytm,TXN0259245,449.00,,3243570.00
09/03/2023,09/03/2023,UPI/DR/107698460619/SAVITHA DEVI/SBIN0684317/savitha723@oksbi,TXN0259246,7800.00,,3235770.00
09/03/2023,10/03/2023,UPI/DR/69702508/GANESH KUMAR/SBIN0684317/ganesh680@okaxis,TXN0259247,1680.00,,3234090.00
10/03/2023,11/03/2023,NEFT/48338814/GEETA DEVI/SBIN0684317/75768210632381,TXN0259248,,850.00,3234940.00
10/03/2023,11/03/2023,UPI/DR/572436264851/DEEPA NAIR/SBIN0684317/deepa87@okhdfc,TXN0259249,79.00,,3234861.00
10/03/2023,10/03/2023,ATM/WDL/3630728420/HDFC ATM KORAMANGALA,TXN0259250,2380.00,,3232481.00
11/03/2023,11/03/2023,UPI/DR/20842100/SUNITA DEVI/SBIN0684317/sunita523@oksbi,TXN0259251,49.00,,3232432.00
11/03/2023,12/03/2023,UPI/CR/38577669/VENKAT RAO/SBIN0684317/venkat983@ybl,TXN0259252,,500.00,3232932.00
11/03/2023,12/03/2023,ATM/WDL/81371747/HDFC ATM KORAMANGALA,TXN0259253,699.00,,3232233.00
12/03/2023,13/03/2023,CASH DEPOSIT/BRANCH COUNTER/HITEC CITY HYDERABAD,TXN0259254,,18500.00,3250733.00
12/03/2023,12/03/2023,UPI/CR/298382973890/SURESH BABU/SBIN0684317/suresh169@okhdfc,TXN0259255,,18500.00,3269233.00
12/03/2023,12/03/2023,NEFT/14781669/VENKAT RAO/SBIN0684317/35143928190558,TXN0259256,,1200.00,3270433.00
12/03/2023,12/03/2023,NEFT/951874914941/MEERA PILLAI/SBIN0684317/29737044572298,TXN0259257,,32000.00,3302433.00
12/03/2023,12/03/2023,UPI/DR/3504636960/GEETA DEVI/SBIN0684317/geeta780@paytm,TXN0259258,120.00,,3302313.00
12/03/2023,12/03/2023,NEFT/0331283689/DEEPAK JOSHI/SBIN0684317/14623992954616,TXN0259259,,11200.00,3313513.00
13/03/2023,14/03/2023,UPI/CR/88272602/KAVYA REDDY/SBIN0684317/kavya216@okhdfc,TXN0259260,,11200.00,3324713.00
13/03/2023,13/03/2023,UPI/DR/288043833176/SUNIL YADAV/SBIN0684317/sunil367@okhdfc,TXN0259261,120.00,,3324593.00
13/03/2023,14/03/2023,CASH DEPOSIT/BRANCH COUNTER/HITEC CITY HYDERABAD,TXN0259262,,2500.00,3327093.00
13/03/2023,13/03/2023,UPI/DR/33111897/PREETHI IYER/SBIN0684317/preethi684@ybl,TXN0259263,1680.00,,3325413.00
14/03/2023,15/03/2023,UPI/CR/2230535820/SMITHA PILLAI/SBIN0684317/smitha182@okhdfc,TXN0259264,,18500.00,3343913.00
14/03/2023,14/03/2023,CHQ NO 185946 CLEARING,TXN0259265,249.00,,3343664.00
14/03/2023,14/03/2023,NEFT/8962685568/PADMA RAO/SBIN0684317/02042363649208,TXN0259266,,1200.00,3344864.00
14/03/2023,14/03/2023,UPI/DR/6818384893/RAHUL SINGH/SBIN0684317/rahul731@okaxis,TXN0259267,449.00,,3344415.00
14/03/2023,14/03/2023,IMPS/P2P/41794035/MALLIKA DAS/7824985817,TXN0259268,,4800.00,3349215.00
14/03/2023,15/03/2023,UPI/DR/27762062/DEEPAK JOSHI/SBIN0684317/deepak685@ybl,TXN0259269,449.00,,3348766.00
15/03/2023,16/03/2023,ATM/WDL/886598191146/CANARA ATM MYSURU,TXN0259270,449.00,,3348317.00
15/03/2023,15/03/2023,CHQ NO 028350 CLEARING,TXN0259271,7800.00,,3340517.00
15/03/2023,15/03/2023,UPI/DR/992049010494/RAMESH GOWDA/SBIN0684317/ramesh216@okaxis,TXN0259272,120.00,,3340397.00
15/03/2023,15/03/2023,CASH DEPOSIT/BRANCH COUNTER/HITEC CITY HYDERABAD,TXN0259273,,18500.00,3358897.00
16/03/2023,16/03/2023,NEFT/2594078932/DEEPA NAIR/SBIN0684317/70859436122698,TXN0259274,,500.00,3359397.00
16/03/2023,17/03/2023,ATM/WDL/29030900/CANARA ATM MYSURU,TXN0259275,699.00,,3358698.00
16/03/2023,16/03/2023,UPI/DR/2129768423/USHA RANI/SBIN0684317/usha168@okhdfc,TXN0259276,49.00,,3358649.00
16/03/2023,17/03/2023,UPI/CR/6573126928/MALLIKA DAS/SBIN0684317/mallika688@ybl,TXN0259277,,2500.00,3361149.00
16/03/2023,17/03/2023,CASH DEPOSIT/BRANCH COUNTER/HITEC CITY HYDERABAD,TXN0259278,,18500.00,3379649.00
16/03/2023,16/03/2023,CASH DEPOSIT/BRANCH COUNTER/HITEC CITY HYDERABAD,TXN0259279,,24000.00,3403649.00
16/03/2023,16/03/2023,NEFT/5743695410/SANJANA HEGDE/SBIN0684317/98206194397225,TXN0259280,,11200.00,3414849.00
16/03/2023,16/03/2023,UPI/DR/534368763326/MALLIKA DAS/SBIN0684317/mallika79@paytm,TXN0259281,2380.00,,3412469.00
17/03/2023,17/03/2023,CASH DEPOSIT/BRANCH COUNTER/HITEC CITY HYDERABAD,TXN0259282,,7600.00,3420069.00
17/03/2023,17/03/2023,NEFT/385858383158/MEERA PILLAI/SBIN0684317/58059682890160,TXN0259283,,11200.00,3431269.00
17/03/2023,17/03/2023,NEFT/762866809174/ADITYA KUMAR/SBIN0684317/70935972575337,TXN0259284,,7600.00,3438869.00
17/03/2023,18/03/2023,UPI/DR/918333231092/NIKHIL GUPTA/SBIN0684317/nikhil594@okaxis,TXN0259285,79.00,,3438790.00
17/03/2023,18/03/2023,CASH DEPOSIT/BRANCH COUNTER/HITEC CITY HYDERABAD,TXN0259286,,7600.00,3446390.00
18/03/2023,19/03/2023,CASH DEPOSIT/BRANCH COUNTER/HITEC CITY HYDERABAD,TXN0259287,,2500.00,3448890.00
18/03/2023,19/03/2023,UPI/DR/199250668903/PADMA RAO/SBIN0684317/padma190@paytm,TXN0259288,999.00,,3447891.00
18/03/2023,19/03/2023,UPI/CR/336763071408/MEERA PILLAI/SBIN0684317/meera67@okaxis,TXN0259289,,7600.00,3455491.00
18/03/2023,18/03/2023,UPI/DR/15313843/SUSHMA RAO/SBIN0684317/sushma30@oksbi,TXN0259290,850.00,,3454641.00
19/03/2023,20/03/2023,IMPS/P2P/5551889958/SUNITA DEVI/7525327248,TXN0259291,,11200.00,3465841.00
19/03/2023,20/03/2023,NEFT/11539598/FARHAN KHAN/SBIN0684317/40232702100295,TXN0259292,1680.00,,3464161.00
19/03/2023,19/03/2023,UPI/CR/3089937812/GEETA DEVI/SBIN0684317/geeta616@okaxis,TXN0259293,,500.00,3464661.00
19/03/2023,19/03/2023,NEFT/2179722108/ROHIT SHARMA/SBIN0684317/62408633299913,TXN0259294,850.00,,3463811.00
19/03/2023,19/03/2023,UPI/DR/2286337867/IMRAN KHAN/SBIN0684317/imran525@paytm,TXN0259295,49.00,,3463762.00
20/03/2023,20/03/2023,UPI/CR/0274142793/SANJANA HEGDE/SBIN0684317/sanjana440@okhdfc,TXN0259296,,1200.00,3464962.00
20/03/2023,20/03/2023,UPI/CR/9255929499/SHAHID KHAN/SBIN0684317/shahid199@paytm,TXN0259297,,1200.00,3466162.00
20/03/2023,20/03/2023,CHQ NO 555876 CLEARING,TXN0259298,999.00,,3465163.00
20/03/2023,20/03/2023,UPI/DR/73098361/SURESH BABU/SBIN0684317/suresh98@paytm,TXN0259299,120.00,,3465043.00
21/03/2023,21/03/2023,IMPS/P2P/3690485100/KAVERI MENON/8418753451,TXN0259300,,11200.00,3476243.00
21/03/2023,21/03/2023,CASH DEPOSIT/BRANCH COUNTER/HITEC CITY HYDERABAD,TXN0259301,,2500.00,3478743.00
21/03/2023,21/03/2023,CHQ NO 332708 CLEARING,TXN0259302,7800.00,,3470943.00
22/03/2023,22/03/2023,IMPS/P2P/902806811133/MEENA IYER/8243233212,TXN0259303,,850.00,3471793.00
23/03/2023,23/03/2023,CHQ NO 703358 CLEARING,TXN0259304,5200.00,,3466593.00
23/03/2023,23/03/2023,CASH DEPOSIT/BRANCH COUNTER/HITEC CITY HYDERABAD,TXN0259305,,4800.00,3471393.00
23/03/2023,23/03/2023,NEFT/0305835882/KIRAN REDDY/SBIN0684317/73378540851078,TXN0259306,,500.00,3471893.00
23/03/2023,23/03/2023,UPI/DR/8132968719/SURESH NAIR/SBIN0684317/suresh733@oksbi,TXN0259307,5200.00,,3466693.00
24/03/2023,24/03/2023,UPI/CR/189736264783/ARUN SHARMA/SBIN0684317/arun533@paytm,TXN0259308,,11200.00,3477893.00
24/03/2023,24/03/2023,NEFT/19086278/KARTHIK MENON/SBIN0684317/69749115382346,TXN0259309,,1200.00,3479093.00
24/03/2023,24/03/2023,NEFT/7768070364/LATHA MURTHY/SBIN0684317/99994776729328,TXN0259310,,4800.00,3483893.00
24/03/2023,24/03/2023,UPI/DR/3916578451/KIRAN REDDY/SBIN0684317/kiran753@okhdfc,TXN0259311,7800.00,,3476093.00
25/03/2023,25/03/2023,ATM/WDL/8271505878/CANARA ATM MYSURU,TXN0259312,850.00,,3475243.00
25/03/2023,25/03/2023,CASH DEPOSIT/BRANCH COUNTER/HITEC CITY HYDERABAD,TXN0259313,,500.00,3475743.00
25/03/2023,25/03/2023,UPI/DR/1062905072/HARISH MENON/SBIN0684317/harish960@oksbi,TXN0259314,3499.00,,3472244.00
25/03/2023,25/03/2023,CASH DEPOSIT/BRANCH COUNTER/HITEC CITY HYDERABAD,TXN0259315,,18500.00,3490744.00
25/03/2023,25/03/2023,ATM/WDL/907668724516/HDFC ATM KORAMANGALA,TXN0259316,79.00,,3490665.00
25/03/2023,25/03/2023,ATM/WDL/769135783805/CANARA ATM MYSURU,TXN0259317,49.00,,3490616.00
25/03/2023,25/03/2023,UPI/DR/843946076478/REKHA PILLAI/SBIN0684317/rekha946@oksbi,TXN0259318,3499.00,,3487117.00
26/03/2023,26/03/2023,CASH DEPOSIT/BRANCH COUNTER/HITEC CITY HYDERABAD,TXN0259319,,18500.00,3505617.00
26/03/2023,26/03/2023,UPI/DR/73883703/KAVYA REDDY/SBIN0684317/kavya84@okaxis,TXN0259320,310.00,,3505307.00
26/03/2023,26/03/2023,NEFT/15166990/RAJESH VERMA/SBIN0684317/21012976479029,TXN0259321,,2500.00,3507807.00
26/03/2023,26/03/2023,UPI/DR/026466744785/PRAKASH RAO/SBIN0684317/prakash736@okaxis,TXN0259322,5200.00,,3502607.00
27/03/2023,27/03/2023,UPI/DR/0946822893/DIVYA MENON/SBIN0684317/divya74@okhdfc,TXN0259323,49.00,,3502558.00
28/03/2023,28/03/2023,UPI/CR/3999340453/FARHAN KHAN/SBIN0684317/farhan914@okaxis,TXN0259324,,11200.00,3513758.00
28/03/2023,28/03/2023,UPI/CR/07034353/RESHMA KHAN/SBIN0684317/reshma237@paytm,TXN0259325,,1200.00,3514958.00
28/03/2023,28/03/2023,NEFT/00429117/KAVYA REDDY/SBIN0684317/71932011534628,TXN0259326,999.00,,3513959.00
28/03/2023,29/03/2023,UPI/DR/1588153968/SUNIL YADAV/SBIN0684317/sunil724@paytm,TXN0259327,5200.00,,3508759.00
28/03/2023,29/03/2023,ATM/WDL/3967860561/HDFC ATM KORAMANGALA,TXN0259328,850.00,,3507909.00
28/03/2023,28/03/2023,CASH DEPOSIT/BRANCH COUNTER/HITEC CITY HYDERABAD,TXN0259329,,4800.00,3512709.00
28/03/2023,29/03/2023,UPI/DR/054372178032/VENKAT RAO/SBIN0684317/venkat90@oksbi,TXN0259330,3499.00,,3509210.00
28/03/2023,28/03/2023,UPI/CR/4302733057/VIKRAM NAIR/SBIN0684317/vikram760@okhdfc,TXN0259331,,24000.00,3533210.00
28/03/2023,29/03/2023,UPI/CR/7639589058/MALLIKA DAS/SBIN0684317/mallika595@oksbi,TXN0259332,,2500.00,3535710.00
28/03/2023,29/03/2023,UPI/DR/27102055/ADITYA KUMAR/SBIN0684317/aditya461@okaxis,TXN0259333,850.00,,3534860.00
29/03/2023,29/03/2023,NEFT/11501508/DEEPAK JOSHI/SBIN0684317/42318730906884,TXN0259334,999.00,,3533861.00
29/03/2023,29/03/2023,UPI/DR/953037585027/LALITHA DEVI/SBIN0684317/lalitha364@paytm,TXN0259335,310.00,,3533551.00
30/03/2023,30/03/2023,UPI/DR/7627423240/VINAY PATIL/SBIN0684317/vinay15@okaxis,TXN0259336,1250.00,,3532301.00
30/03/2023,30/03/2023,UPI/DR/1933366206/PRAKASH RAO/SBIN0684317/prakash240@okaxis,TXN0259337,699.00,,3531602.00
30/03/2023,31/03/2023,CASH DEPOSIT/BRANCH COUNTER/HITEC CITY HYDERABAD,TXN0259338,,500.00,3532102.00
30/03/2023,30/03/2023,UPI/DR/18935713/RAHUL SINGH/SBIN0684317/rahul344@oksbi,TXN0259339,699.00,,3531403.00
31/03/2023,31/03/2023,ATM/WDL/6128639870/CANARA ATM MYSURU,TXN0259340,699.00,,3530704.00
31/03/2023,31/03/2023,IMPS/P2P/88887918/RAJENDRA PRASAD/9967198235,TXN0259341,,500.00,3531204.00
31/03/2023,31/03/2023,NEFT/29490530/KIRAN REDDY/SBIN0684317/72279042941170,TXN0259342,,1200.00,3532404.00
31/03/2023,31/03/2023,UPI/DR/7419795286/ANITHA KRISHNAN/SBIN0684317/anitha962@paytm,TXN0259343,79.00,,3532325.00
31/03/2023,31/03/2023,UPI/DR/196263455427/NIKHIL GUPTA/SBIN0684317/nikhil552@okaxis,TXN0259344,1680.00,,3530645.00
01/04/2023,01/04/2023,CHQ NO 159908 CLEARING,TXN0259345,2380.00,,3528265.00
01/04/2023,02/04/2023,ATM/WDL/47911480/HDFC ATM KORAMANGALA,TXN0259346,5200.00,,3523065.00
01/04/2023,01/04/2023,UPI/DR/7495176859/NADIA HUSSAIN/SBIN0684317/nadia858@paytm,TXN0259347,3499.00,,3519566.00
01/04/2023,01/04/2023,UPI/DR/07957423/POOJA SHARMA/SBIN0684317/pooja489@oksbi,TXN0259348,3499.00,,3516067.00
01/04/2023,01/04/2023,IMPS/P2P/976365806820/VINAY PATIL/7586378765,TXN0259349,,850.00,3516917.00
01/04/2023,01/04/2023,IMPS/P2P/278747958453/RAMESH PILLAI/9897749757,TXN0259350,,2500.00,3519417.00
02/04/2023,02/04/2023,UPI/DR/07554774/TANVI RAO/SBIN0684317/tanvi314@paytm,TXN0259351,79.00,,3519338.00
02/04/2023,02/04/2023,CHQ NO 759069 CLEARING,TXN0259352,449.00,,3518889.00
02/04/2023,02/04/2023,CHQ NO 838619 CLEARING,TXN0259353,3499.00,,3515390.00
02/04/2023,02/04/2023,UPI/DR/631150556086/NADIA HUSSAIN/SBIN0684317/nadia568@oksbi,TXN0259354,79.00,,3515311.00
02/04/2023,02/04/2023,IMPS/P2P/105814113254/MEERA PILLAI/7660951379,TXN0259355,,4800.00,3520111.00
02/04/2023,02/04/2023,NEFT/8456348456/POOJA SHARMA/SBIN0684317/55038804278676,TXN0259356,,18500.00,3538611.00
02/04/2023,02/04/2023,CHQ NO 681060 CLEARING,TXN0259357,310.00,,3538301.00
02/04/2023,02/04/2023,IMPS/P2P/161579972467/SHEELA DEVI/9728178172,TXN0259358,,850.00,3539151.00
03/04/2023,03/04/2023,IMPS/P2P/337098763349/AYESHA KHAN/9340191359,TXN0259359,,18500.00,3557651.00
03/04/2023,03/04/2023,UPI/DR/270196439547/SUSHMA RAO/SBIN0684317/sushma143@okhdfc,TXN0259360,49.00,,3557602.00
03/04/2023,03/04/2023,IMPS/P2P/1082852684/SMITHA PILLAI/7917974337,TXN0259361,,4800.00,3562402.00
03/04/2023,03/04/2023,ATM/WDL/84238028/HDFC ATM KORAMANGALA,TXN0259362,850.00,,3561552.00
03/04/2023,03/04/2023,NEFT/29705325/DEEPAK JOSHI/SBIN0684317/06809233094692,TXN0259363,120.00,,3561432.00
03/04/2023,03/04/2023,UPI/CR/427252280134/CHANDAN SHARMA/SBIN0684317/chandan362@okhdfc,TXN0259364,,1200.00,3562632.00
03/04/2023,03/04/2023,NEFT/973495660734/MEERA PILLAI/SBIN0684317/44125944984225,TXN0259365,120.00,,3562512.00
03/04/2023,03/04/2023,CASH DEPOSIT/BRANCH COUNTER/HITEC CITY HYDERABAD,TXN0259366,,18500.00,3581012.00
03/04/2023,03/04/2023,UPI/DR/2988111434/SAVITHA DEVI/SBIN0684317/savitha86@okaxis,TXN0259367,79.00,,3580933.00
04/04/2023,04/04/2023,NEFT/9459742364/PRIYA NAIR/SBIN0684317/56086617777601,TXN0259368,,4800.00,3585733.00
04/04/2023,04/04/2023,UPI/DR/3596344947/RESHMA KHAN/SBIN0684317/reshma734@oksbi,TXN0259369,850.00,,3584883.00
04/04/2023,05/04/2023,UPI/CR/4972652439/RAMESH GOWDA/SBIN0684317/ramesh122@okaxis,TXN0259370,,7600.00,3592483.00
04/04/2023,05/04/2023,UPI/DR/8619996533/TANVI RAO/SBIN0684317/tanvi738@okhdfc,TXN0259371,120.00,,3592363.00
04/04/2023,04/04/2023,NEFT/755596326731/KAVYA REDDY/SBIN0684317/51843061271356,TXN0259372,449.00,,3591914.00
05/04/2023,05/04/2023,ATM/WDL/98814564/HDFC ATM KORAMANGALA,TXN0259373,5200.00,,3586714.00
05/04/2023,06/04/2023,UPI/CR/6266722384/ANITHA KRISHNAN/SBIN0684317/anitha727@okaxis,TXN0259374,,11200.00,3597914.00
05/04/2023,05/04/2023,IMPS/P2P/9172683519/RESHMA KHAN/7550748338,TXN0259375,,7600.00,3605514.00
05/04/2023,06/04/2023,UPI/DR/6276314087/SUSHMA RAO/SBIN0684317/sushma988@okaxis,TXN0259376,310.00,,3605204.00
05/04/2023,06/04/2023,UPI/CR/156413220857/SMITHA PILLAI/SBIN0684317/smitha165@ybl,TXN0259377,,4800.00,3610004.00
06/04/2023,06/04/2023,NEFT/1565748086/LALITHA DEVI/SBIN0684317/01146184483371,TXN0259378,,2500.00,3612504.00
06/04/2023,06/04/2023,UPI/DR/49190171/PREETHI IYER/SBIN0684317/preethi266@okhdfc,TXN0259379,999.00,,3611505.00
06/04/2023,07/04/2023,CASH DEPOSIT/BRANCH COUNTER/HITEC CITY HYDERABAD,TXN0259380,,18500.00,3630005.00
06/04/2023,06/04/2023,CHQ NO 139756 CLEARING,TXN0259381,49.00,,3629956.00
06/04/2023,06/04/2023,CHQ NO 113582 CLEARING,TXN0259382,449.00,,3629507.00
06/04/2023,06/04/2023,CHQ NO 380747 CLEARING,TXN0259383,79.00,,3629428.00
06/04/2023,06/04/2023,IMPS/P2P/523764127855/GOPAL VERMA/8626600695,TXN0259384,,4800.00,3634228.00
06/04/2023,06/04/2023,UPI/DR/491137391088/KAVYA REDDY/SBIN0684317/kavya267@okhdfc,TXN0259385,310.00,,3633918.00
06/04/2023,06/04/2023,CHQ NO 638636 CLEARING,TXN0259386,79.00,,3633839.00
06/04/2023,07/04/2023,CASH DEPOSIT/BRANCH COUNTER/HITEC CITY HYDERABAD,TXN0259387,,32000.00,3665839.00
07/04/2023,07/04/2023,UPI/DR/466651199864/ARJUN MEHTA/SBIN0684317/arjun776@okaxis,TXN0259388,7800.00,,3658039.00
07/04/2023,07/04/2023,CASH DEPOSIT/BRANCH COUNTER/HITEC CITY HYDERABAD,TXN0259389,,32000.00,3690039.00
07/04/2023,07/04/2023,UPI/DR/53773180/RAHUL SINGH/SBIN0684317/rahul417@ybl,TXN0259390,5200.00,,3684839.00
07/04/2023,07/04/2023,ATM/WDL/0061848220/CANARA ATM MYSURU,TXN0259391,850.00,,3683989.00
07/04/2023,08/04/2023,UPI/DR/58261256/PREETHI IYER/SBIN0684317/preethi208@oksbi,TXN0259392,1680.00,,3682309.00
08/04/2023,09/04/2023,UPI/DR/62216153/KIRAN REDDY/SBIN0684317/kiran982@okaxis,TXN0259393,3499.00,,3678810.00
08/04/2023,09/04/2023,NEFT/800739615911/KIRAN REDDY/SBIN0684317/02381576470615,TXN0259394,999.00,,3677811.00
08/04/2023,08/04/2023,NEFT/191638545416/FATIMA SHEIKH/SBIN0684317/67483797039420,TXN0259395,,32000.00,3709811.00
08/04/2023,08/04/2023,NEFT/3196558658/ADITYA KUMAR/SBIN0684317/22211795653973,TXN0259396,449.00,,3709362.00
08/04/2023,08/04/2023,UPI/DR/05513731/LATHA MURTHY/SBIN0684317/latha756@ybl,TXN0259397,1680.00,,3707682.00
08/04/2023,08/04/2023,CASH DEPOSIT/BRANCH COUNTER/HITEC CITY HYDERABAD,TXN0259398,,24000.00,3731682.00
09/04/2023,10/04/2023,UPI/DR/026090016837/CHANDAN SHARMA/SBIN0684317/chandan755@paytm,TXN0259399,2380.00,,3729302.00
09/04/2023,10/04/2023,UPI/DR/90840992/RANJIT SINGH/SBIN0684317/ranjit184@okhdfc,TXN0259400,49.00,,3729253.00
09/04/2023,09/04/2023,CASH DEPOSIT/BRANCH COUNTER/HITEC CITY HYDERABAD,TXN0259401,,11200.00,3740453.00
09/04/2023,09/04/2023,UPI/DR/8377693297/NAVEEN KUMAR/SBIN0684317/naveen103@oksbi,TXN0259402,7800.00,,3732653.00
09/04/2023,09/04/2023,UPI/DR/01649931/LALITHA DEVI/SBIN0684317/lalitha338@ybl,TXN0259403,1250.00,,3731403.00
09/04/2023,09/04/2023,CHQ NO 270122 CLEARING,TXN0259404,449.00,,3730954.00
09/04/2023,09/04/2023,NEFT/8299468996/POOJA SHARMA/SBIN0684317/68003497419388,TXN0259405,49.00,,3730905.00
09/04/2023,10/04/2023,CHQ NO 414755 CLEARING,TXN0259406,449.00,,3730456.00
10/04/2023,10/04/2023,NEFT/9886633075/NADIA HUSSAIN/SBIN0684317/22943245811259,TXN0259407,,18500.00,3748956.00
10/04/2023,10/04/2023,NEFT/6741389507/ARJUN MEHTA/SBIN0684317/97684291267279,TXN0259408,49.00,,3748907.00
10/04/2023,10/04/2023,NEFT/0916078594/CHANDAN SHARMA/SBIN0684317/37307793253009,TXN0259409,3499.00,,3745408.00
10/04/2023,10/04/2023,NEFT/0031188530/RAVI KUMAR SHARMA/SBIN0684317/61343696220027,TXN0259410,449.00,,3744959.00
10/04/2023,10/04/2023,UPI/DR/8963215758/VINAY PATIL/SBIN0684317/vinay965@okhdfc,TXN0259411,49.00,,3744910.00
10/04/2023,11/04/2023,CASH DEPOSIT/BRANCH COUNTER/HITEC CITY HYDERABAD,TXN0259412,,500.00,3745410.00
10/04/2023,11/04/2023,UPI/DR/2869169828/ANAND KUMAR/SBIN0684317/anand391@okhdfc,TXN0259413,5200.00,,3740210.00
10/04/2023,10/04/2023,IMPS/P2P/4248625172/GANESH KUMAR/7470808235,TXN0259414,,24000.00,3764210.00
11/04/2023,11/04/2023,NEFT/370699301122/ARJUN MEHTA/SBIN0684317/96360290307597,TXN0259415,249.00,,3763961.00
11/04/2023,11/04/2023,ATM/WDL/888895750866/SBI ATM JAYANAGAR BLR,TXN0259416,449.00,,3763512.00
11/04/2023,11/04/2023,NEFT/56973328/PRIYA NAIR/SBIN0684317/03371579682396,TXN0259417,1680.00,,3761832.00
11/04/2023,12/04/2023,CHQ NO 606186 CLEARING,TXN0259418,850.00,,3760982.00
11/04/2023,12/04/2023,UPI/DR/278655916577/TARA SINGH/SBIN0684317/tara105@ybl,TXN0259419,310.00,,3760672.00
11/04/2023,11/04/2023,ATM/WDL/186813997682/SBI ATM JAYANAGAR BLR,TXN0259420,449.00,,3760223.00
11/04/2023,11/04/2023,ATM/WDL/129971500741/HDFC ATM KORAMANGALA,TXN0259421,999.00,,3759224.00
12/04/2023,12/04/2023,CASH DEPOSIT/BRANCH COUNTER/HITEC CITY HYDERABAD,TXN0259422,,4800.00,3764024.00
12/04/2023,12/04/2023,ATM/WDL/3546217671/CANARA ATM MYSURU,TXN0259423,850.00,,3763174.00
12/04/2023,13/04/2023,NEFT/83739258/BINDHU NAIR/SBIN0684317/02892587581306,TXN0259424,,32000.00,3795174.00
12/04/2023,12/04/2023,CHQ NO 992358 CLEARING,TXN0259425,1250.00,,3793924.00
12/04/2023,12/04/2023,UPI/DR/733303146842/ARUN SHARMA/SBIN0684317/arun743@ybl,TXN0259426,5200.00,,3788724.00
12/04/2023,12/04/2023,CHQ NO 962341 CLEARING,TXN0259427,1680.00,,3787044.00
13/04/2023,14/04/2023,UPI/DR/0175724689/LAKSHMI VENKAT/SBIN0684317/lakshmi959@ybl,TXN0259428,999.00,,3786045.00
13/04/2023,13/04/2023,UPI/DR/9765149534/ANITHA KRISHNAN/SBIN0684317/anitha34@okhdfc,TXN0259429,5200.00,,3780845.00
13/04/2023,13/04/2023,CHQ NO 976934 CLEARING,TXN0259430,449.00,,3780396.00
14/04/2023,14/04/2023,ATM/WDL/25744524/CANARA ATM MYSURU,TXN0259431,310.00,,3780086.00
14/04/2023,14/04/2023,NEFT/207299205020/KAVERI MENON/SBIN0684317/48211992218210,TXN0259432,,18500.00,3798586.00
15/04/2023,16/04/2023,UPI/CR/389461587770/GEETA DEVI/SBIN0684317/geeta938@okhdfc,TXN0259433,,32000.00,3830586.00
15/04/2023,16/04/2023,NEFT/193126251845/PREETHI IYER/SBIN0684317/05167359185990,TXN0259434,249.00,,3830337.00
15/04/2023,15/04/2023,NEFT/3984668424/SUSHMA RAO/SBIN0684317/65071557095686,TXN0259435,,500.00,3830837.00
15/04/2023,16/04/2023,ATM/WDL/483959371134/CANARA ATM MYSURU,TXN0259436,3499.00,,3827338.00
15/04/2023,15/04/2023,UPI/CR/828734675185/NILESH KULKARNI/SBIN0684317/nilesh491@paytm,TXN0259437,,24000.00,3851338.00
15/04/2023,16/04/2023,NEFT/1287539928/NIKHIL GUPTA/SBIN0684317/59422699707853,TXN0259438,3499.00,,3847839.00
15/04/2023,15/04/2023,IMPS/P2P/11053372/NAVEEN KUMAR/8664656875,TXN0259439,,7600.00,3855439.00
15/04/2023,15/04/2023,UPI/DR/736658646745/MEERA PILLAI/SBIN0684317/meera519@okaxis,TXN0259440,310.00,,3855129.00
16/04/2023,16/04/2023,NEFT/14562976/DIVYA MENON/SBIN0684317/40352125827520,TXN0259441,249.00,,3854880.00
16/04/2023,16/04/2023,ATM/WDL/392209832033/CANARA ATM MYSURU,TXN0259442,7800.00,,3847080.00
16/04/2023,16/04/2023,UPI/CR/772365044158/VINAY PATIL/SBIN0684317/vinay786@ybl,TXN0259443,,1200.00,3848280.00
16/04/2023,16/04/2023,UPI/DR/224250052892/SANTOSH KUMAR/SBIN0684317/santosh454@ybl,TXN0259444,5200.00,,3843080.00
16/04/2023,16/04/2023,CHQ NO 201218 CLEARING,TXN0259445,999.00,,3842081.00
17/04/2023,18/04/2023,NEFT/551132214595/SUNITA DEVI/SBIN0684317/58656799102300,TXN0259446,699.00,,3841382.00
17/04/2023,18/04/2023,CASH DEPOSIT/BRANCH COUNTER/HITEC CITY HYDERABAD,TXN0259447,,24000.00,3865382.00
17/04/2023,18/04/2023,CHQ NO 586522 CLEARING,TXN0259448,1680.00,,3863702.00
17/04/2023,17/04/2023,CHQ NO 659195 CLEARING,TXN0259449,999.00,,3862703.00
17/04/2023,17/04/2023,ATM/WDL/2517636693/CANARA ATM MYSURU,TXN0259450,5200.00,,3857503.00
17/04/2023,18/04/2023,UPI/CR/58714404/RAMESH GOWDA/SBIN0684317/ramesh340@okhdfc,TXN0259451,,18500.00,3876003.00
18/04/2023,18/04/2023,NEFT/88871689/SMITHA PILLAI/SBIN0684317/66341054927437,TXN0259452,,1200.00,3877203.00
18/04/2023,18/04/2023,ATM/WDL/87323189/SBI ATM JAYANAGAR BLR,TXN0259453,49.00,,3877154.00
18/04/2023,18/04/2023,UPI/DR/4532186141/VENKAT RAO/SBIN0684317/venkat112@ybl,TXN0259454,2380.00,,3874774.00
18/04/2023,18/04/2023,UPI/DR/460609735647/PREETHI IYER/SBIN0684317/preethi163@okhdfc,TXN0259455,449.00,,3874325.00
18/04/2023,19/04/2023,UPI/DR/9259247360/MEENA IYER/SBIN0684317/meena526@okhdfc,TXN0259456,120.00,,3874205.00
18/04/2023,18/04/2023,CHQ NO 055000 CLEARING,TXN0259457,1250.00,,3872955.00
18/04/2023,18/04/2023,CHQ NO 059331 CLEARING,TXN0259458,49.00,,3872906.00
18/04/2023,18/04/2023,UPI/DR/580693096392/KIRAN REDDY/SBIN0684317/kiran911@ybl,TXN0259459,79.00,,3872827.00
18/04/2023,18/04/2023,UPI/DR/5979128065/RANJIT SINGH/SBIN0684317/ranjit541@okhdfc,TXN0259460,2380.00,,3870447.00
19/04/2023,19/04/2023,NEFT/2798954371/CHANDAN SHARMA/SBIN0684317/89845552663189,TXN0259461,,32000.00,3902447.00
19/04/2023,19/04/2023,IMPS/P2P/446299104414/VINAY PATIL/7671250248,TXN0259462,,18500.00,3920947.00
19/04/2023,19/04/2023,UPI/DR/76943708/VIKRAM NAIR/SBIN0684317/vikram527@oksbi,TXN0259463,1680.00,,3919267.00
19/04/2023,19/04/2023,NEFT/5477336518/RAMESH PILLAI/SBIN0684317/38024655976281,TXN0259464,79.00,,3919188.00
19/04/2023,19/04/2023,UPI/DR/81262112/NILESH KULKARNI/SBIN0684317/nilesh869@paytm,TXN0259465,3499.00,,3915689.00
20/04/2023,21/04/2023,NEFT/73422432/NIKHIL GUPTA/SBIN0684317/80617462455422,TXN0259466,49.00,,3915640.00
20/04/2023,20/04/2023,CHQ NO 776472 CLEARING,TXN0259467,449.00,,3915191.00
20/04/2023,20/04/2023,UPI/CR/375248141240/RAHUL SINGH/SBIN0684317/rahul971@ybl,TXN0259468,,850.00,3916041.00
20/04/2023,20/04/2023,ATM/WDL/73655631/HDFC ATM KORAMANGALA,TXN0259469,1680.00,,3914361.00
20/04/2023,21/04/2023,CASH DEPOSIT/BRANCH COUNTER/HITEC CITY HYDERABAD,TXN0259470,,1200.00,3915561.00
20/04/2023,21/04/2023,CASH DEPOSIT/BRANCH COUNTER/HITEC CITY HYDERABAD,TXN0259471,,18500.00,3934061.00
20/04/2023,20/04/2023,CASH DEPOSIT/BRANCH COUNTER/HITEC CITY HYDERABAD,TXN0259472,,4800.00,3938861.00
21/04/2023,21/04/2023,ATM/WDL/6784916747/CANARA ATM MYSURU,TXN0259473,2380.00,,3936481.00
21/04/2023,21/04/2023,CASH DEPOSIT/BRANCH COUNTER/HITEC CITY HYDERABAD,TXN0259474,,4800.00,3941281.00
21/04/2023,22/04/2023,UPI/DR/47594176/RAMESH PILLAI/SBIN0684317/ramesh298@okaxis,TXN0259475,5200.00,,3936081.00
21/04/2023,22/04/2023,UPI/DR/17454123/NIKHIL GUPTA/SBIN0684317/nikhil775@ybl,TXN0259476,850.00,,3935231.00
21/04/2023,22/04/2023,UPI/DR/424971183256/MOHAN DAS/SBIN0684317/mohan98@oksbi,TXN0259477,999.00,,3934232.00
21/04/2023,22/04/2023,NEFT/3900660297/RAVI KUMAR SHARMA/SBIN0684317/23785740303806,TXN0259478,2380.00,,3931852.00
22/04/2023,22/04/2023,UPI/CR/8162267430/IMRAN KHAN/SBIN0684317/imran163@okhdfc,TXN0259479,,500.00,3932352.00
22/04/2023,22/04/2023,UPI/DR/0611309346/HARISH MENON/SBIN0684317/harish57@okaxis,TXN0259480,310.00,,3932042.00
23/04/2023,23/04/2023,ATM/WDL/318245945174/CANARA ATM MYSURU,TXN0259481,5200.00,,3926842.00
23/04/2023,24/04/2023,UPI/DR/40018620/SUNIL YADAV/SBIN0684317/sunil972@oksbi,TXN0259482,49.00,,3926793.00
23/04/2023,23/04/2023,UPI/DR/76723110/USHA RANI/SBIN0684317/usha216@ybl,TXN0259483,850.00,,3925943.00
23/04/2023,23/04/2023,NEFT/377222383815/RAMESH PILLAI/SBIN0684317/15957047284426,TXN0259484,5200.00,,3920743.00
23/04/2023,23/04/2023,NEFT/8342732279/SNEHA PATIL/SBIN0684317/83812640336687,TXN0259485,249.00,,3920494.00
24/04/2023,24/04/2023,ATM/WDL/128502503790/CANARA ATM MYSURU,TXN0259486,1250.00,,3919244.00
24/04/2023,25/04/2023,IMPS/P2P/5397726108/LAKSHMI VENKAT/8393643417,TXN0259487,,18500.00,3937744.00
24/04/2023,24/04/2023,IMPS/P2P/911030021005/REKHA PILLAI/9984575118,TXN0259488,,500.00,3938244.00
24/04/2023,24/04/2023,UPI/DR/7878535031/TARA SINGH/SBIN0684317/tara741@okhdfc,TXN0259489,249.00,,3937995.00
24/04/2023,24/04/2023,CASH DEPOSIT/BRANCH COUNTER/HITEC CITY HYDERABAD,TXN0259490,,500.00,3938495.00
24/04/2023,25/04/2023,ATM/WDL/807670874304/CANARA ATM MYSURU,TXN0259491,49.00,,3938446.00
24/04/2023,24/04/2023,CASH DEPOSIT/BRANCH COUNTER/HITEC CITY HYDERABAD,TXN0259492,,11200.00,3949646.00
24/04/2023,24/04/2023,IMPS/P2P/83735459/BINDHU NAIR/8815940635,TXN0259493,,18500.00,3968146.00
24/04/2023,24/04/2023,NEFT/2671688398/HARISH MENON/SBIN0684317/69793815221159,TXN0259494,2380.00,,3965766.00
25/04/2023,26/04/2023,UPI/CR/454978032084/RAMESH GOWDA/SBIN0684317/ramesh838@okaxis,TXN0259495,,32000.00,3997766.00
25/04/2023,25/04/2023,UPI/DR/01392084/FARHAN KHAN/SBIN0684317/farhan916@oksbi,TXN0259496,7800.00,,3989966.00
25/04/2023,25/04/2023,NEFT/2709293611/DEEPA NAIR/SBIN0684317/75838661032876,TXN0259497,310.00,,3989656.00
25/04/2023,25/04/2023,UPI/DR/16930235/PADMA RAO/SBIN0684317/padma277@oksbi,TXN0259498,310.00,,3989346.00
25/04/2023,26/04/2023,NEFT/75550630/ARCHANA PILLAI/SBIN0684317/53339936881875,TXN0259499,699.00,,3988647.00
25/04/2023,25/04/2023,UPI/DR/5464133518/FARHAN KHAN/SBIN0684317/farhan333@okhdfc,TXN0259500,49.00,,3988598.00
25/04/2023,25/04/2023,UPI/DR/3165518564/CHANDAN SHARMA/SBIN0684317/chandan881@ybl,TXN0259501,49.00,,3988549.00
25/04/2023,25/04/2023,UPI/DR/46092959/NADIA HUSSAIN/SBIN0684317/nadia835@paytm,TXN0259502,850.00,,3987699.00
26/04/2023,26/04/2023,UPI/CR/6377445053/ANAND KUMAR/SBIN0684317/anand401@okaxis,TXN0259503,,7600.00,3995299.00
26/04/2023,26/04/2023,IMPS/P2P/669605503888/IMRAN KHAN/9980750715,TXN0259504,,24000.00,4019299.00
26/04/2023,26/04/2023,CHQ NO 106452 CLEARING,TXN0259505,310.00,,4018989.00
26/04/2023,26/04/2023,UPI/DR/34008457/SUNITA DEVI/SBIN0684317/sunita994@okaxis,TXN0259506,3499.00,,4015490.00
26/04/2023,26/04/2023,CASH DEPOSIT/BRANCH COUNTER/HITEC CITY HYDERABAD,TXN0259507,,2500.00,4017990.00
26/04/2023,26/04/2023,UPI/DR/86833568/SHEELA DEVI/SBIN0684317/sheela842@paytm,TXN0259508,1250.00,,4016740.00
27/04/2023,27/04/2023,UPI/DR/988303325293/POOJA SHARMA/SBIN0684317/pooja156@okaxis,TXN0259509,449.00,,4016291.00
27/04/2023,28/04/2023,CHQ NO 987643 CLEARING,TXN0259510,249.00,,4016042.00
27/04/2023,27/04/2023,CHQ NO 951527 CLEARING,TXN0259511,249.00,,4015793.00
27/04/2023,27/04/2023,ATM/WDL/51075127/CANARA ATM MYSURU,TXN0259512,79.00,,4015714.00
28/04/2023,28/04/2023,CASH DEPOSIT/BRANCH COUNTER/HITEC CITY HYDERABAD,TXN0259513,,32000.00,4047714.00
28/04/2023,28/04/2023,CHQ NO 041496 CLEARING,TXN0259514,999.00,,4046715.00
28/04/2023,29/04/2023,UPI/DR/406653227079/SMITHA PILLAI/SBIN0684317/smitha474@okhdfc,TXN0259515,449.00,,4046266.00
28/04/2023,28/04/2023,UPI/DR/860366757188/BABU LAL/SBIN0684317/babu548@oksbi,TXN0259516,49.00,,4046217.00
28/04/2023,28/04/2023,NEFT/0690835029/RAHUL SINGH/SBIN0684317/64190628163029,TXN0259517,249.00,,4045968.00
28/04/2023,28/04/2023,ATM/WDL/900643923471/SBI ATM JAYANAGAR BLR,TXN0259518,1680.00,,4044288.00
28/04/2023,29/04/2023,UPI/DR/13581421/VENKAT RAO/SBIN0684317/venkat161@okaxis,TXN0259519,49.00,,4044239.00
29/04/2023,29/04/2023,UPI/CR/75613253/RAJESH VERMA/SBIN0684317/rajesh582@ybl,TXN0259520,,32000.00,4076239.00
29/04/2023,29/04/2023,IMPS/P2P/7532377367/SUSHMA RAO/8086923465,TXN0259521,,18500.00,4094739.00
29/04/2023,30/04/2023,UPI/CR/751436768605/HARISH MENON/SBIN0684317/harish24@ybl,TXN0259522,,32000.00,4126739.00
29/04/2023,29/04/2023,NEFT/622844145925/FARHAN KHAN/SBIN0684317/07733093445700,TXN0259523,,24000.00,4150739.00
29/04/2023,29/04/2023,CASH DEPOSIT/BRANCH COUNTER/HITEC CITY HYDERABAD,TXN0259524,,850.00,4151589.00
30/04/2023,01/05/2023,CASH DEPOSIT/BRANCH COUNTER/HITEC CITY HYDERABAD,TXN0259525,,32000.00,4183589.00
30/04/2023,30/04/2023,CHQ NO 846019 CLEARING,TXN0259526,5200.00,,4178389.00
30/04/2023,30/04/2023,UPI/DR/7693251559/ARUN SHARMA/SBIN0684317/arun340@ybl,TXN0259527,120.00,,4178269.00
30/04/2023,30/04/2023,UPI/DR/0277657438/AYESHA KHAN/SBIN0684317/ayesha997@okhdfc,TXN0259528,249.00,,4178020.00
30/04/2023,30/04/2023,CHQ NO 442605 CLEARING,TXN0259529,79.00,,4177941.00
30/04/2023,30/04/2023,UPI/CR/661048774401/SANJANA HEGDE/SBIN0684317/sanjana680@paytm,TXN0259530,,2500.00,4180441.00
01/05/2023,01/05/2023,NEFT/386906080179/IMRAN KHAN/SBIN0684317/48996186647129,TXN0259531,1250.00,,4179191.00
01/05/2023,02/05/2023,UPI/DR/504909676231/RAJENDRA PRASAD/SBIN0684317/rajendra471@paytm,TXN0259532,5200.00,,4173991.00
01/05/2023,01/05/2023,IMPS/P2P/6505354554/SMITHA PILLAI/7943684190,TXN0259533,,2500.00,4176491.00
01/05/2023,02/05/2023,UPI/CR/3788882104/LALITHA DEVI/SBIN0684317/lalitha587@ybl,TXN0259534,,18500.00,4194991.00
02/05/2023,02/05/2023,IMPS/P2P/00807707/TANVI RAO/8357981341,TXN0259535,,850.00,4195841.00
02/05/2023,02/05/2023,NEFT/87393777/SUSHMA RAO/SBIN0684317/45934036611293,TXN0259536,,11200.00,4207041.00
02/05/2023,02/05/2023,UPI/DR/797069108931/MOHAN DAS/SBIN0684317/mohan744@okhdfc,TXN0259537,449.00,,4206592.00
02/05/2023,02/05/2023,UPI/CR/7550722093/GOPAL VERMA/SBIN0684317/gopal417@okaxis,TXN0259538,,2500.00,4209092.00
02/05/2023,02/05/2023,IMPS/P2P/3491876807/KAVITHA RAO/9142805857,TXN0259539,,1200.00,4210292.00
02/05/2023,03/05/2023,IMPS/P2P/721847646019/DIVYA MENON/9646316231,TXN0259540,,500.00,4210792.00
02/05/2023,02/05/2023,UPI/DR/36652987/SANTOSH KUMAR/SBIN0684317/santosh130@ybl,TXN0259541,120.00,,4210672.00
02/05/2023,02/05/2023,UPI/CR/534312753174/PRAKASH RAO/SBIN0684317/prakash421@okhdfc,TXN0259542,,4800.00,4215472.00
03/05/2023,03/05/2023,UPI/DR/54587839/TARA SINGH/SBIN0684317/tara714@okhdfc,TXN0259543,249.00,,4215223.00
03/05/2023,04/05/2023,UPI/CR/04708782/NIKHIL GUPTA/SBIN0684317/nikhil491@paytm,TXN0259544,,2500.00,4217723.00
03/05/2023,03/05/2023,NEFT/4065182197/MEERA PILLAI/SBIN0684317/98497864344273,TXN0259545,,4800.00,4222523.00
03/05/2023,03/05/2023,IMPS/P2P/22457749/RANJIT SINGH/8274121812,TXN0259546,,500.00,4223023.00
03/05/2023,03/05/2023,UPI/DR/34172265/SUSHMA RAO/SBIN0684317/sushma128@ybl,TXN0259547,7800.00,,4215223.00
03/05/2023,04/05/2023,UPI/DR/69466720/PREETHI IYER/SBIN0684317/preethi279@oksbi,TXN0259548,7800.00,,4207423.00
03/05/2023,03/05/2023,CASH DEPOSIT/BRANCH COUNTER/HITEC CITY HYDERABAD,TXN0259549,,850.00,4208273.00
03/05/2023,03/05/2023,CASH DEPOSIT/BRANCH COUNTER/HITEC CITY HYDERABAD,TXN0259550,,4800.00,4213073.00
03/05/2023,03/05/2023,UPI/DR/17515544/KAVERI MENON/SBIN0684317/kaveri607@paytm,TXN0259551,79.00,,4212994.00
03/05/2023,04/05/2023,UPI/DR/79233397/RAMESH GOWDA/SBIN0684317/ramesh813@ybl,TXN0259552,1250.00,,4211744.00
04/05/2023,04/05/2023,UPI/DR/1780212453/SURESH BABU/SBIN0684317/suresh876@okhdfc,TXN0259553,7800.00,,4203944.00
04/05/2023,05/05/2023,UPI/CR/754495119021/VINAY PATIL/SBIN0684317/vinay53@okhdfc,TXN0259554,,4800.00,4208744.00
04/05/2023,04/05/2023,UPI/DR/383753779809/RAJESH VERMA/SBIN0684317/rajesh815@okaxis,TXN0259555,2380.00,,4206364.00
04/05/2023,04/05/2023,ATM/WDL/5997710143/SBI ATM JAYANAGAR BLR,TXN0259556,49.00,,4206315.00
04/05/2023,04/05/2023,UPI/DR/63768679/PRAKASH RAO/SBIN0684317/prakash638@oksbi,TXN0259557,79.00,,4206236.00
05/05/2023,05/05/2023,ATM/WDL/66616367/CANARA ATM MYSURU,TXN0259558,449.00,,4205787.00
05/05/2023,05/05/2023,UPI/DR/02286063/TARA SINGH/SBIN0684317/tara982@okhdfc,TXN0259559,79.00,,4205708.00
05/05/2023,05/05/2023,NEFT/89286435/ADITYA KUMAR/SBIN0684317/83745730018554,TXN0259560,5200.00,,4200508.00
06/05/2023,06/05/2023,ATM/WDL/508991458762/SBI ATM JAYANAGAR BLR,TXN0259561,999.00,,4199509.00
06/05/2023,06/05/2023,NEFT/92368346/SUNITA DEVI/SBIN0684317/80109603758342,TXN0259562,1250.00,,4198259.00
06/05/2023,06/05/2023,CHQ NO 470213 CLEARING,TXN0259563,999.00,,4197260.00
07/05/2023,07/05/2023,CASH DEPOSIT/BRANCH COUNTER/HITEC CITY HYDERABAD,TXN0259564,,500.00,4197760.00
07/05/2023,08/05/2023,ATM/WDL/318157752785/HDFC ATM KORAMANGALA,TXN0259565,120.00,,4197640.00
07/05/2023,07/05/2023,ATM/WDL/488428702421/SBI ATM JAYANAGAR BLR,TXN0259566,2380.00,,4195260.00
07/05/2023,07/05/2023,CHQ NO 891311 CLEARING,TXN0259567,79.00,,4195181.00
07/05/2023,08/05/2023,UPI/DR/3603592071/SHAHID KHAN/SBIN0684317/shahid212@okaxis,TXN0259568,1250.00,,4193931.00
07/05/2023,07/05/2023,UPI/DR/481678198260/RAVI KUMAR SHARMA/SBIN0684317/ravi567@ybl,TXN0259569,1250.00,,4192681.00
08/05/2023,09/05/2023,UPI/DR/26226187/BINDHU NAIR/SBIN0684317/bindhu877@ybl,TXN0259570,1680.00,,4191001.00
08/05/2023,09/05/2023,UPI/CR/213755145208/REKHA PILLAI/SBIN0684317/rekha456@okhdfc,TXN0259571,,18500.00,4209501.00
08/05/2023,09/05/2023,IMPS/P2P/20852423/MEERA PILLAI/7534267816,TXN0259572,,7600.00,4217101.00
08/05/2023,08/05/2023,NEFT/623198274021/IMRAN KHAN/SBIN0684317/12676160107496,TXN0259573,999.00,,4216102.00
09/05/2023,09/05/2023,UPI/CR/404190706464/KAVITHA RAO/SBIN0684317/kavitha622@ybl,TXN0259574,,32000.00,4248102.00
09/05/2023,09/05/2023,UPI/DR/8972627666/LATHA MURTHY/SBIN0684317/latha236@ybl,TXN0259575,120.00,,4247982.00
09/05/2023,09/05/2023,ATM/WDL/2863322637/CANARA ATM MYSURU,TXN0259576,7800.00,,4240182.00
09/05/2023,09/05/2023,UPI/CR/983151790836/BABU LAL/SBIN0684317/babu155@okhdfc,TXN0259577,,32000.00,4272182.00
09/05/2023,09/05/2023,NEFT/3447460950/SHEELA DEVI/SBIN0684317/30465893647002,TXN0259578,,1200.00,4273382.00
09/05/2023,09/05/2023,UPI/DR/41027738/ADITYA KUMAR/SBIN0684317/aditya914@ybl,TXN0259579,79.00,,4273303.00
09/05/2023,09/05/2023,IMPS/P2P/36642925/ARUN SHARMA/7104163791,TXN0259580,,24000.00,4297303.00
10/05/2023,10/05/2023,UPI/DR/380692799062/RAHUL SINGH/SBIN0684317/rahul46@oksbi,TXN0259581,449.00,,4296854.00
10/05/2023,10/05/2023,NEFT/7986382891/KARTHIK MENON/SBIN0684317/49732487944417,TXN0259582,3499.00,,4293355.00
10/05/2023,10/05/2023,NEFT/74233953/SUSHMA RAO/SBIN0684317/01846758091618,TXN0259583,249.00,,4293106.00
10/05/2023,10/05/2023,CASH DEPOSIT/BRANCH COUNTER/HITEC CITY HYDERABAD,TXN0259584,,24000.00,4317106.00
10/05/2023,10/05/2023,ATM/WDL/6075748521/SBI ATM JAYANAGAR BLR,TXN0259585,449.00,,4316657.00
10/05/2023,10/05/2023,CHQ NO 014047 CLEARING,TXN0259586,999.00,,4315658.00
10/05/2023,10/05/2023,UPI/CR/66527772/RAMESH PILLAI/SBIN0684317/ramesh224@paytm,TXN0259587,,18500.00,4334158.00
11/05/2023,11/05/2023,CHQ NO 129007 CLEARING,TXN0259588,850.00,,4333308.00
11/05/2023,11/05/2023,ATM/WDL/6168984714/CANARA ATM MYSURU,TXN0259589,850.00,,4332458.00
11/05/2023,11/05/2023,IMPS/P2P/28126769/DIVYA MENON/9014841185,TXN0259590,,18500.00,4350958.00
11/05/2023,11/05/2023,NEFT/809385088127/MEERA PILLAI/SBIN0684317/25174080027379,TXN0259591,999.00,,4349959.00
12/05/2023,12/05/2023,CASH DEPOSIT/BRANCH COUNTER/HITEC CITY HYDERABAD,TXN0259592,,11200.00,4361159.00
12/05/2023,12/05/2023,ATM/WDL/504728477864/SBI ATM JAYANAGAR BLR,TXN0259593,449.00,,4360710.00
12/05/2023,12/05/2023,NEFT/966758817839/AYESHA KHAN/SBIN0684317/47369094117599,TXN0259594,,1200.00,4361910.00
12/05/2023,12/05/2023,UPI/DR/43352198/VIKRAM NAIR/SBIN0684317/vikram812@okaxis,TXN0259595,2380.00,,4359530.00
13/05/2023,13/05/2023,NEFT/82083889/MEENA IYER/SBIN0684317/75245384802003,TXN0259596,,500.00,4360030.00
13/05/2023,14/05/2023,ATM/WDL/1305294853/HDFC ATM KORAMANGALA,TXN0259597,310.00,,4359720.00
13/05/2023,13/05/2023,IMPS/P2P/552433960558/LAKSHMI VENKAT/8803846209,TXN0259598,,500.00,4360220.00
13/05/2023,13/05/2023,NEFT/9703020172/NIKHIL GUPTA/SBIN0684317/91569054639047,TXN0259599,,2500.00,4362720.00
13/05/2023,13/05/2023,NEFT/367616265413/MOHAMMED IRFAN/SBIN0684317/77858917723663,TXN0259600,,32000.00,4394720.00
13/05/2023,13/05/2023,UPI/DR/2191788075/ADITYA KUMAR/SBIN0684317/aditya912@okaxis,TXN0259601,249.00,,4394471.00
13/05/2023,13/05/2023,IMPS/P2P/3651845972/BINDHU NAIR/7192700801,TXN0259602,,18500.00,4412971.00
14/05/2023,14/05/2023,UPI/DR/917760195136/SUNIL YADAV/SBIN0684317/sunil438@oksbi,TXN0259603,5200.00,,4407771.00
14/05/2023,14/05/2023,UPI/DR/0941985133/PREETHI IYER/SBIN0684317/preethi564@paytm,TXN0259604,120.00,,4407651.00
14/05/2023,14/05/2023,UPI/DR/8030371879/ADITYA KUMAR/SBIN0684317/aditya114@okhdfc,TXN0259605,249.00,,4407402.00
14/05/2023,14/05/2023,UPI/CR/98100951/RESHMA KHAN/SBIN0684317/reshma371@ybl,TXN0259606,,850.00,4408252.00
14/05/2023,15/05/2023,CHQ NO 961056 CLEARING,TXN0259607,120.00,,4408132.00
14/05/2023,15/05/2023,ATM/WDL/36481302/HDFC ATM KORAMANGALA,TXN0259608,1250.00,,4406882.00
14/05/2023,14/05/2023,UPI/DR/7695114006/MEERA PILLAI/SBIN0684317/meera470@oksbi,TXN0259609,699.00,,4406183.00
14/05/2023,14/05/2023,IMPS/P2P/54236955/KAVYA REDDY/7165955701,TXN0259610,,1200.00,4407383.00
14/05/2023,14/05/2023,UPI/DR/459361310428/GEETA DEVI/SBIN0684317/geeta392@oksbi,TXN0259611,449.00,,4406934.00
14/05/2023,15/05/2023,ATM/WDL/9854928315/HDFC ATM KORAMANGALA,TXN0259612,120.00,,4406814.00
16/05/2023,16/05/2023,CHQ NO 640690 CLEARING,TXN0259613,449.00,,4406365.00
16/05/2023,16/05/2023,UPI/DR/299894289300/MOHAMMED IRFAN/SBIN0684317/mohammed992@ybl,TXN0259614,449.00,,4405916.00
16/05/2023,16/05/2023,CASH DEPOSIT/BRANCH COUNTER/HITEC CITY HYDERABAD,TXN0259615,,4800.00,4410716.00
16/05/2023,16/05/2023,NEFT/358316390233/NAVEEN KUMAR/SBIN0684317/16889470370253,TXN0259616,,500.00,4411216.00
16/05/2023,16/05/2023,UPI/DR/056737694463/IMRAN KHAN/SBIN0684317/imran622@paytm,TXN0259617,79.00,,4411137.00
16/05/2023,16/05/2023,ATM/WDL/26915376/SBI ATM JAYANAGAR BLR,TXN0259618,1250.00,,4409887.00
16/05/2023,17/05/2023,IMPS/P2P/356370365313/SURESH NAIR/9573040982,TXN0259619,,850.00,4410737.00
16/05/2023,16/05/2023,CHQ NO 243786 CLEARING,TXN0259620,79.00,,4410658.00
17/05/2023,17/05/2023,ATM/WDL/425736023780/SBI ATM JAYANAGAR BLR,TXN0259621,79.00,,4410579.00
17/05/2023,17/05/2023,UPI/CR/1893339230/VINAY PATIL/SBIN0684317/vinay801@ybl,TXN0259622,,4800.00,4415379.00
17/05/2023,18/05/2023,UPI/DR/1866614305/NILESH KULKARNI/SBIN0684317/nilesh565@okhdfc,TXN0259623,850.00,,4414529.00
17/05/2023,18/05/2023,UPI/CR/010810560524/IMRAN KHAN/SBIN0684317/imran923@okhdfc,TXN0259624,,7600.00,4422129.00
17/05/2023,17/05/2023,NEFT/2425924423/CHANDAN SHARMA/SBIN0684317/25940983199038,TXN0259625,,500.00,4422629.00
17/05/2023,17/05/2023,UPI/DR/04343497/RANJIT SINGH/SBIN0684317/ranjit949@okhdfc,TXN0259626,999.00,,4421630.00
17/05/2023,17/05/2023,UPI/DR/89642446/TARA SINGH/SBIN0684317/tara106@paytm,TXN0259627,7800.00,,4413830.00
18/05/2023,18/05/2023,UPI/DR/429197872359/KAVYA REDDY/SBIN0684317/kavya619@paytm,TXN0259628,699.00,,4413131.00
18/05/2023,19/05/2023,IMPS/P2P/501984293358/USHA RANI/9440715279,TXN0259629,,7600.00,4420731.00
18/05/2023,19/05/2023,CASH DEPOSIT/BRANCH COUNTER/HITEC CITY HYDERABAD,TXN0259630,,18500.00,4439231.00
18/05/2023,18/05/2023,IMPS/P2P/1135765382/BABU LAL/7022276403,TXN0259631,,7600.00,4446831.00
19/05/2023,19/05/2023,ATM/WDL/9859580433/HDFC ATM KORAMANGALA,TXN0259632,5200.00,,4441631.00
19/05/2023,19/05/2023,NEFT/8289628742/RAMESH GOWDA/SBIN0684317/08732411114693,TXN0259633,7800.00,,4433831.00
19/05/2023,19/05/2023,NEFT/375806629819/NAVEEN KUMAR/SBIN0684317/52792601348929,TXN0259634,,850.00,4434681.00
19/05/2023,20/05/2023,UPI/CR/740422573421/DEEPA NAIR/SBIN0684317/deepa157@paytm,TXN0259635,,2500.00,4437181.00
19/05/2023,19/05/2023,CASH DEPOSIT/BRANCH COUNTER/HITEC CITY HYDERABAD,TXN0259636,,850.00,4438031.00
20/05/2023,20/05/2023,CASH DEPOSIT/BRANCH COUNTER/HITEC CITY HYDERABAD,TXN0259637,,1200.00,4439231.00
20/05/2023,21/05/2023,NEFT/93878202/MEERA PILLAI/SBIN0684317/36043092875558,TXN0259638,310.00,,4438921.00
20/05/2023,20/05/2023,UPI/CR/633542117537/PREETHI IYER/SBIN0684317/preethi819@paytm,TXN0259639,,500.00,4439421.00
20/05/2023,21/05/2023,CHQ NO 311965 CLEARING,TXN0259640,79.00,,4439342.00
20/05/2023,21/05/2023,CASH DEPOSIT/BRANCH COUNTER/HITEC CITY HYDERABAD,TXN0259641,,2500.00,4441842.00
20/05/2023,20/05/2023,UPI/DR/225401087202/PREETHI IYER/SBIN0684317/preethi321@oksbi,TXN0259642,5200.00,,4436642.00
21/05/2023,22/05/2023,UPI/DR/39279728/GEETA DEVI/SBIN0684317/geeta693@okaxis,TXN0259643,249.00,,4436393.00
21/05/2023,21/05/2023,UPI/DR/264274489403/PRAKASH RAO/SBIN0684317/prakash997@oksbi,TXN0259644,449.00,,4435944.00
21/05/2023,21/05/2023,CHQ NO 590200 CLEARING,TXN0259645,5200.00,,4430744.00
21/05/2023,21/05/2023,UPI/CR/9911696145/MOHAMMED IRFAN/SBIN0684317/mohammed890@paytm,TXN0259646,,500.00,4431244.00
21/05/2023,21/05/2023,UPI/DR/278362141829/RANJIT SINGH/SBIN0684317/ranjit165@okaxis,TXN0259647,310.00,,4430934.00
21/05/2023,21/05/2023,UPI/DR/52883926/SANTOSH KUMAR/SBIN0684317/santosh238@ybl,TXN0259648,2380.00,,4428554.00
21/05/2023,22/05/2023,NEFT/27863203/ROHIT SHARMA/SBIN0684317/40090810359881,TXN0259649,,32000.00,4460554.00
21/05/2023,21/05/2023,IMPS/P2P/94426667/FARHAN KHAN/8682945967,TXN0259650,,32000.00,4492554.00
22/05/2023,22/05/2023,CASH DEPOSIT/BRANCH COUNTER/HITEC CITY HYDERABAD,TXN0259651,,24000.00,4516554.00
22/05/2023,22/05/2023,NEFT/1373301307/KAVERI MENON/SBIN0684317/68427067245030,TXN0259652,449.00,,4516105.00
22/05/2023,22/05/2023,CASH DEPOSIT/BRANCH COUNTER/HITEC CITY HYDERABAD,TXN0259653,,4800.00,4520905.00
22/05/2023,23/05/2023,UPI/CR/2000020998/TARA SINGH/SBIN0684317/tara552@okaxis,TXN0259654,,24000.00,4544905.00
22/05/2023,22/05/2023,CHQ NO 947877 CLEARING,TXN0259655,2380.00,,4542525.00
23/05/2023,23/05/2023,CHQ NO 295617 CLEARING,TXN0259656,999.00,,4541526.00
23/05/2023,24/05/2023,NEFT/905619732051/RAJESH VERMA/SBIN0684317/78544411865524,TXN0259657,2380.00,,4539146.00
23/05/2023,23/05/2023,ATM/WDL/8992772592/CANARA ATM MYSURU,TXN0259658,79.00,,4539067.00
23/05/2023,24/05/2023,IMPS/P2P/19648135/SUNITA DEVI/8074562129,TXN0259659,,7600.00,4546667.00
24/05/2023,24/05/2023,IMPS/P2P/2020624142/SHAHID KHAN/8548707359,TXN0259660,,850.00,4547517.00
24/05/2023,24/05/2023,IMPS/P2P/38771887/LALITHA DEVI/7105166744,TXN0259661,,32000.00,4579517.00
24/05/2023,24/05/2023,UPI/DR/2079299043/KAVYA REDDY/SBIN0684317/kavya72@okaxis,TXN0259662,2380.00,,4577137.00
24/05/2023,25/05/2023,UPI/DR/39780216/SNEHA PATIL/SBIN0684317/sneha754@okhdfc,TXN0259663,310.00,,4576827.00
24/05/2023,24/05/2023,UPI/DR/8230657563/IMRAN KHAN/SBIN0684317/imran54@paytm,TXN0259664,2380.00,,4574447.00
24/05/2023,25/05/2023,CASH DEPOSIT/BRANCH COUNTER/HITEC CITY HYDERABAD,TXN0259665,,4800.00,4579247.00
24/05/2023,24/05/2023,CASH DEPOSIT/BRANCH COUNTER/HITEC CITY HYDERABAD,TXN0259666,,2500.00,4581747.00
25/05/2023,25/05/2023,UPI/DR/445066404464/POOJA SHARMA/SBIN0684317/pooja276@okhdfc,TXN0259667,249.00,,4581498.00
25/05/2023,26/05/2023,NEFT/490336299059/MEENA IYER/SBIN0684317/66470648132191,TXN0259668,,1200.00,4582698.00
25/05/2023,25/05/2023,IMPS/P2P/2456854968/DIVYA MENON/9027760369,TXN0259669,,2500.00,4585198.00
25/05/2023,25/05/2023,NEFT/559915527156/SMITHA PILLAI/SBIN0684317/27611491026519,TXN0259670,3499.00,,4581699.00
26/05/2023,26/05/2023,UPI/DR/8110433210/TARA SINGH/SBIN0684317/tara406@okaxis,TXN0259671,1680.00,,4580019.00
26/05/2023,26/05/2023,IMPS/P2P/1871026424/ARUN SHARMA/7631558359,TXN0259672,,1200.00,4581219.00
26/05/2023,27/05/2023,CASH DEPOSIT/BRANCH COUNTER/HITEC CITY HYDERABAD,TXN0259673,,2500.00,4583719.00
26/05/2023,26/05/2023,NEFT/026998623952/GOPAL VERMA/SBIN0684317/17962020829657,TXN0259674,249.00,,4583470.00
26/05/2023,27/05/2023,IMPS/P2P/047488949936/LATHA MURTHY/9147380779,TXN0259675,,24000.00,4607470.00
26/05/2023,26/05/2023,IMPS/P2P/1949565580/ARCHANA PILLAI/8954285688,TXN0259676,,500.00,4607970.00
26/05/2023,26/05/2023,UPI/DR/759130557674/SUSHMA RAO/SBIN0684317/sushma479@okaxis,TXN0259677,449.00,,4607521.00
27/05/2023,27/05/2023,UPI/DR/9755061833/TANVI RAO/SBIN0684317/tanvi540@okaxis,TXN0259678,120.00,,4607401.00
27/05/2023,27/05/2023,NEFT/7569119632/MEENA IYER/SBIN0684317/48410901816833,TXN0259679,3499.00,,4603902.00
27/05/2023,27/05/2023,CASH DEPOSIT/BRANCH COUNTER/HITEC CITY HYDERABAD,TXN0259680,,32000.00,4635902.00
27/05/2023,28/05/2023,CHQ NO 581165 CLEARING,TXN0259681,699.00,,4635203.00
27/05/2023,28/05/2023,NEFT/5240141406/MEENA IYER/SBIN0684317/42013888052050,TXN0259682,49.00,,4635154.00
28/05/2023,29/05/2023,UPI/DR/407769887923/ARUN SHARMA/SBIN0684317/arun531@ybl,TXN0259683,1680.00,,4633474.00
28/05/2023,28/05/2023,ATM/WDL/6370514578/CANARA ATM MYSURU,TXN0259684,7800.00,,4625674.00
29/05/2023,29/05/2023,NEFT/3502193017/KAVYA REDDY/SBIN0684317/31355798242279,TXN0259685,,2500.00,4628174.00
29/05/2023,29/05/2023,UPI/CR/1998303555/MOHAN DAS/SBIN0684317/mohan539@okaxis,TXN0259686,,2500.00,4630674.00
30/05/2023,30/05/2023,UPI/DR/9658863178/RAVI KUMAR SHARMA/SBIN0684317/ravi117@paytm,TXN0259687,49.00,,4630625.00
30/05/2023,31/05/2023,UPI/DR/98308289/ROHIT SHARMA/SBIN0684317/rohit17@okhdfc,TXN0259688,449.00,,4630176.00
30/05/2023,30/05/2023,UPI/DR/21661502/SHAHID KHAN/SBIN0684317/shahid566@ybl,TXN0259689,120.00,,4630056.00
30/05/2023,30/05/2023,NEFT/57905223/NIKHIL GUPTA/SBIN0684317/83945223761851,TXN0259690,249.00,,4629807.00
30/05/2023,30/05/2023,ATM/WDL/876842089675/SBI ATM JAYANAGAR BLR,TXN0259691,79.00,,4629728.00
30/05/2023,30/05/2023,NEFT/7856229788/NILESH KULKARNI/SBIN0684317/29426666452177,TXN0259692,7800.00,,4621928.00
31/05/2023,31/05/2023,UPI/DR/317591707019/SAVITHA DEVI/SBIN0684317/savitha179@ybl,TXN0259693,249.00,,4621679.00
31/05/2023,31/05/2023,IMPS/P2P/6087822122/PRAKASH RAO/9949756619,TXN0259694,,7600.00,4629279.00
31/05/2023,31/05/2023,UPI/CR/240216195256/SAVITHA DEVI/SBIN0684317/savitha612@ybl,TXN0259695,,11200.00,4640479.00
01/06/2023,01/06/2023,IMPS/P2P/9367815283/ARUN SHARMA/9808660764,TXN0259696,,1200.00,4641679.00
01/06/2023,01/06/2023,UPI/DR/4379061129/ARJUN MEHTA/SBIN0684317/arjun686@paytm,TXN0259697,1680.00,,4639999.00
01/06/2023,01/06/2023,UPI/CR/70852081/ADITYA KUMAR/SBIN0684317/aditya29@okhdfc,TXN0259698,,1200.00,4641199.00
01/06/2023,02/06/2023,NEFT/842207839209/MEENA IYER/SBIN0684317/67744471674334,TXN0259699,,24000.00,4665199.00
02/06/2023,03/06/2023,UPI/DR/6074477778/ADITYA KUMAR/SBIN0684317/aditya350@oksbi,TXN0259700,699.00,,4664500.00
02/06/2023,02/06/2023,ATM/WDL/1461084707/SBI ATM JAYANAGAR BLR,TXN0259701,49.00,,4664451.00
02/06/2023,02/06/2023,ATM/WDL/490205294519/SBI ATM JAYANAGAR BLR,TXN0259702,1250.00,,4663201.00
02/06/2023,02/06/2023,UPI/CR/698572877385/ARJUN MEHTA/SBIN0684317/arjun118@okaxis,TXN0259703,,1200.00,4664401.00
02/06/2023,02/06/2023,UPI/DR/115042952017/ARCHANA PILLAI/SBIN0684317/archana674@okhdfc,TXN0259704,850.00,,4663551.00
02/06/2023,02/06/2023,IMPS/P2P/172958931603/DEEPA NAIR/8421579159,TXN0259705,,7600.00,4671151.00
02/06/2023,03/06/2023,IMPS/P2P/9616806002/NAVEEN KUMAR/7355333142,TXN0259706,,500.00,4671651.00
03/06/2023,03/06/2023,UPI/DR/851309486283/FATIMA SHEIKH/SBIN0684317/fatima533@okhdfc,TXN0259707,5200.00,,4666451.00
03/06/2023,03/06/2023,IMPS/P2P/12979994/VINAY PATIL/7286087233,TXN0259708,,7600.00,4674051.00
03/06/2023,04/06/2023,UPI/DR/381077403946/PRAKASH RAO/SBIN0684317/prakash498@okhdfc,TXN0259709,79.00,,4673972.00
03/06/2023,03/06/2023,UPI/CR/81479434/PRIYA NAIR/SBIN0684317/priya932@okhdfc,TXN0259710,,7600.00,4681572.00
04/06/2023,04/06/2023,UPI/DR/0008970186/DEEPA NAIR/SBIN0684317/deepa420@paytm,TXN0259711,449.00,,4681123.00
04/06/2023,04/06/2023,UPI/DR/02701343/PRIYA NAIR/SBIN0684317/priya813@paytm,TXN0259712,699.00,,4680424.00
04/06/2023,04/06/2023,NEFT/606246326118/SHEELA DEVI/SBIN0684317/30065758514017,TXN0259713,850.00,,4679574.00
04/06/2023,04/06/2023,UPI/DR/06233129/KAVITHA RAO/SBIN0684317/kavitha224@okhdfc,TXN0259714,249.00,,4679325.00
04/06/2023,04/06/2023,UPI/CR/12830334/LALITHA DEVI/SBIN0684317/lalitha376@oksbi,TXN0259715,,1200.00,4680525.00
04/06/2023,04/06/2023,NEFT/42363159/SURESH BABU/SBIN0684317/38185533313080,TXN0259716,,24000.00,4704525.00
04/06/2023,05/06/2023,CASH DEPOSIT/BRANCH COUNTER/HITEC CITY HYDERABAD,TXN0259717,,850.00,4705375.00
05/06/2023,05/06/2023,UPI/DR/081560725869/HARISH MENON/SBIN0684317/harish606@okaxis,TXN0259718,999.00,,4704376.00
05/06/2023,05/06/2023,UPI/DR/8974780713/PADMA RAO/SBIN0684317/padma343@okaxis,TXN0259719,7800.00,,4696576.00
05/06/2023,05/06/2023,CHQ NO 436589 CLEARING,TXN0259720,449.00,,4696127.00
05/06/2023,05/06/2023,UPI/DR/9487950706/IMRAN KHAN/SBIN0684317/imran980@okhdfc,TXN0259721,999.00,,4695128.00
05/06/2023,06/06/2023,NEFT/7900962834/MEERA PILLAI/SBIN0684317/73098458146063,TXN0259722,,850.00,4695978.00
05/06/2023,06/06/2023,UPI/DR/7253781718/DEEPAK JOSHI/SBIN0684317/deepak219@paytm,TXN0259723,1250.00,,4694728.00
06/06/2023,06/06/2023,ATM/WDL/0271958490/CANARA ATM MYSURU,TXN0259724,79.00,,4694649.00
06/06/2023,06/06/2023,NEFT/83334605/ADITYA KUMAR/SBIN0684317/64263690753517,TXN0259725,,2500.00,4697149.00
06/06/2023,06/06/2023,CASH DEPOSIT/BRANCH COUNTER/HITEC CITY HYDERABAD,TXN0259726,,24000.00,4721149.00
06/06/2023,06/06/2023,IMPS/P2P/8478367615/LATHA MURTHY/8085457681,TXN0259727,,7600.00,4728749.00
06/06/2023,06/06/2023,IMPS/P2P/962398070478/MEERA PILLAI/9498526611,TXN0259728,,4800.00,4733549.00
06/06/2023,06/06/2023,NEFT/08112004/NIKHIL GUPTA/SBIN0684317/41303445677986,TXN0259729,1250.00,,4732299.00
06/06/2023,06/06/2023,NEFT/14982484/DIVYA MENON/SBIN0684317/68871592179602,TXN0259730,449.00,,4731850.00
07/06/2023,08/06/2023,UPI/DR/17889440/NIKHIL GUPTA/SBIN0684317/nikhil436@paytm,TXN0259731,1680.00,,4730170.00
07/06/2023,07/06/2023,UPI/DR/476163469194/FARHAN KHAN/SBIN0684317/farhan767@okhdfc,TXN0259732,3499.00,,4726671.00
07/06/2023,08/06/2023,CASH DEPOSIT/BRANCH COUNTER/HITEC CITY HYDERABAD,TXN0259733,,32000.00,4758671.00
07/06/2023,07/06/2023,UPI/DR/038781793334/POOJA SHARMA/SBIN0684317/pooja742@okhdfc,TXN0259734,999.00,,4757672.00
07/06/2023,07/06/2023,IMPS/P2P/71521386/RAVI KUMAR SHARMA/9535561713,TXN0259735,,11200.00,4768872.00
08/06/2023,08/06/2023,CHQ NO 319006 CLEARING,TXN0259736,699.00,,4768173.00
08/06/2023,08/06/2023,CASH DEPOSIT/BRANCH COUNTER/HITEC CITY HYDERABAD,TXN0259737,,11200.00,4779373.00
08/06/2023,08/06/2023,NEFT/755777580569/USHA RANI/SBIN0684317/07961042987101,TXN0259738,,32000.00,4811373.00
09/06/2023,09/06/2023,UPI/DR/250569412423/MALLIKA DAS/SBIN0684317/mallika772@okaxis,TXN0259739,249.00,,4811124.00
09/06/2023,09/06/2023,UPI/DR/818128397901/MOHAN DAS/SBIN0684317/mohan214@ybl,TXN0259740,699.00,,4810425.00
09/06/2023,09/06/2023,UPI/DR/808655065523/BABU LAL/SBIN0684317/babu472@okhdfc,TXN0259741,5200.00,,4805225.00
09/06/2023,09/06/2023,UPI/DR/6598972656/RAMESH GOWDA/SBIN0684317/ramesh161@okaxis,TXN0259742,2380.00,,4802845.00
09/06/2023,09/06/2023,CHQ NO 902953 CLEARING,TXN0259743,7800.00,,4795045.00
09/06/2023,09/06/2023,UPI/DR/151750277426/KAVITHA RAO/SBIN0684317/kavitha183@paytm,TXN0259744,1250.00,,4793795.00
09/06/2023,09/06/2023,UPI/CR/612450704998/MEERA PILLAI/SBIN0684317/meera599@ybl,TXN0259745,,4800.00,4798595.00
10/06/2023,11/06/2023,CASH DEPOSIT/BRANCH COUNTER/HITEC CITY HYDERABAD,TXN0259746,,4800.00,4803395.00
10/06/2023,10/06/2023,UPI/DR/21406539/TANVI RAO/SBIN0684317/tanvi313@ybl,TXN0259747,2380.00,,4801015.00
11/06/2023,11/06/2023,UPI/DR/088971287044/SAVITHA DEVI/SBIN0684317/savitha788@okaxis,TXN0259748,120.00,,4800895.00
11/06/2023,11/06/2023,CHQ NO 092715 CLEARING,TXN0259749,850.00,,4800045.00
11/06/2023,11/06/2023,NEFT/66584609/MOHAMMED IRFAN/SBIN0684317/27932925353852,TXN0259750,,1200.00,4801245.00
11/06/2023,11/06/2023,IMPS/P2P/3540740040/VIKRAM NAIR/7218909985,TXN0259751,,18500.00,4819745.00
11/06/2023,11/06/2023,CASH DEPOSIT/BRANCH COUNTER/HITEC CITY HYDERABAD,TXN0259752,,2500.00,4822245.00
11/06/2023,12/06/2023,CASH DEPOSIT/BRANCH COUNTER/HITEC CITY HYDERABAD,TXN0259753,,1200.00,4823445.00
11/06/2023,11/06/2023,UPI/CR/53346052/FARHAN KHAN/SBIN0684317/farhan267@ybl,TXN0259754,,1200.00,4824645.00
11/06/2023,11/06/2023,UPI/DR/30657135/GEETA DEVI/SBIN0684317/geeta350@ybl,TXN0259755,49.00,,4824596.00
11/06/2023,12/06/2023,UPI/DR/53997753/FARHAN KHAN/SBIN0684317/farhan880@oksbi,TXN0259756,699.00,,4823897.00
12/06/2023,12/06/2023,CASH DEPOSIT/BRANCH COUNTER/HITEC CITY HYDERABAD,TXN0259757,,1200.00,4825097.00
12/06/2023,12/06/2023,CHQ NO 168967 CLEARING,TXN0259758,5200.00,,4819897.00
12/06/2023,12/06/2023,UPI/DR/9813281940/SHEELA DEVI/SBIN0684317/sheela275@oksbi,TXN0259759,1250.00,,4818647.00
12/06/2023,12/06/2023,CHQ NO 297647 CLEARING,TXN0259760,999.00,,4817648.00
12/06/2023,12/06/2023,UPI/DR/58614224/ARUN SHARMA/SBIN0684317/arun146@okaxis,TXN0259761,999.00,,4816649.00
13/06/2023,13/06/2023,UPI/DR/411741017041/LATHA MURTHY/SBIN0684317/latha393@okhdfc,TXN0259762,79.00,,4816570.00
13/06/2023,13/06/2023,NEFT/85461056/MOHAN DAS/SBIN0684317/22311321527185,TXN0259763,,11200.00,4827770.00
13/06/2023,13/06/2023,UPI/DR/38192969/SURESH NAIR/SBIN0684317/suresh209@oksbi,TXN0259764,49.00,,4827721.00
13/06/2023,13/06/2023,ATM/WDL/9276707546/HDFC ATM KORAMANGALA,TXN0259765,850.00,,4826871.00
13/06/2023,13/06/2023,UPI/DR/21903795/ARCHANA PILLAI/SBIN0684317/archana964@okaxis,TXN0259766,49.00,,4826822.00
13/06/2023,13/06/2023,UPI/DR/3688608386/RAJESH VERMA/SBIN0684317/rajesh547@oksbi,TXN0259767,249.00,,4826573.00
13/06/2023,13/06/2023,UPI/CR/96526616/LATHA MURTHY/SBIN0684317/latha414@ybl,TXN0259768,,18500.00,4845073.00
14/06/2023,14/06/2023,NEFT/2706823296/RAHUL SINGH/SBIN0684317/40641220028881,TXN0259769,2380.00,,4842693.00
14/06/2023,15/06/2023,NEFT/194342686129/ARCHANA PILLAI/SBIN0684317/91726670053822,TXN0259770,,32000.00,4874693.00
14/06/2023,15/06/2023,CHQ NO 786185 CLEARING,TXN0259771,120.00,,4874573.00
14/06/2023,14/06/2023,NEFT/940041667856/DEEPA NAIR/SBIN0684317/21342776256757,TXN0259772,5200.00,,4869373.00
15/06/2023,15/06/2023,UPI/CR/828598026746/VENKAT RAO/SBIN0684317/venkat318@oksbi,TXN0259773,,11200.00,4880573.00
15/06/2023,15/06/2023,CASH DEPOSIT/BRANCH COUNTER/HITEC CITY HYDERABAD,TXN0259774,,24000.00,4904573.00
15/06/2023,16/06/2023,NEFT/0727777991/PADMA RAO/SBIN0684317/78105719706255,TXN0259775,3499.00,,4901074.00
15/06/2023,16/06/2023,NEFT/1513961361/FATIMA SHEIKH/SBIN0684317/01012123622379,TXN0259776,,850.00,4901924.00
15/06/2023,15/06/2023,NEFT/246019947398/SMITHA PILLAI/SBIN0684317/04100676132019,TXN0259777,,11200.00,4913124.00
15/06/2023,15/06/2023,UPI/DR/86668580/SHEELA DEVI/SBIN0684317/sheela681@ybl,TXN0259778,850.00,,4912274.00
16/06/2023,16/06/2023,UPI/DR/00504260/SHEELA DEVI/SBIN0684317/sheela249@ybl,TXN0259779,7800.00,,4904474.00
16/06/2023,16/06/2023,CASH DEPOSIT/BRANCH COUNTER/HITEC CITY HYDERABAD,TXN0259780,,24000.00,4928474.00
16/06/2023,16/06/2023,UPI/DR/4898392087/GANESH KUMAR/SBIN0684317/ganesh385@ybl,TXN0259781,79.00,,4928395.00
16/06/2023,17/06/2023,NEFT/0518082143/GOPAL VERMA/SBIN0684317/44825204309613,TXN0259782,1250.00,,4927145.00
16/06/2023,16/06/2023,NEFT/3256401213/NAVEEN KUMAR/SBIN0684317/11745573532337,TXN0259783,449.00,,4926696.00
17/06/2023,17/06/2023,IMPS/P2P/2893724852/SURESH BABU/9333801156,TXN0259784,,4800.00,4931496.00
17/06/2023,17/06/2023,NEFT/5912991027/FATIMA SHEIKH/SBIN0684317/59336027939224,TXN0259785,,11200.00,4942696.00
17/06/2023,18/06/2023,CASH DEPOSIT/BRANCH COUNTER/HITEC CITY HYDERABAD,TXN0259786,,1200.00,4943896.00
17/06/2023,17/06/2023,ATM/WDL/690261495783/HDFC ATM KORAMANGALA,TXN0259787,1680.00,,4942216.00
17/06/2023,18/06/2023,UPI/CR/300289906969/PRIYA NAIR/SBIN0684317/priya667@okaxis,TXN0259788,,2500.00,4944716.00
18/06/2023,18/06/2023,ATM/WDL/4041073490/CANARA ATM MYSURU,TXN0259789,2380.00,,4942336.00
18/06/2023,18/06/2023,UPI/CR/675327900209/KARTHIK MENON/SBIN0684317/karthik923@okaxis,TXN0259790,,2500.00,4944836.00
18/06/2023,18/06/2023,NEFT/0264406598/SHEELA DEVI/SBIN0684317/23203931662198,TXN0259791,49.00,,4944787.00
18/06/2023,18/06/2023,IMPS/P2P/4051361292/MEERA PILLAI/9422506235,TXN0259792,,4800.00,4949587.00
18/06/2023,18/06/2023,ATM/WDL/445381325493/HDFC ATM KORAMANGALA,TXN0259793,449.00,,4949138.00
18/06/2023,18/06/2023,CHQ NO 990885 CLEARING,TXN0259794,7800.00,,4941338.00
18/06/2023,18/06/2023,UPI/CR/25913633/FATIMA SHEIKH/SBIN0684317/fatima477@okaxis,TXN0259795,,32000.00,4973338.00
19/06/2023,19/06/2023,NEFT/152263624261/NADIA HUSSAIN/SBIN0684317/68547809319136,TXN0259796,3499.00,,4969839.00
19/06/2023,19/06/2023,CHQ NO 587482 CLEARING,TXN0259797,850.00,,4968989.00
19/06/2023,20/06/2023,NEFT/85533705/RAMESH GOWDA/SBIN0684317/45272747930747,TXN0259798,,18500.00,4987489.00
20/06/2023,21/06/2023,NEFT/601264228565/BABU LAL/SBIN0684317/13918619227879,TXN0259799,,32000.00,5019489.00
20/06/2023,21/06/2023,CHQ NO 764864 CLEARING,TXN0259800,249.00,,5019240.00
20/06/2023,20/06/2023,NEFT/093765337613/SURESH NAIR/SBIN0684317/37950551494453,TXN0259801,,500.00,5019740.00
20/06/2023,20/06/2023,NEFT/763878393746/KAVITHA RAO/SBIN0684317/74820810606061,TXN0259802,,32000.00,5051740.00
20/06/2023,20/06/2023,UPI/DR/77063830/POOJA SHARMA/SBIN0684317/pooja462@oksbi,TXN0259803,449.00,,5051291.00
21/06/2023,21/06/2023,NEFT/9059547273/DEEPA NAIR/SBIN0684317/10130544259101,TXN0259804,3499.00,,5047792.00
21/06/2023,21/06/2023,UPI/CR/7710068866/KAVERI MENON/SBIN0684317/kaveri953@oksbi,TXN0259805,,11200.00,5058992.00
21/06/2023,21/06/2023,NEFT/02214460/MOHAMMED IRFAN/SBIN0684317/97874435314453,TXN0259806,310.00,,5058682.00
22/06/2023,22/06/2023,UPI/DR/9196558713/AYESHA KHAN/SBIN0684317/ayesha249@paytm,TXN0259807,7800.00,,5050882.00
22/06/2023,22/06/2023,UPI/DR/67624206/PADMA RAO/SBIN0684317/padma492@paytm,TXN0259808,850.00,,5050032.00
23/06/2023,23/06/2023,CHQ NO 026950 CLEARING,TXN0259809,120.00,,5049912.00
23/06/2023,24/06/2023,UPI/DR/38889065/SHEELA DEVI/SBIN0684317/sheela319@okaxis,TXN0259810,7800.00,,5042112.00
23/06/2023,23/06/2023,UPI/DR/314074412697/ANITHA KRISHNAN/SBIN0684317/anitha287@okaxis,TXN0259811,49.00,,5042063.00
23/06/2023,23/06/2023,NEFT/75046598/KIRAN REDDY/SBIN0684317/83243521430334,TXN0259812,1250.00,,5040813.00
23/06/2023,23/06/2023,ATM/WDL/93187237/HDFC ATM KORAMANGALA,TXN0259813,699.00,,5040114.00
23/06/2023,24/06/2023,CHQ NO 457163 CLEARING,TXN0259814,310.00,,5039804.00
24/06/2023,25/06/2023,CHQ NO 811919 CLEARING,TXN0259815,850.00,,5038954.00
24/06/2023,24/06/2023,UPI/DR/701950806357/TARA SINGH/SBIN0684317/tara619@okaxis,TXN0259816,2380.00,,5036574.00
24/06/2023,24/06/2023,NEFT/3632691973/POOJA SHARMA/SBIN0684317/27475418661502,TXN0259817,,18500.00,5055074.00
24/06/2023,24/06/2023,UPI/DR/8250769521/KAVERI MENON/SBIN0684317/kaveri635@okhdfc,TXN0259818,850.00,,5054224.00
24/06/2023,24/06/2023,UPI/DR/763444971328/ROHIT SHARMA/SBIN0684317/rohit663@oksbi,TXN0259819,2380.00,,5051844.00
24/06/2023,24/06/2023,CASH DEPOSIT/BRANCH COUNTER/HITEC CITY HYDERABAD,TXN0259820,,7600.00,5059444.00
24/06/2023,24/06/2023,NEFT/05972486/MOHAMMED IRFAN/SBIN0684317/07977928012760,TXN0259821,,850.00,5060294.00
24/06/2023,24/06/2023,IMPS/P2P/639167269083/LALITHA DEVI/9049127236,TXN0259822,,2500.00,5062794.00
25/06/2023,26/06/2023,CHQ NO 604100 CLEARING,TXN0259823,49.00,,5062745.00
25/06/2023,26/06/2023,CHQ NO 811662 CLEARING,TXN0259824,5200.00,,5057545.00
25/06/2023,25/06/2023,ATM/WDL/220048354148/HDFC ATM KORAMANGALA,TXN0259825,1680.00,,5055865.00
25/06/2023,25/06/2023,IMPS/P2P/07648989/RAMESH PILLAI/9102803756,TXN0259826,,1200.00,5057065.00
25/06/2023,25/06/2023,NEFT/9960261561/AYESHA KHAN/SBIN0684317/92475297052198,TXN0259827,,11200.00,5068265.00
25/06/2023,25/06/2023,CHQ NO 342805 CLEARING,TXN0259828,1250.00,,5067015.00
25/06/2023,26/06/2023,UPI/CR/6790429439/BABU LAL/SBIN0684317/babu716@oksbi,TXN0259829,,18500.00,5085515.00
25/06/2023,25/06/2023,UPI/DR/232630649888/VINAY PATIL/SBIN0684317/vinay159@okhdfc,TXN0259830,850.00,,5084665.00
25/06/2023,25/06/2023,NEFT/693490292567/SHAHID KHAN/SBIN0684317/64806185270966,TXN0259831,,32000.00,5116665.00
25/06/2023,25/06/2023,IMPS/P2P/5018016298/SHEELA DEVI/7553693631,TXN0259832,,24000.00,5140665.00
25/06/2023,25/06/2023,UPI/DR/63915550/RANJIT SINGH/SBIN0684317/ranjit363@paytm,TXN0259833,3499.00,,5137166.00
25/06/2023,25/06/2023,UPI/CR/363326225311/REKHA PILLAI/SBIN0684317/rekha347@oksbi,TXN0259834,,500.00,5137666.00
26/06/2023,26/06/2023,UPI/DR/384159448229/PADMA RAO/SBIN0684317/padma297@ybl,TXN0259835,2380.00,,5135286.00
26/06/2023,26/06/2023,ATM/WDL/3149533959/SBI ATM JAYANAGAR BLR,TXN0259836,249.00,,5135037.00
26/06/2023,27/06/2023,CASH DEPOSIT/BRANCH COUNTER/HITEC CITY HYDERABAD,TXN0259837,,32000.00,5167037.00
27/06/2023,27/06/2023,CHQ NO 151030 CLEARING,TXN0259838,449.00,,5166588.00
27/06/2023,27/06/2023,CHQ NO 545795 CLEARING,TXN0259839,2380.00,,5164208.00
28/06/2023,29/06/2023,UPI/CR/9071193339/GEETA DEVI/SBIN0684317/geeta125@paytm,TXN0259840,,2500.00,5166708.00
28/06/2023,29/06/2023,UPI/CR/822558080618/BABU LAL/SBIN0684317/babu492@okaxis,TXN0259841,,11200.00,5177908.00
28/06/2023,28/06/2023,UPI/CR/680899938835/PADMA RAO/SBIN0684317/padma757@okhdfc,TXN0259842,,1200.00,5179108.00
28/06/2023,28/06/2023,CHQ NO 819435 CLEARING,TXN0259843,449.00,,5178659.00
28/06/2023,29/06/2023,IMPS/P2P/177343737390/VIKRAM NAIR/8681249037,TXN0259844,,32000.00,5210659.00
28/06/2023,28/06/2023,NEFT/18980797/NADIA HUSSAIN/SBIN0684317/93621177053211,TXN0259845,1250.00,,5209409.00
28/06/2023,28/06/2023,NEFT/96909634/GANESH KUMAR/SBIN0684317/60341301473629,TXN0259846,,24000.00,5233409.00
28/06/2023,28/06/2023,CASH DEPOSIT/BRANCH COUNTER/HITEC CITY HYDERABAD,TXN0259847,,500.00,5233909.00
28/06/2023,28/06/2023,NEFT/243698997164/HARISH MENON/SBIN0684317/48031681531753,TXN0259848,2380.00,,5231529.00
28/06/2023,28/06/2023,ATM/WDL/84363762/CANARA ATM MYSURU,TXN0259849,5200.00,,5226329.00
29/06/2023,30/06/2023,UPI/DR/3974908750/VENKAT RAO/SBIN0684317/venkat307@paytm,TXN0259850,2380.00,,5223949.00
29/06/2023,29/06/2023,CHQ NO 661418 CLEARING,TXN0259851,49.00,,5223900.00
29/06/2023,29/06/2023,NEFT/086441818130/VIKRAM NAIR/SBIN0684317/27010607851299,TXN0259852,449.00,,5223451.00
30/06/2023,30/06/2023,NEFT/489061107571/LAKSHMI VENKAT/SBIN0684317/91212732040097,TXN0259853,,500.00,5223951.00
01/07/2023,01/07/2023,UPI/CR/4094972559/PRAKASH RAO/SBIN0684317/prakash818@oksbi,TXN0259854,,500.00,5224451.00
01/07/2023,01/07/2023,CASH DEPOSIT/BRANCH COUNTER/HITEC CITY HYDERABAD,TXN0259855,,18500.00,5242951.00
01/07/2023,01/07/2023,UPI/CR/373600927594/PRIYA NAIR/SBIN0684317/priya337@ybl,TXN0259856,,850.00,5243801.00
01/07/2023,01/07/2023,CASH DEPOSIT/BRANCH COUNTER/HITEC CITY HYDERABAD,TXN0259857,,7600.00,5251401.00
01/07/2023,01/07/2023,CASH DEPOSIT/BRANCH COUNTER/HITEC CITY HYDERABAD,TXN0259858,,32000.00,5283401.00
02/07/2023,02/07/2023,UPI/DR/523724297166/SAVITHA DEVI/SBIN0684317/savitha516@oksbi,TXN0259859,3499.00,,5279902.00
02/07/2023,03/07/2023,ATM/WDL/523208121991/SBI ATM JAYANAGAR BLR,TXN0259860,2380.00,,5277522.00
02/07/2023,02/07/2023,UPI/CR/847034421104/RAVI KUMAR SHARMA/SBIN0684317/ravi752@okaxis,TXN0259861,,2500.00,5280022.00
02/07/2023,02/07/2023,IMPS/P2P/171210667925/SANJANA HEGDE/9020620192,TXN0259862,,500.00,5280522.00
02/07/2023,03/07/2023,UPI/CR/870338302972/SHAHID KHAN/SBIN0684317/shahid475@ybl,TXN0259863,,4800.00,5285322.00
02/07/2023,02/07/2023,IMPS/P2P/538999471880/MEERA PILLAI/9363585936,TXN0259864,,1200.00,5286522.00
03/07/2023,03/07/2023,UPI/DR/0306351772/KIRAN REDDY/SBIN0684317/kiran654@okhdfc,TXN0259865,120.00,,5286402.00
03/07/2023,04/07/2023,UPI/CR/11618913/FATIMA SHEIKH/SBIN0684317/fatima823@ybl,TXN0259866,,18500.00,5304902.00
03/07/2023,03/07/2023,IMPS/P2P/21452610/MEENA IYER/8090253478,TXN0259867,,500.00,5305402.00
03/07/2023,03/07/2023,UPI/DR/97889356/DEEPAK JOSHI/SBIN0684317/deepak711@okaxis,TXN0259868,5200.00,,5300202.00
03/07/2023,03/07/2023,IMPS/P2P/27286830/DEEPAK JOSHI/7063157213,TXN0259869,,18500.00,5318702.00
03/07/2023,03/07/2023,NEFT/7390909163/SUNIL YADAV/SBIN0684317/11019503594162,TXN0259870,999.00,,5317703.00
04/07/2023,05/07/2023,UPI/DR/2489683032/ARUN SHARMA/SBIN0684317/arun772@paytm,TXN0259871,3499.00,,5314204.00
04/07/2023,04/07/2023,UPI/DR/26516245/SURESH BABU/SBIN0684317/suresh841@okhdfc,TXN0259872,7800.00,,5306404.00
04/07/2023,04/07/2023,CHQ NO 527400 CLEARING,TXN0259873,1250.00,,5305154.00
04/07/2023,05/07/2023,UPI/DR/21674512/PRIYA NAIR/SBIN0684317/priya26@oksbi,TXN0259874,79.00,,5305075.00
05/07/2023,05/07/2023,UPI/DR/375105439244/VINAY PATIL/SBIN0684317/vinay989@ybl,TXN0259875,79.00,,5304996.00
05/07/2023,05/07/2023,NEFT/1776842015/RAHUL SINGH/SBIN0684317/50851151805307,TXN0259876,,1200.00,5306196.00
05/07/2023,05/07/2023,CASH DEPOSIT/BRANCH COUNTER/HITEC CITY HYDERABAD,TXN0259877,,500.00,5306696.00
05/07/2023,06/07/2023,UPI/DR/582645194525/PADMA RAO/SBIN0684317/padma172@ybl,TXN0259878,120.00,,5306576.00
06/07/2023,06/07/2023,UPI/DR/75353927/DIVYA MENON/SBIN0684317/divya395@ybl,TXN0259879,79.00,,5306497.00
06/07/2023,07/07/2023,UPI/DR/69281443/REKHA PILLAI/SBIN0684317/rekha451@okhdfc,TXN0259880,449.00,,5306048.00
06/07/2023,07/07/2023,CASH DEPOSIT/BRANCH COUNTER/HITEC CITY HYDERABAD,TXN0259881,,2500.00,5308548.00
06/07/2023,06/07/2023,IMPS/P2P/207574160004/SMITHA PILLAI/9948447186,TXN0259882,,32000.00,5340548.00
06/07/2023,06/07/2023,CHQ NO 087712 CLEARING,TXN0259883,120.00,,5340428.00
07/07/2023,07/07/2023,UPI/CR/35378216/TARA SINGH/SBIN0684317/tara586@paytm,TXN0259884,,24000.00,5364428.00
07/07/2023,07/07/2023,UPI/CR/44386462/RANJIT SINGH/SBIN0684317/ranjit657@ybl,TXN0259885,,32000.00,5396428.00
07/07/2023,08/07/2023,ATM/WDL/52100228/SBI ATM JAYANAGAR BLR,TXN0259886,3499.00,,5392929.00
08/07/2023,08/07/2023,UPI/DR/699761944779/GOPAL VERMA/SBIN0684317/gopal68@okhdfc,TXN0259887,1680.00,,5391249.00
08/07/2023,08/07/2023,CASH DEPOSIT/BRANCH COUNTER/HITEC CITY HYDERABAD,TXN0259888,,11200.00,5402449.00
08/07/2023,08/07/2023,ATM/WDL/73692971/CANARA ATM MYSURU,TXN0259889,120.00,,5402329.00
09/07/2023,09/07/2023,IMPS/P2P/49876023/LAKSHMI VENKAT/9717555533,TXN0259890,,24000.00,5426329.00
09/07/2023,10/07/2023,IMPS/P2P/985972892572/RAMESH PILLAI/7376195472,TXN0259891,,18500.00,5444829.00
09/07/2023,09/07/2023,UPI/CR/312671897774/PADMA RAO/SBIN0684317/padma39@oksbi,TXN0259892,,850.00,5445679.00
10/07/2023,10/07/2023,UPI/DR/7868374197/KAVYA REDDY/SBIN0684317/kavya546@ybl,TXN0259893,249.00,,5445430.00
10/07/2023,10/07/2023,UPI/DR/02837092/LAKSHMI VENKAT/SBIN0684317/lakshmi260@okaxis,TXN0259894,2380.00,,5443050.00
10/07/2023,10/07/2023,NEFT/7329620814/PRIYA NAIR/SBIN0684317/04886941360404,TXN0259895,,2500.00,5445550.00
10/07/2023,10/07/2023,UPI/CR/373698040218/ADITYA KUMAR/SBIN0684317/aditya429@ybl,TXN0259896,,11200.00,5456750.00
11/07/2023,12/07/2023,UPI/CR/190002296529/RAJENDRA PRASAD/SBIN0684317/rajendra518@paytm,TXN0259897,,18500.00,5475250.00
11/07/2023,11/07/2023,UPI/DR/9089383382/NILESH KULKARNI/SBIN0684317/nilesh254@okhdfc,TXN0259898,699.00,,5474551.00
11/07/2023,11/07/2023,CHQ NO 204534 CLEARING,TXN0259899,2380.00,,5472171.00
11/07/2023,11/07/2023,UPI/DR/2569788640/MEENA IYER/SBIN0684317/meena927@paytm,TXN0259900,449.00,,5471722.00
12/07/2023,12/07/2023,NEFT/7428238576/MEENA IYER/SBIN0684317/18946636790488,TXN0259901,,4800.00,5476522.00
12/07/2023,12/07/2023,NEFT/68992846/RAMESH PILLAI/SBIN0684317/75900424263025,TXN0259902,1680.00,,5474842.00
12/07/2023,13/07/2023,CASH DEPOSIT/BRANCH COUNTER/HITEC CITY HYDERABAD,TXN0259903,,18500.00,5493342.00
12/07/2023,12/07/2023,UPI/DR/5611590076/KAVYA REDDY/SBIN0684317/kavya442@okaxis,TXN0259904,49.00,,5493293.00
13/07/2023,13/07/2023,NEFT/76377075/SUNITA DEVI/SBIN0684317/18194342479774,TXN0259905,,1200.00,5494493.00
13/07/2023,13/07/2023,NEFT/1076642547/SURESH BABU/SBIN0684317/54269296917604,TXN0259906,1250.00,,5493243.00
13/07/2023,13/07/2023,CASH DEPOSIT/BRANCH COUNTER/HITEC CITY HYDERABAD,TXN0259907,,18500.00,5511743.00
13/07/2023,13/07/2023,UPI/DR/56110544/MOHAMMED IRFAN/SBIN0684317/mohammed675@okhdfc,TXN0259908,850.00,,5510893.00
14/07/2023,14/07/2023,UPI/CR/807479769261/PRIYA NAIR/SBIN0684317/priya108@okaxis,TXN0259909,,18500.00,5529393.00
14/07/2023,14/07/2023,UPI/CR/4975191821/SURESH NAIR/SBIN0684317/suresh398@okaxis,TXN0259910,,4800.00,5534193.00
14/07/2023,14/07/2023,UPI/CR/1127260490/SHEELA DEVI/SBIN0684317/sheela446@okhdfc,TXN0259911,,500.00,5534693.00
14/07/2023,14/07/2023,UPI/DR/1372120943/ARCHANA PILLAI/SBIN0684317/archana343@okhdfc,TXN0259912,310.00,,5534383.00
14/07/2023,15/07/2023,CASH DEPOSIT/BRANCH COUNTER/HITEC CITY HYDERABAD,TXN0259913,,2500.00,5536883.00
14/07/2023,15/07/2023,ATM/WDL/359905302710/CANARA ATM MYSURU,TXN0259914,1250.00,,5535633.00
14/07/2023,14/07/2023,NEFT/5835379403/ADITYA KUMAR/SBIN0684317/77226882150978,TXN0259915,449.00,,5535184.00
15/07/2023,15/07/2023,CASH DEPOSIT/BRANCH COUNTER/HITEC CITY HYDERABAD,TXN0259916,,1200.00,5536384.00
15/07/2023,15/07/2023,UPI/CR/0736093760/KAVERI MENON/SBIN0684317/kaveri395@okhdfc,TXN0259917,,850.00,5537234.00
15/07/2023,15/07/2023,CASH DEPOSIT/BRANCH COUNTER/HITEC CITY HYDERABAD,TXN0259918,,7600.00,5544834.00
15/07/2023,16/07/2023,UPI/DR/2724151950/SUNIL YADAV/SBIN0684317/sunil780@oksbi,TXN0259919,49.00,,5544785.00
15/07/2023,15/07/2023,CASH DEPOSIT/BRANCH COUNTER/HITEC CITY HYDERABAD,TXN0259920,,850.00,5545635.00
15/07/2023,15/07/2023,UPI/DR/573297783594/TARA SINGH/SBIN0684317/tara359@ybl,TXN0259921,79.00,,5545556.00
15/07/2023,15/07/2023,IMPS/P2P/57522363/RESHMA KHAN/7752589326,TXN0259922,,7600.00,5553156.00
15/07/2023,16/07/2023,CASH DEPOSIT/BRANCH COUNTER/HITEC CITY HYDERABAD,TXN0259923,,850.00,5554006.00
16/07/2023,17/07/2023,ATM/WDL/2775073500/CANARA ATM MYSURU,TXN0259924,310.00,,5553696.00
16/07/2023,16/07/2023,UPI/DR/7345516478/FARHAN KHAN/SBIN0684317/farhan734@ybl,TXN0259925,699.00,,5552997.00
16/07/2023,17/07/2023,ATM/WDL/1685882624/HDFC ATM KORAMANGALA,TXN0259926,2380.00,,5550617.00
16/07/2023,16/07/2023,CASH DEPOSIT/BRANCH COUNTER/HITEC CITY HYDERABAD,TXN0259927,,1200.00,5551817.00
16/07/2023,17/07/2023,ATM/WDL/319903634428/SBI ATM JAYANAGAR BLR,TXN0259928,79.00,,5551738.00
17/07/2023,17/07/2023,UPI/DR/76204517/SANJANA HEGDE/SBIN0684317/sanjana289@okaxis,TXN0259929,49.00,,5551689.00
18/07/2023,18/07/2023,UPI/DR/71556650/SURESH BABU/SBIN0684317/suresh903@oksbi,TXN0259930,699.00,,5550990.00
18/07/2023,18/07/2023,CHQ NO 400115 CLEARING,TXN0259931,49.00,,5550941.00
18/07/2023,18/07/2023,NEFT/8378434698/RESHMA KHAN/SBIN0684317/40991841685593,TXN0259932,49.00,,5550892.00
18/07/2023,18/07/2023,UPI/DR/1565798267/PREETHI IYER/SBIN0684317/preethi712@ybl,TXN0259933,249.00,,5550643.00
19/07/2023,20/07/2023,UPI/DR/7050558022/SAVITHA DEVI/SBIN0684317/savitha680@paytm,TXN0259934,79.00,,5550564.00
19/07/2023,19/07/2023,UPI/DR/0735331085/SANJANA HEGDE/SBIN0684317/sanjana620@okaxis,TXN0259935,1250.00,,5549314.00
19/07/2023,19/07/2023,ATM/WDL/839735308776/HDFC ATM KORAMANGALA,TXN0259936,310.00,,5549004.00
19/07/2023,19/07/2023,UPI/DR/4024441357/PADMA RAO/SBIN0684317/padma466@okaxis,TXN0259937,2380.00,,5546624.00
19/07/2023,20/07/2023,NEFT/590127971113/PRIYA NAIR/SBIN0684317/90691697523338,TXN0259938,3499.00,,5543125.00
19/07/2023,19/07/2023,UPI/CR/7911808219/KARTHIK MENON/SBIN0684317/karthik134@okhdfc,TXN0259939,,18500.00,5561625.00
19/07/2023,19/07/2023,NEFT/331627347569/LATHA MURTHY/SBIN0684317/98917624206203,TXN0259940,310.00,,5561315.00
19/07/2023,19/07/2023,NEFT/5069581915/NIKHIL GUPTA/SBIN0684317/16748507013836,TXN0259941,,850.00,5562165.00
19/07/2023,20/07/2023,UPI/CR/0509056325/LAKSHMI VENKAT/SBIN0684317/lakshmi72@ybl,TXN0259942,,11200.00,5573365.00
19/07/2023,19/07/2023,ATM/WDL/387599526499/SBI ATM JAYANAGAR BLR,TXN0259943,999.00,,5572366.00
20/07/2023,20/07/2023,NEFT/3574259208/ANITHA KRISHNAN/SBIN0684317/85300215262629,TXN0259944,310.00,,5572056.00
20/07/2023,20/07/2023,NEFT/022624707638/GANESH KUMAR/SBIN0684317/29585472768538,TXN0259945,,4800.00,5576856.00
20/07/2023,21/07/2023,UPI/DR/7817389779/SUNITA DEVI/SBIN0684317/sunita854@ybl,TXN0259946,999.00,,5575857.00
20/07/2023,20/07/2023,CASH DEPOSIT/BRANCH COUNTER/HITEC CITY HYDERABAD,TXN0259947,,500.00,5576357.00
20/07/2023,20/07/2023,UPI/CR/8698961615/PREETHI IYER/SBIN0684317/preethi57@paytm,TXN0259948,,1200.00,5577557.00
20/07/2023,20/07/2023,ATM/WDL/96284447/CANARA ATM MYSURU,TXN0259949,310.00,,5577247.00
21/07/2023,21/07/2023,UPI/DR/35162591/ROHIT SHARMA/SBIN0684317/rohit679@paytm,TXN0259950,5200.00,,5572047.00
21/07/2023,21/07/2023,UPI/DR/32256013/ANAND KUMAR/SBIN0684317/anand679@ybl,TXN0259951,120.00,,5571927.00
21/07/2023,21/07/2023,IMPS/P2P/10321194/ROHIT SHARMA/9019377320,TXN0259952,,11200.00,5583127.00
21/07/2023,21/07/2023,ATM/WDL/2095291755/SBI ATM JAYANAGAR BLR,TXN0259953,3499.00,,5579628.00
22/07/2023,22/07/2023,CASH DEPOSIT/BRANCH COUNTER/HITEC CITY HYDERABAD,TXN0259954,,24000.00,5603628.00
22/07/2023,22/07/2023,NEFT/295581900588/SUNIL YADAV/SBIN0684317/63230775308702,TXN0259955,79.00,,5603549.00
22/07/2023,22/07/2023,UPI/CR/635813513058/SMITHA PILLAI/SBIN0684317/smitha807@paytm,TXN0259956,,32000.00,5635549.00
22/07/2023,23/07/2023,NEFT/514036442125/SHAHID KHAN/SBIN0684317/10625180293866,TXN0259957,,18500.00,5654049.00
23/07/2023,23/07/2023,NEFT/1275953205/AYESHA KHAN/SBIN0684317/65205455558749,TXN0259958,,2500.00,5656549.00
23/07/2023,23/07/2023,CHQ NO 142126 CLEARING,TXN0259959,120.00,,5656429.00
23/07/2023,24/07/2023,UPI/CR/725006506230/SUSHMA RAO/SBIN0684317/sushma660@ybl,TXN0259960,,24000.00,5680429.00
23/07/2023,23/07/2023,CASH DEPOSIT/BRANCH COUNTER/HITEC CITY HYDERABAD,TXN0259961,,18500.00,5698929.00
23/07/2023,24/07/2023,UPI/DR/299997120074/ARCHANA PILLAI/SBIN0684317/archana103@paytm,TXN0259962,850.00,,5698079.00
23/07/2023,23/07/2023,ATM/WDL/9433865467/SBI ATM JAYANAGAR BLR,TXN0259963,79.00,,5698000.00
24/07/2023,25/07/2023,NEFT/1814440017/LAKSHMI VENKAT/SBIN0684317/30224826813444,TXN0259964,,2500.00,5700500.00
24/07/2023,24/07/2023,CASH DEPOSIT/BRANCH COUNTER/HITEC CITY HYDERABAD,TXN0259965,,24000.00,5724500.00
24/07/2023,25/07/2023,NEFT/0728269873/TARA SINGH/SBIN0684317/70920753249296,TXN0259966,,18500.00,5743000.00
24/07/2023,24/07/2023,NEFT/16750315/KAVERI MENON/SBIN0684317/99855528439611,TXN0259967,1680.00,,5741320.00
25/07/2023,25/07/2023,NEFT/26900895/NAVEEN KUMAR/SBIN0684317/57223945906192,TXN0259968,,24000.00,5765320.00
25/07/2023,25/07/2023,UPI/DR/34444521/SAVITHA DEVI/SBIN0684317/savitha220@oksbi,TXN0259969,449.00,,5764871.00
25/07/2023,25/07/2023,UPI/DR/8208143102/SAVITHA DEVI/SBIN0684317/savitha637@ybl,TXN0259970,310.00,,5764561.00
25/07/2023,25/07/2023,UPI/DR/243596120004/TARA SINGH/SBIN0684317/tara879@paytm,TXN0259971,120.00,,5764441.00
25/07/2023,26/07/2023,NEFT/657447971752/RAMESH PILLAI/SBIN0684317/03331756049051,TXN0259972,310.00,,5764131.00
26/07/2023,26/07/2023,UPI/DR/50241183/HARISH MENON/SBIN0684317/harish54@okaxis,TXN0259973,120.00,,5764011.00
26/07/2023,26/07/2023,UPI/DR/5892049673/KIRAN REDDY/SBIN0684317/kiran870@paytm,TXN0259974,1680.00,,5762331.00
26/07/2023,26/07/2023,UPI/CR/43525935/ARCHANA PILLAI/SBIN0684317/archana737@paytm,TXN0259975,,24000.00,5786331.00
26/07/2023,26/07/2023,NEFT/15932952/LATHA MURTHY/SBIN0684317/48663992141683,TXN0259976,,32000.00,5818331.00
27/07/2023,27/07/2023,ATM/WDL/424261234845/SBI ATM JAYANAGAR BLR,TXN0259977,1680.00,,5816651.00
27/07/2023,27/07/2023,NEFT/483630080437/FATIMA SHEIKH/SBIN0684317/05495060200792,TXN0259978,,24000.00,5840651.00
27/07/2023,27/07/2023,NEFT/2488027351/RAMESH GOWDA/SBIN0684317/84358112700721,TXN0259979,,7600.00,5848251.00
27/07/2023,27/07/2023,NEFT/8838563776/GEETA DEVI/SBIN0684317/45224452066117,TXN0259980,310.00,,5847941.00
28/07/2023,28/07/2023,NEFT/9501364819/MEENA IYER/SBIN0684317/46614964795484,TXN0259981,7800.00,,5840141.00
28/07/2023,28/07/2023,CHQ NO 176287 CLEARING,TXN0259982,120.00,,5840021.00
28/07/2023,29/07/2023,ATM/WDL/69399878/HDFC ATM KORAMANGALA,TXN0259983,7800.00,,5832221.00
28/07/2023,29/07/2023,NEFT/8796117975/VINAY PATIL/SBIN0684317/77334115028160,TXN0259984,,24000.00,5856221.00
28/07/2023,29/07/2023,UPI/DR/7917364761/MOHAN DAS/SBIN0684317/mohan570@okaxis,TXN0259985,79.00,,5856142.00
28/07/2023,28/07/2023,UPI/CR/018736626899/VINAY PATIL/SBIN0684317/vinay852@ybl,TXN0259986,,500.00,5856642.00
28/07/2023,28/07/2023,CASH DEPOSIT/BRANCH COUNTER/HITEC CITY HYDERABAD,TXN0259987,,4800.00,5861442.00
29/07/2023,29/07/2023,UPI/DR/255987647322/TANVI RAO/SBIN0684317/tanvi558@paytm,TXN0259988,120.00,,5861322.00
29/07/2023,30/07/2023,UPI/DR/839510206941/TARA SINGH/SBIN0684317/tara991@paytm,TXN0259989,699.00,,5860623.00
29/07/2023,29/07/2023,CHQ NO 167542 CLEARING,TXN0259990,310.00,,5860313.00
30/07/2023,30/07/2023,NEFT/328330159786/LATHA MURTHY/SBIN0684317/65876091879434,TXN0259991,120.00,,5860193.00
30/07/2023,30/07/2023,CASH DEPOSIT/BRANCH COUNTER/HITEC CITY HYDERABAD,TXN0259992,,7600.00,5867793.00
31/07/2023,31/07/2023,NEFT/0450562095/MOHAN DAS/SBIN0684317/71728870199900,TXN0259993,,500.00,5868293.00
31/07/2023,31/07/2023,UPI/DR/490897094133/MOHAMMED IRFAN/SBIN0684317/mohammed905@okaxis,TXN0259994,1250.00,,5867043.00
31/07/2023,31/07/2023,ATM/WDL/31992693/HDFC ATM KORAMANGALA,TXN0259995,699.00,,5866344.00
31/07/2023,31/07/2023,CASH DEPOSIT/BRANCH COUNTER/HITEC CITY HYDERABAD,TXN0259996,,18500.00,5884844.00
31/07/2023,31/07/2023,NEFT/53043385/RAJENDRA PRASAD/SBIN0684317/15628507164858,TXN0259997,249.00,,5884595.00
31/07/2023,01/08/2023,UPI/DR/71837268/SURESH BABU/SBIN0684317/suresh483@okhdfc,TXN0259998,7800.00,,5876795.00
01/08/2023,02/08/2023,UPI/DR/0802181912/HARISH MENON/SBIN0684317/harish989@oksbi,TXN0259999,1250.00,,5875545.00
01/08/2023,01/08/2023,UPI/CR/7485257617/RANJIT SINGH/SBIN0684317/ranjit259@oksbi,TXN0260000,,7600.00,5883145.00
02/08/2023,02/08/2023,UPI/DR/9385871271/SMITHA PILLAI/SBIN0684317/smitha350@ybl,TXN0260001,310.00,,5882835.00
02/08/2023,02/08/2023,NEFT/26206069/FARHAN KHAN/SBIN0684317/43288148147092,TXN0260002,79.00,,5882756.00
02/08/2023,02/08/2023,UPI/DR/0982102474/RANJIT SINGH/SBIN0684317/ranjit206@okaxis,TXN0260003,5200.00,,5877556.00
02/08/2023,02/08/2023,NEFT/571226445640/DIVYA MENON/SBIN0684317/15016380808473,TXN0260004,850.00,,5876706.00
02/08/2023,02/08/2023,UPI/DR/3548062660/LATHA MURTHY/SBIN0684317/latha132@okhdfc,TXN0260005,5200.00,,5871506.00
02/08/2023,02/08/2023,NEFT/04649404/VINAY PATIL/SBIN0684317/54424215844811,TXN0260006,,4800.00,5876306.00
03/08/2023,03/08/2023,ATM/WDL/2822136489/CANARA ATM MYSURU,TXN0260007,7800.00,,5868506.00
03/08/2023,03/08/2023,CHQ NO 313855 CLEARING,TXN0260008,3499.00,,5865007.00
03/08/2023,03/08/2023,UPI/DR/8351896897/KARTHIK MENON/SBIN0684317/karthik43@paytm,TXN0260009,999.00,,5864008.00
03/08/2023,04/08/2023,NEFT/139743759832/SANTOSH KUMAR/SBIN0684317/10786626127274,TXN0260010,,4800.00,5868808.00
03/08/2023,03/08/2023,CHQ NO 261223 CLEARING,TXN0260011,699.00,,5868109.00
04/08/2023,04/08/2023,ATM/WDL/6494949882/HDFC ATM KORAMANGALA,TXN0260012,1680.00,,5866429.00
04/08/2023,04/08/2023,UPI/CR/217292930242/SUNITA DEVI/SBIN0684317/sunita122@okaxis,TXN0260013,,18500.00,5884929.00
04/08/2023,04/08/2023,NEFT/522344114104/NILESH KULKARNI/SBIN0684317/16720563566245,TXN0260014,310.00,,5884619.00
04/08/2023,04/08/2023,UPI/CR/1904287754/SUNIL YADAV/SBIN0684317/sunil62@oksbi,TXN0260015,,24000.00,5908619.00
05/08/2023,05/08/2023,UPI/DR/551723652252/GOPAL VERMA/SBIN0684317/gopal929@ybl,TXN0260016,999.00,,5907620.00
05/08/2023,06/08/2023,IMPS/P2P/0795807998/RAMESH GOWDA/9366122079,TXN0260017,,500.00,5908120.00
05/08/2023,05/08/2023,UPI/DR/585187997578/MALLIKA DAS/SBIN0684317/mallika296@okaxis,TXN0260018,5200.00,,5902920.00
05/08/2023,05/08/2023,NEFT/024850174734/SMITHA PILLAI/SBIN0684317/58617873270333,TXN0260019,,500.00,5903420.00
05/08/2023,06/08/2023,IMPS/P2P/863609643677/HARISH MENON/7066002242,TXN0260020,,7600.00,5911020.00
05/08/2023,06/08/2023,ATM/WDL/71789871/HDFC ATM KORAMANGALA,TXN0260021,699.00,,5910321.00
06/08/2023,07/08/2023,UPI/DR/96690230/SHAHID KHAN/SBIN0684317/shahid481@ybl,TXN0260022,2380.00,,5907941.00
06/08/2023,07/08/2023,NEFT/11314403/TARA SINGH/SBIN0684317/09541160246054,TXN0260023,,18500.00,5926441.00
06/08/2023,06/08/2023,UPI/DR/9766664992/ARCHANA PILLAI/SBIN0684317/archana854@oksbi,TXN0260024,249.00,,5926192.00
06/08/2023,06/08/2023,UPI/DR/0727484693/GANESH KUMAR/SBIN0684317/ganesh26@oksbi,TXN0260025,249.00,,5925943.00
06/08/2023,06/08/2023,UPI/DR/3281957315/LALITHA DEVI/SBIN0684317/lalitha401@okhdfc,TXN0260026,1680.00,,5924263.00
07/08/2023,07/08/2023,NEFT/4292991548/DIVYA MENON/SBIN0684317/62921026165288,TXN0260027,,850.00,5925113.00
07/08/2023,07/08/2023,NEFT/578047777638/VINAY PATIL/SBIN0684317/78425695353898,TXN0260028,,18500.00,5943613.00
07/08/2023,07/08/2023,NEFT/579503089992/SHEELA DEVI/SBIN0684317/01216009071597,TXN0260029,1250.00,,5942363.00
07/08/2023,08/08/2023,IMPS/P2P/480071871892/RAVI KUMAR SHARMA/7249503151,TXN0260030,,850.00,5943213.00
08/08/2023,08/08/2023,CASH DEPOSIT/BRANCH COUNTER/HITEC CITY HYDERABAD,TXN0260031,,2500.00,5945713.00
08/08/2023,08/08/2023,NEFT/7495788156/NILESH KULKARNI/SBIN0684317/38925134904495,TXN0260032,7800.00,,5937913.00
08/08/2023,08/08/2023,UPI/DR/246334736770/DIVYA MENON/SBIN0684317/divya515@oksbi,TXN0260033,1680.00,,5936233.00
08/08/2023,08/08/2023,CHQ NO 034383 CLEARING,TXN0260034,3499.00,,5932734.00
08/08/2023,09/08/2023,NEFT/6860618951/SUNIL YADAV/SBIN0684317/77315369805615,TXN0260035,,11200.00,5943934.00
09/08/2023,09/08/2023,CHQ NO 995688 CLEARING,TXN0260036,310.00,,5943624.00
09/08/2023,09/08/2023,ATM/WDL/169012155946/SBI ATM JAYANAGAR BLR,TXN0260037,850.00,,5942774.00
09/08/2023,09/08/2023,NEFT/26762510/RAJENDRA PRASAD/SBIN0684317/29517638062953,TXN0260038,,1200.00,5943974.00
09/08/2023,10/08/2023,UPI/CR/1975464627/PREETHI IYER/SBIN0684317/preethi131@paytm,TXN0260039,,2500.00,5946474.00
10/08/2023,11/08/2023,IMPS/P2P/1040530783/SHEELA DEVI/8906537364,TXN0260040,,24000.00,5970474.00
10/08/2023,10/08/2023,NEFT/3300169065/REKHA PILLAI/SBIN0684317/84034301419061,TXN0260041,,2500.00,5972974.00
10/08/2023,10/08/2023,UPI/CR/46702984/FATIMA SHEIKH/SBIN0684317/fatima97@okhdfc,TXN0260042,,1200.00,5974174.00
10/08/2023,11/08/2023,IMPS/P2P/82628386/RAJESH VERMA/8699500839,TXN0260043,,7600.00,5981774.00
10/08/2023,10/08/2023,ATM/WDL/7007342956/SBI ATM JAYANAGAR BLR,TXN0260044,310.00,,5981464.00
10/08/2023,10/08/2023,ATM/WDL/12004270/CANARA ATM MYSURU,TXN0260045,249.00,,5981215.00
11/08/2023,11/08/2023,UPI/DR/82304559/ARCHANA PILLAI/SBIN0684317/archana478@ybl,TXN0260046,699.00,,5980516.00
11/08/2023,12/08/2023,UPI/CR/36921079/NIKHIL GUPTA/SBIN0684317/nikhil171@paytm,TXN0260047,,7600.00,5988116.00
11/08/2023,11/08/2023,CASH DEPOSIT/BRANCH COUNTER/HITEC CITY HYDERABAD,TXN0260048,,1200.00,5989316.00
11/08/2023,11/08/2023,UPI/CR/726039987654/VIKRAM NAIR/SBIN0684317/vikram779@okaxis,TXN0260049,,18500.00,6007816.00
12/08/2023,12/08/2023,NEFT/838010387862/ANAND KUMAR/SBIN0684317/96358181285371,TXN0260050,850.00,,6006966.00
12/08/2023,12/08/2023,ATM/WDL/28180114/HDFC ATM KORAMANGALA,TXN0260051,7800.00,,5999166.00
13/08/2023,13/08/2023,UPI/DR/05201265/SURESH BABU/SBIN0684317/suresh112@paytm,TXN0260052,699.00,,5998467.00
13/08/2023,13/08/2023,UPI/DR/860932588105/ARUN SHARMA/SBIN0684317/arun141@okhdfc,TXN0260053,49.00,,5998418.00
13/08/2023,13/08/2023,IMPS/P2P/545509087564/SANTOSH KUMAR/7829544332,TXN0260054,,24000.00,6022418.00
13/08/2023,13/08/2023,UPI/DR/89505782/RAVI KUMAR SHARMA/SBIN0684317/ravi736@oksbi,TXN0260055,999.00,,6021419.00
13/08/2023,13/08/2023,CASH DEPOSIT/BRANCH COUNTER/HITEC CITY HYDERABAD,TXN0260056,,7600.00,6029019.00
14/08/2023,14/08/2023,IMPS/P2P/4197467025/PRAKASH RAO/7205811299,TXN0260057,,2500.00,6031519.00
14/08/2023,15/08/2023,IMPS/P2P/88974545/SANJANA HEGDE/7137836818,TXN0260058,,32000.00,6063519.00
14/08/2023,15/08/2023,ATM/WDL/3283168184/CANARA ATM MYSURU,TXN0260059,699.00,,6062820.00
14/08/2023,15/08/2023,NEFT/946886603045/NADIA HUSSAIN/SBIN0684317/43447964578528,TXN0260060,,500.00,6063320.00
14/08/2023,14/08/2023,IMPS/P2P/888238372954/SHAHID KHAN/9182108316,TXN0260061,,18500.00,6081820.00
14/08/2023,14/08/2023,UPI/CR/4712732344/RANJIT SINGH/SBIN0684317/ranjit124@oksbi,TXN0260062,,7600.00,6089420.00
14/08/2023,14/08/2023,UPI/DR/6480989876/MEENA IYER/SBIN0684317/meena794@paytm,TXN0260063,310.00,,6089110.00
14/08/2023,14/08/2023,UPI/DR/33122591/POOJA SHARMA/SBIN0684317/pooja939@okaxis,TXN0260064,120.00,,6088990.00
15/08/2023,16/08/2023,UPI/DR/735972403354/RAJESH VERMA/SBIN0684317/rajesh436@paytm,TXN0260065,1680.00,,6087310.00
15/08/2023,15/08/2023,UPI/CR/0533450614/RAMESH GOWDA/SBIN0684317/ramesh533@ybl,TXN0260066,,7600.00,6094910.00
15/08/2023,15/08/2023,ATM/WDL/567369596564/CANARA ATM MYSURU,TXN0260067,3499.00,,6091411.00
16/08/2023,16/08/2023,NEFT/89284473/SANJANA HEGDE/SBIN0684317/97416638581651,TXN0260068,,2500.00,6093911.00
16/08/2023,17/08/2023,NEFT/0904364138/MOHAMMED IRFAN/SBIN0684317/23711752568420,TXN0260069,7800.00,,6086111.00
16/08/2023,17/08/2023,UPI/CR/094999005985/RESHMA KHAN/SBIN0684317/reshma397@oksbi,TXN0260070,,11200.00,6097311.00
16/08/2023,16/08/2023,NEFT/2555650117/SHAHID KHAN/SBIN0684317/53266372754606,TXN0260071,1250.00,,6096061.00
16/08/2023,16/08/2023,NEFT/8215456806/VENKAT RAO/SBIN0684317/59957951412164,TXN0260072,,4800.00,6100861.00
17/08/2023,17/08/2023,ATM/WDL/998192403741/HDFC ATM KORAMANGALA,TXN0260073,5200.00,,6095661.00
17/08/2023,17/08/2023,UPI/DR/0350525201/MOHAMMED IRFAN/SBIN0684317/mohammed905@paytm,TXN0260074,1250.00,,6094411.00
17/08/2023,18/08/2023,UPI/DR/6767695252/ADITYA KUMAR/SBIN0684317/aditya924@okhdfc,TXN0260075,1680.00,,6092731.00
18/08/2023,19/08/2023,UPI/DR/513146685696/SANTOSH KUMAR/SBIN0684317/santosh433@ybl,TXN0260076,120.00,,6092611.00
18/08/2023,18/08/2023,NEFT/91052795/IMRAN KHAN/SBIN0684317/30093499869913,TXN0260077,79.00,,6092532.00
18/08/2023,18/08/2023,NEFT/4539580785/HARISH MENON/SBIN0684317/71005894283645,TXN0260078,,7600.00,6100132.00
18/08/2023,18/08/2023,NEFT/8672571331/DIVYA MENON/SBIN0684317/54078747723591,TXN0260079,7800.00,,6092332.00
18/08/2023,18/08/2023,IMPS/P2P/24884164/PRAKASH RAO/8159951520,TXN0260080,,1200.00,6093532.00
19/08/2023,19/08/2023,NEFT/6119026747/REKHA PILLAI/SBIN0684317/53853842010612,TXN0260081,1680.00,,6091852.00
19/08/2023,19/08/2023,IMPS/P2P/059516681631/PRIYA NAIR/8476092585,TXN0260082,,850.00,6092702.00
19/08/2023,19/08/2023,UPI/DR/1594032510/RAVI KUMAR SHARMA/SBIN0684317/ravi405@paytm,TXN0260083,79.00,,6092623.00
19/08/2023,19/08/2023,UPI/DR/4470416818/FARHAN KHAN/SBIN0684317/farhan591@oksbi,TXN0260084,699.00,,6091924.00
19/08/2023,19/08/2023,CASH DEPOSIT/BRANCH COUNTER/HITEC CITY HYDERABAD,TXN0260085,,4800.00,6096724.00
19/08/2023,19/08/2023,NEFT/86869729/RAJENDRA PRASAD/SBIN0684317/46770268192174,TXN0260086,,7600.00,6104324.00
20/08/2023,20/08/2023,UPI/DR/0781364999/GOPAL VERMA/SBIN0684317/gopal500@okaxis,TXN0260087,2380.00,,6101944.00
20/08/2023,20/08/2023,UPI/DR/6637766547/MEERA PILLAI/SBIN0684317/meera655@oksbi,TXN0260088,7800.00,,6094144.00
20/08/2023,20/08/2023,UPI/DR/11714338/RAJESH VERMA/SBIN0684317/rajesh345@okhdfc,TXN0260089,850.00,,6093294.00
20/08/2023,20/08/2023,UPI/DR/202073690672/DIVYA MENON/SBIN0684317/divya701@oksbi,TXN0260090,699.00,,6092595.00
20/08/2023,20/08/2023,NEFT/145905582187/CHANDAN SHARMA/SBIN0684317/04871111975890,TXN0260091,5200.00,,6087395.00
20/08/2023,20/08/2023,CHQ NO 912205 CLEARING,TXN0260092,850.00,,6086545.00
21/08/2023,21/08/2023,IMPS/P2P/10336728/SANJANA HEGDE/8420915775,TXN0260093,,24000.00,6110545.00
21/08/2023,21/08/2023,IMPS/P2P/2880742665/SURESH BABU/7171733249,TXN0260094,,7600.00,6118145.00
21/08/2023,21/08/2023,CASH DEPOSIT/BRANCH COUNTER/HITEC CITY HYDERABAD,TXN0260095,,4800.00,6122945.00
21/08/2023,22/08/2023,UPI/CR/22148233/RAJESH VERMA/SBIN0684317/rajesh724@okhdfc,TXN0260096,,4800.00,6127745.00
21/08/2023,21/08/2023,NEFT/890003213215/RAMESH GOWDA/SBIN0684317/01641360661158,TXN0260097,79.00,,6127666.00
21/08/2023,22/08/2023,ATM/WDL/306211138171/CANARA ATM MYSURU,TXN0260098,1250.00,,6126416.00
21/08/2023,22/08/2023,ATM/WDL/86067657/HDFC ATM KORAMANGALA,TXN0260099,1250.00,,6125166.00
22/08/2023,22/08/2023,UPI/CR/707313088739/RESHMA KHAN/SBIN0684317/reshma907@okhdfc,TXN0260100,,850.00,6126016.00
22/08/2023,23/08/2023,CHQ NO 184409 CLEARING,TXN0260101,699.00,,6125317.00
22/08/2023,23/08/2023,NEFT/32320285/SANJANA HEGDE/SBIN0684317/04503356863760,TXN0260102,,7600.00,6132917.00
22/08/2023,22/08/2023,ATM/WDL/705672535435/SBI ATM JAYANAGAR BLR,TXN0260103,3499.00,,6129418.00
22/08/2023,22/08/2023,UPI/CR/7454267725/DEEPA NAIR/SBIN0684317/deepa11@okhdfc,TXN0260104,,32000.00,6161418.00
22/08/2023,23/08/2023,UPI/DR/8537069893/SANTOSH KUMAR/SBIN0684317/santosh574@okhdfc,TXN0260105,699.00,,6160719.00
23/08/2023,23/08/2023,UPI/DR/2984931263/FATIMA SHEIKH/SBIN0684317/fatima908@oksbi,TXN0260106,449.00,,6160270.00
23/08/2023,24/08/2023,UPI/DR/97669183/KAVERI MENON/SBIN0684317/kaveri509@oksbi,TXN0260107,2380.00,,6157890.00
23/08/2023,23/08/2023,UPI/DR/524195229309/KIRAN REDDY/SBIN0684317/kiran995@ybl,TXN0260108,5200.00,,6152690.00
24/08/2023,24/08/2023,ATM/WDL/003634911599/HDFC ATM KORAMANGALA,TXN0260109,850.00,,6151840.00
24/08/2023,24/08/2023,UPI/DR/5527843112/PRAKASH RAO/SBIN0684317/prakash723@ybl,TXN0260110,120.00,,6151720.00
24/08/2023,24/08/2023,CHQ NO 085268 CLEARING,TXN0260111,310.00,,6151410.00
24/08/2023,24/08/2023,CHQ NO 587471 CLEARING,TXN0260112,310.00,,6151100.00
24/08/2023,24/08/2023,IMPS/P2P/979301800499/VENKAT RAO/9337309397,TXN0260113,,2500.00,6153600.00
25/08/2023,25/08/2023,UPI/CR/7923519361/ARCHANA PILLAI/SBIN0684317/archana226@okhdfc,TXN0260114,,18500.00,6172100.00
25/08/2023,26/08/2023,UPI/DR/38380833/RAHUL SINGH/SBIN0684317/rahul958@paytm,TXN0260115,699.00,,6171401.00
25/08/2023,25/08/2023,UPI/CR/04779978/DEEPAK JOSHI/SBIN0684317/deepak42@paytm,TXN0260116,,32000.00,6203401.00
25/08/2023,25/08/2023,IMPS/P2P/9014265540/GEETA DEVI/7934007859,TXN0260117,,7600.00,6211001.00
25/08/2023,25/08/2023,UPI/DR/1545713943/SUNITA DEVI/SBIN0684317/sunita411@paytm,TXN0260118,249.00,,6210752.00
26/08/2023,26/08/2023,CHQ NO 495778 CLEARING,TXN0260119,3499.00,,6207253.00
26/08/2023,26/08/2023,UPI/DR/0199414742/FATIMA SHEIKH/SBIN0684317/fatima829@paytm,TXN0260120,49.00,,6207204.00
26/08/2023,27/08/2023,CASH DEPOSIT/BRANCH COUNTER/HITEC CITY HYDERABAD,TXN0260121,,500.00,6207704.00
26/08/2023,27/08/2023,UPI/CR/88505987/SHAHID KHAN/SBIN0684317/shahid908@okaxis,TXN0260122,,24000.00,6231704.00
27/08/2023,27/08/2023,IMPS/P2P/78759543/SANTOSH KUMAR/7855836137,TXN0260123,,32000.00,6263704.00
27/08/2023,27/08/2023,UPI/DR/428286713175/POOJA SHARMA/SBIN0684317/pooja290@okhdfc,TXN0260124,79.00,,6263625.00
27/08/2023,27/08/2023,UPI/DR/5365067941/MOHAMMED IRFAN/SBIN0684317/mohammed598@okhdfc,TXN0260125,249.00,,6263376.00
27/08/2023,27/08/2023,UPI/DR/45768887/MOHAN DAS/SBIN0684317/mohan436@okhdfc,TXN0260126,1250.00,,6262126.00
27/08/2023,27/08/2023,NEFT/76027233/SUNITA DEVI/SBIN0684317/69604683870966,TXN0260127,79.00,,6262047.00
27/08/2023,27/08/2023,CHQ NO 672418 CLEARING,TXN0260128,249.00,,6261798.00
28/08/2023,29/08/2023,IMPS/P2P/466236579277/TARA SINGH/9144984107,TXN0260129,,32000.00,6293798.00
28/08/2023,28/08/2023,NEFT/880149500648/KIRAN REDDY/SBIN0684317/57679106764753,TXN0260130,5200.00,,6288598.00
28/08/2023,28/08/2023,NEFT/9640594910/NADIA HUSSAIN/SBIN0684317/91013076449162,TXN0260131,,500.00,6289098.00
28/08/2023,28/08/2023,NEFT/2252118978/TANVI RAO/SBIN0684317/14976645001677,TXN0260132,310.00,,6288788.00
28/08/2023,28/08/2023,UPI/DR/4016459954/ANAND KUMAR/SBIN0684317/anand233@okaxis,TXN0260133,49.00,,6288739.00
28/08/2023,29/08/2023,CASH DEPOSIT/BRANCH COUNTER/HITEC CITY HYDERABAD,TXN0260134,,7600.00,6296339.00
28/08/2023,28/08/2023,ATM/WDL/4392790452/HDFC ATM KORAMANGALA,TXN0260135,850.00,,6295489.00
29/08/2023,29/08/2023,NEFT/257000333002/ADITYA KUMAR/SBIN0684317/69989281347946,TXN0260136,249.00,,6295240.00
29/08/2023,29/08/2023,CHQ NO 666730 CLEARING,TXN0260137,2380.00,,6292860.00
29/08/2023,29/08/2023,UPI/DR/0352258040/REKHA PILLAI/SBIN0684317/rekha169@ybl,TXN0260138,310.00,,6292550.00
29/08/2023,29/08/2023,UPI/DR/59115273/RESHMA KHAN/SBIN0684317/reshma827@okaxis,TXN0260139,3499.00,,6289051.00
29/08/2023,30/08/2023,UPI/DR/396742004317/ROHIT SHARMA/SBIN0684317/rohit346@paytm,TXN0260140,5200.00,,6283851.00
29/08/2023,29/08/2023,CHQ NO 539076 CLEARING,TXN0260141,79.00,,6283772.00
30/08/2023,30/08/2023,CASH DEPOSIT/BRANCH COUNTER/HITEC CITY HYDERABAD,TXN0260142,,4800.00,6288572.00
30/08/2023,30/08/2023,CASH DEPOSIT/BRANCH COUNTER/HITEC CITY HYDERABAD,TXN0260143,,32000.00,6320572.00
30/08/2023,30/08/2023,ATM/WDL/104072347077/CANARA ATM MYSURU,TXN0260144,249.00,,6320323.00
30/08/2023,30/08/2023,UPI/DR/026608579143/ANITHA KRISHNAN/SBIN0684317/anitha136@ybl,TXN0260145,120.00,,6320203.00
31/08/2023,31/08/2023,CASH DEPOSIT/BRANCH COUNTER/HITEC CITY HYDERABAD,TXN0260146,,500.00,6320703.00
31/08/2023,01/09/2023,CHQ NO 990481 CLEARING,TXN0260147,120.00,,6320583.00
31/08/2023,01/09/2023,CASH DEPOSIT/BRANCH COUNTER/HITEC CITY HYDERABAD,TXN0260148,,500.00,6321083.00
31/08/2023,31/08/2023,CHQ NO 426979 CLEARING,TXN0260149,1250.00,,6319833.00
31/08/2023,31/08/2023,ATM/WDL/4768587202/SBI ATM JAYANAGAR BLR,TXN0260150,2380.00,,6317453.00
31/08/2023,31/08/2023,ATM/WDL/0036681614/CANARA ATM MYSURU,TXN0260151,3499.00,,6313954.00
31/08/2023,31/08/2023,NEFT/8034401495/SNEHA PATIL/SBIN0684317/60994476266296,TXN0260152,,4800.00,6318754.00
01/09/2023,01/09/2023,NEFT/7867608542/FARHAN KHAN/SBIN0684317/19013514857147,TXN0260153,5200.00,,6313554.00
01/09/2023,01/09/2023,ATM/WDL/2788289222/CANARA ATM MYSURU,TXN0260154,449.00,,6313105.00
01/09/2023,01/09/2023,CHQ NO 952022 CLEARING,TXN0260155,1680.00,,6311425.00
01/09/2023,01/09/2023,UPI/DR/68755357/PADMA RAO/SBIN0684317/padma270@oksbi,TXN0260156,49.00,,6311376.00
01/09/2023,01/09/2023,UPI/DR/6196073749/DIVYA MENON/SBIN0684317/divya614@paytm,TXN0260157,79.00,,6311297.00
01/09/2023,01/09/2023,CASH DEPOSIT/BRANCH COUNTER/HITEC CITY HYDERABAD,TXN0260158,,850.00,6312147.00
02/09/2023,02/09/2023,ATM/WDL/680794090603/CANARA ATM MYSURU,TXN0260159,310.00,,6311837.00
02/09/2023,02/09/2023,UPI/DR/838960278515/DEEPAK JOSHI/SBIN0684317/deepak104@okaxis,TXN0260160,3499.00,,6308338.00
02/09/2023,03/09/2023,UPI/DR/8972738318/ANITHA KRISHNAN/SBIN0684317/anitha248@okaxis,TXN0260161,5200.00,,6303138.00
02/09/2023,02/09/2023,NEFT/6357374324/PRAKASH RAO/SBIN0684317/17087950002170,TXN0260162,449.00,,6302689.00
02/09/2023,02/09/2023,UPI/DR/50830542/LALITHA DEVI/SBIN0684317/lalitha949@okhdfc,TXN0260163,79.00,,6302610.00
03/09/2023,04/09/2023,UPI/CR/4781994793/LALITHA DEVI/SBIN0684317/lalitha830@oksbi,TXN0260164,,2500.00,6305110.00
03/09/2023,03/09/2023,UPI/DR/4237286800/POOJA SHARMA/SBIN0684317/pooja264@ybl,TXN0260165,1680.00,,6303430.00
03/09/2023,04/09/2023,CHQ NO 183386 CLEARING,TXN0260166,79.00,,6303351.00
03/09/2023,03/09/2023,ATM/WDL/069001816610/HDFC ATM KORAMANGALA,TXN0260167,7800.00,,6295551.00
03/09/2023,03/09/2023,IMPS/P2P/91475818/CHANDAN SHARMA/7564306915,TXN0260168,,850.00,6296401.00
03/09/2023,03/09/2023,UPI/DR/12562346/ANAND KUMAR/SBIN0684317/anand418@okaxis,TXN0260169,850.00,,6295551.00
03/09/2023,03/09/2023,UPI/DR/11088904/SUSHMA RAO/SBIN0684317/sushma637@oksbi,TXN0260170,850.00,,6294701.00
03/09/2023,03/09/2023,IMPS/P2P/7065205456/NIKHIL GUPTA/9638542725,TXN0260171,,11200.00,6305901.00
03/09/2023,03/09/2023,NEFT/45807217/VIKRAM NAIR/SBIN0684317/06341331115498,TXN0260172,,4800.00,6310701.00
04/09/2023,04/09/2023,CHQ NO 450052 CLEARING,TXN0260173,120.00,,6310581.00
04/09/2023,05/09/2023,UPI/CR/489165497624/RAMESH GOWDA/SBIN0684317/ramesh224@okaxis,TXN0260174,,2500.00,6313081.00
04/09/2023,04/09/2023,UPI/CR/81266208/ARCHANA PILLAI/SBIN0684317/archana870@ybl,TXN0260175,,850.00,6313931.00
04/09/2023,04/09/2023,UPI/DR/29573387/KAVITHA RAO/SBIN0684317/kavitha421@paytm,TXN0260176,249.00,,6313682.00
04/09/2023,04/09/2023,NEFT/69603093/SUNITA DEVI/SBIN0684317/73838374042180,TXN0260177,2380.00,,6311302.00
04/09/2023,04/09/2023,UPI/CR/2531135841/LALITHA DEVI/SBIN0684317/lalitha726@paytm,TXN0260178,,11200.00,6322502.00
04/09/2023,04/09/2023,NEFT/7997332006/LATHA MURTHY/SBIN0684317/68204277034063,TXN0260179,249.00,,6322253.00
04/09/2023,04/09/2023,ATM/WDL/216952688664/HDFC ATM KORAMANGALA,TXN0260180,120.00,,6322133.00
04/09/2023,04/09/2023,UPI/DR/0128014482/ARJUN MEHTA/SBIN0684317/arjun516@paytm,TXN0260181,49.00,,6322084.00
04/09/2023,04/09/2023,UPI/DR/7353710318/SUSHMA RAO/SBIN0684317/sushma266@okhdfc,TXN0260182,5200.00,,6316884.00
05/09/2023,06/09/2023,NEFT/324056561594/SUNIL YADAV/SBIN0684317/24756849172621,TXN0260183,5200.00,,6311684.00
05/09/2023,05/09/2023,UPI/DR/216221768789/ANAND KUMAR/SBIN0684317/anand524@ybl,TXN0260184,3499.00,,6308185.00
05/09/2023,05/09/2023,NEFT/116813308862/PADMA RAO/SBIN0684317/75948343130225,TXN0260185,1250.00,,6306935.00
05/09/2023,05/09/2023,NEFT/9143690358/SHEELA DEVI/SBIN0684317/93894757042668,TXN0260186,79.00,,6306856.00
06/09/2023,06/09/2023,IMPS/P2P/6979186549/MOHAMMED IRFAN/8442476366,TXN0260187,,2500.00,6309356.00
06/09/2023,07/09/2023,UPI/DR/1546068233/KAVERI MENON/SBIN0684317/kaveri103@paytm,TXN0260188,49.00,,6309307.00
07/09/2023,07/09/2023,UPI/DR/23030117/SURESH NAIR/SBIN0684317/suresh700@paytm,TXN0260189,999.00,,6308308.00
07/09/2023,08/09/2023,CASH DEPOSIT/BRANCH COUNTER/HITEC CITY HYDERABAD,TXN0260190,,850.00,6309158.00
07/09/2023,07/09/2023,CASH DEPOSIT/BRANCH COUNTER/HITEC CITY HYDERABAD,TXN0260191,,24000.00,6333158.00
07/09/2023,08/09/2023,ATM/WDL/7328492972/SBI ATM JAYANAGAR BLR,TXN0260192,449.00,,6332709.00
07/09/2023,07/09/2023,UPI/DR/056643450580/SUNIL YADAV/SBIN0684317/sunil518@oksbi,TXN0260193,699.00,,6332010.00
08/09/2023,08/09/2023,NEFT/42597280/MEENA IYER/SBIN0684317/76453114277858,TXN0260194,,850.00,6332860.00
08/09/2023,08/09/2023,UPI/DR/48950583/DEEPAK JOSHI/SBIN0684317/deepak492@okaxis,TXN0260195,7800.00,,6325060.00
08/09/2023,08/09/2023,NEFT/083641210207/VINAY PATIL/SBIN0684317/80934148830394,TXN0260196,49.00,,6325011.00
08/09/2023,08/09/2023,CASH DEPOSIT/BRANCH COUNTER/HITEC CITY HYDERABAD,TXN0260197,,4800.00,6329811.00
09/09/2023,09/09/2023,NEFT/96878973/FATIMA SHEIKH/SBIN0684317/43398185375469,TXN0260198,79.00,,6329732.00
09/09/2023,09/09/2023,UPI/DR/852937430140/MEERA PILLAI/SBIN0684317/meera647@okhdfc,TXN0260199,249.00,,6329483.00
09/09/2023,10/09/2023,UPI/DR/3976434880/BINDHU NAIR/SBIN0684317/bindhu217@ybl,TXN0260200,249.00,,6329234.00
09/09/2023,09/09/2023,UPI/DR/3484679118/KAVYA REDDY/SBIN0684317/kavya792@paytm,TXN0260201,850.00,,6328384.00
09/09/2023,09/09/2023,UPI/DR/5709186822/KIRAN REDDY/SBIN0684317/kiran601@okaxis,TXN0260202,1680.00,,6326704.00
09/09/2023,09/09/2023,UPI/CR/45831380/MEENA IYER/SBIN0684317/meena438@paytm,TXN0260203,,11200.00,6337904.00
09/09/2023,09/09/2023,NEFT/9999436843/SNEHA PATIL/SBIN0684317/69912828962090,TXN0260204,3499.00,,6334405.00
10/09/2023,10/09/2023,CASH DEPOSIT/BRANCH COUNTER/HITEC CITY HYDERABAD,TXN0260205,,18500.00,6352905.00
10/09/2023,11/09/2023,UPI/DR/498808730343/SNEHA PATIL/SBIN0684317/sneha259@paytm,TXN0260206,5200.00,,6347705.00
10/09/2023,10/09/2023,ATM/WDL/766865404669/SBI ATM JAYANAGAR BLR,TXN0260207,1680.00,,6346025.00
10/09/2023,11/09/2023,CASH DEPOSIT/BRANCH COUNTER/HITEC CITY HYDERABAD,TXN0260208,,1200.00,6347225.00
10/09/2023,10/09/2023,UPI/DR/1990628874/DIVYA MENON/SBIN0684317/divya165@paytm,TXN0260209,1680.00,,6345545.00
10/09/2023,11/09/2023,CASH DEPOSIT/BRANCH COUNTER/HITEC CITY HYDERABAD,TXN0260210,,32000.00,6377545.00
11/09/2023,11/09/2023,NEFT/87784969/ADITYA KUMAR/SBIN0684317/14463601888509,TXN0260211,,24000.00,6401545.00
11/09/2023,11/09/2023,CASH DEPOSIT/BRANCH COUNTER/HITEC CITY HYDERABAD,TXN0260212,,11200.00,6412745.00
11/09/2023,12/09/2023,UPI/CR/450795825151/TARA SINGH/SBIN0684317/tara823@paytm,TXN0260213,,500.00,6413245.00
11/09/2023,12/09/2023,CHQ NO 380518 CLEARING,TXN0260214,2380.00,,6410865.00
11/09/2023,11/09/2023,IMPS/P2P/2101824087/GANESH KUMAR/9538173648,TXN0260215,,11200.00,6422065.00
11/09/2023,11/09/2023,UPI/DR/239769213975/FATIMA SHEIKH/SBIN0684317/fatima636@okhdfc,TXN0260216,79.00,,6421986.00
12/09/2023,12/09/2023,UPI/CR/7841532886/KAVITHA RAO/SBIN0684317/kavitha138@oksbi,TXN0260217,,18500.00,6440486.00
12/09/2023,12/09/2023,UPI/CR/5694848989/AYESHA KHAN/SBIN0684317/ayesha985@okaxis,TXN0260218,,850.00,6441336.00
12/09/2023,12/09/2023,CHQ NO 353676 CLEARING,TXN0260219,449.00,,6440887.00
12/09/2023,12/09/2023,ATM/WDL/294791880151/SBI ATM JAYANAGAR BLR,TXN0260220,49.00,,6440838.00
12/09/2023,13/09/2023,UPI/DR/9448686816/CHANDAN SHARMA/SBIN0684317/chandan489@oksbi,TXN0260221,7800.00,,6433038.00
12/09/2023,13/09/2023,ATM/WDL/3141301532/CANARA ATM MYSURU,TXN0260222,5200.00,,6427838.00
12/09/2023,12/09/2023,UPI/CR/689789105273/ANAND KUMAR/SBIN0684317/anand853@okhdfc,TXN0260223,,4800.00,6432638.00
13/09/2023,13/09/2023,NEFT/2535509246/ARCHANA PILLAI/SBIN0684317/11100498843051,TXN0260224,850.00,,6431788.00
13/09/2023,14/09/2023,ATM/WDL/3532279018/CANARA ATM MYSURU,TXN0260225,3499.00,,6428289.00
13/09/2023,13/09/2023,NEFT/1335397977/KAVERI MENON/SBIN0684317/81936987997458,TXN0260226,,850.00,6429139.00
14/09/2023,14/09/2023,IMPS/P2P/51408240/KAVYA REDDY/7429309494,TXN0260227,,1200.00,6430339.00
14/09/2023,14/09/2023,UPI/DR/5558899023/RAJENDRA PRASAD/SBIN0684317/rajendra390@ybl,TXN0260228,2380.00,,6427959.00
14/09/2023,14/09/2023,UPI/DR/859276740971/VIKRAM NAIR/SBIN0684317/vikram800@okaxis,TXN0260229,449.00,,6427510.00
14/09/2023,14/09/2023,UPI/CR/67664849/GOPAL VERMA/SBIN0684317/gopal328@paytm,TXN0260230,,4800.00,6432310.00
14/09/2023,14/09/2023,UPI/DR/6712554048/KAVITHA RAO/SBIN0684317/kavitha104@oksbi,TXN0260231,850.00,,6431460.00
14/09/2023,14/09/2023,IMPS/P2P/6702716502/AYESHA KHAN/8100391804,TXN0260232,,11200.00,6442660.00
15/09/2023,15/09/2023,CHQ NO 449742 CLEARING,TXN0260233,2380.00,,6440280.00
15/09/2023,16/09/2023,NEFT/7592731489/LAKSHMI VENKAT/SBIN0684317/56673029820896,TXN0260234,,1200.00,6441480.00
15/09/2023,15/09/2023,IMPS/P2P/5119909901/GOPAL VERMA/9081036933,TXN0260235,,1200.00,6442680.00
15/09/2023,15/09/2023,UPI/CR/132543095788/REKHA PILLAI/SBIN0684317/rekha307@ybl,TXN0260236,,1200.00,6443880.00
15/09/2023,15/09/2023,UPI/DR/5900110726/ADITYA KUMAR/SBIN0684317/aditya377@paytm,TXN0260237,3499.00,,6440381.00
15/09/2023,15/09/2023,IMPS/P2P/4022730826/ROHIT SHARMA/7353962576,TXN0260238,,1200.00,6441581.00
15/09/2023,16/09/2023,UPI/DR/85486546/ANITHA KRISHNAN/SBIN0684317/anitha499@okaxis,TXN0260239,999.00,,6440582.00
16/09/2023,16/09/2023,UPI/DR/13507519/RAMESH PILLAI/SBIN0684317/ramesh308@paytm,TXN0260240,1250.00,,6439332.00
16/09/2023,16/09/2023,UPI/DR/110619794325/KARTHIK MENON/SBIN0684317/karthik147@okhdfc,TXN0260241,49.00,,6439283.00
16/09/2023,16/09/2023,NEFT/76953498/KAVITHA RAO/SBIN0684317/42042657232596,TXN0260242,249.00,,6439034.00
16/09/2023,16/09/2023,ATM/WDL/2995848273/SBI ATM JAYANAGAR BLR,TXN0260243,120.00,,6438914.00
16/09/2023,16/09/2023,CHQ NO 018293 CLEARING,TXN0260244,3499.00,,6435415.00
16/09/2023,16/09/2023,IMPS/P2P/49587317/PRIYA NAIR/8969416864,TXN0260245,,500.00,6435915.00
16/09/2023,17/09/2023,CHQ NO 678473 CLEARING,TXN0260246,5200.00,,6430715.00
16/09/2023,16/09/2023,ATM/WDL/32254450/CANARA ATM MYSURU,TXN0260247,49.00,,6430666.00
16/09/2023,16/09/2023,NEFT/062998561648/KARTHIK MENON/SBIN0684317/31711809992752,TXN0260248,310.00,,6430356.00
16/09/2023,17/09/2023,UPI/DR/41525273/BABU LAL/SBIN0684317/babu544@ybl,TXN0260249,79.00,,6430277.00
17/09/2023,17/09/2023,UPI/DR/0077016667/GOPAL VERMA/SBIN0684317/gopal485@paytm,TXN0260250,850.00,,6429427.00
17/09/2023,17/09/2023,IMPS/P2P/10666292/GOPAL VERMA/9041554332,TXN0260251,,32000.00,6461427.00
17/09/2023,18/09/2023,CASH DEPOSIT/BRANCH COUNTER/HITEC CITY HYDERABAD,TXN0260252,,500.00,6461927.00
18/09/2023,18/09/2023,IMPS/P2P/372533295801/RAHUL SINGH/9907739879,TXN0260253,,4800.00,6466727.00
18/09/2023,18/09/2023,NEFT/6386622598/RAVI KUMAR SHARMA/SBIN0684317/10498390779722,TXN0260254,,500.00,6467227.00
18/09/2023,18/09/2023,UPI/DR/8188068968/SANTOSH KUMAR/SBIN0684317/santosh269@okhdfc,TXN0260255,249.00,,6466978.00
18/09/2023,19/09/2023,UPI/DR/4680671835/KAVITHA RAO/SBIN0684317/kavitha723@paytm,TXN0260256,5200.00,,6461778.00
18/09/2023,18/09/2023,NEFT/25436865/NADIA HUSSAIN/SBIN0684317/92119982792379,TXN0260257,,11200.00,6472978.00
18/09/2023,18/09/2023,UPI/DR/144512573671/KAVITHA RAO/SBIN0684317/kavitha253@okaxis,TXN0260258,1250.00,,6471728.00
18/09/2023,19/09/2023,UPI/DR/60406212/PRIYA NAIR/SBIN0684317/priya114@oksbi,TXN0260259,7800.00,,6463928.00
18/09/2023,19/09/2023,UPI/DR/532004073424/MEENA IYER/SBIN0684317/meena667@okaxis,TXN0260260,850.00,,6463078.00
19/09/2023,19/09/2023,UPI/DR/989391935182/DEEPA NAIR/SBIN0684317/deepa706@ybl,TXN0260261,79.00,,6462999.00
19/09/2023,19/09/2023,UPI/DR/23107453/LALITHA DEVI/SBIN0684317/lalitha869@oksbi,TXN0260262,449.00,,6462550.00
20/09/2023,20/09/2023,CASH DEPOSIT/BRANCH COUNTER/HITEC CITY HYDERABAD,TXN0260263,,500.00,6463050.00
20/09/2023,20/09/2023,NEFT/9441537100/LALITHA DEVI/SBIN0684317/27983468336828,TXN0260264,,11200.00,6474250.00
20/09/2023,20/09/2023,UPI/CR/65062881/VINAY PATIL/SBIN0684317/vinay28@paytm,TXN0260265,,24000.00,6498250.00
20/09/2023,21/09/2023,UPI/DR/140753102312/MEERA PILLAI/SBIN0684317/meera559@okaxis,TXN0260266,120.00,,6498130.00
21/09/2023,21/09/2023,UPI/CR/8587893044/RAVI KUMAR SHARMA/SBIN0684317/ravi855@ybl,TXN0260267,,11200.00,6509330.00
21/09/2023,22/09/2023,ATM/WDL/954597769862/CANARA ATM MYSURU,TXN0260268,79.00,,6509251.00
21/09/2023,21/09/2023,CHQ NO 082050 CLEARING,TXN0260269,999.00,,6508252.00
21/09/2023,21/09/2023,UPI/DR/660877665643/CHANDAN SHARMA/SBIN0684317/chandan238@okhdfc,TXN0260270,49.00,,6508203.00
21/09/2023,21/09/2023,UPI/CR/0100430583/GOPAL VERMA/SBIN0684317/gopal896@paytm,TXN0260271,,18500.00,6526703.00
21/09/2023,21/09/2023,UPI/CR/435216418298/SMITHA PILLAI/SBIN0684317/smitha679@okhdfc,TXN0260272,,2500.00,6529203.00
22/09/2023,23/09/2023,CHQ NO 604262 CLEARING,TXN0260273,79.00,,6529124.00
22/09/2023,22/09/2023,NEFT/610126408331/SUNIL YADAV/SBIN0684317/45568316013854,TXN0260274,,24000.00,6553124.00
23/09/2023,24/09/2023,NEFT/682592824668/GEETA DEVI/SBIN0684317/83231923549930,TXN0260275,2380.00,,6550744.00
23/09/2023,23/09/2023,UPI/DR/481649188518/PRIYA NAIR/SBIN0684317/priya963@okaxis,TXN0260276,49.00,,6550695.00
23/09/2023,24/09/2023,NEFT/76614897/SURESH BABU/SBIN0684317/93713646785821,TXN0260277,,32000.00,6582695.00
23/09/2023,23/09/2023,CHQ NO 769114 CLEARING,TXN0260278,49.00,,6582646.00
24/09/2023,25/09/2023,UPI/DR/9128843260/IMRAN KHAN/SBIN0684317/imran829@paytm,TXN0260279,310.00,,6582336.00
24/09/2023,24/09/2023,NEFT/9078294629/KAVITHA RAO/SBIN0684317/61478794281740,TXN0260280,,18500.00,6600836.00
24/09/2023,25/09/2023,CASH DEPOSIT/BRANCH COUNTER/HITEC CITY HYDERABAD,TXN0260281,,1200.00,6602036.00
24/09/2023,24/09/2023,CASH DEPOSIT/BRANCH COUNTER/HITEC CITY HYDERABAD,TXN0260282,,11200.00,6613236.00
24/09/2023,24/09/2023,NEFT/2616262521/NIKHIL GUPTA/SBIN0684317/81812772422227,TXN0260283,49.00,,6613187.00
24/09/2023,24/09/2023,ATM/WDL/62506078/HDFC ATM KORAMANGALA,TXN0260284,120.00,,6613067.00
25/09/2023,25/09/2023,UPI/DR/56516968/PRIYA NAIR/SBIN0684317/priya607@ybl,TXN0260285,699.00,,6612368.00
25/09/2023,25/09/2023,UPI/DR/99439322/FATIMA SHEIKH/SBIN0684317/fatima92@oksbi,TXN0260286,2380.00,,6609988.00
25/09/2023,25/09/2023,NEFT/989807418027/ARCHANA PILLAI/SBIN0684317/09990504510121,TXN0260287,7800.00,,6602188.00
25/09/2023,25/09/2023,UPI/DR/757254028176/GEETA DEVI/SBIN0684317/geeta870@okhdfc,TXN0260288,699.00,,6601489.00
25/09/2023,25/09/2023,CASH DEPOSIT/BRANCH COUNTER/HITEC CITY HYDERABAD,TXN0260289,,32000.00,6633489.00
25/09/2023,25/09/2023,NEFT/9708723969/USHA RANI/SBIN0684317/51669473754593,TXN0260290,,850.00,6634339.00
25/09/2023,26/09/2023,NEFT/506422455965/PRIYA NAIR/SBIN0684317/39335734550541,TXN0260291,310.00,,6634029.00
26/09/2023,27/09/2023,CASH DEPOSIT/BRANCH COUNTER/HITEC CITY HYDERABAD,TXN0260292,,7600.00,6641629.00
26/09/2023,27/09/2023,CHQ NO 906402 CLEARING,TXN0260293,2380.00,,6639249.00
26/09/2023,26/09/2023,UPI/DR/57490926/ANAND KUMAR/SBIN0684317/anand756@oksbi,TXN0260294,310.00,,6638939.00
26/09/2023,26/09/2023,CHQ NO 885640 CLEARING,TXN0260295,850.00,,6638089.00
26/09/2023,27/09/2023,CHQ NO 668356 CLEARING,TXN0260296,850.00,,6637239.00
26/09/2023,26/09/2023,UPI/CR/032346002867/SHEELA DEVI/SBIN0684317/sheela744@okhdfc,TXN0260297,,500.00,6637739.00
26/09/2023,26/09/2023,NEFT/797288758022/DEEPA NAIR/SBIN0684317/35619586810850,TXN0260298,,32000.00,6669739.00
27/09/2023,27/09/2023,UPI/CR/621763005134/SHAHID KHAN/SBIN0684317/shahid605@okaxis,TXN0260299,,18500.00,6688239.00
27/09/2023,28/09/2023,UPI/CR/2025780338/RESHMA KHAN/SBIN0684317/reshma562@okaxis,TXN0260300,,1200.00,6689439.00
27/09/2023,27/09/2023,UPI/DR/8710815909/RANJIT SINGH/SBIN0684317/ranjit392@okaxis,TXN0260301,2380.00,,6687059.00
27/09/2023,27/09/2023,UPI/DR/27983265/SMITHA PILLAI/SBIN0684317/smitha334@okaxis,TXN0260302,850.00,,6686209.00
27/09/2023,27/09/2023,NEFT/75238494/KAVYA REDDY/SBIN0684317/82845678647991,TXN0260303,,18500.00,6704709.00
27/09/2023,27/09/2023,UPI/DR/3408043601/KARTHIK MENON/SBIN0684317/karthik537@oksbi,TXN0260304,2380.00,,6702329.00
27/09/2023,27/09/2023,ATM/WDL/9932172253/CANARA ATM MYSURU,TXN0260305,699.00,,6701630.00
28/09/2023,29/09/2023,NEFT/3405929430/MOHAMMED IRFAN/SBIN0684317/40177235868696,TXN0260306,2380.00,,6699250.00
28/09/2023,29/09/2023,UPI/DR/7151764083/ARUN SHARMA/SBIN0684317/arun709@okaxis,TXN0260307,120.00,,6699130.00
28/09/2023,28/09/2023,UPI/CR/394414889678/PREETHI IYER/SBIN0684317/preethi792@oksbi,TXN0260308,,18500.00,6717630.00
28/09/2023,28/09/2023,NEFT/59277941/GEETA DEVI/SBIN0684317/16108482811019,TXN0260309,,500.00,6718130.00
28/09/2023,28/09/2023,IMPS/P2P/98791433/KARTHIK MENON/8828192777,TXN0260310,,2500.00,6720630.00
28/09/2023,28/09/2023,CASH DEPOSIT/BRANCH COUNTER/HITEC CITY HYDERABAD,TXN0260311,,24000.00,6744630.00
29/09/2023,29/09/2023,CHQ NO 894702 CLEARING,TXN0260312,310.00,,6744320.00
29/09/2023,29/09/2023,IMPS/P2P/1382338337/SUSHMA RAO/7116841069,TXN0260313,,32000.00,6776320.00
30/09/2023,30/09/2023,ATM/WDL/72501652/SBI ATM JAYANAGAR BLR,TXN0260314,49.00,,6776271.00
30/09/2023,30/09/2023,UPI/DR/677702912797/MOHAN DAS/SBIN0684317/mohan520@okhdfc,TXN0260315,249.00,,6776022.00
30/09/2023,30/09/2023,ATM/WDL/0031521431/CANARA ATM MYSURU,TXN0260316,3499.00,,6772523.00
30/09/2023,01/10/2023,NEFT/8441661020/ROHIT SHARMA/SBIN0684317/98398334970065,TXN0260317,,18500.00,6791023.00
30/09/2023,30/09/2023,IMPS/P2P/79873051/SANJANA HEGDE/9725258542,TXN0260318,,4800.00,6795823.00
30/09/2023,30/09/2023,UPI/CR/7559544538/MALLIKA DAS/SBIN0684317/mallika571@ybl,TXN0260319,,500.00,6796323.00
30/09/2023,01/10/2023,UPI/DR/7336042708/NILESH KULKARNI/SBIN0684317/nilesh483@oksbi,TXN0260320,999.00,,6795324.00
30/09/2023,30/09/2023,UPI/CR/7800547996/CHANDAN SHARMA/SBIN0684317/chandan134@okaxis,TXN0260321,,4800.00,6800124.00
01/10/2023,01/10/2023,NEFT/022030649763/SAVITHA DEVI/SBIN0684317/12985157919780,TXN0260322,,32000.00,6832124.00
01/10/2023,01/10/2023,NEFT/060254925609/TANVI RAO/SBIN0684317/62153106088989,TXN0260323,249.00,,6831875.00
01/10/2023,01/10/2023,NEFT/5902429171/BINDHU NAIR/SBIN0684317/42360747009311,TXN0260324,120.00,,6831755.00
01/10/2023,01/10/2023,CHQ NO 028122 CLEARING,TXN0260325,999.00,,6830756.00
01/10/2023,02/10/2023,UPI/DR/144151888179/SURESH NAIR/SBIN0684317/suresh968@ybl,TXN0260326,249.00,,6830507.00
01/10/2023,02/10/2023,UPI/DR/136742032451/GEETA DEVI/SBIN0684317/geeta225@oksbi,TXN0260327,1680.00,,6828827.00
01/10/2023,02/10/2023,CHQ NO 284617 CLEARING,TXN0260328,449.00,,6828378.00
02/10/2023,02/10/2023,UPI/DR/89470116/SHEELA DEVI/SBIN0684317/sheela645@okaxis,TXN0260329,699.00,,6827679.00
02/10/2023,02/10/2023,CASH DEPOSIT/BRANCH COUNTER/HITEC CITY HYDERABAD,TXN0260330,,11200.00,6838879.00
03/10/2023,03/10/2023,CHQ NO 138295 CLEARING,TXN0260331,310.00,,6838569.00
03/10/2023,03/10/2023,ATM/WDL/14340137/CANARA ATM MYSURU,TXN0260332,2380.00,,6836189.00
03/10/2023,04/10/2023,NEFT/5734539966/LAKSHMI VENKAT/SBIN0684317/03241418523544,TXN0260333,1250.00,,6834939.00
03/10/2023,04/10/2023,CHQ NO 363079 CLEARING,TXN0260334,449.00,,6834490.00
03/10/2023,04/10/2023,CHQ NO 894081 CLEARING,TXN0260335,999.00,,6833491.00
03/10/2023,03/10/2023,NEFT/43441172/FATIMA SHEIKH/SBIN0684317/98926585585016,TXN0260336,1680.00,,6831811.00
03/10/2023,03/10/2023,NEFT/466730353651/SNEHA PATIL/SBIN0684317/20630297809085,TXN0260337,,1200.00,6833011.00
03/10/2023,03/10/2023,NEFT/5005046103/LATHA MURTHY/SBIN0684317/83206638971297,TXN0260338,,2500.00,6835511.00
04/10/2023,04/10/2023,UPI/DR/1927352178/SHAHID KHAN/SBIN0684317/shahid640@oksbi,TXN0260339,3499.00,,6832012.00
04/10/2023,04/10/2023,UPI/CR/9554708844/RAJESH VERMA/SBIN0684317/rajesh334@paytm,TXN0260340,,500.00,6832512.00
04/10/2023,04/10/2023,CASH DEPOSIT/BRANCH COUNTER/HITEC CITY HYDERABAD,TXN0260341,,2500.00,6835012.00
04/10/2023,04/10/2023,UPI/DR/2973135020/SUNITA DEVI/SBIN0684317/sunita504@oksbi,TXN0260342,49.00,,6834963.00
04/10/2023,04/10/2023,ATM/WDL/811586435421/HDFC ATM KORAMANGALA,TXN0260343,5200.00,,6829763.00
04/10/2023,05/10/2023,ATM/WDL/05451237/HDFC ATM KORAMANGALA,TXN0260344,999.00,,6828764.00
05/10/2023,06/10/2023,UPI/DR/0329016715/SANJANA HEGDE/SBIN0684317/sanjana623@okhdfc,TXN0260345,5200.00,,6823564.00
05/10/2023,05/10/2023,CHQ NO 114664 CLEARING,TXN0260346,7800.00,,6815764.00
05/10/2023,05/10/2023,NEFT/22119183/POOJA SHARMA/SBIN0684317/18880671559906,TXN0260347,,2500.00,6818264.00
05/10/2023,06/10/2023,CHQ NO 938080 CLEARING,TXN0260348,699.00,,6817565.00
05/10/2023,05/10/2023,IMPS/P2P/5227795956/REKHA PILLAI/9284593028,TXN0260349,,500.00,6818065.00
05/10/2023,05/10/2023,UPI/DR/7093095633/ARCHANA PILLAI/SBIN0684317/archana942@paytm,TXN0260350,3499.00,,6814566.00
05/10/2023,05/10/2023,CASH DEPOSIT/BRANCH COUNTER/HITEC CITY HYDERABAD,TXN0260351,,7600.00,6822166.00
05/10/2023,06/10/2023,NEFT/0152525254/MEERA PILLAI/SBIN0684317/19145103962201,TXN0260352,,850.00,6823016.00
05/10/2023,06/10/2023,ATM/WDL/49386013/HDFC ATM KORAMANGALA,TXN0260353,5200.00,,6817816.00
05/10/2023,05/10/2023,UPI/CR/12027689/PRIYA NAIR/SBIN0684317/priya651@oksbi,TXN0260354,,850.00,6818666.00
06/10/2023,06/10/2023,CASH DEPOSIT/BRANCH COUNTER/HITEC CITY HYDERABAD,TXN0260355,,4800.00,6823466.00
06/10/2023,06/10/2023,CHQ NO 690710 CLEARING,TXN0260356,1250.00,,6822216.00
06/10/2023,06/10/2023,UPI/DR/49589278/RAMESH GOWDA/SBIN0684317/ramesh651@paytm,TXN0260357,249.00,,6821967.00
07/10/2023,07/10/2023,NEFT/58531396/DIVYA MENON/SBIN0684317/12399746915621,TXN0260358,1680.00,,6820287.00
07/10/2023,07/10/2023,CASH DEPOSIT/BRANCH COUNTER/HITEC CITY HYDERABAD,TXN0260359,,1200.00,6821487.00
07/10/2023,07/10/2023,CHQ NO 371179 CLEARING,TXN0260360,1680.00,,6819807.00
07/10/2023,07/10/2023,UPI/DR/3614858545/RAMESH GOWDA/SBIN0684317/ramesh59@oksbi,TXN0260361,310.00,,6819497.00
07/10/2023,07/10/2023,CASH DEPOSIT/BRANCH COUNTER/HITEC CITY HYDERABAD,TXN0260362,,850.00,6820347.00
07/10/2023,08/10/2023,UPI/DR/701686212713/PRIYA NAIR/SBIN0684317/priya16@paytm,TXN0260363,699.00,,6819648.00
07/10/2023,08/10/2023,UPI/DR/88923911/NADIA HUSSAIN/SBIN0684317/nadia205@oksbi,TXN0260364,5200.00,,6814448.00
08/10/2023,08/10/2023,IMPS/P2P/807607606944/PREETHI IYER/9040129769,TXN0260365,,2500.00,6816948.00
08/10/2023,08/10/2023,NEFT/3031743971/ANITHA KRISHNAN/SBIN0684317/05270411957392,TXN0260366,2380.00,,6814568.00
08/10/2023,08/10/2023,CASH DEPOSIT/BRANCH COUNTER/HITEC CITY HYDERABAD,TXN0260367,,11200.00,6825768.00
08/10/2023,08/10/2023,CASH DEPOSIT/BRANCH COUNTER/HITEC CITY HYDERABAD,TXN0260368,,2500.00,6828268.00
08/10/2023,08/10/2023,NEFT/906446172154/MOHAN DAS/SBIN0684317/95122961394168,TXN0260369,1250.00,,6827018.00
08/10/2023,08/10/2023,CHQ NO 321228 CLEARING,TXN0260370,79.00,,6826939.00
08/10/2023,09/10/2023,UPI/CR/7423200279/FATIMA SHEIKH/SBIN0684317/fatima760@ybl,TXN0260371,,11200.00,6838139.00
08/10/2023,08/10/2023,IMPS/P2P/43906812/ADITYA KUMAR/8896483437,TXN0260372,,32000.00,6870139.00
08/10/2023,08/10/2023,NEFT/1682082689/SURESH NAIR/SBIN0684317/79080018991444,TXN0260373,49.00,,6870090.00
09/10/2023,10/10/2023,NEFT/7855604397/MALLIKA DAS/SBIN0684317/54187112104969,TXN0260374,,850.00,6870940.00
09/10/2023,10/10/2023,UPI/DR/4903435554/KAVITHA RAO/SBIN0684317/kavitha526@okhdfc,TXN0260375,999.00,,6869941.00
09/10/2023,10/10/2023,NEFT/3448267294/RANJIT SINGH/SBIN0684317/01898064199960,TXN0260376,,4800.00,6874741.00
09/10/2023,09/10/2023,ATM/WDL/4491511092/HDFC ATM KORAMANGALA,TXN0260377,850.00,,6873891.00
09/10/2023,10/10/2023,UPI/DR/230951487503/REKHA PILLAI/SBIN0684317/rekha422@okaxis,TXN0260378,49.00,,6873842.00
09/10/2023,10/10/2023,CHQ NO 708893 CLEARING,TXN0260379,49.00,,6873793.00
10/10/2023,10/10/2023,NEFT/87990414/TARA SINGH/SBIN0684317/25933464421671,TXN0260380,,32000.00,6905793.00
10/10/2023,10/10/2023,ATM/WDL/36246985/HDFC ATM KORAMANGALA,TXN0260381,49.00,,6905744.00
10/10/2023,10/10/2023,UPI/DR/513538253946/RAJENDRA PRASAD/SBIN0684317/rajendra928@ybl,TXN0260382,5200.00,,6900544.00
11/10/2023,11/10/2023,NEFT/021962758988/USHA RANI/SBIN0684317/17140546127390,TXN0260383,249.00,,6900295.00
11/10/2023,11/10/2023,UPI/DR/92850536/FATIMA SHEIKH/SBIN0684317/fatima594@okaxis,TXN0260384,1250.00,,6899045.00
11/10/2023,11/10/2023,CASH DEPOSIT/BRANCH COUNTER/HITEC CITY HYDERABAD,TXN0260385,,7600.00,6906645.00
11/10/2023,11/10/2023,CASH DEPOSIT/BRANCH COUNTER/HITEC CITY HYDERABAD,TXN0260386,,32000.00,6938645.00
11/10/2023,12/10/2023,UPI/DR/543956894887/FARHAN KHAN/SBIN0684317/farhan766@paytm,TXN0260387,49.00,,6938596.00
11/10/2023,11/10/2023,UPI/CR/981211084401/NILESH KULKARNI/SBIN0684317/nilesh978@paytm,TXN0260388,,4800.00,6943396.00
12/10/2023,12/10/2023,CASH DEPOSIT/BRANCH COUNTER/HITEC CITY HYDERABAD,TXN0260389,,4800.00,6948196.00
12/10/2023,12/10/2023,UPI/DR/684587284291/SUSHMA RAO/SBIN0684317/sushma367@okaxis,TXN0260390,999.00,,6947197.00
12/10/2023,12/10/2023,NEFT/04635669/PRIYA NAIR/SBIN0684317/76171262797234,TXN0260391,449.00,,6946748.00
12/10/2023,12/10/2023,UPI/DR/2819527241/NILESH KULKARNI/SBIN0684317/nilesh942@ybl,TXN0260392,120.00,,6946628.00
12/10/2023,12/10/2023,IMPS/P2P/7197490718/PREETHI IYER/7587795134,TXN0260393,,850.00,6947478.00
12/10/2023,13/10/2023,IMPS/P2P/216286672175/USHA RANI/7185276125,TXN0260394,,2500.00,6949978.00
13/10/2023,13/10/2023,ATM/WDL/86981686/CANARA ATM MYSURU,TXN0260395,120.00,,6949858.00
13/10/2023,13/10/2023,NEFT/44417094/NADIA HUSSAIN/SBIN0684317/58070090067770,TXN0260396,3499.00,,6946359.00
13/10/2023,14/10/2023,IMPS/P2P/943679601013/BINDHU NAIR/9639312725,TXN0260397,,24000.00,6970359.00
14/10/2023,14/10/2023,UPI/DR/5657641134/SHAHID KHAN/SBIN0684317/shahid61@ybl,TXN0260398,120.00,,6970239.00
14/10/2023,14/10/2023,IMPS/P2P/293169488644/PADMA RAO/9896565262,TXN0260399,,32000.00,7002239.00
14/10/2023,15/10/2023,IMPS/P2P/7898926889/SUSHMA RAO/8403790162,TXN0260400,,2500.00,7004739.00
14/10/2023,15/10/2023,CHQ NO 976290 CLEARING,TXN0260401,249.00,,7004490.00
14/10/2023,14/10/2023,UPI/DR/8190861071/NAVEEN KUMAR/SBIN0684317/naveen954@okhdfc,TXN0260402,79.00,,7004411.00
15/10/2023,15/10/2023,NEFT/356824101723/FARHAN KHAN/SBIN0684317/19903764976249,TXN0260403,,850.00,7005261.00
15/10/2023,16/10/2023,ATM/WDL/71747246/HDFC ATM KORAMANGALA,TXN0260404,999.00,,7004262.00
15/10/2023,15/10/2023,UPI/DR/074704904449/VENKAT RAO/SBIN0684317/venkat654@paytm,TXN0260405,449.00,,7003813.00
15/10/2023,15/10/2023,UPI/DR/928428956970/SNEHA PATIL/SBIN0684317/sneha577@oksbi,TXN0260406,1680.00,,7002133.00
15/10/2023,15/10/2023,UPI/DR/5571276434/SUNITA DEVI/SBIN0684317/sunita849@oksbi,TXN0260407,49.00,,7002084.00
16/10/2023,17/10/2023,ATM/WDL/73714801/SBI ATM JAYANAGAR BLR,TXN0260408,449.00,,7001635.00
16/10/2023,16/10/2023,UPI/DR/2224747994/ARCHANA PILLAI/SBIN0684317/archana651@okaxis,TXN0260409,310.00,,7001325.00
16/10/2023,17/10/2023,NEFT/86152342/PRIYA NAIR/SBIN0684317/67971765310472,TXN0260410,49.00,,7001276.00
17/10/2023,17/10/2023,UPI/DR/148709362867/RANJIT SINGH/SBIN0684317/ranjit834@paytm,TXN0260411,850.00,,7000426.00
18/10/2023,18/10/2023,NEFT/23523129/MOHAN DAS/SBIN0684317/03728451876886,TXN0260412,,7600.00,7008026.00
18/10/2023,18/10/2023,CHQ NO 408021 CLEARING,TXN0260413,1250.00,,7006776.00
18/10/2023,18/10/2023,NEFT/134243771134/GOPAL VERMA/SBIN0684317/34433788277141,TXN0260414,,1200.00,7007976.00
19/10/2023,20/10/2023,CASH DEPOSIT/BRANCH COUNTER/HITEC CITY HYDERABAD,TXN0260415,,7600.00,7015576.00
19/10/2023,19/10/2023,IMPS/P2P/213768141708/POOJA SHARMA/9382399302,TXN0260416,,18500.00,7034076.00
19/10/2023,19/10/2023,UPI/DR/40987358/ARJUN MEHTA/SBIN0684317/arjun220@okaxis,TXN0260417,49.00,,7034027.00
19/10/2023,19/10/2023,UPI/DR/47565976/USHA RANI/SBIN0684317/usha214@okaxis,TXN0260418,120.00,,7033907.00
19/10/2023,19/10/2023,NEFT/749616442880/RESHMA KHAN/SBIN0684317/05957858857187,TXN0260419,,1200.00,7035107.00
19/10/2023,19/10/2023,ATM/WDL/830044254061/HDFC ATM KORAMANGALA,TXN0260420,2380.00,,7032727.00
20/10/2023,20/10/2023,UPI/DR/73787238/REKHA PILLAI/SBIN0684317/rekha744@paytm,TXN0260421,1680.00,,7031047.00
20/10/2023,20/10/2023,IMPS/P2P/6096717008/SUSHMA RAO/8728235257,TXN0260422,,24000.00,7055047.00
20/10/2023,20/10/2023,NEFT/8560383323/KARTHIK MENON/SBIN0684317/32868568418923,TXN0260423,699.00,,7054348.00
20/10/2023,20/10/2023,UPI/DR/009627649784/FATIMA SHEIKH/SBIN0684317/fatima658@oksbi,TXN0260424,49.00,,7054299.00
20/10/2023,20/10/2023,IMPS/P2P/63166973/ROHIT SHARMA/7617361616,TXN0260425,,4800.00,7059099.00
20/10/2023,21/10/2023,UPI/CR/186528922603/KAVYA REDDY/SBIN0684317/kavya96@oksbi,TXN0260426,,1200.00,7060299.00
21/10/2023,22/10/2023,UPI/CR/5066756358/LALITHA DEVI/SBIN0684317/lalitha168@okaxis,TXN0260427,,24000.00,7084299.00
21/10/2023,21/10/2023,UPI/DR/6157060106/KARTHIK MENON/SBIN0684317/karthik774@oksbi,TXN0260428,2380.00,,7081919.00
21/10/2023,21/10/2023,ATM/WDL/38563341/HDFC ATM KORAMANGALA,TXN0260429,5200.00,,7076719.00
21/10/2023,21/10/2023,NEFT/268535205527/KAVITHA RAO/SBIN0684317/80641556794369,TXN0260430,3499.00,,7073220.00
21/10/2023,22/10/2023,NEFT/8030380029/SURESH BABU/SBIN0684317/57099089095781,TXN0260431,,24000.00,7097220.00
22/10/2023,23/10/2023,CASH DEPOSIT/BRANCH COUNTER/HITEC CITY HYDERABAD,TXN0260432,,24000.00,7121220.00
22/10/2023,22/10/2023,UPI/CR/96111438/ARJUN MEHTA/SBIN0684317/arjun349@okaxis,TXN0260433,,500.00,7121720.00
22/10/2023,22/10/2023,UPI/DR/10812787/MEENA IYER/SBIN0684317/meena72@oksbi,TXN0260434,699.00,,7121021.00
22/10/2023,23/10/2023,ATM/WDL/21243413/CANARA ATM MYSURU,TXN0260435,310.00,,7120711.00
22/10/2023,22/10/2023,NEFT/3024829313/MEERA PILLAI/SBIN0684317/37854390693939,TXN0260436,,24000.00,7144711.00
22/10/2023,22/10/2023,UPI/DR/49957821/ROHIT SHARMA/SBIN0684317/rohit756@oksbi,TXN0260437,249.00,,7144462.00
22/10/2023,22/10/2023,CASH DEPOSIT/BRANCH COUNTER/HITEC CITY HYDERABAD,TXN0260438,,24000.00,7168462.00
22/10/2023,22/10/2023,CHQ NO 430622 CLEARING,TXN0260439,999.00,,7167463.00
22/10/2023,22/10/2023,NEFT/566977326109/FARHAN KHAN/SBIN0684317/45585999081576,TXN0260440,,2500.00,7169963.00
22/10/2023,22/10/2023,UPI/DR/67813251/FARHAN KHAN/SBIN0684317/farhan129@paytm,TXN0260441,699.00,,7169264.00
22/10/2023,23/10/2023,NEFT/8836521528/TARA SINGH/SBIN0684317/54843102381810,TXN0260442,,11200.00,7180464.00
23/10/2023,23/10/2023,NEFT/477105905648/PRIYA NAIR/SBIN0684317/33258402057209,TXN0260443,,18500.00,7198964.00
23/10/2023,23/10/2023,UPI/DR/34579630/ANITHA KRISHNAN/SBIN0684317/anitha480@ybl,TXN0260444,310.00,,7198654.00
23/10/2023,23/10/2023,CASH DEPOSIT/BRANCH COUNTER/HITEC CITY HYDERABAD,TXN0260445,,24000.00,7222654.00
24/10/2023,24/10/2023,CHQ NO 709920 CLEARING,TXN0260446,79.00,,7222575.00
24/10/2023,24/10/2023,CASH DEPOSIT/BRANCH COUNTER/HITEC CITY HYDERABAD,TXN0260447,,24000.00,7246575.00
24/10/2023,25/10/2023,CHQ NO 653000 CLEARING,TXN0260448,120.00,,7246455.00
24/10/2023,24/10/2023,NEFT/64449668/AYESHA KHAN/SBIN0684317/96183089285970,TXN0260449,1250.00,,7245205.00
24/10/2023,24/10/2023,CASH DEPOSIT/BRANCH COUNTER/HITEC CITY HYDERABAD,TXN0260450,,1200.00,7246405.00
24/10/2023,24/10/2023,CHQ NO 863653 CLEARING,TXN0260451,1250.00,,7245155.00
24/10/2023,25/10/2023,NEFT/809690198247/ADITYA KUMAR/SBIN0684317/86106182941311,TXN0260452,,1200.00,7246355.00
24/10/2023,25/10/2023,ATM/WDL/09723602/SBI ATM JAYANAGAR BLR,TXN0260453,1250.00,,7245105.00
24/10/2023,25/10/2023,UPI/CR/67581442/RANJIT SINGH/SBIN0684317/ranjit940@okhdfc,TXN0260454,,32000.00,7277105.00
25/10/2023,25/10/2023,NEFT/9561132930/ARJUN MEHTA/SBIN0684317/16596614624489,TXN0260455,,1200.00,7278305.00
25/10/2023,25/10/2023,UPI/CR/210085661298/RAMESH PILLAI/SBIN0684317/ramesh370@okaxis,TXN0260456,,24000.00,7302305.00
26/10/2023,26/10/2023,NEFT/288773342057/MEERA PILLAI/SBIN0684317/61987802885824,TXN0260457,310.00,,7301995.00
26/10/2023,27/10/2023,UPI/DR/7962805374/DEEPA NAIR/SBIN0684317/deepa59@paytm,TXN0260458,120.00,,7301875.00
26/10/2023,26/10/2023,IMPS/P2P/9418379141/GANESH KUMAR/9585740114,TXN0260459,,7600.00,7309475.00
26/10/2023,27/10/2023,UPI/DR/9463271924/BABU LAL/SBIN0684317/babu261@ybl,TXN0260460,5200.00,,7304275.00
26/10/2023,27/10/2023,UPI/DR/95829822/NILESH KULKARNI/SBIN0684317/nilesh79@okhdfc,TXN0260461,3499.00,,7300776.00
26/10/2023,26/10/2023,UPI/DR/2855299079/GANESH KUMAR/SBIN0684317/ganesh626@oksbi,TXN0260462,1680.00,,7299096.00
27/10/2023,27/10/2023,UPI/DR/31815480/KIRAN REDDY/SBIN0684317/kiran570@paytm,TXN0260463,120.00,,7298976.00
27/10/2023,27/10/2023,NEFT/51769769/SUNITA DEVI/SBIN0684317/68176217708279,TXN0260464,1680.00,,7297296.00
27/10/2023,28/10/2023,ATM/WDL/2279847078/SBI ATM JAYANAGAR BLR,TXN0260465,3499.00,,7293797.00
27/10/2023,28/10/2023,ATM/WDL/94182114/CANARA ATM MYSURU,TXN0260466,1680.00,,7292117.00
27/10/2023,27/10/2023,UPI/DR/0049679806/RANJIT SINGH/SBIN0684317/ranjit497@okhdfc,TXN0260467,1680.00,,7290437.00
27/10/2023,27/10/2023,UPI/DR/6239282391/AYESHA KHAN/SBIN0684317/ayesha38@oksbi,TXN0260468,449.00,,7289988.00
28/10/2023,28/10/2023,UPI/DR/9672019815/NADIA HUSSAIN/SBIN0684317/nadia486@ybl,TXN0260469,5200.00,,7284788.00
28/10/2023,29/10/2023,UPI/DR/031194006307/ARUN SHARMA/SBIN0684317/arun43@ybl,TXN0260470,850.00,,7283938.00
28/10/2023,28/10/2023,CHQ NO 097094 CLEARING,TXN0260471,120.00,,7283818.00
28/10/2023,29/10/2023,UPI/DR/610104127614/LALITHA DEVI/SBIN0684317/lalitha172@okhdfc,TXN0260472,49.00,,7283769.00
28/10/2023,28/10/2023,CASH DEPOSIT/BRANCH COUNTER/HITEC CITY HYDERABAD,TXN0260473,,1200.00,7284969.00
28/10/2023,28/10/2023,NEFT/47165979/KAVERI MENON/SBIN0684317/34927224192674,TXN0260474,,24000.00,7308969.00
29/10/2023,29/10/2023,UPI/CR/5843012687/BABU LAL/SBIN0684317/babu275@okhdfc,TXN0260475,,7600.00,7316569.00
29/10/2023,29/10/2023,IMPS/P2P/361693757404/PREETHI IYER/9650052362,TXN0260476,,7600.00,7324169.00
29/10/2023,29/10/2023,ATM/WDL/111292644957/HDFC ATM KORAMANGALA,TXN0260477,5200.00,,7318969.00
29/10/2023,29/10/2023,NEFT/21676478/SURESH BABU/SBIN0684317/36656983037067,TXN0260478,,1200.00,7320169.00
29/10/2023,30/10/2023,CASH DEPOSIT/BRANCH COUNTER/HITEC CITY HYDERABAD,TXN0260479,,500.00,7320669.00
29/10/2023,29/10/2023,ATM/WDL/124196308052/HDFC ATM KORAMANGALA,TXN0260480,79.00,,7320590.00
30/10/2023,31/10/2023,NEFT/511898610937/KAVYA REDDY/SBIN0684317/38161700428347,TXN0260481,,850.00,7321440.00
30/10/2023,30/10/2023,ATM/WDL/77928609/CANARA ATM MYSURU,TXN0260482,3499.00,,7317941.00
30/10/2023,31/10/2023,UPI/DR/54235290/ANAND KUMAR/SBIN0684317/anand667@oksbi,TXN0260483,999.00,,7316942.00
30/10/2023,30/10/2023,NEFT/497297277628/DEEPA NAIR/SBIN0684317/47759447010660,TXN0260484,,850.00,7317792.00
31/10/2023,01/11/2023,CHQ NO 601876 CLEARING,TXN0260485,449.00,,7317343.00
31/10/2023,31/10/2023,IMPS/P2P/3389348903/USHA RANI/8427768311,TXN0260486,,500.00,7317843.00
31/10/2023,31/10/2023,UPI/CR/8067313469/HARISH MENON/SBIN0684317/harish706@ybl,TXN0260487,,32000.00,7349843.00
01/11/2023,01/11/2023,CHQ NO 398097 CLEARING,TXN0260488,2380.00,,7347463.00
01/11/2023,01/11/2023,NEFT/3836618580/KAVYA REDDY/SBIN0684317/38183323195467,TXN0260489,1680.00,,7345783.00
02/11/2023,02/11/2023,UPI/DR/32507994/FARHAN KHAN/SBIN0684317/farhan404@paytm,TXN0260490,310.00,,7345473.00
02/11/2023,03/11/2023,NEFT/2945218825/BABU LAL/SBIN0684317/92514801380284,TXN0260491,5200.00,,7340273.00
02/11/2023,02/11/2023,UPI/DR/2465200662/NADIA HUSSAIN/SBIN0684317/nadia60@okaxis,TXN0260492,1250.00,,7339023.00
02/11/2023,02/11/2023,CASH DEPOSIT/BRANCH COUNTER/HITEC CITY HYDERABAD,TXN0260493,,32000.00,7371023.00
02/11/2023,02/11/2023,CASH DEPOSIT/BRANCH COUNTER/HITEC CITY HYDERABAD,TXN0260494,,32000.00,7403023.00
03/11/2023,03/11/2023,CHQ NO 910049 CLEARING,TXN0260495,2380.00,,7400643.00
04/11/2023,05/11/2023,NEFT/98024879/RANJIT SINGH/SBIN0684317/37886848717576,TXN0260496,49.00,,7400594.00
04/11/2023,04/11/2023,CHQ NO 664017 CLEARING,TXN0260497,310.00,,7400284.00
04/11/2023,04/11/2023,IMPS/P2P/248587997102/RESHMA KHAN/8939021044,TXN0260498,,11200.00,7411484.00
04/11/2023,05/11/2023,CASH DEPOSIT/BRANCH COUNTER/HITEC CITY HYDERABAD,TXN0260499,,850.00,7412334.00
04/11/2023,05/11/2023,NEFT/109545336889/RAHUL SINGH/SBIN0684317/07479503002677,TXN0260500,310.00,,7412024.00
04/11/2023,05/11/2023,IMPS/P2P/83087249/NILESH KULKARNI/7753082206,TXN0260501,,850.00,7412874.00
05/11/2023,05/11/2023,UPI/DR/048463514002/AYESHA KHAN/SBIN0684317/ayesha48@oksbi,TXN0260502,79.00,,7412795.00
05/11/2023,05/11/2023,IMPS/P2P/571501976734/CHANDAN SHARMA/7723692778,TXN0260503,,32000.00,7444795.00
05/11/2023,05/11/2023,UPI/DR/76590352/PADMA RAO/SBIN0684317/padma781@okaxis,TXN0260504,49.00,,7444746.00
05/11/2023,06/11/2023,CASH DEPOSIT/BRANCH COUNTER/HITEC CITY HYDERABAD,TXN0260505,,1200.00,7445946.00
06/11/2023,06/11/2023,UPI/DR/709679152737/FATIMA SHEIKH/SBIN0684317/fatima810@ybl,TXN0260506,850.00,,7445096.00
06/11/2023,07/11/2023,ATM/WDL/8720337659/SBI ATM JAYANAGAR BLR,TXN0260507,3499.00,,7441597.00
07/11/2023,07/11/2023,ATM/WDL/70661025/SBI ATM JAYANAGAR BLR,TXN0260508,999.00,,7440598.00
07/11/2023,08/11/2023,NEFT/2435650883/SMITHA PILLAI/SBIN0684317/08993244905693,TXN0260509,7800.00,,7432798.00
08/11/2023,08/11/2023,UPI/DR/3561291253/GOPAL VERMA/SBIN0684317/gopal757@ybl,TXN0260510,49.00,,7432749.00
08/11/2023,09/11/2023,UPI/DR/803385358053/GOPAL VERMA/SBIN0684317/gopal88@okhdfc,TXN0260511,249.00,,7432500.00
08/11/2023,08/11/2023,UPI/CR/615737539362/SUNIL YADAV/SBIN0684317/sunil162@okhdfc,TXN0260512,,1200.00,7433700.00
08/11/2023,09/11/2023,UPI/CR/097211080840/LALITHA DEVI/SBIN0684317/lalitha235@ybl,TXN0260513,,1200.00,7434900.00
09/11/2023,10/11/2023,IMPS/P2P/48926218/FATIMA SHEIKH/8351501670,TXN0260514,,850.00,7435750.00
10/11/2023,10/11/2023,NEFT/41134193/RAJESH VERMA/SBIN0684317/38917533387726,TXN0260515,,11200.00,7446950.00
10/11/2023,10/11/2023,UPI/DR/23041095/SAVITHA DEVI/SBIN0684317/savitha518@paytm,TXN0260516,120.00,,7446830.00
10/11/2023,10/11/2023,UPI/DR/762343909516/SANJANA HEGDE/SBIN0684317/sanjana795@ybl,TXN0260517,49.00,,7446781.00
10/11/2023,10/11/2023,UPI/DR/1434841359/RAVI KUMAR SHARMA/SBIN0684317/ravi750@okaxis,TXN0260518,310.00,,7446471.00
11/11/2023,11/11/2023,CASH DEPOSIT/BRANCH COUNTER/HITEC CITY HYDERABAD,TXN0260519,,32000.00,7478471.00
11/11/2023,12/11/2023,NEFT/8467136159/RAMESH GOWDA/SBIN0684317/65749366152300,TXN0260520,,500.00,7478971.00
11/11/2023,12/11/2023,UPI/DR/132392245071/USHA RANI/SBIN0684317/usha827@ybl,TXN0260521,999.00,,7477972.00
11/11/2023,11/11/2023,UPI/DR/408225639204/TARA SINGH/SBIN0684317/tara855@okhdfc,TXN0260522,1250.00,,7476722.00
11/11/2023,12/11/2023,NEFT/0573272213/NILESH KULKARNI/SBIN0684317/10323815332626,TXN0260523,,7600.00,7484322.00
12/11/2023,12/11/2023,UPI/DR/2830104546/ARJUN MEHTA/SBIN0684317/arjun775@oksbi,TXN0260524,7800.00,,7476522.00
12/11/2023,12/11/2023,UPI/DR/89595855/NILESH KULKARNI/SBIN0684317/nilesh332@paytm,TXN0260525,699.00,,7475823.00
12/11/2023,13/11/2023,ATM/WDL/862736179446/SBI ATM JAYANAGAR BLR,TXN0260526,7800.00,,7468023.00
12/11/2023,13/11/2023,NEFT/68212659/SHEELA DEVI/SBIN0684317/05569727283293,TXN0260527,,4800.00,7472823.00
12/11/2023,12/11/2023,UPI/DR/652489516946/RAVI KUMAR SHARMA/SBIN0684317/ravi423@okhdfc,TXN0260528,249.00,,7472574.00
12/11/2023,13/11/2023,UPI/DR/4387669360/ARUN SHARMA/SBIN0684317/arun648@oksbi,TXN0260529,699.00,,7471875.00
12/11/2023,12/11/2023,UPI/DR/16978273/FARHAN KHAN/SBIN0684317/farhan462@oksbi,TXN0260530,850.00,,7471025.00
13/11/2023,13/11/2023,IMPS/P2P/450755000708/NILESH KULKARNI/9901668429,TXN0260531,,2500.00,7473525.00
13/11/2023,13/11/2023,UPI/DR/312255428508/KAVERI MENON/SBIN0684317/kaveri675@paytm,TXN0260532,999.00,,7472526.00
13/11/2023,13/11/2023,UPI/DR/11124292/SANTOSH KUMAR/SBIN0684317/santosh159@okhdfc,TXN0260533,310.00,,7472216.00
14/11/2023,15/11/2023,UPI/DR/64541510/SNEHA PATIL/SBIN0684317/sneha474@ybl,TXN0260534,1680.00,,7470536.00
14/11/2023,14/11/2023,CASH DEPOSIT/BRANCH COUNTER/HITEC CITY HYDERABAD,TXN0260535,,24000.00,7494536.00
15/11/2023,15/11/2023,IMPS/P2P/5229951431/SMITHA PILLAI/9426591839,TXN0260536,,11200.00,7505736.00
15/11/2023,15/11/2023,CHQ NO 366413 CLEARING,TXN0260537,49.00,,7505687.00
15/11/2023,16/11/2023,CASH DEPOSIT/BRANCH COUNTER/HITEC CITY HYDERABAD,TXN0260538,,7600.00,7513287.00
15/11/2023,15/11/2023,CHQ NO 634921 CLEARING,TXN0260539,120.00,,7513167.00
15/11/2023,15/11/2023,UPI/CR/880521935382/ANAND KUMAR/SBIN0684317/anand377@ybl,TXN0260540,,7600.00,7520767.00
15/11/2023,15/11/2023,UPI/CR/54340067/KAVITHA RAO/SBIN0684317/kavitha227@ybl,TXN0260541,,7600.00,7528367.00
15/11/2023,16/11/2023,UPI/DR/5851367125/VINAY PATIL/SBIN0684317/vinay646@paytm,TXN0260542,7800.00,,7520567.00
15/11/2023,15/11/2023,UPI/DR/7588874843/RAHUL SINGH/SBIN0684317/rahul390@ybl,TXN0260543,1680.00,,7518887.00
16/11/2023,16/11/2023,NEFT/1282904763/IMRAN KHAN/SBIN0684317/78334936296027,TXN0260544,3499.00,,7515388.00
16/11/2023,17/11/2023,NEFT/65930482/ARUN SHARMA/SBIN0684317/74604810541216,TXN0260545,,850.00,7516238.00
16/11/2023,17/11/2023,NEFT/79850907/SHEELA DEVI/SBIN0684317/46079376696606,TXN0260546,850.00,,7515388.00
16/11/2023,16/11/2023,UPI/DR/7290607847/MALLIKA DAS/SBIN0684317/mallika980@okaxis,TXN0260547,850.00,,7514538.00
16/11/2023,16/11/2023,CHQ NO 677188 CLEARING,TXN0260548,7800.00,,7506738.00
16/11/2023,16/11/2023,ATM/WDL/01662478/CANARA ATM MYSURU,TXN0260549,249.00,,7506489.00
16/11/2023,16/11/2023,NEFT/532241933263/NAVEEN KUMAR/SBIN0684317/84528389787467,TXN0260550,,24000.00,7530489.00
17/11/2023,17/11/2023,UPI/DR/632123571552/BINDHU NAIR/SBIN0684317/bindhu393@paytm,TXN0260551,120.00,,7530369.00
17/11/2023,18/11/2023,CHQ NO 726249 CLEARING,TXN0260552,449.00,,7529920.00
17/11/2023,17/11/2023,UPI/DR/970737632812/TANVI RAO/SBIN0684317/tanvi735@okhdfc,TXN0260553,1680.00,,7528240.00
17/11/2023,18/11/2023,CASH DEPOSIT/BRANCH COUNTER/HITEC CITY HYDERABAD,TXN0260554,,500.00,7528740.00
17/11/2023,18/11/2023,UPI/DR/55001531/PREETHI IYER/SBIN0684317/preethi135@paytm,TXN0260555,449.00,,7528291.00
17/11/2023,17/11/2023,UPI/DR/91664010/KAVITHA RAO/SBIN0684317/kavitha794@paytm,TXN0260556,999.00,,7527292.00
18/11/2023,18/11/2023,NEFT/64483520/ARJUN MEHTA/SBIN0684317/39311061522078,TXN0260557,,24000.00,7551292.00
19/11/2023,20/11/2023,CASH DEPOSIT/BRANCH COUNTER/HITEC CITY HYDERABAD,TXN0260558,,7600.00,7558892.00
19/11/2023,19/11/2023,CHQ NO 637803 CLEARING,TXN0260559,699.00,,7558193.00
19/11/2023,19/11/2023,UPI/DR/4437099578/ANAND KUMAR/SBIN0684317/anand983@oksbi,TXN0260560,850.00,,7557343.00
19/11/2023,19/11/2023,UPI/DR/5166636238/BINDHU NAIR/SBIN0684317/bindhu156@okaxis,TXN0260561,2380.00,,7554963.00
19/11/2023,20/11/2023,NEFT/0106860780/REKHA PILLAI/SBIN0684317/49359821316332,TXN0260562,,7600.00,7562563.00
19/11/2023,19/11/2023,UPI/DR/877446418254/POOJA SHARMA/SBIN0684317/pooja280@paytm,TXN0260563,1250.00,,7561313.00
19/11/2023,19/11/2023,UPI/DR/235058944463/SHAHID KHAN/SBIN0684317/shahid293@oksbi,TXN0260564,1250.00,,7560063.00
19/11/2023,19/11/2023,ATM/WDL/856891332225/SBI ATM JAYANAGAR BLR,TXN0260565,850.00,,7559213.00
19/11/2023,19/11/2023,UPI/DR/4106192714/ANAND KUMAR/SBIN0684317/anand157@okaxis,TXN0260566,49.00,,7559164.00
20/11/2023,20/11/2023,ATM/WDL/0309859666/HDFC ATM KORAMANGALA,TXN0260567,7800.00,,7551364.00
20/11/2023,20/11/2023,UPI/CR/845482580504/MOHAN DAS/SBIN0684317/mohan549@okaxis,TXN0260568,,850.00,7552214.00
20/11/2023,20/11/2023,UPI/DR/524500014502/ANITHA KRISHNAN/SBIN0684317/anitha685@okaxis,TXN0260569,3499.00,,7548715.00
20/11/2023,20/11/2023,NEFT/74390348/KAVITHA RAO/SBIN0684317/06498340169256,TXN0260570,,18500.00,7567215.00
20/11/2023,20/11/2023,UPI/DR/171503986414/FARHAN KHAN/SBIN0684317/farhan968@okhdfc,TXN0260571,1680.00,,7565535.00
21/11/2023,21/11/2023,ATM/WDL/235370248887/SBI ATM JAYANAGAR BLR,TXN0260572,7800.00,,7557735.00
21/11/2023,21/11/2023,CASH DEPOSIT/BRANCH COUNTER/HITEC CITY HYDERABAD,TXN0260573,,24000.00,7581735.00
21/11/2023,21/11/2023,IMPS/P2P/15346264/NILESH KULKARNI/7402279797,TXN0260574,,18500.00,7600235.00
21/11/2023,21/11/2023,UPI/DR/3739320278/ROHIT SHARMA/SBIN0684317/rohit659@okaxis,TXN0260575,2380.00,,7597855.00
21/11/2023,21/11/2023,ATM/WDL/6022246586/HDFC ATM KORAMANGALA,TXN0260576,1250.00,,7596605.00
22/11/2023,22/11/2023,CASH DEPOSIT/BRANCH COUNTER/HITEC CITY HYDERABAD,TXN0260577,,2500.00,7599105.00
22/11/2023,23/11/2023,NEFT/510634090184/RANJIT SINGH/SBIN0684317/86197848988370,TXN0260578,3499.00,,7595606.00
23/11/2023,23/11/2023,ATM/WDL/592974367704/CANARA ATM MYSURU,TXN0260579,5200.00,,7590406.00
23/11/2023,23/11/2023,IMPS/P2P/67225549/ARCHANA PILLAI/9774047983,TXN0260580,,32000.00,7622406.00
23/11/2023,23/11/2023,UPI/DR/64608031/SAVITHA DEVI/SBIN0684317/savitha186@paytm,TXN0260581,1680.00,,7620726.00
23/11/2023,23/11/2023,IMPS/P2P/515155764249/LALITHA DEVI/9922016028,TXN0260582,,2500.00,7623226.00
23/11/2023,23/11/2023,NEFT/9395012827/DEEPA NAIR/SBIN0684317/87304644422084,TXN0260583,999.00,,7622227.00
23/11/2023,23/11/2023,ATM/WDL/597449818320/CANARA ATM MYSURU,TXN0260584,310.00,,7621917.00
24/11/2023,24/11/2023,IMPS/P2P/0909473618/SANJANA HEGDE/9908029202,TXN0260585,,4800.00,7626717.00
24/11/2023,24/11/2023,NEFT/20038651/BABU LAL/SBIN0684317/45193890535961,TXN0260586,850.00,,7625867.00
24/11/2023,25/11/2023,IMPS/P2P/494117277584/GOPAL VERMA/7184775197,TXN0260587,,24000.00,7649867.00
25/11/2023,25/11/2023,UPI/DR/45810943/SURESH BABU/SBIN0684317/suresh19@okaxis,TXN0260588,49.00,,7649818.00
25/11/2023,25/11/2023,IMPS/P2P/94000671/SUNITA DEVI/8976203370,TXN0260589,,850.00,7650668.00
25/11/2023,25/11/2023,NEFT/7537281732/MEERA PILLAI/SBIN0684317/55421439473967,TXN0260590,1250.00,,7649418.00
25/11/2023,25/11/2023,ATM/WDL/064591402754/SBI ATM JAYANAGAR BLR,TXN0260591,999.00,,7648419.00
25/11/2023,25/11/2023,UPI/DR/183749752744/BABU LAL/SBIN0684317/babu208@okhdfc,TXN0260592,7800.00,,7640619.00
25/11/2023,25/11/2023,IMPS/P2P/400763182402/DIVYA MENON/9770456804,TXN0260593,,850.00,7641469.00
25/11/2023,26/11/2023,IMPS/P2P/70685544/VINAY PATIL/7716455464,TXN0260594,,18500.00,7659969.00
26/11/2023,26/11/2023,CASH DEPOSIT/BRANCH COUNTER/HITEC CITY HYDERABAD,TXN0260595,,11200.00,7671169.00
26/11/2023,26/11/2023,CASH DEPOSIT/BRANCH COUNTER/HITEC CITY HYDERABAD,TXN0260596,,24000.00,7695169.00
26/11/2023,26/11/2023,CASH DEPOSIT/BRANCH COUNTER/HITEC CITY HYDERABAD,TXN0260597,,11200.00,7706369.00
26/11/2023,26/11/2023,NEFT/0678743767/SHAHID KHAN/SBIN0684317/06600266455429,TXN0260598,,24000.00,7730369.00
26/11/2023,26/11/2023,NEFT/9280492818/BINDHU NAIR/SBIN0684317/85348661085817,TXN0260599,,2500.00,7732869.00
26/11/2023,27/11/2023,NEFT/4125374933/RAJESH VERMA/SBIN0684317/81540745821579,TXN0260600,,850.00,7733719.00
27/11/2023,27/11/2023,NEFT/7582093945/DIVYA MENON/SBIN0684317/72156455687327,TXN0260601,,32000.00,7765719.00
27/11/2023,27/11/2023,UPI/CR/696807183911/IMRAN KHAN/SBIN0684317/imran363@okaxis,TXN0260602,,2500.00,7768219.00
27/11/2023,27/11/2023,ATM/WDL/583315087354/CANARA ATM MYSURU,TXN0260603,79.00,,7768140.00
27/11/2023,27/11/2023,UPI/CR/626960211159/DEEPA NAIR/SBIN0684317/deepa221@oksbi,TXN0260604,,2500.00,7770640.00
27/11/2023,28/11/2023,UPI/CR/1465381508/ARJUN MEHTA/SBIN0684317/arjun575@ybl,TXN0260605,,18500.00,7789140.00
27/11/2023,28/11/2023,CASH DEPOSIT/BRANCH COUNTER/HITEC CITY HYDERABAD,TXN0260606,,500.00,7789640.00
28/11/2023,28/11/2023,CASH DEPOSIT/BRANCH COUNTER/HITEC CITY HYDERABAD,TXN0260607,,24000.00,7813640.00
28/11/2023,29/11/2023,UPI/DR/08648615/SUSHMA RAO/SBIN0684317/sushma24@okaxis,TXN0260608,249.00,,7813391.00
28/11/2023,28/11/2023,UPI/DR/8672611367/NILESH KULKARNI/SBIN0684317/nilesh342@okaxis,TXN0260609,7800.00,,7805591.00
28/11/2023,28/11/2023,CHQ NO 561948 CLEARING,TXN0260610,310.00,,7805281.00
28/11/2023,28/11/2023,CASH DEPOSIT/BRANCH COUNTER/HITEC CITY HYDERABAD,TXN0260611,,850.00,7806131.00
28/11/2023,28/11/2023,CASH DEPOSIT/BRANCH COUNTER/HITEC CITY HYDERABAD,TXN0260612,,24000.00,7830131.00
29/11/2023,30/11/2023,CASH DEPOSIT/BRANCH COUNTER/HITEC CITY HYDERABAD,TXN0260613,,4800.00,7834931.00
29/11/2023,30/11/2023,UPI/CR/90786202/CHANDAN SHARMA/SBIN0684317/chandan43@okhdfc,TXN0260614,,2500.00,7837431.00
29/11/2023,30/11/2023,UPI/DR/750700902608/REKHA PILLAI/SBIN0684317/rekha176@okhdfc,TXN0260615,2380.00,,7835051.00
29/11/2023,29/11/2023,ATM/WDL/91305726/CANARA ATM MYSURU,TXN0260616,49.00,,7835002.00
29/11/2023,29/11/2023,UPI/DR/2767437189/DEEPAK JOSHI/SBIN0684317/deepak345@paytm,TXN0260617,7800.00,,7827202.00
29/11/2023,29/11/2023,UPI/DR/845497599975/MOHAN DAS/SBIN0684317/mohan396@oksbi,TXN0260618,49.00,,7827153.00
29/11/2023,29/11/2023,NEFT/38044084/PRAKASH RAO/SBIN0684317/37774206911965,TXN0260619,699.00,,7826454.00
29/11/2023,29/11/2023,UPI/CR/06843440/SNEHA PATIL/SBIN0684317/sneha852@okhdfc,TXN0260620,,2500.00,7828954.00
30/11/2023,30/11/2023,ATM/WDL/68333120/CANARA ATM MYSURU,TXN0260621,310.00,,7828644.00
30/11/2023,30/11/2023,IMPS/P2P/36207265/NAVEEN KUMAR/7843674830,TXN0260622,,4800.00,7833444.00
30/11/2023,30/11/2023,NEFT/81688327/DEEPA NAIR/SBIN0684317/75691520054660,TXN0260623,,7600.00,7841044.00
30/11/2023,30/11/2023,UPI/DR/0109795166/BABU LAL/SBIN0684317/babu499@ybl,TXN0260624,2380.00,,7838664.00
30/11/2023,30/11/2023,NEFT/73935512/BABU LAL/SBIN0684317/80076775176587,TXN0260625,5200.00,,7833464.00
01/12/2023,01/12/2023,UPI/DR/4095949373/ARCHANA PILLAI/SBIN0684317/archana970@okhdfc,TXN0260626,699.00,,7832765.00
01/12/2023,01/12/2023,NEFT/2995511734/PREETHI IYER/SBIN0684317/89703801569561,TXN0260627,,4800.00,7837565.00
01/12/2023,02/12/2023,IMPS/P2P/88921654/NIKHIL GUPTA/9280536525,TXN0260628,,24000.00,7861565.00
01/12/2023,02/12/2023,UPI/CR/56206184/HARISH MENON/SBIN0684317/harish152@okaxis,TXN0260629,,4800.00,7866365.00
01/12/2023,01/12/2023,NEFT/2846145924/HARISH MENON/SBIN0684317/90732915045085,TXN0260630,,2500.00,7868865.00
01/12/2023,01/12/2023,NEFT/168609318089/ADITYA KUMAR/SBIN0684317/98250840162139,TXN0260631,,1200.00,7870065.00
02/12/2023,03/12/2023,CHQ NO 509258 CLEARING,TXN0260632,120.00,,7869945.00
02/12/2023,02/12/2023,CHQ NO 730970 CLEARING,TXN0260633,1250.00,,7868695.00
02/12/2023,02/12/2023,ATM/WDL/9598677810/HDFC ATM KORAMANGALA,TXN0260634,7800.00,,7860895.00
02/12/2023,03/12/2023,UPI/CR/8928487099/IMRAN KHAN/SBIN0684317/imran77@okaxis,TXN0260635,,4800.00,7865695.00
02/12/2023,02/12/2023,UPI/DR/31920112/SANJANA HEGDE/SBIN0684317/sanjana102@okhdfc,TXN0260636,249.00,,7865446.00
03/12/2023,03/12/2023,UPI/DR/792944965901/SUNITA DEVI/SBIN0684317/sunita125@paytm,TXN0260637,999.00,,7864447.00
03/12/2023,04/12/2023,UPI/DR/829266258644/MOHAN DAS/SBIN0684317/mohan122@oksbi,TXN0260638,249.00,,7864198.00
03/12/2023,04/12/2023,UPI/CR/904141592534/ARCHANA PILLAI/SBIN0684317/archana170@paytm,TXN0260639,,24000.00,7888198.00
04/12/2023,05/12/2023,NEFT/155216904342/SANJANA HEGDE/SBIN0684317/48632368919189,TXN0260640,,500.00,7888698.00
04/12/2023,04/12/2023,CHQ NO 649989 CLEARING,TXN0260641,3499.00,,7885199.00
04/12/2023,04/12/2023,CASH DEPOSIT/BRANCH COUNTER/HITEC CITY HYDERABAD,TXN0260642,,1200.00,7886399.00
04/12/2023,04/12/2023,UPI/DR/754001583940/ANITHA KRISHNAN/SBIN0684317/anitha101@ybl,TXN0260643,249.00,,7886150.00
04/12/2023,04/12/2023,CASH DEPOSIT/BRANCH COUNTER/HITEC CITY HYDERABAD,TXN0260644,,850.00,7887000.00
04/12/2023,04/12/2023,CHQ NO 620307 CLEARING,TXN0260645,1250.00,,7885750.00
04/12/2023,04/12/2023,ATM/WDL/544765430692/CANARA ATM MYSURU,TXN0260646,850.00,,7884900.00
04/12/2023,04/12/2023,NEFT/10454857/DEEPAK JOSHI/SBIN0684317/03276046093562,TXN0260647,1250.00,,7883650.00
05/12/2023,06/12/2023,NEFT/4833294589/TANVI RAO/SBIN0684317/93685532719761,TXN0260648,120.00,,7883530.00
05/12/2023,06/12/2023,UPI/CR/257868378182/RAJENDRA PRASAD/SBIN0684317/rajendra865@ybl,TXN0260649,,7600.00,7891130.00
05/12/2023,06/12/2023,NEFT/68211929/SMITHA PILLAI/SBIN0684317/40610620858321,TXN0260650,1680.00,,7889450.00
05/12/2023,05/12/2023,NEFT/318023638577/LALITHA DEVI/SBIN0684317/00307658951966,TXN0260651,310.00,,7889140.00
05/12/2023,05/12/2023,NEFT/302990370723/KAVITHA RAO/SBIN0684317/71951593685203,TXN0260652,,500.00,7889640.00
05/12/2023,05/12/2023,CASH DEPOSIT/BRANCH COUNTER/HITEC CITY HYDERABAD,TXN0260653,,11200.00,7900840.00
05/12/2023,05/12/2023,IMPS/P2P/06944542/MEERA PILLAI/9751351349,TXN0260654,,1200.00,7902040.00
06/12/2023,06/12/2023,UPI/CR/004285008434/VINAY PATIL/SBIN0684317/vinay602@paytm,TXN0260655,,500.00,7902540.00
06/12/2023,06/12/2023,NEFT/352511677879/RAJESH VERMA/SBIN0684317/87196533600223,TXN0260656,,1200.00,7903740.00
06/12/2023,07/12/2023,ATM/WDL/0175458020/SBI ATM JAYANAGAR BLR,TXN0260657,999.00,,7902741.00
06/12/2023,07/12/2023,UPI/DR/4064353782/SNEHA PATIL/SBIN0684317/sneha316@oksbi,TXN0260658,310.00,,7902431.00
06/12/2023,06/12/2023,UPI/CR/63629719/LALITHA DEVI/SBIN0684317/lalitha713@paytm,TXN0260659,,500.00,7902931.00
06/12/2023,07/12/2023,NEFT/452885637561/NADIA HUSSAIN/SBIN0684317/04499591966588,TXN0260660,3499.00,,7899432.00
07/12/2023,07/12/2023,CHQ NO 209638 CLEARING,TXN0260661,249.00,,7899183.00
07/12/2023,07/12/2023,CHQ NO 392553 CLEARING,TXN0260662,699.00,,7898484.00
07/12/2023,07/12/2023,UPI/DR/340857480036/SUNITA DEVI/SBIN0684317/sunita198@okaxis,TXN0260663,449.00,,7898035.00
07/12/2023,08/12/2023,IMPS/P2P/9095247571/KAVERI MENON/9407717834,TXN0260664,,500.00,7898535.00
07/12/2023,07/12/2023,UPI/CR/61787538/PRIYA NAIR/SBIN0684317/priya247@paytm,TXN0260665,,24000.00,7922535.00
07/12/2023,08/12/2023,CHQ NO 817381 CLEARING,TXN0260666,79.00,,7922456.00
08/12/2023,08/12/2023,NEFT/4972936676/POOJA SHARMA/SBIN0684317/22431384520026,TXN0260667,49.00,,7922407.00
08/12/2023,09/12/2023,UPI/CR/00207740/PREETHI IYER/SBIN0684317/preethi763@ybl,TXN0260668,,32000.00,7954407.00
08/12/2023,08/12/2023,NEFT/673588397722/SNEHA PATIL/SBIN0684317/16848419890339,TXN0260669,,7600.00,7962007.00
08/12/2023,09/12/2023,NEFT/68351728/NILESH KULKARNI/SBIN0684317/65824671754553,TXN0260670,3499.00,,7958508.00
08/12/2023,08/12/2023,UPI/DR/1158643645/ARCHANA PILLAI/SBIN0684317/archana783@okhdfc,TXN0260671,2380.00,,7956128.00
09/12/2023,10/12/2023,UPI/DR/44407882/MEERA PILLAI/SBIN0684317/meera360@paytm,TXN0260672,850.00,,7955278.00
09/12/2023,09/12/2023,UPI/DR/234976810377/ARJUN MEHTA/SBIN0684317/arjun511@oksbi,TXN0260673,249.00,,7955029.00
09/12/2023,09/12/2023,UPI/DR/59244424/SMITHA PILLAI/SBIN0684317/smitha135@oksbi,TXN0260674,850.00,,7954179.00
09/12/2023,09/12/2023,NEFT/411103548027/SMITHA PILLAI/SBIN0684317/26504006624333,TXN0260675,,7600.00,7961779.00
10/12/2023,10/12/2023,UPI/DR/55545844/TANVI RAO/SBIN0684317/tanvi181@okaxis,TXN0260676,5200.00,,7956579.00
10/12/2023,10/12/2023,NEFT/27345805/TARA SINGH/SBIN0684317/56796423802619,TXN0260677,,11200.00,7967779.00
10/12/2023,10/12/2023,UPI/DR/196358980844/NILESH KULKARNI/SBIN0684317/nilesh30@paytm,TXN0260678,7800.00,,7959979.00
10/12/2023,11/12/2023,CHQ NO 138311 CLEARING,TXN0260679,3499.00,,7956480.00
11/12/2023,11/12/2023,NEFT/1610457138/NIKHIL GUPTA/SBIN0684317/65583976082992,TXN0260680,,2500.00,7958980.00
11/12/2023,11/12/2023,NEFT/75244777/KARTHIK MENON/SBIN0684317/74068989300526,TXN0260681,,500.00,7959480.00
11/12/2023,11/12/2023,NEFT/04137886/NADIA HUSSAIN/SBIN0684317/44397420272921,TXN0260682,79.00,,7959401.00
11/12/2023,11/12/2023,IMPS/P2P/0881596550/TARA SINGH/8993290483,TXN0260683,,4800.00,7964201.00
11/12/2023,11/12/2023,UPI/CR/08307553/MALLIKA DAS/SBIN0684317/mallika558@oksbi,TXN0260684,,7600.00,7971801.00
12/12/2023,13/12/2023,IMPS/P2P/7269526056/LAKSHMI VENKAT/7653375355,TXN0260685,,1200.00,7973001.00
12/12/2023,12/12/2023,ATM/WDL/479578118957/CANARA ATM MYSURU,TXN0260686,120.00,,7972881.00
12/12/2023,12/12/2023,NEFT/59684851/PRIYA NAIR/SBIN0684317/23453973165195,TXN0260687,,24000.00,7996881.00
12/12/2023,12/12/2023,NEFT/16400387/GOPAL VERMA/SBIN0684317/44280421806702,TXN0260688,79.00,,7996802.00
12/12/2023,13/12/2023,NEFT/996804026889/RANJIT SINGH/SBIN0684317/60611973545041,TXN0260689,120.00,,7996682.00
12/12/2023,12/12/2023,CASH DEPOSIT/BRANCH COUNTER/HITEC CITY HYDERABAD,TXN0260690,,850.00,7997532.00
12/12/2023,13/12/2023,UPI/DR/82954967/ANAND KUMAR/SBIN0684317/anand240@okaxis,TXN0260691,449.00,,7997083.00
12/12/2023,12/12/2023,CASH DEPOSIT/BRANCH COUNTER/HITEC CITY HYDERABAD,TXN0260692,,32000.00,8029083.00
13/12/2023,13/12/2023,NEFT/647528348066/VINAY PATIL/SBIN0684317/51715867297257,TXN0260693,5200.00,,8023883.00
13/12/2023,13/12/2023,UPI/DR/7255729873/SUSHMA RAO/SBIN0684317/sushma419@okaxis,TXN0260694,5200.00,,8018683.00
13/12/2023,13/12/2023,CHQ NO 154949 CLEARING,TXN0260695,7800.00,,8010883.00
13/12/2023,13/12/2023,NEFT/8914903171/PADMA RAO/SBIN0684317/68709884295002,TXN0260696,999.00,,8009884.00
13/12/2023,14/12/2023,CASH DEPOSIT/BRANCH COUNTER/HITEC CITY HYDERABAD,TXN0260697,,4800.00,8014684.00
13/12/2023,13/12/2023,NEFT/9228972735/ANITHA KRISHNAN/SBIN0684317/11123127655261,TXN0260698,5200.00,,8009484.00
13/12/2023,13/12/2023,IMPS/P2P/07094840/LAKSHMI VENKAT/9978542772,TXN0260699,,4800.00,8014284.00
14/12/2023,14/12/2023,UPI/CR/6187687291/IMRAN KHAN/SBIN0684317/imran309@paytm,TXN0260700,,7600.00,8021884.00
14/12/2023,14/12/2023,UPI/DR/3952526560/KARTHIK MENON/SBIN0684317/karthik969@okhdfc,TXN0260701,699.00,,8021185.00
14/12/2023,14/12/2023,NEFT/87412311/SUSHMA RAO/SBIN0684317/22124304745946,TXN0260702,120.00,,8021065.00
14/12/2023,14/12/2023,UPI/DR/5069085679/RAMESH GOWDA/SBIN0684317/ramesh196@okaxis,TXN0260703,1250.00,,8019815.00
14/12/2023,15/12/2023,UPI/DR/6733569606/ARCHANA PILLAI/SBIN0684317/archana277@oksbi,TXN0260704,120.00,,8019695.00
15/12/2023,15/12/2023,CASH DEPOSIT/BRANCH COUNTER/HITEC CITY HYDERABAD,TXN0260705,,11200.00,8030895.00
15/12/2023,15/12/2023,UPI/DR/63744292/MEENA IYER/SBIN0684317/meena465@oksbi,TXN0260706,1250.00,,8029645.00
15/12/2023,15/12/2023,NEFT/825598413432/SUNITA DEVI/SBIN0684317/29812581419154,TXN0260707,,1200.00,8030845.00
15/12/2023,16/12/2023,ATM/WDL/88347863/SBI ATM JAYANAGAR BLR,TXN0260708,1250.00,,8029595.00
16/12/2023,17/12/2023,ATM/WDL/78070224/SBI ATM JAYANAGAR BLR,TXN0260709,699.00,,8028896.00
16/12/2023,17/12/2023,UPI/DR/88351430/SURESH BABU/SBIN0684317/suresh644@oksbi,TXN0260710,3499.00,,8025397.00
16/12/2023,16/12/2023,NEFT/2431700692/REKHA PILLAI/SBIN0684317/22622973816947,TXN0260711,,2500.00,8027897.00
16/12/2023,17/12/2023,UPI/DR/1713537804/SUNIL YADAV/SBIN0684317/sunil702@ybl,TXN0260712,7800.00,,8020097.00
17/12/2023,17/12/2023,NEFT/76557576/AYESHA KHAN/SBIN0684317/95573686839845,TXN0260713,,2500.00,8022597.00
17/12/2023,17/12/2023,UPI/CR/93161858/NAVEEN KUMAR/SBIN0684317/naveen245@ybl,TXN0260714,,32000.00,8054597.00
17/12/2023,17/12/2023,CHQ NO 975669 CLEARING,TXN0260715,79.00,,8054518.00
17/12/2023,17/12/2023,UPI/DR/045509564208/KAVITHA RAO/SBIN0684317/kavitha209@oksbi,TXN0260716,310.00,,8054208.00
17/12/2023,17/12/2023,CASH DEPOSIT/BRANCH COUNTER/HITEC CITY HYDERABAD,TXN0260717,,1200.00,8055408.00
17/12/2023,18/12/2023,CHQ NO 781566 CLEARING,TXN0260718,49.00,,8055359.00
18/12/2023,19/12/2023,CHQ NO 705629 CLEARING,TXN0260719,49.00,,8055310.00
18/12/2023,18/12/2023,ATM/WDL/52106913/HDFC ATM KORAMANGALA,TXN0260720,79.00,,8055231.00
18/12/2023,19/12/2023,CASH DEPOSIT/BRANCH COUNTER/HITEC CITY HYDERABAD,TXN0260721,,850.00,8056081.00
19/12/2023,20/12/2023,ATM/WDL/952797748576/SBI ATM JAYANAGAR BLR,TXN0260722,249.00,,8055832.00
19/12/2023,19/12/2023,CASH DEPOSIT/BRANCH COUNTER/HITEC CITY HYDERABAD,TXN0260723,,1200.00,8057032.00
19/12/2023,19/12/2023,CASH DEPOSIT/BRANCH COUNTER/HITEC CITY HYDERABAD,TXN0260724,,7600.00,8064632.00
19/12/2023,19/12/2023,NEFT/26273719/KIRAN REDDY/SBIN0684317/38317672033605,TXN0260725,699.00,,8063933.00
19/12/2023,19/12/2023,UPI/DR/65192732/RAVI KUMAR SHARMA/SBIN0684317/ravi875@paytm,TXN0260726,3499.00,,8060434.00
20/12/2023,21/12/2023,ATM/WDL/891045297103/CANARA ATM MYSURU,TXN0260727,1680.00,,8058754.00
20/12/2023,20/12/2023,ATM/WDL/02123594/SBI ATM JAYANAGAR BLR,TXN0260728,7800.00,,8050954.00
21/12/2023,21/12/2023,UPI/DR/0650163169/RAVI KUMAR SHARMA/SBIN0684317/ravi906@ybl,TXN0260729,310.00,,8050644.00
21/12/2023,21/12/2023,UPI/DR/4573538018/NADIA HUSSAIN/SBIN0684317/nadia748@okaxis,TXN0260730,249.00,,8050395.00
21/12/2023,21/12/2023,UPI/DR/398179187182/SUSHMA RAO/SBIN0684317/sushma560@okhdfc,TXN0260731,310.00,,8050085.00
21/12/2023,21/12/2023,CHQ NO 745616 CLEARING,TXN0260732,1250.00,,8048835.00
21/12/2023,21/12/2023,NEFT/19174997/KAVYA REDDY/SBIN0684317/23606831368709,TXN0260733,,1200.00,8050035.00
21/12/2023,22/12/2023,ATM/WDL/6380798513/SBI ATM JAYANAGAR BLR,TXN0260734,1250.00,,8048785.00
21/12/2023,21/12/2023,CASH DEPOSIT/BRANCH COUNTER/HITEC CITY HYDERABAD,TXN0260735,,11200.00,8059985.00
21/12/2023,22/12/2023,UPI/CR/7756028364/SUNITA DEVI/SBIN0684317/sunita459@paytm,TXN0260736,,500.00,8060485.00
22/12/2023,22/12/2023,UPI/CR/4186478594/SURESH NAIR/SBIN0684317/suresh710@ybl,TXN0260737,,7600.00,8068085.00
22/12/2023,22/12/2023,NEFT/352010235469/LATHA MURTHY/SBIN0684317/27075716703446,TXN0260738,3499.00,,8064586.00
22/12/2023,22/12/2023,IMPS/P2P/42457264/LALITHA DEVI/9368687279,TXN0260739,,32000.00,8096586.00
22/12/2023,22/12/2023,ATM/WDL/1226373704/SBI ATM JAYANAGAR BLR,TXN0260740,2380.00,,8094206.00
22/12/2023,23/12/2023,UPI/CR/163391921596/PREETHI IYER/SBIN0684317/preethi546@paytm,TXN0260741,,7600.00,8101806.00
22/12/2023,22/12/2023,UPI/DR/24748083/RANJIT SINGH/SBIN0684317/ranjit193@okhdfc,TXN0260742,79.00,,8101727.00
22/12/2023,22/12/2023,UPI/DR/8689761513/SHEELA DEVI/SBIN0684317/sheela717@paytm,TXN0260743,449.00,,8101278.00
23/12/2023,24/12/2023,NEFT/67385670/USHA RANI/SBIN0684317/26521468658875,TXN0260744,,18500.00,8119778.00
23/12/2023,23/12/2023,CHQ NO 094901 CLEARING,TXN0260745,2380.00,,8117398.00
23/12/2023,23/12/2023,UPI/DR/8763430443/FARHAN KHAN/SBIN0684317/farhan199@ybl,TXN0260746,7800.00,,8109598.00
24/12/2023,24/12/2023,ATM/WDL/36908417/CANARA ATM MYSURU,TXN0260747,249.00,,8109349.00
24/12/2023,24/12/2023,NEFT/5632303675/RAVI KUMAR SHARMA/SBIN0684317/74087883219097,TXN0260748,449.00,,8108900.00
24/12/2023,24/12/2023,UPI/DR/04535528/SANTOSH KUMAR/SBIN0684317/santosh416@okhdfc,TXN0260749,120.00,,8108780.00
24/12/2023,24/12/2023,NEFT/392973835638/SMITHA PILLAI/SBIN0684317/66328607937530,TXN0260750,,32000.00,8140780.00
24/12/2023,25/12/2023,UPI/CR/6094310044/PRAKASH RAO/SBIN0684317/prakash548@okhdfc,TXN0260751,,18500.00,8159280.00
24/12/2023,24/12/2023,UPI/DR/3386265851/ARUN SHARMA/SBIN0684317/arun79@paytm,TXN0260752,999.00,,8158281.00
24/12/2023,24/12/2023,UPI/DR/0818742229/BABU LAL/SBIN0684317/babu88@ybl,TXN0260753,49.00,,8158232.00
25/12/2023,26/12/2023,NEFT/335064459376/VENKAT RAO/SBIN0684317/61774259734118,TXN0260754,,4800.00,8163032.00
25/12/2023,25/12/2023,CHQ NO 718829 CLEARING,TXN0260755,79.00,,8162953.00
25/12/2023,25/12/2023,NEFT/336104614213/ARCHANA PILLAI/SBIN0684317/46998920316474,TXN0260756,249.00,,8162704.00
25/12/2023,25/12/2023,IMPS/P2P/37453055/RESHMA KHAN/8031204535,TXN0260757,,7600.00,8170304.00
25/12/2023,26/12/2023,CHQ NO 176349 CLEARING,TXN0260758,699.00,,8169605.00
25/12/2023,25/12/2023,UPI/CR/58341255/RAJENDRA PRASAD/SBIN0684317/rajendra314@okhdfc,TXN0260759,,2500.00,8172105.00
26/12/2023,26/12/2023,UPI/CR/47198498/ADITYA KUMAR/SBIN0684317/aditya793@oksbi,TXN0260760,,500.00,8172605.00
26/12/2023,26/12/2023,UPI/DR/81173259/IMRAN KHAN/SBIN0684317/imran997@oksbi,TXN0260761,850.00,,8171755.00
26/12/2023,27/12/2023,UPI/CR/344013501778/USHA RANI/SBIN0684317/usha707@okhdfc,TXN0260762,,24000.00,8195755.00
26/12/2023,26/12/2023,UPI/CR/59829934/ROHIT SHARMA/SBIN0684317/rohit87@ybl,TXN0260763,,18500.00,8214255.00
26/12/2023,26/12/2023,UPI/CR/241096833493/MEERA PILLAI/SBIN0684317/meera439@paytm,TXN0260764,,850.00,8215105.00
27/12/2023,27/12/2023,IMPS/P2P/495055570737/VINAY PATIL/7101574186,TXN0260765,,2500.00,8217605.00
27/12/2023,27/12/2023,ATM/WDL/08000532/SBI ATM JAYANAGAR BLR,TXN0260766,999.00,,8216606.00
27/12/2023,28/12/2023,UPI/DR/9142257012/GANESH KUMAR/SBIN0684317/ganesh479@okhdfc,TXN0260767,310.00,,8216296.00
27/12/2023,27/12/2023,CHQ NO 918513 CLEARING,TXN0260768,310.00,,8215986.00
27/12/2023,27/12/2023,UPI/CR/823814653347/RANJIT SINGH/SBIN0684317/ranjit719@okaxis,TXN0260769,,2500.00,8218486.00
28/12/2023,28/12/2023,UPI/DR/8359035955/LATHA MURTHY/SBIN0684317/latha920@paytm,TXN0260770,850.00,,8217636.00
28/12/2023,28/12/2023,IMPS/P2P/481458392719/CHANDAN SHARMA/8595977856,TXN0260771,,850.00,8218486.00
28/12/2023,28/12/2023,NEFT/02631157/LATHA MURTHY/SBIN0684317/71773265338421,TXN0260772,,7600.00,8226086.00
29/12/2023,29/12/2023,NEFT/7040260687/NADIA HUSSAIN/SBIN0684317/53213946700055,TXN0260773,,500.00,8226586.00
29/12/2023,29/12/2023,NEFT/704134882429/TANVI RAO/SBIN0684317/17521947263399,TXN0260774,,7600.00,8234186.00
29/12/2023,29/12/2023,NEFT/07528602/RAMESH GOWDA/SBIN0684317/53696946973324,TXN0260775,,7600.00,8241786.00
29/12/2023,29/12/2023,UPI/DR/8428040095/MEENA IYER/SBIN0684317/meena77@oksbi,TXN0260776,7800.00,,8233986.00
29/12/2023,29/12/2023,NEFT/70137135/ANAND KUMAR/SBIN0684317/07627235291223,TXN0260777,1680.00,,8232306.00
30/12/2023,30/12/2023,CHQ NO 737417 CLEARING,TXN0260778,249.00,,8232057.00
30/12/2023,30/12/2023,ATM/WDL/053305474371/HDFC ATM KORAMANGALA,TXN0260779,2380.00,,8229677.00
30/12/2023,30/12/2023,UPI/CR/780355699807/SHAHID KHAN/SBIN0684317/shahid210@ybl,TXN0260780,,24000.00,8253677.00
30/12/2023,30/12/2023,UPI/DR/647416153005/SNEHA PATIL/SBIN0684317/sneha229@okhdfc,TXN0260781,5200.00,,8248477.00
30/12/2023,30/12/2023,IMPS/P2P/14128910/VIKRAM NAIR/8246686577,TXN0260782,,850.00,8249327.00
30/12/2023,30/12/2023,UPI/DR/77882241/VENKAT RAO/SBIN0684317/venkat933@okaxis,TXN0260783,2380.00,,8246947.00
31/12/2023,01/01/2024,CASH DEPOSIT/BRANCH COUNTER/HITEC CITY HYDERABAD,TXN0260784,,7600.00,8254547.00
31/12/2023,01/01/2024,ATM/WDL/65719104/HDFC ATM KORAMANGALA,TXN0260785,1680.00,,8252867.00
31/12/2023,31/12/2023,CHQ NO 450092 CLEARING,TXN0260786,249.00,,8252618.00
31/12/2023,31/12/2023,IMPS/P2P/730180999120/SAVITHA DEVI/7743295631,TXN0260787,,2500.00,8255118.00
01/01/2024,02/01/2024,ATM/WDL/03003195/CANARA ATM MYSURU,TXN0260788,999.00,,8254119.00
01/01/2024,01/01/2024,ATM/WDL/75832917/CANARA ATM MYSURU,TXN0260789,7800.00,,8246319.00
01/01/2024,01/01/2024,NEFT/9737361744/GEETA DEVI/SBIN0684317/89887433917102,TXN0260790,,4800.00,8251119.00
01/01/2024,02/01/2024,ATM/WDL/08597712/CANARA ATM MYSURU,TXN0260791,79.00,,8251040.00
01/01/2024,01/01/2024,CASH DEPOSIT/BRANCH COUNTER/HITEC CITY HYDERABAD,TXN0260792,,4800.00,8255840.00
02/01/2024,02/01/2024,NEFT/97184710/SUNIL YADAV/SBIN0684317/41920710245844,TXN0260793,249.00,,8255591.00
02/01/2024,02/01/2024,UPI/CR/622951067788/SUNIL YADAV/SBIN0684317/sunil348@paytm,TXN0260794,,4800.00,8260391.00
02/01/2024,02/01/2024,NEFT/279676475634/HARISH MENON/SBIN0684317/82596619475536,TXN0260795,850.00,,8259541.00
02/01/2024,02/01/2024,CHQ NO 322112 CLEARING,TXN0260796,7800.00,,8251741.00
02/01/2024,02/01/2024,UPI/DR/780566421733/SUSHMA RAO/SBIN0684317/sushma39@okhdfc,TXN0260797,2380.00,,8249361.00
02/01/2024,02/01/2024,UPI/DR/1700583519/ANAND KUMAR/SBIN0684317/anand962@okaxis,TXN0260798,7800.00,,8241561.00
03/01/2024,03/01/2024,ATM/WDL/131122111936/CANARA ATM MYSURU,TXN0260799,310.00,,8241251.00
03/01/2024,03/01/2024,CHQ NO 286310 CLEARING,TXN0260800,120.00,,8241131.00
03/01/2024,04/01/2024,UPI/DR/26229887/GOPAL VERMA/SBIN0684317/gopal191@ybl,TXN0260801,1680.00,,8239451.00
03/01/2024,03/01/2024,UPI/DR/451994220526/PRAKASH RAO/SBIN0684317/prakash780@oksbi,TXN0260802,310.00,,8239141.00
03/01/2024,03/01/2024,UPI/CR/1948324496/RAHUL SINGH/SBIN0684317/rahul615@okhdfc,TXN0260803,,24000.00,8263141.00
04/01/2024,04/01/2024,NEFT/34255058/RESHMA KHAN/SBIN0684317/79002638766424,TXN0260804,,850.00,8263991.00
04/01/2024,04/01/2024,UPI/DR/85725025/SURESH NAIR/SBIN0684317/suresh526@okhdfc,TXN0260805,49.00,,8263942.00
04/01/2024,05/01/2024,CASH DEPOSIT/BRANCH COUNTER/HITEC CITY HYDERABAD,TXN0260806,,24000.00,8287942.00
04/01/2024,04/01/2024,IMPS/P2P/2378249768/BABU LAL/7766431168,TXN0260807,,18500.00,8306442.00
04/01/2024,04/01/2024,UPI/CR/213459828050/VENKAT RAO/SBIN0684317/venkat836@paytm,TXN0260808,,850.00,8307292.00
04/01/2024,05/01/2024,NEFT/712367736046/LAKSHMI VENKAT/SBIN0684317/98475471375603,TXN0260809,1680.00,,8305612.00
04/01/2024,04/01/2024,CHQ NO 362123 CLEARING,TXN0260810,49.00,,8305563.00
05/01/2024,05/01/2024,CASH DEPOSIT/BRANCH COUNTER/HITEC CITY HYDERABAD,TXN0260811,,500.00,8306063.00
05/01/2024,05/01/2024,UPI/CR/805991748362/MEENA IYER/SBIN0684317/meena55@oksbi,TXN0260812,,32000.00,8338063.00
05/01/2024,06/01/2024,ATM/WDL/39275094/SBI ATM JAYANAGAR BLR,TXN0260813,310.00,,8337753.00
05/01/2024,05/01/2024,UPI/DR/78527555/SUSHMA RAO/SBIN0684317/sushma630@oksbi,TXN0260814,49.00,,8337704.00
06/01/2024,06/01/2024,CASH DEPOSIT/BRANCH COUNTER/HITEC CITY HYDERABAD,TXN0260815,,18500.00,8356204.00
06/01/2024,06/01/2024,UPI/CR/394356862773/MEENA IYER/SBIN0684317/meena182@oksbi,TXN0260816,,850.00,8357054.00
06/01/2024,06/01/2024,ATM/WDL/920382497277/CANARA ATM MYSURU,TXN0260817,850.00,,8356204.00
06/01/2024,06/01/2024,NEFT/4325884014/MALLIKA DAS/SBIN0684317/88743939600009,TXN0260818,5200.00,,8351004.00
06/01/2024,06/01/2024,UPI/DR/69951062/MALLIKA DAS/SBIN0684317/mallika778@ybl,TXN0260819,7800.00,,8343204.00
06/01/2024,06/01/2024,ATM/WDL/472060449133/HDFC ATM KORAMANGALA,TXN0260820,3499.00,,8339705.00
06/01/2024,07/01/2024,UPI/DR/01369429/KAVYA REDDY/SBIN0684317/kavya32@okhdfc,TXN0260821,699.00,,8339006.00
06/01/2024,06/01/2024,UPI/CR/728052703083/KARTHIK MENON/SBIN0684317/karthik558@okhdfc,TXN0260822,,32000.00,8371006.00
07/01/2024,07/01/2024,UPI/DR/109810978039/BABU LAL/SBIN0684317/babu806@ybl,TXN0260823,1250.00,,8369756.00
07/01/2024,07/01/2024,UPI/DR/7350979207/SANJANA HEGDE/SBIN0684317/sanjana321@oksbi,TXN0260824,5200.00,,8364556.00
07/01/2024,07/01/2024,CASH DEPOSIT/BRANCH COUNTER/HITEC CITY HYDERABAD,TXN0260825,,32000.00,8396556.00
07/01/2024,07/01/2024,CASH DEPOSIT/BRANCH COUNTER/HITEC CITY HYDERABAD,TXN0260826,,32000.00,8428556.00
07/01/2024,07/01/2024,CHQ NO 997528 CLEARING,TXN0260827,249.00,,8428307.00
07/01/2024,07/01/2024,ATM/WDL/19627974/HDFC ATM KORAMANGALA,TXN0260828,3499.00,,8424808.00
07/01/2024,08/01/2024,UPI/DR/20004285/HARISH MENON/SBIN0684317/harish253@ybl,TXN0260829,3499.00,,8421309.00
08/01/2024,08/01/2024,UPI/DR/608449916693/NAVEEN KUMAR/SBIN0684317/naveen618@ybl,TXN0260830,1680.00,,8419629.00
08/01/2024,08/01/2024,NEFT/830415388035/FATIMA SHEIKH/SBIN0684317/80697389492002,TXN0260831,,18500.00,8438129.00
08/01/2024,08/01/2024,NEFT/50054030/SURESH NAIR/SBIN0684317/43811251807013,TXN0260832,,500.00,8438629.00
08/01/2024,08/01/2024,IMPS/P2P/59799100/NILESH KULKARNI/7099802940,TXN0260833,,850.00,8439479.00
08/01/2024,08/01/2024,UPI/CR/84117171/LAKSHMI VENKAT/SBIN0684317/lakshmi491@oksbi,TXN0260834,,850.00,8440329.00
09/01/2024,09/01/2024,UPI/DR/057388733648/NIKHIL GUPTA/SBIN0684317/nikhil332@paytm,TXN0260835,120.00,,8440209.00
09/01/2024,10/01/2024,CHQ NO 443113 CLEARING,TXN0260836,850.00,,8439359.00
09/01/2024,10/01/2024,ATM/WDL/711242086037/SBI ATM JAYANAGAR BLR,TXN0260837,7800.00,,8431559.00
09/01/2024,10/01/2024,UPI/DR/7797984417/REKHA PILLAI/SBIN0684317/rekha662@okaxis,TXN0260838,310.00,,8431249.00
09/01/2024,09/01/2024,UPI/DR/39199579/PRIYA NAIR/SBIN0684317/priya970@okaxis,TXN0260839,1680.00,,8429569.00
10/01/2024,10/01/2024,UPI/DR/14969502/SANJANA HEGDE/SBIN0684317/sanjana313@paytm,TXN0260840,7800.00,,8421769.00
10/01/2024,10/01/2024,UPI/DR/7705235288/DEEPAK JOSHI/SBIN0684317/deepak399@okaxis,TXN0260841,699.00,,8421070.00
10/01/2024,10/01/2024,UPI/DR/1041152796/GEETA DEVI/SBIN0684317/geeta767@okhdfc,TXN0260842,5200.00,,8415870.00
10/01/2024,11/01/2024,CHQ NO 688350 CLEARING,TXN0260843,1250.00,,8414620.00
10/01/2024,10/01/2024,UPI/DR/7554921601/CHANDAN SHARMA/SBIN0684317/chandan411@paytm,TXN0260844,1250.00,,8413370.00
11/01/2024,11/01/2024,UPI/DR/636123823207/ROHIT SHARMA/SBIN0684317/rohit532@ybl,TXN0260845,1680.00,,8411690.00
11/01/2024,11/01/2024,NEFT/3370047247/MEENA IYER/SBIN0684317/35903251829945,TXN0260846,,850.00,8412540.00
11/01/2024,11/01/2024,CHQ NO 414550 CLEARING,TXN0260847,310.00,,8412230.00
11/01/2024,11/01/2024,UPI/CR/15090951/RAMESH PILLAI/SBIN0684317/ramesh613@paytm,TXN0260848,,18500.00,8430730.00
11/01/2024,11/01/2024,UPI/CR/34103458/SAVITHA DEVI/SBIN0684317/savitha702@oksbi,TXN0260849,,4800.00,8435530.00
12/01/2024,13/01/2024,UPI/CR/9855924988/RAJESH VERMA/SBIN0684317/rajesh21@ybl,TXN0260850,,11200.00,8446730.00
12/01/2024,12/01/2024,UPI/DR/138120403917/KAVERI MENON/SBIN0684317/kaveri572@okhdfc,TXN0260851,310.00,,8446420.00
12/01/2024,13/01/2024,ATM/WDL/019234299883/CANARA ATM MYSURU,TXN0260852,1250.00,,8445170.00
12/01/2024,13/01/2024,NEFT/6599675890/VIKRAM NAIR/SBIN0684317/43877915518345,TXN0260853,,11200.00,8456370.00
12/01/2024,12/01/2024,CHQ NO 175936 CLEARING,TXN0260854,79.00,,8456291.00
13/01/2024,14/01/2024,NEFT/761713105278/RAVI KUMAR SHARMA/SBIN0684317/36872564087840,TXN0260855,,11200.00,8467491.00
13/01/2024,14/01/2024,ATM/WDL/63439780/CANARA ATM MYSURU,TXN0260856,850.00,,8466641.00
13/01/2024,13/01/2024,UPI/DR/126841044866/USHA RANI/SBIN0684317/usha694@ybl,TXN0260857,7800.00,,8458841.00
13/01/2024,13/01/2024,UPI/DR/78817117/RAHUL SINGH/SBIN0684317/rahul128@paytm,TXN0260858,7800.00,,8451041.00
13/01/2024,13/01/2024,CHQ NO 543453 CLEARING,TXN0260859,120.00,,8450921.00
13/01/2024,13/01/2024,IMPS/P2P/50785008/ANAND KUMAR/9394764447,TXN0260860,,1200.00,8452121.00
13/01/2024,14/01/2024,UPI/CR/49271752/RAHUL SINGH/SBIN0684317/rahul91@okaxis,TXN0260861,,850.00,8452971.00
14/01/2024,14/01/2024,UPI/DR/802730991390/RAVI KUMAR SHARMA/SBIN0684317/ravi18@paytm,TXN0260862,7800.00,,8445171.00
14/01/2024,14/01/2024,NEFT/998954771716/KIRAN REDDY/SBIN0684317/42527241552609,TXN0260863,,2500.00,8447671.00
14/01/2024,14/01/2024,NEFT/8316170943/ADITYA KUMAR/SBIN0684317/03250103504121,TXN0260864,79.00,,8447592.00
14/01/2024,15/01/2024,UPI/CR/176448978027/GOPAL VERMA/SBIN0684317/gopal503@okaxis,TXN0260865,,24000.00,8471592.00
14/01/2024,14/01/2024,UPI/DR/6954835267/SUNITA DEVI/SBIN0684317/sunita360@okaxis,TXN0260866,79.00,,8471513.00
14/01/2024,14/01/2024,UPI/DR/99013874/KAVYA REDDY/SBIN0684317/kavya166@paytm,TXN0260867,1250.00,,8470263.00
14/01/2024,15/01/2024,UPI/DR/29286297/LAKSHMI VENKAT/SBIN0684317/lakshmi249@oksbi,TXN0260868,1250.00,,8469013.00
14/01/2024,15/01/2024,UPI/DR/057461790950/KAVERI MENON/SBIN0684317/kaveri301@oksbi,TXN0260869,1250.00,,8467763.00
15/01/2024,15/01/2024,NEFT/27553077/SAVITHA DEVI/SBIN0684317/77399790961026,TXN0260870,,24000.00,8491763.00
15/01/2024,16/01/2024,NEFT/211147675717/BINDHU NAIR/SBIN0684317/31261526769702,TXN0260871,,4800.00,8496563.00
15/01/2024,15/01/2024,NEFT/27676382/RESHMA KHAN/SBIN0684317/13336988599125,TXN0260872,79.00,,8496484.00
15/01/2024,15/01/2024,IMPS/P2P/380691664813/LALITHA DEVI/7661136891,TXN0260873,,32000.00,8528484.00
16/01/2024,16/01/2024,NEFT/07435045/NAVEEN KUMAR/SBIN0684317/43746374985289,TXN0260874,699.00,,8527785.00
16/01/2024,16/01/2024,ATM/WDL/6802389167/SBI ATM JAYANAGAR BLR,TXN0260875,49.00,,8527736.00
16/01/2024,16/01/2024,IMPS/P2P/703119052380/NAVEEN KUMAR/9857317983,TXN0260876,,850.00,8528586.00
16/01/2024,16/01/2024,UPI/DR/9866393596/CHANDAN SHARMA/SBIN0684317/chandan264@okaxis,TXN0260877,310.00,,8528276.00
16/01/2024,17/01/2024,ATM/WDL/81028769/SBI ATM JAYANAGAR BLR,TXN0260878,2380.00,,8525896.00
16/01/2024,16/01/2024,UPI/DR/15862231/TARA SINGH/SBIN0684317/tara826@okhdfc,TXN0260879,310.00,,8525586.00
17/01/2024,18/01/2024,UPI/DR/9393322535/NADIA HUSSAIN/SBIN0684317/nadia706@okaxis,TXN0260880,310.00,,8525276.00
17/01/2024,18/01/2024,NEFT/38340937/KIRAN REDDY/SBIN0684317/82732182414121,TXN0260881,,32000.00,8557276.00
17/01/2024,18/01/2024,UPI/DR/6708497869/PREETHI IYER/SBIN0684317/preethi192@paytm,TXN0260882,1250.00,,8556026.00
17/01/2024,17/01/2024,CHQ NO 371607 CLEARING,TXN0260883,120.00,,8555906.00
17/01/2024,17/01/2024,UPI/DR/906259810655/POOJA SHARMA/SBIN0684317/pooja696@ybl,TXN0260884,5200.00,,8550706.00
18/01/2024,18/01/2024,NEFT/63550999/TARA SINGH/SBIN0684317/74513924663741,TXN0260885,449.00,,8550257.00
18/01/2024,18/01/2024,UPI/DR/91712302/SUSHMA RAO/SBIN0684317/sushma516@ybl,TXN0260886,120.00,,8550137.00
18/01/2024,18/01/2024,CHQ NO 792836 CLEARING,TXN0260887,999.00,,8549138.00
18/01/2024,19/01/2024,IMPS/P2P/8455172470/MEERA PILLAI/7541718188,TXN0260888,,32000.00,8581138.00
19/01/2024,19/01/2024,ATM/WDL/74001530/SBI ATM JAYANAGAR BLR,TXN0260889,49.00,,8581089.00
19/01/2024,19/01/2024,IMPS/P2P/917976707278/RESHMA KHAN/7921145035,TXN0260890,,24000.00,8605089.00
19/01/2024,19/01/2024,ATM/WDL/525970929403/SBI ATM JAYANAGAR BLR,TXN0260891,3499.00,,8601590.00
20/01/2024,20/01/2024,UPI/DR/983817539385/ARJUN MEHTA/SBIN0684317/arjun554@ybl,TXN0260892,3499.00,,8598091.00
20/01/2024,20/01/2024,IMPS/P2P/38647861/SHAHID KHAN/8935001773,TXN0260893,,4800.00,8602891.00
20/01/2024,21/01/2024,UPI/DR/03408560/AYESHA KHAN/SBIN0684317/ayesha105@oksbi,TXN0260894,3499.00,,8599392.00
20/01/2024,20/01/2024,UPI/DR/82472464/RESHMA KHAN/SBIN0684317/reshma994@ybl,TXN0260895,3499.00,,8595893.00
20/01/2024,21/01/2024,UPI/DR/4640129126/ARUN SHARMA/SBIN0684317/arun727@ybl,TXN0260896,1680.00,,8594213.00
21/01/2024,22/01/2024,UPI/CR/8217579896/MOHAN DAS/SBIN0684317/mohan128@paytm,TXN0260897,,2500.00,8596713.00
21/01/2024,22/01/2024,UPI/DR/1330983070/HARISH MENON/SBIN0684317/harish479@okhdfc,TXN0260898,3499.00,,8593214.00
21/01/2024,22/01/2024,NEFT/3381399077/GANESH KUMAR/SBIN0684317/42868253095301,TXN0260899,,850.00,8594064.00
22/01/2024,22/01/2024,NEFT/754942137895/SHAHID KHAN/SBIN0684317/52408632081163,TXN0260900,,4800.00,8598864.00
22/01/2024,22/01/2024,UPI/DR/587011122429/SAVITHA DEVI/SBIN0684317/savitha376@okhdfc,TXN0260901,999.00,,8597865.00
22/01/2024,23/01/2024,IMPS/P2P/7667833980/CHANDAN SHARMA/8893780633,TXN0260902,,850.00,8598715.00
22/01/2024,23/01/2024,UPI/CR/97026514/KARTHIK MENON/SBIN0684317/karthik450@okhdfc,TXN0260903,,500.00,8599215.00
22/01/2024,22/01/2024,UPI/DR/048705754558/RAMESH PILLAI/SBIN0684317/ramesh840@okhdfc,TXN0260904,120.00,,8599095.00
22/01/2024,22/01/2024,UPI/DR/54965384/SUSHMA RAO/SBIN0684317/sushma36@paytm,TXN0260905,79.00,,8599016.00
22/01/2024,23/01/2024,NEFT/210435752885/RAJENDRA PRASAD/SBIN0684317/47951401573841,TXN0260906,,24000.00,8623016.00
22/01/2024,22/01/2024,ATM/WDL/28225426/SBI ATM JAYANAGAR BLR,TXN0260907,1250.00,,8621766.00
23/01/2024,24/01/2024,UPI/CR/719494212585/MOHAN DAS/SBIN0684317/mohan155@okaxis,TXN0260908,,1200.00,8622966.00
23/01/2024,23/01/2024,UPI/DR/77701437/ROHIT SHARMA/SBIN0684317/rohit383@ybl,TXN0260909,79.00,,8622887.00
23/01/2024,24/01/2024,UPI/CR/12971356/LALITHA DEVI/SBIN0684317/lalitha334@oksbi,TXN0260910,,18500.00,8641387.00
23/01/2024,23/01/2024,CASH DEPOSIT/BRANCH COUNTER/HITEC CITY HYDERABAD,TXN0260911,,24000.00,8665387.00
24/01/2024,24/01/2024,UPI/DR/433427864310/TARA SINGH/SBIN0684317/tara313@paytm,TXN0260912,850.00,,8664537.00
24/01/2024,25/01/2024,CHQ NO 752993 CLEARING,TXN0260913,5200.00,,8659337.00
24/01/2024,25/01/2024,UPI/DR/76413154/BABU LAL/SBIN0684317/babu802@ybl,TXN0260914,2380.00,,8656957.00
24/01/2024,24/01/2024,CASH DEPOSIT/BRANCH COUNTER/HITEC CITY HYDERABAD,TXN0260915,,500.00,8657457.00
24/01/2024,25/01/2024,CASH DEPOSIT/BRANCH COUNTER/HITEC CITY HYDERABAD,TXN0260916,,7600.00,8665057.00
24/01/2024,24/01/2024,CHQ NO 305612 CLEARING,TXN0260917,7800.00,,8657257.00
24/01/2024,24/01/2024,CASH DEPOSIT/BRANCH COUNTER/HITEC CITY HYDERABAD,TXN0260918,,32000.00,8689257.00
24/01/2024,24/01/2024,IMPS/P2P/76860809/SANJANA HEGDE/7424155544,TXN0260919,,11200.00,8700457.00
24/01/2024,25/01/2024,UPI/DR/365430788357/USHA RANI/SBIN0684317/usha927@okaxis,TXN0260920,3499.00,,8696958.00
25/01/2024,26/01/2024,ATM/WDL/88104699/SBI ATM JAYANAGAR BLR,TXN0260921,310.00,,8696648.00
25/01/2024,26/01/2024,UPI/CR/96227607/RAMESH PILLAI/SBIN0684317/ramesh120@okaxis,TXN0260922,,4800.00,8701448.00
25/01/2024,25/01/2024,UPI/DR/43939857/RAHUL SINGH/SBIN0684317/rahul974@paytm,TXN0260923,5200.00,,8696248.00
25/01/2024,25/01/2024,IMPS/P2P/668019368997/PRAKASH RAO/9554735227,TXN0260924,,850.00,8697098.00
25/01/2024,25/01/2024,NEFT/0985921480/SUNIL YADAV/SBIN0684317/88764324553902,TXN0260925,310.00,,8696788.00
26/01/2024,27/01/2024,NEFT/9878264398/REKHA PILLAI/SBIN0684317/43138279964534,TXN0260926,,18500.00,8715288.00
26/01/2024,26/01/2024,UPI/DR/512652045431/MOHAMMED IRFAN/SBIN0684317/mohammed512@paytm,TXN0260927,2380.00,,8712908.00
26/01/2024,26/01/2024,CASH DEPOSIT/BRANCH COUNTER/HITEC CITY HYDERABAD,TXN0260928,,4800.00,8717708.00
26/01/2024,26/01/2024,UPI/DR/10356699/ROHIT SHARMA/SBIN0684317/rohit128@okhdfc,TXN0260929,2380.00,,8715328.00
26/01/2024,26/01/2024,NEFT/29988012/VENKAT RAO/SBIN0684317/10556347711197,TXN0260930,7800.00,,8707528.00
26/01/2024,26/01/2024,ATM/WDL/4121138649/CANARA ATM MYSURU,TXN0260931,850.00,,8706678.00
27/01/2024,27/01/2024,IMPS/P2P/66400280/PREETHI IYER/7278290189,TXN0260932,,4800.00,8711478.00
27/01/2024,27/01/2024,ATM/WDL/33899620/CANARA ATM MYSURU,TXN0260933,1250.00,,8710228.00
27/01/2024,27/01/2024,NEFT/28643773/RAJESH VERMA/SBIN0684317/49972485131435,TXN0260934,,18500.00,8728728.00
27/01/2024,27/01/2024,CHQ NO 247339 CLEARING,TXN0260935,2380.00,,8726348.00
28/01/2024,29/01/2024,IMPS/P2P/1988301150/NILESH KULKARNI/7712382885,TXN0260936,,32000.00,8758348.00
28/01/2024,29/01/2024,UPI/DR/819027985978/LAKSHMI VENKAT/SBIN0684317/lakshmi327@okhdfc,TXN0260937,249.00,,8758099.00
28/01/2024,28/01/2024,NEFT/78420464/LATHA MURTHY/SBIN0684317/34897951426705,TXN0260938,,4800.00,8762899.00
29/01/2024,29/01/2024,UPI/CR/8007402836/ARUN SHARMA/SBIN0684317/arun232@paytm,TXN0260939,,1200.00,8764099.00
29/01/2024,29/01/2024,NEFT/727745186989/KAVITHA RAO/SBIN0684317/00890294296471,TXN0260940,,32000.00,8796099.00
30/01/2024,31/01/2024,UPI/DR/26473776/VINAY PATIL/SBIN0684317/vinay569@paytm,TXN0260941,249.00,,8795850.00
30/01/2024,31/01/2024,IMPS/P2P/68534720/CHANDAN SHARMA/7654189920,TXN0260942,,500.00,8796350.00
30/01/2024,30/01/2024,ATM/WDL/633299563918/HDFC ATM KORAMANGALA,TXN0260943,699.00,,8795651.00
30/01/2024,30/01/2024,NEFT/19516169/SUNIL YADAV/SBIN0684317/75936636383002,TXN0260944,,18500.00,8814151.00
30/01/2024,30/01/2024,CHQ NO 421223 CLEARING,TXN0260945,1250.00,,8812901.00
30/01/2024,31/01/2024,NEFT/2299235447/NAVEEN KUMAR/SBIN0684317/74712271620778,TXN0260946,310.00,,8812591.00
30/01/2024,30/01/2024,IMPS/P2P/39363057/AYESHA KHAN/8544920891,TXN0260947,,500.00,8813091.00
31/01/2024,01/02/2024,UPI/DR/383079147334/RAMESH PILLAI/SBIN0684317/ramesh633@paytm,TXN0260948,1680.00,,8811411.00
31/01/2024,01/02/2024,CASH DEPOSIT/BRANCH COUNTER/HITEC CITY HYDERABAD,TXN0260949,,500.00,8811911.00
31/01/2024,31/01/2024,UPI/DR/064391078470/KARTHIK MENON/SBIN0684317/karthik842@paytm,TXN0260950,310.00,,8811601.00
31/01/2024,31/01/2024,ATM/WDL/1702025497/SBI ATM JAYANAGAR BLR,TXN0260951,79.00,,8811522.00
31/01/2024,01/02/2024,IMPS/P2P/215930703400/POOJA SHARMA/9014628099,TXN0260952,,1200.00,8812722.00
31/01/2024,01/02/2024,CHQ NO 150811 CLEARING,TXN0260953,79.00,,8812643.00
01/02/2024,01/02/2024,NEFT/531907687952/NADIA HUSSAIN/SBIN0684317/07999402425876,TXN0260954,1250.00,,8811393.00
01/02/2024,01/02/2024,NEFT/2383315481/VIKRAM NAIR/SBIN0684317/70713661034678,TXN0260955,5200.00,,8806193.00
01/02/2024,01/02/2024,NEFT/48490373/BABU LAL/SBIN0684317/37830626122489,TXN0260956,,1200.00,8807393.00
02/02/2024,02/02/2024,UPI/DR/559371405671/SNEHA PATIL/SBIN0684317/sneha490@ybl,TXN0260957,699.00,,8806694.00
02/02/2024,02/02/2024,IMPS/P2P/9522447877/ROHIT SHARMA/9958336827,TXN0260958,,24000.00,8830694.00
02/02/2024,03/02/2024,UPI/DR/17186095/BABU LAL/SBIN0684317/babu309@paytm,TXN0260959,5200.00,,8825494.00
02/02/2024,02/02/2024,UPI/DR/92081641/USHA RANI/SBIN0684317/usha490@okhdfc,TXN0260960,699.00,,8824795.00
02/02/2024,03/02/2024,NEFT/30446834/SMITHA PILLAI/SBIN0684317/30468579276880,TXN0260961,79.00,,8824716.00
02/02/2024,02/02/2024,CASH DEPOSIT/BRANCH COUNTER/HITEC CITY HYDERABAD,TXN0260962,,32000.00,8856716.00
03/02/2024,03/02/2024,CASH DEPOSIT/BRANCH COUNTER/HITEC CITY HYDERABAD,TXN0260963,,18500.00,8875216.00
03/02/2024,03/02/2024,NEFT/4881080277/VIKRAM NAIR/SBIN0684317/52297012573405,TXN0260964,449.00,,8874767.00
03/02/2024,03/02/2024,IMPS/P2P/778076161377/KIRAN REDDY/8906831274,TXN0260965,,18500.00,8893267.00
03/02/2024,03/02/2024,UPI/DR/781760120457/PREETHI IYER/SBIN0684317/preethi184@ybl,TXN0260966,79.00,,8893188.00
03/02/2024,03/02/2024,NEFT/974490682127/KAVITHA RAO/SBIN0684317/45727825331253,TXN0260967,,2500.00,8895688.00
03/02/2024,03/02/2024,UPI/DR/8636484990/VENKAT RAO/SBIN0684317/venkat498@paytm,TXN0260968,7800.00,,8887888.00
03/02/2024,03/02/2024,UPI/CR/0084662837/ANITHA KRISHNAN/SBIN0684317/anitha597@okhdfc,TXN0260969,,2500.00,8890388.00
04/02/2024,05/02/2024,UPI/DR/6343363198/POOJA SHARMA/SBIN0684317/pooja320@paytm,TXN0260970,5200.00,,8885188.00
04/02/2024,05/02/2024,IMPS/P2P/38222023/TARA SINGH/8221356667,TXN0260971,,4800.00,8889988.00
04/02/2024,04/02/2024,NEFT/743342355908/USHA RANI/SBIN0684317/45269118942825,TXN0260972,,850.00,8890838.00
05/02/2024,06/02/2024,UPI/DR/095196398923/LALITHA DEVI/SBIN0684317/lalitha782@ybl,TXN0260973,5200.00,,8885638.00
05/02/2024,05/02/2024,CHQ NO 686993 CLEARING,TXN0260974,699.00,,8884939.00
05/02/2024,06/02/2024,ATM/WDL/238529388976/HDFC ATM KORAMANGALA,TXN0260975,49.00,,8884890.00
05/02/2024,05/02/2024,CHQ NO 057687 CLEARING,TXN0260976,1680.00,,8883210.00
05/02/2024,05/02/2024,UPI/DR/553697657308/GEETA DEVI/SBIN0684317/geeta546@okaxis,TXN0260977,699.00,,8882511.00
05/02/2024,05/02/2024,NEFT/821039424027/REKHA PILLAI/SBIN0684317/93314389262172,TXN0260978,49.00,,8882462.00
06/02/2024,06/02/2024,IMPS/P2P/56648351/ANAND KUMAR/7700710673,TXN0260979,,32000.00,8914462.00
06/02/2024,06/02/2024,UPI/DR/469481785016/NAVEEN KUMAR/SBIN0684317/naveen517@oksbi,TXN0260980,249.00,,8914213.00
06/02/2024,07/02/2024,ATM/WDL/817168909879/SBI ATM JAYANAGAR BLR,TXN0260981,699.00,,8913514.00
06/02/2024,06/02/2024,UPI/DR/334402432475/SURESH NAIR/SBIN0684317/suresh794@ybl,TXN0260982,999.00,,8912515.00
06/02/2024,07/02/2024,CASH DEPOSIT/BRANCH COUNTER/HITEC CITY HYDERABAD,TXN0260983,,24000.00,8936515.00
06/02/2024,06/02/2024,ATM/WDL/23980736/SBI ATM JAYANAGAR BLR,TXN0260984,2380.00,,8934135.00
06/02/2024,06/02/2024,UPI/DR/7074050248/RAJENDRA PRASAD/SBIN0684317/rajendra568@paytm,TXN0260985,7800.00,,8926335.00
06/02/2024,06/02/2024,IMPS/P2P/62900618/KAVYA REDDY/9340305348,TXN0260986,,1200.00,8927535.00
07/02/2024,07/02/2024,CHQ NO 292917 CLEARING,TXN0260987,310.00,,8927225.00
07/02/2024,07/02/2024,CHQ NO 776900 CLEARING,TXN0260988,120.00,,8927105.00
07/02/2024,07/02/2024,NEFT/9628034506/KIRAN REDDY/SBIN0684317/23107199386019,TXN0260989,5200.00,,8921905.00
07/02/2024,07/02/2024,UPI/CR/35464424/SUSHMA RAO/SBIN0684317/sushma986@okhdfc,TXN0260990,,4800.00,8926705.00
08/02/2024,08/02/2024,UPI/DR/43150280/ANITHA KRISHNAN/SBIN0684317/anitha695@oksbi,TXN0260991,1250.00,,8925455.00
08/02/2024,09/02/2024,ATM/WDL/1599895882/SBI ATM JAYANAGAR BLR,TXN0260992,850.00,,8924605.00
08/02/2024,09/02/2024,IMPS/P2P/95065196/KARTHIK MENON/8155144760,TXN0260993,,2500.00,8927105.00
08/02/2024,08/02/2024,CASH DEPOSIT/BRANCH COUNTER/HITEC CITY HYDERABAD,TXN0260994,,11200.00,8938305.00
08/02/2024,09/02/2024,IMPS/P2P/5289042656/MOHAN DAS/7249140053,TXN0260995,,11200.00,8949505.00
08/02/2024,08/02/2024,UPI/CR/42961621/POOJA SHARMA/SBIN0684317/pooja811@oksbi,TXN0260996,,500.00,8950005.00
08/02/2024,08/02/2024,NEFT/9802182850/RAJENDRA PRASAD/SBIN0684317/99675073674811,TXN0260997,,24000.00,8974005.00
08/02/2024,08/02/2024,IMPS/P2P/5059793436/RAJENDRA PRASAD/8137378423,TXN0260998,,850.00,8974855.00
08/02/2024,08/02/2024,UPI/DR/66888559/PADMA RAO/SBIN0684317/padma107@ybl,TXN0260999,1680.00,,8973175.00
09/02/2024,09/02/2024,UPI/DR/658716376100/DIVYA MENON/SBIN0684317/divya426@paytm,TXN0261000,120.00,,8973055.00
09/02/2024,10/02/2024,CASH DEPOSIT/BRANCH COUNTER/HITEC CITY HYDERABAD,TXN0261001,,1200.00,8974255.00
09/02/2024,09/02/2024,CHQ NO 546041 CLEARING,TXN0261002,3499.00,,8970756.00
09/02/2024,09/02/2024,NEFT/82996588/SAVITHA DEVI/SBIN0684317/25372272625923,TXN0261003,,24000.00,8994756.00
10/02/2024,10/02/2024,NEFT/3233715138/NILESH KULKARNI/SBIN0684317/08047127142297,TXN0261004,850.00,,8993906.00
10/02/2024,11/02/2024,CASH DEPOSIT/BRANCH COUNTER/HITEC CITY HYDERABAD,TXN0261005,,18500.00,9012406.00
10/02/2024,10/02/2024,ATM/WDL/364080267887/SBI ATM JAYANAGAR BLR,TXN0261006,310.00,,9012096.00
10/02/2024,10/02/2024,CHQ NO 786155 CLEARING,TXN0261007,850.00,,9011246.00
10/02/2024,10/02/2024,CHQ NO 464711 CLEARING,TXN0261008,699.00,,9010547.00
11/02/2024,11/02/2024,ATM/WDL/712993058277/SBI ATM JAYANAGAR BLR,TXN0261009,7800.00,,9002747.00
11/02/2024,11/02/2024,CASH DEPOSIT/BRANCH COUNTER/HITEC CITY HYDERABAD,TXN0261010,,4800.00,9007547.00
11/02/2024,11/02/2024,NEFT/0128490659/LATHA MURTHY/SBIN0684317/00360595916092,TXN0261011,,2500.00,9010047.00
11/02/2024,11/02/2024,UPI/DR/23602295/FARHAN KHAN/SBIN0684317/farhan323@ybl,TXN0261012,2380.00,,9007667.00
12/02/2024,12/02/2024,UPI/DR/44303922/VENKAT RAO/SBIN0684317/venkat108@ybl,TXN0261013,310.00,,9007357.00
12/02/2024,12/02/2024,UPI/DR/668313767315/POOJA SHARMA/SBIN0684317/pooja252@paytm,TXN0261014,49.00,,9007308.00
12/02/2024,12/02/2024,UPI/DR/6441730677/MOHAMMED IRFAN/SBIN0684317/mohammed100@okhdfc,TXN0261015,449.00,,9006859.00
12/02/2024,12/02/2024,UPI/CR/340949032059/RANJIT SINGH/SBIN0684317/ranjit872@okhdfc,TXN0261016,,1200.00,9008059.00
13/02/2024,14/02/2024,UPI/DR/3859353305/PRAKASH RAO/SBIN0684317/prakash528@oksbi,TXN0261017,49.00,,9008010.00
13/02/2024,13/02/2024,IMPS/P2P/19939057/ADITYA KUMAR/7446704301,TXN0261018,,4800.00,9012810.00
13/02/2024,13/02/2024,CASH DEPOSIT/BRANCH COUNTER/HITEC CITY HYDERABAD,TXN0261019,,850.00,9013660.00
13/02/2024,13/02/2024,IMPS/P2P/7038028002/ARJUN MEHTA/9786295680,TXN0261020,,7600.00,9021260.00
13/02/2024,14/02/2024,IMPS/P2P/42764513/NAVEEN KUMAR/7157189214,TXN0261021,,32000.00,9053260.00
13/02/2024,13/02/2024,UPI/DR/245069680693/FATIMA SHEIKH/SBIN0684317/fatima298@okaxis,TXN0261022,7800.00,,9045460.00
13/02/2024,13/02/2024,UPI/CR/05809903/VENKAT RAO/SBIN0684317/venkat470@ybl,TXN0261023,,18500.00,9063960.00
13/02/2024,13/02/2024,UPI/CR/03869605/KAVYA REDDY/SBIN0684317/kavya226@ybl,TXN0261024,,7600.00,9071560.00
14/02/2024,14/02/2024,CHQ NO 657593 CLEARING,TXN0261025,1680.00,,9069880.00
14/02/2024,14/02/2024,UPI/CR/994487557179/RAVI KUMAR SHARMA/SBIN0684317/ravi48@okaxis,TXN0261026,,4800.00,9074680.00
14/02/2024,14/02/2024,CHQ NO 912480 CLEARING,TXN0261027,449.00,,9074231.00
14/02/2024,15/02/2024,UPI/DR/779886346845/RANJIT SINGH/SBIN0684317/ranjit266@oksbi,TXN0261028,7800.00,,9066431.00
14/02/2024,15/02/2024,UPI/DR/9522370938/RAVI KUMAR SHARMA/SBIN0684317/ravi780@okaxis,TXN0261029,449.00,,9065982.00
14/02/2024,15/02/2024,UPI/DR/39942496/SAVITHA DEVI/SBIN0684317/savitha628@oksbi,TXN0261030,7800.00,,9058182.00
14/02/2024,14/02/2024,NEFT/43795557/ANITHA KRISHNAN/SBIN0684317/91157286877080,TXN0261031,249.00,,9057933.00
14/02/2024,14/02/2024,UPI/DR/7529652395/SNEHA PATIL/SBIN0684317/sneha251@okhdfc,TXN0261032,79.00,,9057854.00
15/02/2024,16/02/2024,CHQ NO 839843 CLEARING,TXN0261033,699.00,,9057155.00
15/02/2024,15/02/2024,UPI/DR/60547693/LATHA MURTHY/SBIN0684317/latha893@paytm,TXN0261034,310.00,,9056845.00
15/02/2024,15/02/2024,UPI/DR/41408671/KAVYA REDDY/SBIN0684317/kavya957@ybl,TXN0261035,310.00,,9056535.00
15/02/2024,15/02/2024,UPI/DR/611750540749/ANAND KUMAR/SBIN0684317/anand220@okaxis,TXN0261036,1680.00,,9054855.00
16/02/2024,16/02/2024,CASH DEPOSIT/BRANCH COUNTER/HITEC CITY HYDERABAD,TXN0261037,,18500.00,9073355.00
16/02/2024,16/02/2024,UPI/DR/7978678995/SMITHA PILLAI/SBIN0684317/smitha165@okhdfc,TXN0261038,699.00,,9072656.00
17/02/2024,17/02/2024,NEFT/2713552270/GOPAL VERMA/SBIN0684317/06015266361090,TXN0261039,120.00,,9072536.00
17/02/2024,18/02/2024,IMPS/P2P/6583541728/ARCHANA PILLAI/8277205894,TXN0261040,,2500.00,9075036.00
17/02/2024,17/02/2024,CHQ NO 058502 CLEARING,TXN0261041,310.00,,9074726.00
17/02/2024,18/02/2024,CHQ NO 708452 CLEARING,TXN0261042,449.00,,9074277.00
17/02/2024,17/02/2024,CASH DEPOSIT/BRANCH COUNTER/HITEC CITY HYDERABAD,TXN0261043,,7600.00,9081877.00
18/02/2024,18/02/2024,ATM/WDL/5793710838/HDFC ATM KORAMANGALA,TXN0261044,1680.00,,9080197.00
19/02/2024,19/02/2024,CHQ NO 400720 CLEARING,TXN0261045,310.00,,9079887.00
19/02/2024,19/02/2024,UPI/DR/6171533307/SUNITA DEVI/SBIN0684317/sunita524@ybl,TXN0261046,310.00,,9079577.00
19/02/2024,20/02/2024,UPI/DR/8857796039/RESHMA KHAN/SBIN0684317/reshma41@ybl,TXN0261047,5200.00,,9074377.00
19/02/2024,20/02/2024,UPI/DR/8002642303/POOJA SHARMA/SBIN0684317/pooja117@ybl,TXN0261048,49.00,,9074328.00
20/02/2024,20/02/2024,UPI/CR/6446982490/SANJANA HEGDE/SBIN0684317/sanjana994@ybl,TXN0261049,,500.00,9074828.00
20/02/2024,21/02/2024,ATM/WDL/0009481188/SBI ATM JAYANAGAR BLR,TXN0261050,120.00,,9074708.00
21/02/2024,21/02/2024,UPI/DR/094253138325/NAVEEN KUMAR/SBIN0684317/naveen104@oksbi,TXN0261051,5200.00,,9069508.00
21/02/2024,21/02/2024,NEFT/5631988895/CHANDAN SHARMA/SBIN0684317/68090046115645,TXN0261052,3499.00,,9066009.00
21/02/2024,21/02/2024,IMPS/P2P/99504352/REKHA PILLAI/9198760304,TXN0261053,,2500.00,9068509.00
21/02/2024,21/02/2024,UPI/DR/640845397773/MEERA PILLAI/SBIN0684317/meera152@okaxis,TXN0261054,310.00,,9068199.00
21/02/2024,21/02/2024,CASH DEPOSIT/BRANCH COUNTER/HITEC CITY HYDERABAD,TXN0261055,,500.00,9068699.00
21/02/2024,21/02/2024,CHQ NO 828030 CLEARING,TXN0261056,249.00,,9068450.00
21/02/2024,21/02/2024,ATM/WDL/99768900/HDFC ATM KORAMANGALA,TXN0261057,999.00,,9067451.00
21/02/2024,21/02/2024,CASH DEPOSIT/BRANCH COUNTER/HITEC CITY HYDERABAD,TXN0261058,,1200.00,9068651.00
22/02/2024,23/02/2024,UPI/DR/324879236926/VIKRAM NAIR/SBIN0684317/vikram865@okhdfc,TXN0261059,850.00,,9067801.00
22/02/2024,22/02/2024,UPI/DR/584936225399/NILESH KULKARNI/SBIN0684317/nilesh107@paytm,TXN0261060,49.00,,9067752.00
22/02/2024,22/02/2024,CHQ NO 067495 CLEARING,TXN0261061,249.00,,9067503.00
22/02/2024,23/02/2024,CASH DEPOSIT/BRANCH COUNTER/HITEC CITY HYDERABAD,TXN0261062,,24000.00,9091503.00
23/02/2024,24/02/2024,NEFT/65949295/TARA SINGH/SBIN0684317/09524351691129,TXN0261063,249.00,,9091254.00
23/02/2024,23/02/2024,IMPS/P2P/36873383/MOHAN DAS/7809105924,TXN0261064,,500.00,9091754.00
23/02/2024,24/02/2024,UPI/DR/6171663205/RAHUL SINGH/SBIN0684317/rahul104@oksbi,TXN0261065,449.00,,9091305.00
23/02/2024,24/02/2024,ATM/WDL/6226738096/HDFC ATM KORAMANGALA,TXN0261066,699.00,,9090606.00
24/02/2024,25/02/2024,ATM/WDL/94042690/SBI ATM JAYANAGAR BLR,TXN0261067,699.00,,9089907.00
24/02/2024,25/02/2024,CHQ NO 791853 CLEARING,TXN0261068,5200.00,,9084707.00
24/02/2024,24/02/2024,ATM/WDL/75850360/HDFC ATM KORAMANGALA,TXN0261069,2380.00,,9082327.00
24/02/2024,24/02/2024,UPI/DR/3949890580/SHEELA DEVI/SBIN0684317/sheela976@paytm,TXN0261070,449.00,,9081878.00
25/02/2024,25/02/2024,CHQ NO 178728 CLEARING,TXN0261071,1680.00,,9080198.00
25/02/2024,26/02/2024,UPI/DR/23721837/GOPAL VERMA/SBIN0684317/gopal105@paytm,TXN0261072,2380.00,,9077818.00
25/02/2024,25/02/2024,UPI/CR/6612437261/ARUN SHARMA/SBIN0684317/arun881@paytm,TXN0261073,,24000.00,9101818.00
25/02/2024,25/02/2024,NEFT/80426051/SAVITHA DEVI/SBIN0684317/61239077875747,TXN0261074,79.00,,9101739.00
25/02/2024,25/02/2024,ATM/WDL/696134218772/SBI ATM JAYANAGAR BLR,TXN0261075,49.00,,9101690.00
25/02/2024,25/02/2024,CASH DEPOSIT/BRANCH COUNTER/HITEC CITY HYDERABAD,TXN0261076,,500.00,9102190.00
25/02/2024,25/02/2024,UPI/DR/0599538509/NILESH KULKARNI/SBIN0684317/nilesh446@paytm,TXN0261077,999.00,,9101191.00
25/02/2024,26/02/2024,UPI/CR/99617219/KAVYA REDDY/SBIN0684317/kavya760@paytm,TXN0261078,,11200.00,9112391.00
26/02/2024,26/02/2024,UPI/DR/365291623909/ROHIT SHARMA/SBIN0684317/rohit375@paytm,TXN0261079,310.00,,9112081.00
26/02/2024,27/02/2024,IMPS/P2P/36910205/RAMESH GOWDA/9489951146,TXN0261080,,4800.00,9116881.00
27/02/2024,27/02/2024,UPI/DR/736711959170/SURESH NAIR/SBIN0684317/suresh619@okhdfc,TXN0261081,310.00,,9116571.00
27/02/2024,27/02/2024,NEFT/96840722/KAVYA REDDY/SBIN0684317/68540145585200,TXN0261082,310.00,,9116261.00
27/02/2024,27/02/2024,UPI/CR/8358747979/BABU LAL/SBIN0684317/babu826@okaxis,TXN0261083,,1200.00,9117461.00
27/02/2024,28/02/2024,CASH DEPOSIT/BRANCH COUNTER/HITEC CITY HYDERABAD,TXN0261084,,2500.00,9119961.00
27/02/2024,27/02/2024,UPI/DR/09570495/VIKRAM NAIR/SBIN0684317/vikram769@paytm,TXN0261085,3499.00,,9116462.00
27/02/2024,27/02/2024,UPI/DR/03558596/SHAHID KHAN/SBIN0684317/shahid80@okhdfc,TXN0261086,449.00,,9116013.00
28/02/2024,28/02/2024,UPI/DR/510233095102/NILESH KULKARNI/SBIN0684317/nilesh396@ybl,TXN0261087,999.00,,9115014.00
28/02/2024,28/02/2024,UPI/DR/111098501653/AYESHA KHAN/SBIN0684317/ayesha721@paytm,TXN0261088,79.00,,9114935.00
28/02/2024,28/02/2024,CHQ NO 083497 CLEARING,TXN0261089,449.00,,9114486.00
28/02/2024,28/02/2024,CHQ NO 519747 CLEARING,TXN0261090,49.00,,9114437.00
28/02/2024,29/02/2024,NEFT/4399421050/SHEELA DEVI/SBIN0684317/23459255835148,TXN0261091,,7600.00,9122037.00
28/02/2024,29/02/2024,NEFT/939150855992/ARCHANA PILLAI/SBIN0684317/72715167972402,TXN0261092,249.00,,9121788.00
28/02/2024,29/02/2024,UPI/DR/255279323098/GOPAL VERMA/SBIN0684317/gopal53@ybl,TXN0261093,310.00,,9121478.00
28/02/2024,28/02/2024,CHQ NO 627998 CLEARING,TXN0261094,850.00,,9120628.00
28/02/2024,28/02/2024,UPI/DR/1361968767/KAVERI MENON/SBIN0684317/kaveri815@paytm,TXN0261095,120.00,,9120508.00
28/02/2024,28/02/2024,CHQ NO 892250 CLEARING,TXN0261096,79.00,,9120429.00
29/02/2024,29/02/2024,IMPS/P2P/9518928138/SURESH NAIR/7284999105,TXN0261097,,24000.00,9144429.00
29/02/2024,01/03/2024,CASH DEPOSIT/BRANCH COUNTER/HITEC CITY HYDERABAD,TXN0261098,,850.00,9145279.00
29/02/2024,01/03/2024,NEFT/1766196796/PREETHI IYER/SBIN0684317/54216944911510,TXN0261099,5200.00,,9140079.00
29/02/2024,29/02/2024,UPI/DR/073725067276/USHA RANI/SBIN0684317/usha45@okaxis,TXN0261100,3499.00,,9136580.00
01/03/2024,01/03/2024,UPI/CR/913455365975/ADITYA KUMAR/SBIN0684317/aditya691@paytm,TXN0261101,,1200.00,9137780.00
01/03/2024,01/03/2024,NEFT/147160286635/ROHIT SHARMA/SBIN0684317/13370503091726,TXN0261102,,2500.00,9140280.00
01/03/2024,02/03/2024,UPI/CR/4176721988/FARHAN KHAN/SBIN0684317/farhan255@okaxis,TXN0261103,,11200.00,9151480.00
01/03/2024,01/03/2024,UPI/DR/923962963930/PADMA RAO/SBIN0684317/padma436@paytm,TXN0261104,449.00,,9151031.00
01/03/2024,01/03/2024,ATM/WDL/24782240/HDFC ATM KORAMANGALA,TXN0261105,449.00,,9150582.00
01/03/2024,02/03/2024,NEFT/14683547/USHA RANI/SBIN0684317/06997324165414,TXN0261106,,24000.00,9174582.00
01/03/2024,01/03/2024,IMPS/P2P/64614077/REKHA PILLAI/7405639680,TXN0261107,,24000.00,9198582.00
01/03/2024,01/03/2024,IMPS/P2P/33017705/ANAND KUMAR/7914239545,TXN0261108,,2500.00,9201082.00
02/03/2024,03/03/2024,UPI/CR/57658606/PADMA RAO/SBIN0684317/padma345@paytm,TXN0261109,,850.00,9201932.00
02/03/2024,02/03/2024,NEFT/48483301/POOJA SHARMA/SBIN0684317/86668413322359,TXN0261110,,4800.00,9206732.00
02/03/2024,02/03/2024,UPI/DR/79146983/ARJUN MEHTA/SBIN0684317/arjun422@ybl,TXN0261111,249.00,,9206483.00
02/03/2024,02/03/2024,CASH DEPOSIT/BRANCH COUNTER/HITEC CITY HYDERABAD,TXN0261112,,32000.00,9238483.00
03/03/2024,03/03/2024,CASH DEPOSIT/BRANCH COUNTER/HITEC CITY HYDERABAD,TXN0261113,,850.00,9239333.00
03/03/2024,03/03/2024,UPI/DR/3775869332/PRIYA NAIR/SBIN0684317/priya749@oksbi,TXN0261114,120.00,,9239213.00
03/03/2024,03/03/2024,UPI/DR/538172247593/SNEHA PATIL/SBIN0684317/sneha577@okaxis,TXN0261115,1680.00,,9237533.00
03/03/2024,03/03/2024,UPI/CR/765373014033/SAVITHA DEVI/SBIN0684317/savitha436@ybl,TXN0261116,,32000.00,9269533.00
03/03/2024,03/03/2024,UPI/CR/269845802465/SUNITA DEVI/SBIN0684317/sunita725@okaxis,TXN0261117,,1200.00,9270733.00
04/03/2024,04/03/2024,UPI/DR/566286504932/REKHA PILLAI/SBIN0684317/rekha860@okhdfc,TXN0261118,3499.00,,9267234.00
04/03/2024,04/03/2024,UPI/DR/508315035149/ARJUN MEHTA/SBIN0684317/arjun286@paytm,TXN0261119,699.00,,9266535.00
04/03/2024,04/03/2024,UPI/DR/0132123846/ARUN SHARMA/SBIN0684317/arun293@okaxis,TXN0261120,850.00,,9265685.00
04/03/2024,04/03/2024,ATM/WDL/50599367/SBI ATM JAYANAGAR BLR,TXN0261121,79.00,,9265606.00
04/03/2024,04/03/2024,UPI/DR/73282747/RESHMA KHAN/SBIN0684317/reshma714@paytm,TXN0261122,1250.00,,9264356.00
04/03/2024,04/03/2024,NEFT/6682867102/KAVERI MENON/SBIN0684317/12898569091048,TXN0261123,,1200.00,9265556.00
04/03/2024,04/03/2024,UPI/DR/3880430324/DEEPAK JOSHI/SBIN0684317/deepak482@okaxis,TXN0261124,49.00,,9265507.00
05/03/2024,06/03/2024,NEFT/47237938/NIKHIL GUPTA/SBIN0684317/61612384664020,TXN0261125,,7600.00,9273107.00
05/03/2024,05/03/2024,UPI/DR/784590317101/KAVYA REDDY/SBIN0684317/kavya393@okaxis,TXN0261126,3499.00,,9269608.00
05/03/2024,05/03/2024,ATM/WDL/908380348042/HDFC ATM KORAMANGALA,TXN0261127,1250.00,,9268358.00
05/03/2024,05/03/2024,CHQ NO 175404 CLEARING,TXN0261128,310.00,,9268048.00
05/03/2024,05/03/2024,CASH DEPOSIT/BRANCH COUNTER/HITEC CITY HYDERABAD,TXN0261129,,850.00,9268898.00
06/03/2024,06/03/2024,CASH DEPOSIT/BRANCH COUNTER/HITEC CITY HYDERABAD,TXN0261130,,24000.00,9292898.00
06/03/2024,06/03/2024,NEFT/74142964/PREETHI IYER/SBIN0684317/10424499810170,TXN0261131,,4800.00,9297698.00
06/03/2024,06/03/2024,ATM/WDL/25452105/HDFC ATM KORAMANGALA,TXN0261132,5200.00,,9292498.00
06/03/2024,07/03/2024,UPI/DR/3023468631/TARA SINGH/SBIN0684317/tara571@ybl,TXN0261133,999.00,,9291499.00
06/03/2024,07/03/2024,CASH DEPOSIT/BRANCH COUNTER/HITEC CITY HYDERABAD,TXN0261134,,1200.00,9292699.00
06/03/2024,06/03/2024,CASH DEPOSIT/BRANCH COUNTER/HITEC CITY HYDERABAD,TXN0261135,,500.00,9293199.00
06/03/2024,06/03/2024,UPI/DR/731781127246/KAVYA REDDY/SBIN0684317/kavya313@okaxis,TXN0261136,699.00,,9292500.00
07/03/2024,08/03/2024,CASH DEPOSIT/BRANCH COUNTER/HITEC CITY HYDERABAD,TXN0261137,,7600.00,9300100.00
07/03/2024,07/03/2024,UPI/DR/77580342/PREETHI IYER/SBIN0684317/preethi792@okhdfc,TXN0261138,1250.00,,9298850.00
08/03/2024,08/03/2024,CHQ NO 191321 CLEARING,TXN0261139,49.00,,9298801.00
08/03/2024,09/03/2024,UPI/DR/8661760672/SURESH NAIR/SBIN0684317/suresh739@ybl,TXN0261140,7800.00,,9291001.00
08/03/2024,08/03/2024,NEFT/0133228353/KIRAN REDDY/SBIN0684317/51455117791441,TXN0261141,1250.00,,9289751.00
08/03/2024,08/03/2024,UPI/DR/904450848462/LATHA MURTHY/SBIN0684317/latha464@okhdfc,TXN0261142,3499.00,,9286252.00
08/03/2024,08/03/2024,UPI/DR/8391828288/USHA RANI/SBIN0684317/usha271@oksbi,TXN0261143,49.00,,9286203.00
08/03/2024,08/03/2024,IMPS/P2P/171353632374/KIRAN REDDY/8265304343,TXN0261144,,2500.00,9288703.00
08/03/2024,09/03/2024,UPI/DR/09453966/KARTHIK MENON/SBIN0684317/karthik719@paytm,TXN0261145,5200.00,,9283503.00
08/03/2024,08/03/2024,CASH DEPOSIT/BRANCH COUNTER/HITEC CITY HYDERABAD,TXN0261146,,11200.00,9294703.00
09/03/2024,09/03/2024,UPI/DR/08866049/SURESH BABU/SBIN0684317/suresh602@okhdfc,TXN0261147,79.00,,9294624.00
09/03/2024,09/03/2024,UPI/CR/7588370303/SURESH BABU/SBIN0684317/suresh734@ybl,TXN0261148,,24000.00,9318624.00
10/03/2024,10/03/2024,CHQ NO 255101 CLEARING,TXN0261149,850.00,,9317774.00
10/03/2024,10/03/2024,NEFT/464914296320/ARCHANA PILLAI/SBIN0684317/70074798943978,TXN0261150,5200.00,,9312574.00
10/03/2024,11/03/2024,UPI/DR/68648414/KIRAN REDDY/SBIN0684317/kiran691@oksbi,TXN0261151,7800.00,,9304774.00
10/03/2024,10/03/2024,UPI/DR/38923376/NADIA HUSSAIN/SBIN0684317/nadia873@ybl,TXN0261152,120.00,,9304654.00
11/03/2024,11/03/2024,IMPS/P2P/19964920/DIVYA MENON/8250810429,TXN0261153,,500.00,9305154.00
11/03/2024,11/03/2024,NEFT/3630540241/VINAY PATIL/SBIN0684317/28474595146856,TXN0261154,,850.00,9306004.00
11/03/2024,11/03/2024,UPI/CR/805491066714/ANITHA KRISHNAN/SBIN0684317/anitha254@paytm,TXN0261155,,2500.00,9308504.00
11/03/2024,11/03/2024,UPI/DR/02113233/VIKRAM NAIR/SBIN0684317/vikram734@oksbi,TXN0261156,699.00,,9307805.00
11/03/2024,11/03/2024,UPI/DR/7831242489/NAVEEN KUMAR/SBIN0684317/naveen678@okhdfc,TXN0261157,5200.00,,9302605.00
11/03/2024,11/03/2024,UPI/DR/74124884/TARA SINGH/SBIN0684317/tara577@ybl,TXN0261158,49.00,,9302556.00
12/03/2024,12/03/2024,UPI/CR/3476663046/HARISH MENON/SBIN0684317/harish249@oksbi,TXN0261159,,850.00,9303406.00
12/03/2024,13/03/2024,NEFT/026598256935/SNEHA PATIL/SBIN0684317/79419554095870,TXN0261160,449.00,,9302957.00
12/03/2024,13/03/2024,UPI/DR/3961200224/NIKHIL GUPTA/SBIN0684317/nikhil365@ybl,TXN0261161,310.00,,9302647.00
12/03/2024,12/03/2024,IMPS/P2P/379045542175/RAJESH VERMA/8518913543,TXN0261162,,500.00,9303147.00
12/03/2024,12/03/2024,ATM/WDL/693851114591/CANARA ATM MYSURU,TXN0261163,249.00,,9302898.00
12/03/2024,12/03/2024,CHQ NO 728867 CLEARING,TXN0261164,1680.00,,9301218.00
12/03/2024,12/03/2024,IMPS/P2P/706434883563/TANVI RAO/7623886030,TXN0261165,,24000.00,9325218.00
12/03/2024,12/03/2024,CHQ NO 740789 CLEARING,TXN0261166,1680.00,,9323538.00
13/03/2024,13/03/2024,IMPS/P2P/99753290/RAMESH PILLAI/7995349025,TXN0261167,,1200.00,9324738.00
13/03/2024,14/03/2024,UPI/DR/6848703546/RANJIT SINGH/SBIN0684317/ranjit133@paytm,TXN0261168,249.00,,9324489.00
13/03/2024,13/03/2024,UPI/DR/824441150190/PRIYA NAIR/SBIN0684317/priya818@paytm,TXN0261169,850.00,,9323639.00
13/03/2024,13/03/2024,UPI/DR/53960538/ANAND KUMAR/SBIN0684317/anand56@okhdfc,TXN0261170,5200.00,,9318439.00
13/03/2024,13/03/2024,NEFT/388122914086/SUSHMA RAO/SBIN0684317/48144997469314,TXN0261171,,32000.00,9350439.00
13/03/2024,13/03/2024,UPI/DR/682537149638/DIVYA MENON/SBIN0684317/divya422@oksbi,TXN0261172,3499.00,,9346940.00
13/03/2024,14/03/2024,ATM/WDL/9535065084/HDFC ATM KORAMANGALA,TXN0261173,5200.00,,9341740.00
14/03/2024,14/03/2024,CHQ NO 949988 CLEARING,TXN0261174,79.00,,9341661.00
14/03/2024,14/03/2024,NEFT/29983705/FATIMA SHEIKH/SBIN0684317/31313702153188,TXN0261175,,7600.00,9349261.00
14/03/2024,14/03/2024,IMPS/P2P/048822646038/HARISH MENON/8768292859,TXN0261176,,18500.00,9367761.00
14/03/2024,15/03/2024,NEFT/659864838201/RAMESH GOWDA/SBIN0684317/56090177806320,TXN0261177,120.00,,9367641.00
15/03/2024,15/03/2024,NEFT/5019975527/FARHAN KHAN/SBIN0684317/34704002222335,TXN0261178,850.00,,9366791.00
15/03/2024,15/03/2024,ATM/WDL/79166641/HDFC ATM KORAMANGALA,TXN0261179,310.00,,9366481.00
15/03/2024,15/03/2024,UPI/DR/91659084/LATHA MURTHY/SBIN0684317/latha544@oksbi,TXN0261180,5200.00,,9361281.00
15/03/2024,16/03/2024,ATM/WDL/8459737259/SBI ATM JAYANAGAR BLR,TXN0261181,1250.00,,9360031.00
15/03/2024,15/03/2024,NEFT/6700800677/TANVI RAO/SBIN0684317/75049066772494,TXN0261182,,11200.00,9371231.00
15/03/2024,15/03/2024,UPI/DR/005006153225/BINDHU NAIR/SBIN0684317/bindhu749@okaxis,TXN0261183,120.00,,9371111.00
15/03/2024,16/03/2024,CHQ NO 109772 CLEARING,TXN0261184,249.00,,9370862.00
16/03/2024,16/03/2024,UPI/DR/90927898/RAVI KUMAR SHARMA/SBIN0684317/ravi891@okhdfc,TXN0261185,850.00,,9370012.00
16/03/2024,16/03/2024,ATM/WDL/90291164/SBI ATM JAYANAGAR BLR,TXN0261186,1680.00,,9368332.00
16/03/2024,16/03/2024,CHQ NO 621745 CLEARING,TXN0261187,1680.00,,9366652.00
16/03/2024,17/03/2024,NEFT/2631589768/SMITHA PILLAI/SBIN0684317/93397418725086,TXN0261188,,4800.00,9371452.00
17/03/2024,18/03/2024,UPI/DR/6661623303/NILESH KULKARNI/SBIN0684317/nilesh899@oksbi,TXN0261189,2380.00,,9369072.00
17/03/2024,17/03/2024,ATM/WDL/16002005/HDFC ATM KORAMANGALA,TXN0261190,3499.00,,9365573.00
18/03/2024,18/03/2024,CHQ NO 277582 CLEARING,TXN0261191,5200.00,,9360373.00
18/03/2024,18/03/2024,ATM/WDL/2733847223/SBI ATM JAYANAGAR BLR,TXN0261192,249.00,,9360124.00
18/03/2024,18/03/2024,UPI/DR/06549858/RAMESH PILLAI/SBIN0684317/ramesh793@okhdfc,TXN0261193,449.00,,9359675.00
18/03/2024,18/03/2024,UPI/DR/7809511852/KAVITHA RAO/SBIN0684317/kavitha981@oksbi,TXN0261194,249.00,,9359426.00
18/03/2024,18/03/2024,UPI/DR/473744609960/GOPAL VERMA/SBIN0684317/gopal463@oksbi,TXN0261195,79.00,,9359347.00
18/03/2024,18/03/2024,NEFT/67499632/RAMESH GOWDA/SBIN0684317/90070985583379,TXN0261196,1680.00,,9357667.00
18/03/2024,18/03/2024,CASH DEPOSIT/BRANCH COUNTER/HITEC CITY HYDERABAD,TXN0261197,,7600.00,9365267.00
18/03/2024,18/03/2024,UPI/CR/562645772411/RAVI KUMAR SHARMA/SBIN0684317/ravi664@paytm,TXN0261198,,4800.00,9370067.00
19/03/2024,19/03/2024,ATM/WDL/5820476194/SBI ATM JAYANAGAR BLR,TXN0261199,699.00,,9369368.00
19/03/2024,20/03/2024,UPI/DR/365578903753/PRAKASH RAO/SBIN0684317/prakash326@oksbi,TXN0261200,5200.00,,9364168.00
19/03/2024,19/03/2024,UPI/DR/7069007945/PRAKASH RAO/SBIN0684317/prakash397@ybl,TXN0261201,7800.00,,9356368.00
20/03/2024,20/03/2024,NEFT/693149836507/SNEHA PATIL/SBIN0684317/06323039183042,TXN0261202,249.00,,9356119.00
20/03/2024,20/03/2024,UPI/DR/718095554786/RAMESH GOWDA/SBIN0684317/ramesh744@oksbi,TXN0261203,449.00,,9355670.00
20/03/2024,20/03/2024,UPI/DR/5386314722/LATHA MURTHY/SBIN0684317/latha678@ybl,TXN0261204,3499.00,,9352171.00
20/03/2024,21/03/2024,UPI/DR/014989961813/SANTOSH KUMAR/SBIN0684317/santosh369@paytm,TXN0261205,3499.00,,9348672.00
20/03/2024,20/03/2024,CHQ NO 127397 CLEARING,TXN0261206,2380.00,,9346292.00
20/03/2024,20/03/2024,IMPS/P2P/02619059/LAKSHMI VENKAT/7775916864,TXN0261207,,32000.00,9378292.00
20/03/2024,20/03/2024,UPI/DR/20845378/ARUN SHARMA/SBIN0684317/arun84@oksbi,TXN0261208,449.00,,9377843.00
21/03/2024,21/03/2024,CHQ NO 096073 CLEARING,TXN0261209,7800.00,,9370043.00
21/03/2024,22/03/2024,UPI/DR/353934482572/SMITHA PILLAI/SBIN0684317/smitha924@oksbi,TXN0261210,1250.00,,9368793.00
21/03/2024,22/03/2024,UPI/CR/48779417/SURESH BABU/SBIN0684317/suresh58@oksbi,TXN0261211,,1200.00,9369993.00
22/03/2024,22/03/2024,UPI/DR/57911902/NILESH KULKARNI/SBIN0684317/nilesh454@okaxis,TXN0261212,79.00,,9369914.00
22/03/2024,22/03/2024,CHQ NO 101683 CLEARING,TXN0261213,310.00,,9369604.00
22/03/2024,22/03/2024,CASH DEPOSIT/BRANCH COUNTER/HITEC CITY HYDERABAD,TXN0261214,,18500.00,9388104.00
22/03/2024,22/03/2024,UPI/DR/3859775602/RESHMA KHAN/SBIN0684317/reshma240@oksbi,TXN0261215,3499.00,,9384605.00
22/03/2024,23/03/2024,IMPS/P2P/663395578578/KAVERI MENON/8422838686,TXN0261216,,2500.00,9387105.00
23/03/2024,24/03/2024,IMPS/P2P/04634189/SURESH BABU/9230518509,TXN0261217,,11200.00,9398305.00
23/03/2024,23/03/2024,NEFT/111064761236/PRAKASH RAO/SBIN0684317/56696381328891,TXN0261218,,7600.00,9405905.00
23/03/2024,23/03/2024,IMPS/P2P/309381013902/SANTOSH KUMAR/7553671998,TXN0261219,,18500.00,9424405.00
24/03/2024,24/03/2024,CHQ NO 301732 CLEARING,TXN0261220,1680.00,,9422725.00
24/03/2024,24/03/2024,UPI/CR/9070163941/SANJANA HEGDE/SBIN0684317/sanjana880@oksbi,TXN0261221,,4800.00,9427525.00
24/03/2024,24/03/2024,UPI/DR/04826487/ROHIT SHARMA/SBIN0684317/rohit738@ybl,TXN0261222,79.00,,9427446.00
24/03/2024,24/03/2024,CHQ NO 698990 CLEARING,TXN0261223,850.00,,9426596.00
24/03/2024,24/03/2024,ATM/WDL/5053507947/HDFC ATM KORAMANGALA,TXN0261224,699.00,,9425897.00
24/03/2024,24/03/2024,UPI/CR/524334952978/ADITYA KUMAR/SBIN0684317/aditya744@paytm,TXN0261225,,32000.00,9457897.00
24/03/2024,24/03/2024,CASH DEPOSIT/BRANCH COUNTER/HITEC CITY HYDERABAD,TXN0261226,,32000.00,9489897.00
25/03/2024,25/03/2024,NEFT/374251979631/PRIYA NAIR/SBIN0684317/99668486587465,TXN0261227,310.00,,9489587.00
25/03/2024,26/03/2024,IMPS/P2P/5872699566/IMRAN KHAN/7957768668,TXN0261228,,850.00,9490437.00
25/03/2024,25/03/2024,NEFT/9273911631/GOPAL VERMA/SBIN0684317/44927270339003,TXN0261229,,32000.00,9522437.00
25/03/2024,25/03/2024,NEFT/1818960781/SUSHMA RAO/SBIN0684317/13653395162066,TXN0261230,310.00,,9522127.00
25/03/2024,25/03/2024,NEFT/89216466/GANESH KUMAR/SBIN0684317/95364597506987,TXN0261231,850.00,,9521277.00
26/03/2024,26/03/2024,NEFT/0805597805/VENKAT RAO/SBIN0684317/13671588105991,TXN0261232,,18500.00,9539777.00
26/03/2024,26/03/2024,CHQ NO 592876 CLEARING,TXN0261233,5200.00,,9534577.00
26/03/2024,26/03/2024,NEFT/411320066535/MOHAN DAS/SBIN0684317/73393493005865,TXN0261234,,18500.00,9553077.00
26/03/2024,26/03/2024,NEFT/4542930108/ARJUN MEHTA/SBIN0684317/03646428060521,TXN0261235,1250.00,,9551827.00
26/03/2024,26/03/2024,CHQ NO 227469 CLEARING,TXN0261236,120.00,,9551707.00
26/03/2024,26/03/2024,UPI/CR/1483390237/KIRAN REDDY/SBIN0684317/kiran644@okhdfc,TXN0261237,,24000.00,9575707.00
26/03/2024,26/03/2024,CASH DEPOSIT/BRANCH COUNTER/HITEC CITY HYDERABAD,TXN0261238,,24000.00,9599707.00
27/03/2024,27/03/2024,CASH DEPOSIT/BRANCH COUNTER/HITEC CITY HYDERABAD,TXN0261239,,32000.00,9631707.00
27/03/2024,27/03/2024,UPI/DR/238329937941/MOHAN DAS/SBIN0684317/mohan292@ybl,TXN0261240,5200.00,,9626507.00
27/03/2024,27/03/2024,UPI/DR/17340877/LAKSHMI VENKAT/SBIN0684317/lakshmi475@oksbi,TXN0261241,449.00,,9626058.00
27/03/2024,27/03/2024,NEFT/374557318968/SURESH BABU/SBIN0684317/20774537898155,TXN0261242,449.00,,9625609.00
27/03/2024,27/03/2024,UPI/DR/767731646147/BINDHU NAIR/SBIN0684317/bindhu81@ybl,TXN0261243,2380.00,,9623229.00
27/03/2024,28/03/2024,UPI/DR/2459136073/LALITHA DEVI/SBIN0684317/lalitha817@paytm,TXN0261244,2380.00,,9620849.00
28/03/2024,28/03/2024,ATM/WDL/631325200491/SBI ATM JAYANAGAR BLR,TXN0261245,49.00,,9620800.00
28/03/2024,28/03/2024,CHQ NO 124864 CLEARING,TXN0261246,449.00,,9620351.00
29/03/2024,29/03/2024,NEFT/945848480945/SANJANA HEGDE/SBIN0684317/77173277968806,TXN0261247,,4800.00,9625151.00
29/03/2024,29/03/2024,NEFT/53628008/RAJENDRA PRASAD/SBIN0684317/26981303796290,TXN0261248,850.00,,9624301.00
29/03/2024,29/03/2024,NEFT/2016471963/DEEPA NAIR/SBIN0684317/19088987349797,TXN0261249,,11200.00,9635501.00
29/03/2024,29/03/2024,ATM/WDL/046166353664/HDFC ATM KORAMANGALA,TXN0261250,1250.00,,9634251.00
29/03/2024,29/03/2024,CASH DEPOSIT/BRANCH COUNTER/HITEC CITY HYDERABAD,TXN0261251,,4800.00,9639051.00
29/03/2024,29/03/2024,UPI/DR/7045016630/MOHAMMED IRFAN/SBIN0684317/mohammed988@okhdfc,TXN0261252,120.00,,9638931.00
29/03/2024,29/03/2024,ATM/WDL/7770626445/SBI ATM JAYANAGAR BLR,TXN0261253,249.00,,9638682.00
29/03/2024,30/03/2024,CHQ NO 247763 CLEARING,TXN0261254,310.00,,9638372.00
29/03/2024,30/03/2024,UPI/DR/33038713/ARUN SHARMA/SBIN0684317/arun895@paytm,TXN0261255,120.00,,9638252.00
30/03/2024,30/03/2024,CHQ NO 327144 CLEARING,TXN0261256,79.00,,9638173.00
30/03/2024,30/03/2024,CASH DEPOSIT/BRANCH COUNTER/HITEC CITY HYDERABAD,TXN0261257,,7600.00,9645773.00
30/03/2024,30/03/2024,IMPS/P2P/36450453/BINDHU NAIR/9308112765,TXN0261258,,2500.00,9648273.00
30/03/2024,31/03/2024,NEFT/975221038263/DEEPAK JOSHI/SBIN0684317/13519878918875,TXN0261259,,24000.00,9672273.00
30/03/2024,30/03/2024,ATM/WDL/30092347/CANARA ATM MYSURU,TXN0261260,310.00,,9671963.00
30/03/2024,31/03/2024,UPI/DR/4041353144/GOPAL VERMA/SBIN0684317/gopal915@paytm,TXN0261261,1250.00,,9670713.00
30/03/2024,30/03/2024,ATM/WDL/8169810430/HDFC ATM KORAMANGALA,TXN0261262,1680.00,,9669033.00
30/03/2024,30/03/2024,UPI/DR/30950030/RAMESH GOWDA/SBIN0684317/ramesh917@okaxis,TXN0261263,5200.00,,9663833.00
30/03/2024,30/03/2024,UPI/DR/61040975/LAKSHMI VENKAT/SBIN0684317/lakshmi763@ybl,TXN0261264,79.00,,9663754.00
31/03/2024,01/04/2024,NEFT/8232555446/NILESH KULKARNI/SBIN0684317/63562832430830,TXN0261265,,2500.00,9666254.00
01/04/2024,01/04/2024,IMPS/P2P/69400003/KAVITHA RAO/9405936758,TXN0261266,,500.00,9666754.00
01/04/2024,01/04/2024,NEFT/1974213967/SHEELA DEVI/SBIN0684317/20448222565336,TXN0261267,79.00,,9666675.00
01/04/2024,01/04/2024,NEFT/41471761/ARJUN MEHTA/SBIN0684317/60893273426948,TXN0261268,,500.00,9667175.00
02/04/2024,02/04/2024,UPI/DR/4297112386/TARA SINGH/SBIN0684317/tara951@okaxis,TXN0261269,5200.00,,9661975.00
02/04/2024,02/04/2024,NEFT/096752445086/PADMA RAO/SBIN0684317/36763923508678,TXN0261270,,18500.00,9680475.00
02/04/2024,02/04/2024,UPI/DR/61108310/SUNIL YADAV/SBIN0684317/sunil750@okhdfc,TXN0261271,3499.00,,9676976.00
02/04/2024,02/04/2024,NEFT/6810545624/LAKSHMI VENKAT/SBIN0684317/18425694317822,TXN0261272,,11200.00,9688176.00
03/04/2024,03/04/2024,UPI/DR/604041080486/RANJIT SINGH/SBIN0684317/ranjit209@ybl,TXN0261273,5200.00,,9682976.00
03/04/2024,03/04/2024,CHQ NO 168313 CLEARING,TXN0261274,3499.00,,9679477.00
03/04/2024,03/04/2024,NEFT/7067925180/AYESHA KHAN/SBIN0684317/78231616489711,TXN0261275,,2500.00,9681977.00
03/04/2024,03/04/2024,NEFT/847361799316/SUNIL YADAV/SBIN0684317/66671856742246,TXN0261276,3499.00,,9678478.00
03/04/2024,04/04/2024,CASH DEPOSIT/BRANCH COUNTER/HITEC CITY HYDERABAD,TXN0261277,,7600.00,9686078.00
04/04/2024,04/04/2024,UPI/DR/4656878352/POOJA SHARMA/SBIN0684317/pooja507@okaxis,TXN0261278,1680.00,,9684398.00
04/04/2024,04/04/2024,UPI/DR/85815138/LALITHA DEVI/SBIN0684317/lalitha448@oksbi,TXN0261279,79.00,,9684319.00
04/04/2024,04/04/2024,ATM/WDL/913185598602/HDFC ATM KORAMANGALA,TXN0261280,5200.00,,9679119.00
04/04/2024,05/04/2024,CHQ NO 678641 CLEARING,TXN0261281,2380.00,,9676739.00
04/04/2024,04/04/2024,UPI/DR/26557669/RAMESH GOWDA/SBIN0684317/ramesh922@ybl,TXN0261282,449.00,,9676290.00
05/04/2024,06/04/2024,ATM/WDL/347432156846/CANARA ATM MYSURU,TXN0261283,49.00,,9676241.00
06/04/2024,06/04/2024,NEFT/67092259/IMRAN KHAN/SBIN0684317/66950488964508,TXN0261284,1680.00,,9674561.00
06/04/2024,06/04/2024,CHQ NO 015018 CLEARING,TXN0261285,999.00,,9673562.00
06/04/2024,06/04/2024,NEFT/7900888716/VIKRAM NAIR/SBIN0684317/76409194294834,TXN0261286,310.00,,9673252.00
07/04/2024,07/04/2024,UPI/DR/841626870251/ARCHANA PILLAI/SBIN0684317/archana370@okaxis,TXN0261287,699.00,,9672553.00
07/04/2024,08/04/2024,UPI/DR/149762633803/ARJUN MEHTA/SBIN0684317/arjun202@ybl,TXN0261288,49.00,,9672504.00
07/04/2024,07/04/2024,IMPS/P2P/4075292590/ARJUN MEHTA/9680875507,TXN0261289,,2500.00,9675004.00
07/04/2024,07/04/2024,NEFT/07787796/PADMA RAO/SBIN0684317/53219622165421,TXN0261290,,7600.00,9682604.00
08/04/2024,09/04/2024,UPI/DR/492369900843/USHA RANI/SBIN0684317/usha134@okaxis,TXN0261291,79.00,,9682525.00
08/04/2024,09/04/2024,UPI/DR/05486306/RAMESH PILLAI/SBIN0684317/ramesh823@ybl,TXN0261292,5200.00,,9677325.00
08/04/2024,08/04/2024,NEFT/37204055/KAVYA REDDY/SBIN0684317/30184226173394,TXN0261293,310.00,,9677015.00
08/04/2024,08/04/2024,NEFT/59101297/NIKHIL GUPTA/SBIN0684317/54299711697102,TXN0261294,120.00,,9676895.00
09/04/2024,09/04/2024,IMPS/P2P/85016959/CHANDAN SHARMA/9483266609,TXN0261295,,850.00,9677745.00
09/04/2024,09/04/2024,UPI/DR/1113157072/ARCHANA PILLAI/SBIN0684317/archana65@oksbi,TXN0261296,2380.00,,9675365.00
09/04/2024,10/04/2024,UPI/DR/649062682781/KAVITHA RAO/SBIN0684317/kavitha243@okhdfc,TXN0261297,2380.00,,9672985.00
09/04/2024,09/04/2024,CHQ NO 237844 CLEARING,TXN0261298,449.00,,9672536.00
09/04/2024,09/04/2024,NEFT/882715991523/TANVI RAO/SBIN0684317/85615109540056,TXN0261299,999.00,,9671537.00
09/04/2024,09/04/2024,CASH DEPOSIT/BRANCH COUNTER/HITEC CITY HYDERABAD,TXN0261300,,11200.00,9682737.00
09/04/2024,09/04/2024,NEFT/96458116/LATHA MURTHY/SBIN0684317/02759864679822,TXN0261301,1680.00,,9681057.00
10/04/2024,11/04/2024,UPI/DR/88147009/FARHAN KHAN/SBIN0684317/farhan817@okhdfc,TXN0261302,49.00,,9681008.00
10/04/2024,10/04/2024,ATM/WDL/308906414626/CANARA ATM MYSURU,TXN0261303,5200.00,,9675808.00
10/04/2024,10/04/2024,CASH DEPOSIT/BRANCH COUNTER/HITEC CITY HYDERABAD,TXN0261304,,850.00,9676658.00
10/04/2024,10/04/2024,UPI/DR/30836140/VINAY PATIL/SBIN0684317/vinay405@ybl,TXN0261305,449.00,,9676209.00
10/04/2024,10/04/2024,NEFT/9288863855/DEEPAK JOSHI/SBIN0684317/75414054471531,TXN0261306,,4800.00,9681009.00
10/04/2024,11/04/2024,UPI/CR/5772082678/SHEELA DEVI/SBIN0684317/sheela206@oksbi,TXN0261307,,18500.00,9699509.00
10/04/2024,10/04/2024,NEFT/70766415/PRAKASH RAO/SBIN0684317/58163601861782,TXN0261308,7800.00,,9691709.00
11/04/2024,11/04/2024,UPI/DR/00975697/PRAKASH RAO/SBIN0684317/prakash105@ybl,TXN0261309,7800.00,,9683909.00
11/04/2024,11/04/2024,CHQ NO 489210 CLEARING,TXN0261310,449.00,,9683460.00
11/04/2024,11/04/2024,NEFT/6948283082/RAMESH GOWDA/SBIN0684317/27839400240681,TXN0261311,,24000.00,9707460.00
11/04/2024,11/04/2024,UPI/CR/3895193000/AYESHA KHAN/SBIN0684317/ayesha731@ybl,TXN0261312,,4800.00,9712260.00
11/04/2024,12/04/2024,UPI/CR/722685752783/SANTOSH KUMAR/SBIN0684317/santosh295@okaxis,TXN0261313,,850.00,9713110.00
11/04/2024,11/04/2024,CHQ NO 127998 CLEARING,TXN0261314,1250.00,,9711860.00
12/04/2024,12/04/2024,UPI/DR/52292657/HARISH MENON/SBIN0684317/harish66@okhdfc,TXN0261315,310.00,,9711550.00
12/04/2024,12/04/2024,CASH DEPOSIT/BRANCH COUNTER/HITEC CITY HYDERABAD,TXN0261316,,4800.00,9716350.00
12/04/2024,12/04/2024,NEFT/7290040764/BABU LAL/SBIN0684317/34444628176509,TXN0261317,79.00,,9716271.00
12/04/2024,12/04/2024,CASH DEPOSIT/BRANCH COUNTER/HITEC CITY HYDERABAD,TXN0261318,,32000.00,9748271.00
12/04/2024,12/04/2024,IMPS/P2P/1211435747/SHEELA DEVI/7383288903,TXN0261319,,11200.00,9759471.00
12/04/2024,12/04/2024,CHQ NO 854488 CLEARING,TXN0261320,310.00,,9759161.00
12/04/2024,13/04/2024,UPI/CR/6688304183/SUNIL YADAV/SBIN0684317/sunil508@okhdfc,TXN0261321,,500.00,9759661.00
12/04/2024,12/04/2024,NEFT/77672800/MOHAMMED IRFAN/SBIN0684317/78056547447941,TXN0261322,3499.00,,9756162.00
12/04/2024,13/04/2024,UPI/DR/7401192754/KAVITHA RAO/SBIN0684317/kavitha102@ybl,TXN0261323,5200.00,,9750962.00
13/04/2024,13/04/2024,NEFT/0004711143/PADMA RAO/SBIN0684317/00787988610316,TXN0261324,699.00,,9750263.00
13/04/2024,14/04/2024,UPI/DR/40733374/HARISH MENON/SBIN0684317/harish334@okaxis,TXN0261325,999.00,,9749264.00
13/04/2024,13/04/2024,NEFT/6318111943/RAJENDRA PRASAD/SBIN0684317/02046625951722,TXN0261326,310.00,,9748954.00
13/04/2024,14/04/2024,IMPS/P2P/971971884599/RAJESH VERMA/7626072913,TXN0261327,,1200.00,9750154.00
13/04/2024,13/04/2024,NEFT/355731047064/GOPAL VERMA/SBIN0684317/01145532472973,TXN0261328,,24000.00,9774154.00
13/04/2024,13/04/2024,CHQ NO 748791 CLEARING,TXN0261329,249.00,,9773905.00
13/04/2024,14/04/2024,UPI/DR/96784175/MOHAMMED IRFAN/SBIN0684317/mohammed560@okaxis,TXN0261330,120.00,,9773785.00
13/04/2024,13/04/2024,CHQ NO 127193 CLEARING,TXN0261331,699.00,,9773086.00
14/04/2024,14/04/2024,NEFT/3833904207/PREETHI IYER/SBIN0684317/35939391469963,TXN0261332,,1200.00,9774286.00
14/04/2024,14/04/2024,NEFT/971907028780/SHEELA DEVI/SBIN0684317/89116318304367,TXN0261333,1680.00,,9772606.00
14/04/2024,14/04/2024,UPI/DR/95231118/RANJIT SINGH/SBIN0684317/ranjit115@okhdfc,TXN0261334,49.00,,9772557.00
15/04/2024,16/04/2024,NEFT/310960743681/PRAKASH RAO/SBIN0684317/00518711071513,TXN0261335,,18500.00,9791057.00
15/04/2024,15/04/2024,UPI/CR/79299472/KIRAN REDDY/SBIN0684317/kiran797@okaxis,TXN0261336,,500.00,9791557.00
15/04/2024,15/04/2024,UPI/DR/243126679098/ANAND KUMAR/SBIN0684317/anand115@okaxis,TXN0261337,79.00,,9791478.00
15/04/2024,16/04/2024,NEFT/4759923271/RAJENDRA PRASAD/SBIN0684317/04851606418028,TXN0261338,79.00,,9791399.00
15/04/2024,15/04/2024,NEFT/2232015444/FATIMA SHEIKH/SBIN0684317/65154432016264,TXN0261339,699.00,,9790700.00
15/04/2024,15/04/2024,CASH DEPOSIT/BRANCH COUNTER/HITEC CITY HYDERABAD,TXN0261340,,4800.00,9795500.00
15/04/2024,15/04/2024,UPI/DR/162416315605/PREETHI IYER/SBIN0684317/preethi307@paytm,TXN0261341,79.00,,9795421.00
16/04/2024,16/04/2024,IMPS/P2P/14310893/DIVYA MENON/8792579934,TXN0261342,,2500.00,9797921.00
16/04/2024,16/04/2024,NEFT/39470469/SHAHID KHAN/SBIN0684317/96663350484991,TXN0261343,,1200.00,9799121.00
16/04/2024,16/04/2024,UPI/DR/14107750/VIKRAM NAIR/SBIN0684317/vikram785@okaxis,TXN0261344,249.00,,9798872.00
16/04/2024,16/04/2024,NEFT/525936816372/PADMA RAO/SBIN0684317/51902759567462,TXN0261345,49.00,,9798823.00
17/04/2024,17/04/2024,NEFT/1280104090/IMRAN KHAN/SBIN0684317/14333890387639,TXN0261346,,850.00,9799673.00
17/04/2024,17/04/2024,NEFT/5059123094/CHANDAN SHARMA/SBIN0684317/93357532227922,TXN0261347,999.00,,9798674.00
17/04/2024,18/04/2024,IMPS/P2P/663732298226/CHANDAN SHARMA/7895477069,TXN0261348,,2500.00,9801174.00
17/04/2024,17/04/2024,UPI/DR/8261942046/USHA RANI/SBIN0684317/usha397@paytm,TXN0261349,850.00,,9800324.00
17/04/2024,18/04/2024,NEFT/859432876885/RAMESH PILLAI/SBIN0684317/20823638905827,TXN0261350,120.00,,9800204.00
18/04/2024,18/04/2024,CHQ NO 346399 CLEARING,TXN0261351,850.00,,9799354.00
18/04/2024,18/04/2024,NEFT/248690678983/ADITYA KUMAR/SBIN0684317/82554353954177,TXN0261352,49.00,,9799305.00
18/04/2024,18/04/2024,UPI/DR/68324957/BABU LAL/SBIN0684317/babu76@okaxis,TXN0261353,7800.00,,9791505.00
18/04/2024,18/04/2024,UPI/CR/4673887295/SUNIL YADAV/SBIN0684317/sunil190@okaxis,TXN0261354,,500.00,9792005.00
18/04/2024,18/04/2024,ATM/WDL/10541014/SBI ATM JAYANAGAR BLR,TXN0261355,1250.00,,9790755.00
19/04/2024,19/04/2024,UPI/CR/600001203783/LATHA MURTHY/SBIN0684317/latha410@okaxis,TXN0261356,,500.00,9791255.00
19/04/2024,19/04/2024,UPI/DR/483557129810/ARUN SHARMA/SBIN0684317/arun798@paytm,TXN0261357,7800.00,,9783455.00
19/04/2024,19/04/2024,UPI/DR/68297335/PRIYA NAIR/SBIN0684317/priya175@okaxis,TXN0261358,310.00,,9783145.00
19/04/2024,19/04/2024,IMPS/P2P/9416303933/GEETA DEVI/9619748145,TXN0261359,,11200.00,9794345.00
19/04/2024,19/04/2024,UPI/DR/653170829958/POOJA SHARMA/SBIN0684317/pooja683@okaxis,TXN0261360,249.00,,9794096.00
19/04/2024,19/04/2024,UPI/DR/449934161456/NAVEEN KUMAR/SBIN0684317/naveen572@okhdfc,TXN0261361,79.00,,9794017.00
20/04/2024,20/04/2024,UPI/DR/3512402285/SANTOSH KUMAR/SBIN0684317/santosh733@ybl,TXN0261362,699.00,,9793318.00
20/04/2024,20/04/2024,UPI/CR/49652416/VIKRAM NAIR/SBIN0684317/vikram486@paytm,TXN0261363,,4800.00,9798118.00
20/04/2024,20/04/2024,IMPS/P2P/4266608691/IMRAN KHAN/9578908483,TXN0261364,,1200.00,9799318.00
20/04/2024,20/04/2024,UPI/CR/086562820036/MEERA PILLAI/SBIN0684317/meera801@okhdfc,TXN0261365,,24000.00,9823318.00
20/04/2024,20/04/2024,UPI/DR/6080851680/KAVITHA RAO/SBIN0684317/kavitha556@okaxis,TXN0261366,999.00,,9822319.00
20/04/2024,20/04/2024,UPI/DR/18446560/TARA SINGH/SBIN0684317/tara840@okaxis,TXN0261367,49.00,,9822270.00
20/04/2024,20/04/2024,CHQ NO 414684 CLEARING,TXN0261368,1250.00,,9821020.00
20/04/2024,20/04/2024,ATM/WDL/9237381096/HDFC ATM KORAMANGALA,TXN0261369,249.00,,9820771.00
20/04/2024,21/04/2024,IMPS/P2P/67409818/ARJUN MEHTA/8534814201,TXN0261370,,2500.00,9823271.00
21/04/2024,21/04/2024,ATM/WDL/91944925/HDFC ATM KORAMANGALA,TXN0261371,1250.00,,9822021.00
21/04/2024,21/04/2024,CHQ NO 496950 CLEARING,TXN0261372,1680.00,,9820341.00
21/04/2024,21/04/2024,UPI/DR/0394899874/DEEPAK JOSHI/SBIN0684317/deepak736@ybl,TXN0261373,850.00,,9819491.00
21/04/2024,21/04/2024,NEFT/29681332/FATIMA SHEIKH/SBIN0684317/48582870725911,TXN0261374,120.00,,9819371.00
21/04/2024,21/04/2024,UPI/DR/549607874392/TARA SINGH/SBIN0684317/tara913@ybl,TXN0261375,49.00,,9819322.00
21/04/2024,22/04/2024,IMPS/P2P/081559426140/MEERA PILLAI/9214470526,TXN0261376,,7600.00,9826922.00
22/04/2024,22/04/2024,UPI/DR/766007382661/VINAY PATIL/SBIN0684317/vinay856@okaxis,TXN0261377,699.00,,9826223.00
22/04/2024,22/04/2024,CASH DEPOSIT/BRANCH COUNTER/HITEC CITY HYDERABAD,TXN0261378,,500.00,9826723.00
23/04/2024,23/04/2024,NEFT/585479924892/MOHAN DAS/SBIN0684317/00996877886235,TXN0261379,,1200.00,9827923.00
23/04/2024,23/04/2024,UPI/DR/720094651457/SNEHA PATIL/SBIN0684317/sneha181@ybl,TXN0261380,49.00,,9827874.00
23/04/2024,23/04/2024,NEFT/483125820528/GOPAL VERMA/SBIN0684317/13686368962691,TXN0261381,,24000.00,9851874.00
23/04/2024,24/04/2024,NEFT/87551151/IMRAN KHAN/SBIN0684317/27283337335806,TXN0261382,699.00,,9851175.00
23/04/2024,24/04/2024,NEFT/400302589832/RAMESH PILLAI/SBIN0684317/49095932701513,TXN0261383,1680.00,,9849495.00
23/04/2024,23/04/2024,NEFT/59216250/RESHMA KHAN/SBIN0684317/22058666298556,TXN0261384,120.00,,9849375.00
23/04/2024,23/04/2024,CHQ NO 506109 CLEARING,TXN0261385,850.00,,9848525.00
24/04/2024,24/04/2024,UPI/DR/84882922/ADITYA KUMAR/SBIN0684317/aditya483@okaxis,TXN0261386,1250.00,,9847275.00
24/04/2024,25/04/2024,CASH DEPOSIT/BRANCH COUNTER/HITEC CITY HYDERABAD,TXN0261387,,4800.00,9852075.00
24/04/2024,24/04/2024,UPI/DR/987824756368/NIKHIL GUPTA/SBIN0684317/nikhil439@oksbi,TXN0261388,5200.00,,9846875.00
25/04/2024,26/04/2024,UPI/CR/59210832/RAJESH VERMA/SBIN0684317/rajesh766@okhdfc,TXN0261389,,2500.00,9849375.00
25/04/2024,25/04/2024,CASH DEPOSIT/BRANCH COUNTER/HITEC CITY HYDERABAD,TXN0261390,,24000.00,9873375.00
25/04/2024,25/04/2024,NEFT/0447715210/SUNIL YADAV/SBIN0684317/24204177082472,TXN0261391,7800.00,,9865575.00
26/04/2024,26/04/2024,UPI/CR/49633489/PADMA RAO/SBIN0684317/padma944@ybl,TXN0261392,,500.00,9866075.00
26/04/2024,27/04/2024,UPI/DR/42327689/RESHMA KHAN/SBIN0684317/reshma16@ybl,TXN0261393,1680.00,,9864395.00
26/04/2024,27/04/2024,UPI/DR/4295647491/SHEELA DEVI/SBIN0684317/sheela177@okhdfc,TXN0261394,1680.00,,9862715.00
26/04/2024,27/04/2024,UPI/CR/624100257144/KARTHIK MENON/SBIN0684317/karthik302@ybl,TXN0261395,,850.00,9863565.00
26/04/2024,26/04/2024,UPI/DR/5892192349/RAVI KUMAR SHARMA/SBIN0684317/ravi700@ybl,TXN0261396,1680.00,,9861885.00
26/04/2024,26/04/2024,IMPS/P2P/37889351/GANESH KUMAR/9544678932,TXN0261397,,850.00,9862735.00
26/04/2024,27/04/2024,UPI/CR/869684904915/FATIMA SHEIKH/SBIN0684317/fatima539@oksbi,TXN0261398,,18500.00,9881235.00
26/04/2024,27/04/2024,IMPS/P2P/53599066/POOJA SHARMA/7153763049,TXN0261399,,850.00,9882085.00
26/04/2024,26/04/2024,UPI/DR/7506604430/HARISH MENON/SBIN0684317/harish782@ybl,TXN0261400,850.00,,9881235.00
26/04/2024,26/04/2024,NEFT/7285226762/BINDHU NAIR/SBIN0684317/72888071968210,TXN0261401,,18500.00,9899735.00
27/04/2024,28/04/2024,UPI/DR/26793989/RAJESH VERMA/SBIN0684317/rajesh327@ybl,TXN0261402,1250.00,,9898485.00
27/04/2024,27/04/2024,ATM/WDL/3520964695/CANARA ATM MYSURU,TXN0261403,7800.00,,9890685.00
27/04/2024,27/04/2024,NEFT/08157207/MEERA PILLAI/SBIN0684317/37072908063308,TXN0261404,2380.00,,9888305.00
27/04/2024,27/04/2024,ATM/WDL/43352432/SBI ATM JAYANAGAR BLR,TXN0261405,7800.00,,9880505.00
27/04/2024,27/04/2024,UPI/CR/7130306587/MOHAN DAS/SBIN0684317/mohan994@okhdfc,TXN0261406,,7600.00,9888105.00
28/04/2024,28/04/2024,ATM/WDL/761463953335/SBI ATM JAYANAGAR BLR,TXN0261407,850.00,,9887255.00
28/04/2024,29/04/2024,UPI/DR/592270238454/BABU LAL/SBIN0684317/babu185@ybl,TXN0261408,3499.00,,9883756.00
28/04/2024,28/04/2024,CHQ NO 330608 CLEARING,TXN0261409,999.00,,9882757.00
28/04/2024,28/04/2024,NEFT/0248209426/SUNIL YADAV/SBIN0684317/90983507727529,TXN0261410,,1200.00,9883957.00
28/04/2024,29/04/2024,ATM/WDL/81499426/SBI ATM JAYANAGAR BLR,TXN0261411,120.00,,9883837.00
29/04/2024,29/04/2024,CASH DEPOSIT/BRANCH COUNTER/HITEC CITY HYDERABAD,TXN0261412,,7600.00,9891437.00
30/04/2024,30/04/2024,CHQ NO 045786 CLEARING,TXN0261413,49.00,,9891388.00
30/04/2024,30/04/2024,ATM/WDL/94933847/HDFC ATM KORAMANGALA,TXN0261414,449.00,,9890939.00
30/04/2024,30/04/2024,UPI/DR/66660382/ADITYA KUMAR/SBIN0684317/aditya113@okhdfc,TXN0261415,5200.00,,9885739.00
30/04/2024,01/05/2024,NEFT/83081632/ARCHANA PILLAI/SBIN0684317/96135083802386,TXN0261416,5200.00,,9880539.00
30/04/2024,30/04/2024,UPI/DR/5507954510/SUNITA DEVI/SBIN0684317/sunita737@okaxis,TXN0261417,249.00,,9880290.00
30/04/2024,30/04/2024,NEFT/64912729/NIKHIL GUPTA/SBIN0684317/55401651458692,TXN0261418,7800.00,,9872490.00
01/05/2024,01/05/2024,NEFT/949490898194/MOHAMMED IRFAN/SBIN0684317/40872628609652,TXN0261419,,4800.00,9877290.00
01/05/2024,02/05/2024,UPI/DR/312080317302/KARTHIK MENON/SBIN0684317/karthik132@okaxis,TXN0261420,1680.00,,9875610.00
01/05/2024,01/05/2024,NEFT/665744187744/NIKHIL GUPTA/SBIN0684317/44027825945113,TXN0261421,,2500.00,9878110.00
01/05/2024,02/05/2024,UPI/DR/96672662/DEEPA NAIR/SBIN0684317/deepa34@ybl,TXN0261422,850.00,,9877260.00
01/05/2024,01/05/2024,IMPS/P2P/621464516804/RAVI KUMAR SHARMA/7447825175,TXN0261423,,18500.00,9895760.00
01/05/2024,02/05/2024,UPI/DR/16207046/SHAHID KHAN/SBIN0684317/shahid922@ybl,TXN0261424,3499.00,,9892261.00
02/05/2024,03/05/2024,IMPS/P2P/22643055/SANJANA HEGDE/7941071554,TXN0261425,,4800.00,9897061.00
02/05/2024,03/05/2024,NEFT/854573025035/PRAKASH RAO/SBIN0684317/84729994569877,TXN0261426,,24000.00,9921061.00
02/05/2024,02/05/2024,UPI/DR/34033722/KAVERI MENON/SBIN0684317/kaveri493@paytm,TXN0261427,79.00,,9920982.00
02/05/2024,02/05/2024,CASH DEPOSIT/BRANCH COUNTER/HITEC CITY HYDERABAD,TXN0261428,,500.00,9921482.00
02/05/2024,02/05/2024,CHQ NO 555755 CLEARING,TXN0261429,310.00,,9921172.00
03/05/2024,04/05/2024,CASH DEPOSIT/BRANCH COUNTER/HITEC CITY HYDERABAD,TXN0261430,,2500.00,9923672.00
04/05/2024,05/05/2024,CHQ NO 652227 CLEARING,TXN0261431,1680.00,,9921992.00
04/05/2024,05/05/2024,NEFT/628940682870/SUNITA DEVI/SBIN0684317/96206496474954,TXN0261432,7800.00,,9914192.00
04/05/2024,04/05/2024,UPI/DR/06954884/KAVITHA RAO/SBIN0684317/kavitha429@okaxis,TXN0261433,999.00,,9913193.00
04/05/2024,04/05/2024,NEFT/4100789898/MALLIKA DAS/SBIN0684317/42944607608875,TXN0261434,3499.00,,9909694.00
04/05/2024,05/05/2024,UPI/DR/05771341/SHEELA DEVI/SBIN0684317/sheela409@okaxis,TXN0261435,249.00,,9909445.00
04/05/2024,04/05/2024,NEFT/599998174724/RAJENDRA PRASAD/SBIN0684317/93858391844629,TXN0261436,2380.00,,9907065.00
04/05/2024,04/05/2024,NEFT/842226836299/GOPAL VERMA/SBIN0684317/66359741497721,TXN0261437,1250.00,,9905815.00
04/05/2024,05/05/2024,UPI/DR/29688100/SUSHMA RAO/SBIN0684317/sushma707@paytm,TXN0261438,2380.00,,9903435.00
04/05/2024,04/05/2024,IMPS/P2P/8185553477/NIKHIL GUPTA/8095553603,TXN0261439,,4800.00,9908235.00
05/05/2024,05/05/2024,UPI/DR/024712396469/RAMESH GOWDA/SBIN0684317/ramesh810@ybl,TXN0261440,2380.00,,9905855.00
05/05/2024,05/05/2024,CHQ NO 537631 CLEARING,TXN0261441,699.00,,9905156.00
05/05/2024,05/05/2024,IMPS/P2P/3933890618/HARISH MENON/8784366807,TXN0261442,,32000.00,9937156.00
05/05/2024,05/05/2024,CASH DEPOSIT/BRANCH COUNTER/HITEC CITY HYDERABAD,TXN0261443,,4800.00,9941956.00
06/05/2024,06/05/2024,NEFT/054202623208/MEENA IYER/SBIN0684317/39287411977949,TXN0261444,,500.00,9942456.00
06/05/2024,06/05/2024,IMPS/P2P/2543144812/SURESH BABU/7499826609,TXN0261445,,1200.00,9943656.00
06/05/2024,06/05/2024,NEFT/508899001843/TARA SINGH/SBIN0684317/82073682741185,TXN0261446,,2500.00,9946156.00
06/05/2024,06/05/2024,IMPS/P2P/3015363462/LALITHA DEVI/8527372095,TXN0261447,,1200.00,9947356.00
07/05/2024,07/05/2024,CASH DEPOSIT/BRANCH COUNTER/HITEC CITY HYDERABAD,TXN0261448,,500.00,9947856.00
07/05/2024,07/05/2024,IMPS/P2P/58934344/RAMESH PILLAI/8810241519,TXN0261449,,500.00,9948356.00
07/05/2024,07/05/2024,UPI/CR/67971416/MOHAN DAS/SBIN0684317/mohan922@paytm,TXN0261450,,500.00,9948856.00
07/05/2024,08/05/2024,NEFT/5370950722/KAVYA REDDY/SBIN0684317/33149475611953,TXN0261451,49.00,,9948807.00
07/05/2024,07/05/2024,NEFT/510164822713/PADMA RAO/SBIN0684317/82524327909853,TXN0261452,,32000.00,9980807.00
07/05/2024,07/05/2024,CASH DEPOSIT/BRANCH COUNTER/HITEC CITY HYDERABAD,TXN0261453,,500.00,9981307.00
07/05/2024,07/05/2024,ATM/WDL/372770157904/SBI ATM JAYANAGAR BLR,TXN0261454,1250.00,,9980057.00
08/05/2024,08/05/2024,NEFT/970755380245/SUNITA DEVI/SBIN0684317/22846224650817,TXN0261455,,32000.00,10012057.00
08/05/2024,08/05/2024,CHQ NO 868092 CLEARING,TXN0261456,850.00,,10011207.00
08/05/2024,08/05/2024,CHQ NO 759615 CLEARING,TXN0261457,7800.00,,10003407.00
08/05/2024,08/05/2024,IMPS/P2P/70067278/NADIA HUSSAIN/7512444169,TXN0261458,,850.00,10004257.00
08/05/2024,08/05/2024,CHQ NO 979516 CLEARING,TXN0261459,249.00,,10004008.00
08/05/2024,09/05/2024,ATM/WDL/8526978064/SBI ATM JAYANAGAR BLR,TXN0261460,1250.00,,10002758.00
08/05/2024,08/05/2024,UPI/CR/4740816152/VIKRAM NAIR/SBIN0684317/vikram574@oksbi,TXN0261461,,1200.00,10003958.00
08/05/2024,08/05/2024,UPI/CR/0264589705/RAMESH GOWDA/SBIN0684317/ramesh89@okaxis,TXN0261462,,850.00,10004808.00
08/05/2024,08/05/2024,CHQ NO 300280 CLEARING,TXN0261463,449.00,,10004359.00
09/05/2024,09/05/2024,NEFT/374172790336/IMRAN KHAN/SBIN0684317/04670043628224,TXN0261464,310.00,,10004049.00
09/05/2024,09/05/2024,IMPS/P2P/58816546/GEETA DEVI/7059542371,TXN0261465,,7600.00,10011649.00
09/05/2024,10/05/2024,ATM/WDL/67084939/SBI ATM JAYANAGAR BLR,TXN0261466,1680.00,,10009969.00
09/05/2024,09/05/2024,UPI/DR/4184237176/MEERA PILLAI/SBIN0684317/meera954@okhdfc,TXN0261467,850.00,,10009119.00
09/05/2024,09/05/2024,ATM/WDL/138163498048/CANARA ATM MYSURU,TXN0261468,449.00,,10008670.00
09/05/2024,09/05/2024,NEFT/047795568254/MOHAMMED IRFAN/SBIN0684317/21289643430559,TXN0261469,249.00,,10008421.00
10/05/2024,10/05/2024,CASH DEPOSIT/BRANCH COUNTER/HITEC CITY HYDERABAD,TXN0261470,,500.00,10008921.00
10/05/2024,10/05/2024,CHQ NO 140767 CLEARING,TXN0261471,3499.00,,10005422.00
10/05/2024,11/05/2024,CASH DEPOSIT/BRANCH COUNTER/HITEC CITY HYDERABAD,TXN0261472,,4800.00,10010222.00
10/05/2024,10/05/2024,NEFT/8021728865/SANJANA HEGDE/SBIN0684317/86760250869411,TXN0261473,249.00,,10009973.00
10/05/2024,10/05/2024,NEFT/043162049023/PRAKASH RAO/SBIN0684317/84304498671655,TXN0261474,1680.00,,10008293.00
11/05/2024,11/05/2024,UPI/DR/63879696/MEENA IYER/SBIN0684317/meena595@ybl,TXN0261475,699.00,,10007594.00
12/05/2024,13/05/2024,CHQ NO 758799 CLEARING,TXN0261476,1680.00,,10005914.00
12/05/2024,12/05/2024,UPI/DR/3189581094/ANAND KUMAR/SBIN0684317/anand890@ybl,TXN0261477,449.00,,10005465.00
12/05/2024,12/05/2024,UPI/DR/9653683299/KAVYA REDDY/SBIN0684317/kavya462@paytm,TXN0261478,7800.00,,9997665.00
12/05/2024,12/05/2024,NEFT/2368291581/KAVITHA RAO/SBIN0684317/70174052130750,TXN0261479,,4800.00,10002465.00
12/05/2024,12/05/2024,ATM/WDL/2526342274/HDFC ATM KORAMANGALA,TXN0261480,3499.00,,9998966.00
12/05/2024,12/05/2024,CHQ NO 589594 CLEARING,TXN0261481,2380.00,,9996586.00
13/05/2024,13/05/2024,NEFT/918220678122/IMRAN KHAN/SBIN0684317/66641498819089,TXN0261482,3499.00,,9993087.00
13/05/2024,13/05/2024,CHQ NO 533643 CLEARING,TXN0261483,999.00,,9992088.00
13/05/2024,13/05/2024,UPI/DR/998757774731/RAMESH PILLAI/SBIN0684317/ramesh56@ybl,TXN0261484,449.00,,9991639.00
13/05/2024,13/05/2024,NEFT/204893809391/RAJESH VERMA/SBIN0684317/24204839609613,TXN0261485,1680.00,,9989959.00
13/05/2024,13/05/2024,UPI/DR/4383073873/NIKHIL GUPTA/SBIN0684317/nikhil972@okaxis,TXN0261486,79.00,,9989880.00
14/05/2024,14/05/2024,IMPS/P2P/154095717072/BINDHU NAIR/8741797304,TXN0261487,,11200.00,10001080.00
14/05/2024,15/05/2024,UPI/DR/5459093455/MEENA IYER/SBIN0684317/meena698@oksbi,TXN0261488,1680.00,,9999400.00
14/05/2024,14/05/2024,CASH DEPOSIT/BRANCH COUNTER/HITEC CITY HYDERABAD,TXN0261489,,11200.00,10010600.00
14/05/2024,14/05/2024,UPI/DR/5527611333/TARA SINGH/SBIN0684317/tara894@okhdfc,TXN0261490,5200.00,,10005400.00
14/05/2024,14/05/2024,UPI/CR/17241006/POOJA SHARMA/SBIN0684317/pooja575@okhdfc,TXN0261491,,24000.00,10029400.00
14/05/2024,15/05/2024,NEFT/3817126181/SNEHA PATIL/SBIN0684317/74174798465733,TXN0261492,,24000.00,10053400.00
14/05/2024,14/05/2024,UPI/DR/82372522/NILESH KULKARNI/SBIN0684317/nilesh483@oksbi,TXN0261493,2380.00,,10051020.00
15/05/2024,15/05/2024,CASH DEPOSIT/BRANCH COUNTER/HITEC CITY HYDERABAD,TXN0261494,,7600.00,10058620.00
15/05/2024,15/05/2024,IMPS/P2P/16898951/SANJANA HEGDE/8501594411,TXN0261495,,11200.00,10069820.00
15/05/2024,15/05/2024,UPI/CR/679708633385/ANITHA KRISHNAN/SBIN0684317/anitha182@oksbi,TXN0261496,,11200.00,10081020.00
15/05/2024,16/05/2024,IMPS/P2P/8634737506/KAVYA REDDY/7890114367,TXN0261497,,24000.00,10105020.00
16/05/2024,17/05/2024,UPI/DR/960652033414/LATHA MURTHY/SBIN0684317/latha61@ybl,TXN0261498,1250.00,,10103770.00
16/05/2024,16/05/2024,ATM/WDL/736491922175/CANARA ATM MYSURU,TXN0261499,999.00,,10102771.00
16/05/2024,17/05/2024,CHQ NO 151683 CLEARING,TXN0261500,2380.00,,10100391.00
16/05/2024,16/05/2024,IMPS/P2P/9225773438/SANTOSH KUMAR/9050080246,TXN0261501,,24000.00,10124391.00
17/05/2024,17/05/2024,NEFT/4597554720/VENKAT RAO/SBIN0684317/95484148053832,TXN0261502,49.00,,10124342.00
17/05/2024,17/05/2024,UPI/DR/5169813108/ARJUN MEHTA/SBIN0684317/arjun314@okaxis,TXN0261503,2380.00,,10121962.00
17/05/2024,17/05/2024,UPI/CR/2142445523/DIVYA MENON/SBIN0684317/divya228@paytm,TXN0261504,,1200.00,10123162.00
17/05/2024,17/05/2024,IMPS/P2P/14982231/KAVITHA RAO/8437833209,TXN0261505,,4800.00,10127962.00
17/05/2024,17/05/2024,UPI/CR/73885345/PRAKASH RAO/SBIN0684317/prakash816@oksbi,TXN0261506,,850.00,10128812.00
17/05/2024,17/05/2024,UPI/DR/0296052764/RAHUL SINGH/SBIN0684317/rahul322@ybl,TXN0261507,999.00,,10127813.00
18/05/2024,19/05/2024,UPI/DR/4479610173/DIVYA MENON/SBIN0684317/divya243@oksbi,TXN0261508,120.00,,10127693.00
18/05/2024,18/05/2024,ATM/WDL/54764994/HDFC ATM KORAMANGALA,TXN0261509,49.00,,10127644.00
18/05/2024,19/05/2024,NEFT/6929128940/NILESH KULKARNI/SBIN0684317/28567139968842,TXN0261510,1680.00,,10125964.00
18/05/2024,18/05/2024,NEFT/22425801/SANJANA HEGDE/SBIN0684317/87129504914100,TXN0261511,,2500.00,10128464.00
18/05/2024,18/05/2024,UPI/DR/235719477320/ROHIT SHARMA/SBIN0684317/rohit926@paytm,TXN0261512,3499.00,,10124965.00
18/05/2024,18/05/2024,CASH DEPOSIT/BRANCH COUNTER/HITEC CITY HYDERABAD,TXN0261513,,500.00,10125465.00
19/05/2024,19/05/2024,UPI/DR/4731710090/GEETA DEVI/SBIN0684317/geeta854@okaxis,TXN0261514,449.00,,10125016.00
19/05/2024,20/05/2024,UPI/DR/6024103476/ANAND KUMAR/SBIN0684317/anand814@okaxis,TXN0261515,3499.00,,10121517.00
19/05/2024,19/05/2024,UPI/CR/7333112807/LAKSHMI VENKAT/SBIN0684317/lakshmi401@oksbi,TXN0261516,,24000.00,10145517.00
19/05/2024,19/05/2024,NEFT/277123975945/ARUN SHARMA/SBIN0684317/00645098701869,TXN0261517,5200.00,,10140317.00
19/05/2024,19/05/2024,CASH DEPOSIT/BRANCH COUNTER/HITEC CITY HYDERABAD,TXN0261518,,850.00,10141167.00
20/05/2024,20/05/2024,CASH DEPOSIT/BRANCH COUNTER/HITEC CITY HYDERABAD,TXN0261519,,1200.00,10142367.00
20/05/2024,21/05/2024,IMPS/P2P/73125867/RAJESH VERMA/9164444091,TXN0261520,,850.00,10143217.00
20/05/2024,20/05/2024,UPI/DR/71634879/VIKRAM NAIR/SBIN0684317/vikram373@oksbi,TXN0261521,249.00,,10142968.00
20/05/2024,20/05/2024,ATM/WDL/269357923640/HDFC ATM KORAMANGALA,TXN0261522,449.00,,10142519.00
20/05/2024,20/05/2024,UPI/DR/27569229/CHANDAN SHARMA/SBIN0684317/chandan552@oksbi,TXN0261523,999.00,,10141520.00
20/05/2024,20/05/2024,UPI/CR/259464386707/MEERA PILLAI/SBIN0684317/meera649@okhdfc,TXN0261524,,11200.00,10152720.00
20/05/2024,20/05/2024,UPI/DR/181152672637/MEENA IYER/SBIN0684317/meena413@okhdfc,TXN0261525,999.00,,10151721.00
20/05/2024,20/05/2024,CHQ NO 998283 CLEARING,TXN0261526,1680.00,,10150041.00
20/05/2024,21/05/2024,NEFT/06032886/FATIMA SHEIKH/SBIN0684317/07482434305578,TXN0261527,310.00,,10149731.00
21/05/2024,21/05/2024,UPI/DR/649076276696/LATHA MURTHY/SBIN0684317/latha846@okaxis,TXN0261528,2380.00,,10147351.00
21/05/2024,21/05/2024,UPI/DR/86818118/VIKRAM NAIR/SBIN0684317/vikram342@oksbi,TXN0261529,249.00,,10147102.00
21/05/2024,21/05/2024,UPI/DR/8212870977/PRIYA NAIR/SBIN0684317/priya960@paytm,TXN0261530,7800.00,,10139302.00
21/05/2024,21/05/2024,UPI/DR/0570796758/NILESH KULKARNI/SBIN0684317/nilesh895@okhdfc,TXN0261531,7800.00,,10131502.00
21/05/2024,21/05/2024,ATM/WDL/69725303/CANARA ATM MYSURU,TXN0261532,1250.00,,10130252.00
22/05/2024,22/05/2024,UPI/CR/991106793376/ANAND KUMAR/SBIN0684317/anand317@oksbi,TXN0261533,,32000.00,10162252.00
22/05/2024,22/05/2024,IMPS/P2P/3865361920/ARJUN MEHTA/7117211533,TXN0261534,,4800.00,10167052.00
22/05/2024,22/05/2024,CHQ NO 396302 CLEARING,TXN0261535,2380.00,,10164672.00
22/05/2024,22/05/2024,UPI/DR/29857215/GANESH KUMAR/SBIN0684317/ganesh302@okaxis,TXN0261536,1250.00,,10163422.00
23/05/2024,23/05/2024,UPI/DR/144893655491/GANESH KUMAR/SBIN0684317/ganesh853@okaxis,TXN0261537,1250.00,,10162172.00
23/05/2024,24/05/2024,UPI/DR/104871772074/LAKSHMI VENKAT/SBIN0684317/lakshmi454@okhdfc,TXN0261538,49.00,,10162123.00
23/05/2024,23/05/2024,UPI/DR/7261109996/SANTOSH KUMAR/SBIN0684317/santosh81@ybl,TXN0261539,1250.00,,10160873.00
23/05/2024,23/05/2024,IMPS/P2P/6228359454/ARCHANA PILLAI/9584205756,TXN0261540,,2500.00,10163373.00
23/05/2024,23/05/2024,NEFT/64811116/AYESHA KHAN/SBIN0684317/70397952602206,TXN0261541,120.00,,10163253.00
23/05/2024,23/05/2024,CASH DEPOSIT/BRANCH COUNTER/HITEC CITY HYDERABAD,TXN0261542,,32000.00,10195253.00
23/05/2024,23/05/2024,UPI/DR/55629033/ROHIT SHARMA/SBIN0684317/rohit701@okaxis,TXN0261543,449.00,,10194804.00
23/05/2024,23/05/2024,NEFT/92827953/ARJUN MEHTA/SBIN0684317/11873515452943,TXN0261544,5200.00,,10189604.00
24/05/2024,24/05/2024,NEFT/0125387551/SANTOSH KUMAR/SBIN0684317/29836661893832,TXN0261545,850.00,,10188754.00
24/05/2024,25/05/2024,UPI/DR/575533608673/CHANDAN SHARMA/SBIN0684317/chandan901@ybl,TXN0261546,49.00,,10188705.00
24/05/2024,24/05/2024,UPI/DR/66608541/ROHIT SHARMA/SBIN0684317/rohit176@paytm,TXN0261547,1680.00,,10187025.00
25/05/2024,25/05/2024,UPI/DR/128145695817/TARA SINGH/SBIN0684317/tara554@okhdfc,TXN0261548,49.00,,10186976.00
25/05/2024,25/05/2024,UPI/CR/5599435409/SANTOSH KUMAR/SBIN0684317/santosh807@paytm,TXN0261549,,24000.00,10210976.00
25/05/2024,25/05/2024,CHQ NO 087576 CLEARING,TXN0261550,79.00,,10210897.00
25/05/2024,25/05/2024,UPI/DR/971847661329/VINAY PATIL/SBIN0684317/vinay327@oksbi,TXN0261551,699.00,,10210198.00
25/05/2024,25/05/2024,CASH DEPOSIT/BRANCH COUNTER/HITEC CITY HYDERABAD,TXN0261552,,2500.00,10212698.00
25/05/2024,25/05/2024,NEFT/850685251317/SMITHA PILLAI/SBIN0684317/50631086265709,TXN0261553,,4800.00,10217498.00
26/05/2024,26/05/2024,UPI/DR/1105158392/SURESH NAIR/SBIN0684317/suresh123@oksbi,TXN0261554,1680.00,,10215818.00
26/05/2024,26/05/2024,UPI/DR/3269676861/SUNITA DEVI/SBIN0684317/sunita445@ybl,TXN0261555,7800.00,,10208018.00
26/05/2024,26/05/2024,CASH DEPOSIT/BRANCH COUNTER/HITEC CITY HYDERABAD,TXN0261556,,2500.00,10210518.00
27/05/2024,27/05/2024,NEFT/425204289661/USHA RANI/SBIN0684317/35437690645575,TXN0261557,,850.00,10211368.00
28/05/2024,28/05/2024,UPI/DR/5419710106/NADIA HUSSAIN/SBIN0684317/nadia712@paytm,TXN0261558,249.00,,10211119.00
28/05/2024,28/05/2024,NEFT/7042089022/SHEELA DEVI/SBIN0684317/80152784282150,TXN0261559,49.00,,10211070.00
28/05/2024,28/05/2024,IMPS/P2P/75102081/LATHA MURTHY/9697111124,TXN0261560,,32000.00,10243070.00
28/05/2024,28/05/2024,UPI/CR/69172871/AYESHA KHAN/SBIN0684317/ayesha604@okhdfc,TXN0261561,,1200.00,10244270.00
28/05/2024,28/05/2024,UPI/DR/106115335882/SANTOSH KUMAR/SBIN0684317/santosh177@paytm,TXN0261562,449.00,,10243821.00
28/05/2024,28/05/2024,CASH DEPOSIT/BRANCH COUNTER/HITEC CITY HYDERABAD,TXN0261563,,1200.00,10245021.00
29/05/2024,30/05/2024,IMPS/P2P/9017465013/GEETA DEVI/7893725463,TXN0261564,,7600.00,10252621.00
29/05/2024,30/05/2024,NEFT/73764904/DIVYA MENON/SBIN0684317/38547679179173,TXN0261565,2380.00,,10250241.00
29/05/2024,30/05/2024,UPI/DR/41288361/KAVERI MENON/SBIN0684317/kaveri845@okhdfc,TXN0261566,2380.00,,10247861.00
29/05/2024,29/05/2024,UPI/CR/6028593982/SURESH BABU/SBIN0684317/suresh618@okhdfc,TXN0261567,,32000.00,10279861.00
29/05/2024,29/05/2024,ATM/WDL/7150513107/SBI ATM JAYANAGAR BLR,TXN0261568,699.00,,10279162.00
29/05/2024,29/05/2024,ATM/WDL/3967784017/HDFC ATM KORAMANGALA,TXN0261569,1680.00,,10277482.00
29/05/2024,30/05/2024,ATM/WDL/5269739851/HDFC ATM KORAMANGALA,TXN0261570,449.00,,10277033.00
30/05/2024,30/05/2024,UPI/CR/07321258/KAVITHA RAO/SBIN0684317/kavitha263@okhdfc,TXN0261571,,18500.00,10295533.00
30/05/2024,31/05/2024,CASH DEPOSIT/BRANCH COUNTER/HITEC CITY HYDERABAD,TXN0261572,,11200.00,10306733.00
30/05/2024,31/05/2024,UPI/DR/21690655/KARTHIK MENON/SBIN0684317/karthik164@okaxis,TXN0261573,449.00,,10306284.00
30/05/2024,30/05/2024,CASH DEPOSIT/BRANCH COUNTER/HITEC CITY HYDERABAD,TXN0261574,,18500.00,10324784.00
30/05/2024,30/05/2024,UPI/CR/830235841327/GOPAL VERMA/SBIN0684317/gopal647@ybl,TXN0261575,,32000.00,10356784.00
30/05/2024,30/05/2024,IMPS/P2P/2642714885/LATHA MURTHY/8024144197,TXN0261576,,500.00,10357284.00
30/05/2024,30/05/2024,UPI/DR/0963665034/AYESHA KHAN/SBIN0684317/ayesha521@ybl,TXN0261577,120.00,,10357164.00
31/05/2024,01/06/2024,UPI/DR/8025064950/TANVI RAO/SBIN0684317/tanvi422@paytm,TXN0261578,120.00,,10357044.00
31/05/2024,31/05/2024,UPI/DR/85239770/ARUN SHARMA/SBIN0684317/arun619@okaxis,TXN0261579,2380.00,,10354664.00
31/05/2024,01/06/2024,NEFT/9307118784/LALITHA DEVI/SBIN0684317/26847503832497,TXN0261580,449.00,,10354215.00
31/05/2024,31/05/2024,NEFT/9906791790/LALITHA DEVI/SBIN0684317/16238091699975,TXN0261581,,24000.00,10378215.00
31/05/2024,31/05/2024,ATM/WDL/6003997322/CANARA ATM MYSURU,TXN0261582,1250.00,,10376965.00
31/05/2024,31/05/2024,NEFT/1388050350/MEENA IYER/SBIN0684317/81636624170495,TXN0261583,,4800.00,10381765.00
01/06/2024,02/06/2024,IMPS/P2P/04462410/LATHA MURTHY/9069943867,TXN0261584,,1200.00,10382965.00
01/06/2024,01/06/2024,IMPS/P2P/0800013018/ANITHA KRISHNAN/8018012390,TXN0261585,,7600.00,10390565.00
01/06/2024,01/06/2024,NEFT/955114508648/RAMESH GOWDA/SBIN0684317/17955653916732,TXN0261586,,32000.00,10422565.00
01/06/2024,01/06/2024,CHQ NO 483789 CLEARING,TXN0261587,249.00,,10422316.00
01/06/2024,02/06/2024,ATM/WDL/84712700/HDFC ATM KORAMANGALA,TXN0261588,1250.00,,10421066.00
01/06/2024,01/06/2024,CHQ NO 497001 CLEARING,TXN0261589,249.00,,10420817.00
01/06/2024,02/06/2024,UPI/DR/4442323118/MALLIKA DAS/SBIN0684317/mallika258@okhdfc,TXN0261590,449.00,,10420368.00
02/06/2024,02/06/2024,CASH DEPOSIT/BRANCH COUNTER/HITEC CITY HYDERABAD,TXN0261591,,1200.00,10421568.00
02/06/2024,03/06/2024,UPI/DR/7724240800/ANAND KUMAR/SBIN0684317/anand315@paytm,TXN0261592,7800.00,,10413768.00
02/06/2024,02/06/2024,UPI/DR/64359847/REKHA PILLAI/SBIN0684317/rekha580@paytm,TXN0261593,3499.00,,10410269.00
03/06/2024,04/06/2024,UPI/DR/55576429/RAJENDRA PRASAD/SBIN0684317/rajendra940@oksbi,TXN0261594,850.00,,10409419.00
03/06/2024,03/06/2024,UPI/CR/778247359142/AYESHA KHAN/SBIN0684317/ayesha678@oksbi,TXN0261595,,32000.00,10441419.00
03/06/2024,04/06/2024,CHQ NO 638502 CLEARING,TXN0261596,1680.00,,10439739.00
03/06/2024,04/06/2024,ATM/WDL/1421134006/CANARA ATM MYSURU,TXN0261597,7800.00,,10431939.00
03/06/2024,03/06/2024,UPI/DR/656474090616/ARUN SHARMA/SBIN0684317/arun834@paytm,TXN0261598,1680.00,,10430259.00
04/06/2024,04/06/2024,UPI/DR/61706789/SNEHA PATIL/SBIN0684317/sneha511@okaxis,TXN0261599,310.00,,10429949.00
04/06/2024,04/06/2024,IMPS/P2P/39132751/DEEPA NAIR/8393223145,TXN0261600,,24000.00,10453949.00
04/06/2024,04/06/2024,IMPS/P2P/5041896982/GEETA DEVI/7530550939,TXN0261601,,7600.00,10461549.00
04/06/2024,04/06/2024,UPI/DR/8085526466/MEERA PILLAI/SBIN0684317/meera513@paytm,TXN0261602,1250.00,,10460299.00
04/06/2024,04/06/2024,CASH DEPOSIT/BRANCH COUNTER/HITEC CITY HYDERABAD,TXN0261603,,2500.00,10462799.00
04/06/2024,04/06/2024,CASH DEPOSIT/BRANCH COUNTER/HITEC CITY HYDERABAD,TXN0261604,,4800.00,10467599.00
05/06/2024,05/06/2024,UPI/DR/0666977453/PRAKASH RAO/SBIN0684317/prakash471@ybl,TXN0261605,79.00,,10467520.00
05/06/2024,05/06/2024,CHQ NO 128173 CLEARING,TXN0261606,449.00,,10467071.00
05/06/2024,05/06/2024,UPI/DR/20187015/SUSHMA RAO/SBIN0684317/sushma878@oksbi,TXN0261607,7800.00,,10459271.00
05/06/2024,06/06/2024,UPI/CR/072771059309/KAVYA REDDY/SBIN0684317/kavya888@okhdfc,TXN0261608,,4800.00,10464071.00
05/06/2024,06/06/2024,UPI/DR/05473745/GANESH KUMAR/SBIN0684317/ganesh378@oksbi,TXN0261609,5200.00,,10458871.00
05/06/2024,06/06/2024,CHQ NO 718767 CLEARING,TXN0261610,3499.00,,10455372.00
05/06/2024,05/06/2024,CHQ NO 424999 CLEARING,TXN0261611,249.00,,10455123.00
06/06/2024,06/06/2024,IMPS/P2P/5147889590/ARJUN MEHTA/9694186515,TXN0261612,,7600.00,10462723.00
06/06/2024,06/06/2024,IMPS/P2P/667606960946/VIKRAM NAIR/9448061232,TXN0261613,,4800.00,10467523.00
06/06/2024,06/06/2024,UPI/DR/589296221606/POOJA SHARMA/SBIN0684317/pooja171@paytm,TXN0261614,79.00,,10467444.00
06/06/2024,06/06/2024,NEFT/6635023895/AYESHA KHAN/SBIN0684317/55226465356019,TXN0261615,,500.00,10467944.00
07/06/2024,07/06/2024,UPI/DR/053208080078/SAVITHA DEVI/SBIN0684317/savitha223@okaxis,TXN0261616,7800.00,,10460144.00
07/06/2024,07/06/2024,CHQ NO 721032 CLEARING,TXN0261617,7800.00,,10452344.00
07/06/2024,08/06/2024,CASH DEPOSIT/BRANCH COUNTER/HITEC CITY HYDERABAD,TXN0261618,,1200.00,10453544.00
07/06/2024,07/06/2024,UPI/DR/804779949150/SANJANA HEGDE/SBIN0684317/sanjana954@okaxis,TXN0261619,79.00,,10453465.00
08/06/2024,09/06/2024,NEFT/9152830729/FARHAN KHAN/SBIN0684317/98692370871023,TXN0261620,2380.00,,10451085.00
08/06/2024,08/06/2024,NEFT/735090407546/AYESHA KHAN/SBIN0684317/53609974577203,TXN0261621,,1200.00,10452285.00
08/06/2024,09/06/2024,NEFT/0786119403/GANESH KUMAR/SBIN0684317/86390779316061,TXN0261622,449.00,,10451836.00
09/06/2024,09/06/2024,UPI/DR/0250252210/RAMESH PILLAI/SBIN0684317/ramesh237@oksbi,TXN0261623,49.00,,10451787.00
09/06/2024,09/06/2024,NEFT/5851372653/TARA SINGH/SBIN0684317/88825646146359,TXN0261624,699.00,,10451088.00
09/06/2024,09/06/2024,NEFT/8897805254/SHEELA DEVI/SBIN0684317/46936065285997,TXN0261625,2380.00,,10448708.00
09/06/2024,09/06/2024,UPI/CR/8527961518/MALLIKA DAS/SBIN0684317/mallika325@okaxis,TXN0261626,,11200.00,10459908.00
09/06/2024,09/06/2024,UPI/CR/42722583/USHA RANI/SBIN0684317/usha334@okhdfc,TXN0261627,,2500.00,10462408.00
09/06/2024,09/06/2024,NEFT/8447349084/VIKRAM NAIR/SBIN0684317/15500418596005,TXN0261628,7800.00,,10454608.00
10/06/2024,10/06/2024,ATM/WDL/0376935408/SBI ATM JAYANAGAR BLR,TXN0261629,249.00,,10454359.00
10/06/2024,11/06/2024,NEFT/930408357978/PADMA RAO/SBIN0684317/94983266270840,TXN0261630,,18500.00,10472859.00
10/06/2024,10/06/2024,UPI/CR/913674970223/NAVEEN KUMAR/SBIN0684317/naveen424@okaxis,TXN0261631,,18500.00,10491359.00
11/06/2024,11/06/2024,UPI/DR/40556926/SANJANA HEGDE/SBIN0684317/sanjana966@okhdfc,TXN0261632,3499.00,,10487860.00
11/06/2024,11/06/2024,UPI/DR/893781400525/PRAKASH RAO/SBIN0684317/prakash838@okhdfc,TXN0261633,999.00,,10486861.00
12/06/2024,13/06/2024,NEFT/58743647/ARJUN MEHTA/SBIN0684317/58652536971516,TXN0261634,2380.00,,10484481.00
12/06/2024,12/06/2024,CHQ NO 956181 CLEARING,TXN0261635,120.00,,10484361.00
12/06/2024,12/06/2024,IMPS/P2P/9479668977/LALITHA DEVI/7053708448,TXN0261636,,1200.00,10485561.00
12/06/2024,13/06/2024,UPI/DR/4485945984/PRIYA NAIR/SBIN0684317/priya532@okaxis,TXN0261637,999.00,,10484562.00
13/06/2024,13/06/2024,CHQ NO 620237 CLEARING,TXN0261638,1680.00,,10482882.00
13/06/2024,13/06/2024,IMPS/P2P/973937690527/SANJANA HEGDE/9082486878,TXN0261639,,24000.00,10506882.00
13/06/2024,13/06/2024,UPI/DR/3924029342/SUSHMA RAO/SBIN0684317/sushma841@ybl,TXN0261640,7800.00,,10499082.00
13/06/2024,13/06/2024,UPI/DR/870690191498/SMITHA PILLAI/SBIN0684317/smitha657@ybl,TXN0261641,1250.00,,10497832.00
13/06/2024,14/06/2024,CHQ NO 013597 CLEARING,TXN0261642,1250.00,,10496582.00
13/06/2024,13/06/2024,NEFT/370125286744/KAVITHA RAO/SBIN0684317/13850323359838,TXN0261643,850.00,,10495732.00
13/06/2024,14/06/2024,NEFT/01057490/PADMA RAO/SBIN0684317/79751562353754,TXN0261644,249.00,,10495483.00
13/06/2024,13/06/2024,UPI/DR/59975640/LAKSHMI VENKAT/SBIN0684317/lakshmi224@ybl,TXN0261645,1250.00,,10494233.00
14/06/2024,15/06/2024,UPI/DR/40614864/VENKAT RAO/SBIN0684317/venkat760@okhdfc,TXN0261646,2380.00,,10491853.00
14/06/2024,14/06/2024,UPI/CR/0374489846/ANAND KUMAR/SBIN0684317/anand483@okaxis,TXN0261647,,500.00,10492353.00
14/06/2024,14/06/2024,UPI/DR/71137176/SURESH NAIR/SBIN0684317/suresh174@ybl,TXN0261648,1250.00,,10491103.00
14/06/2024,14/06/2024,UPI/DR/66357017/FARHAN KHAN/SBIN0684317/farhan63@oksbi,TXN0261649,1250.00,,10489853.00
14/06/2024,14/06/2024,NEFT/2640090244/SMITHA PILLAI/SBIN0684317/38072961828422,TXN0261650,79.00,,10489774.00
14/06/2024,14/06/2024,CHQ NO 748457 CLEARING,TXN0261651,49.00,,10489725.00
15/06/2024,15/06/2024,UPI/CR/4305902431/MEENA IYER/SBIN0684317/meena255@okaxis,TXN0261652,,850.00,10490575.00
15/06/2024,15/06/2024,IMPS/P2P/69579415/ARUN SHARMA/7728550366,TXN0261653,,850.00,10491425.00
15/06/2024,15/06/2024,IMPS/P2P/343115997883/TANVI RAO/7664264407,TXN0261654,,18500.00,10509925.00
16/06/2024,16/06/2024,CHQ NO 751471 CLEARING,TXN0261655,249.00,,10509676.00
16/06/2024,16/06/2024,IMPS/P2P/4744583259/LATHA MURTHY/9981215003,TXN0261656,,32000.00,10541676.00
16/06/2024,16/06/2024,UPI/DR/9176142221/PREETHI IYER/SBIN0684317/preethi280@paytm,TXN0261657,449.00,,10541227.00
17/06/2024,17/06/2024,UPI/CR/5422291200/GEETA DEVI/SBIN0684317/geeta528@okaxis,TXN0261658,,18500.00,10559727.00
17/06/2024,17/06/2024,NEFT/361523319206/SURESH NAIR/SBIN0684317/02620785669836,TXN0261659,1250.00,,10558477.00
17/06/2024,18/06/2024,ATM/WDL/95960805/SBI ATM JAYANAGAR BLR,TXN0261660,850.00,,10557627.00
17/06/2024,18/06/2024,UPI/DR/1542879049/NIKHIL GUPTA/SBIN0684317/nikhil605@paytm,TXN0261661,249.00,,10557378.00
17/06/2024,17/06/2024,CHQ NO 640732 CLEARING,TXN0261662,2380.00,,10554998.00
17/06/2024,17/06/2024,NEFT/831836471536/FATIMA SHEIKH/SBIN0684317/07210711799875,TXN0261663,79.00,,10554919.00
17/06/2024,17/06/2024,UPI/DR/2693201287/MOHAN DAS/SBIN0684317/mohan213@okaxis,TXN0261664,1250.00,,10553669.00
17/06/2024,18/06/2024,UPI/DR/95215607/MEENA IYER/SBIN0684317/meena365@okhdfc,TXN0261665,249.00,,10553420.00
17/06/2024,17/06/2024,IMPS/P2P/63670413/IMRAN KHAN/9922858192,TXN0261666,,1200.00,10554620.00
18/06/2024,18/06/2024,IMPS/P2P/4522335189/PRIYA NAIR/9453216623,TXN0261667,,1200.00,10555820.00
18/06/2024,19/06/2024,CHQ NO 795044 CLEARING,TXN0261668,449.00,,10555371.00
18/06/2024,19/06/2024,NEFT/627610269746/PREETHI IYER/SBIN0684317/88994558767115,TXN0261669,449.00,,10554922.00
18/06/2024,18/06/2024,UPI/DR/435920270861/AYESHA KHAN/SBIN0684317/ayesha217@okaxis,TXN0261670,2380.00,,10552542.00
18/06/2024,18/06/2024,NEFT/18424195/ADITYA KUMAR/SBIN0684317/50314755437016,TXN0261671,,2500.00,10555042.00
18/06/2024,18/06/2024,CHQ NO 959794 CLEARING,TXN0261672,310.00,,10554732.00
18/06/2024,18/06/2024,UPI/CR/151915775772/ANITHA KRISHNAN/SBIN0684317/anitha478@okaxis,TXN0261673,,32000.00,10586732.00
18/06/2024,18/06/2024,UPI/DR/6082444689/VIKRAM NAIR/SBIN0684317/vikram554@oksbi,TXN0261674,699.00,,10586033.00
19/06/2024,19/06/2024,CASH DEPOSIT/BRANCH COUNTER/HITEC CITY HYDERABAD,TXN0261675,,500.00,10586533.00
19/06/2024,19/06/2024,UPI/DR/009283560973/FARHAN KHAN/SBIN0684317/farhan12@ybl,TXN0261676,7800.00,,10578733.00
19/06/2024,19/06/2024,UPI/DR/362736298133/NAVEEN KUMAR/SBIN0684317/naveen333@paytm,TXN0261677,3499.00,,10575234.00
19/06/2024,19/06/2024,NEFT/2811568477/NILESH KULKARNI/SBIN0684317/29737306339148,TXN0261678,1680.00,,10573554.00
20/06/2024,20/06/2024,UPI/CR/5880574284/GANESH KUMAR/SBIN0684317/ganesh240@okaxis,TXN0261679,,2500.00,10576054.00
20/06/2024,20/06/2024,CASH DEPOSIT/BRANCH COUNTER/HITEC CITY HYDERABAD,TXN0261680,,4800.00,10580854.00
20/06/2024,20/06/2024,NEFT/28312656/ADITYA KUMAR/SBIN0684317/67712029154756,TXN0261681,3499.00,,10577355.00
20/06/2024,20/06/2024,ATM/WDL/346301360036/HDFC ATM KORAMANGALA,TXN0261682,1680.00,,10575675.00
20/06/2024,20/06/2024,UPI/CR/2262913025/MOHAMMED IRFAN/SBIN0684317/mohammed106@okaxis,TXN0261683,,18500.00,10594175.00
20/06/2024,20/06/2024,IMPS/P2P/304892848939/VINAY PATIL/9586402401,TXN0261684,,4800.00,10598975.00
20/06/2024,20/06/2024,UPI/CR/43168666/BABU LAL/SBIN0684317/babu344@ybl,TXN0261685,,24000.00,10622975.00
21/06/2024,21/06/2024,NEFT/35441839/ANAND KUMAR/SBIN0684317/73141701265000,TXN0261686,310.00,,10622665.00
21/06/2024,21/06/2024,CHQ NO 404959 CLEARING,TXN0261687,449.00,,10622216.00
22/06/2024,22/06/2024,UPI/DR/7831103779/RESHMA KHAN/SBIN0684317/reshma456@oksbi,TXN0261688,449.00,,10621767.00
22/06/2024,22/06/2024,CASH DEPOSIT/BRANCH COUNTER/HITEC CITY HYDERABAD,TXN0261689,,7600.00,10629367.00
22/06/2024,22/06/2024,NEFT/65440270/KIRAN REDDY/SBIN0684317/72876791418540,TXN0261690,850.00,,10628517.00
23/06/2024,23/06/2024,UPI/CR/97025882/BINDHU NAIR/SBIN0684317/bindhu587@ybl,TXN0261691,,2500.00,10631017.00
23/06/2024,23/06/2024,UPI/DR/8501795245/LAKSHMI VENKAT/SBIN0684317/lakshmi111@okhdfc,TXN0261692,49.00,,10630968.00
23/06/2024,24/06/2024,CASH DEPOSIT/BRANCH COUNTER/HITEC CITY HYDERABAD,TXN0261693,,2500.00,10633468.00
23/06/2024,23/06/2024,UPI/DR/0976455485/ARCHANA PILLAI/SBIN0684317/archana880@oksbi,TXN0261694,7800.00,,10625668.00
23/06/2024,23/06/2024,NEFT/936497552183/ROHIT SHARMA/SBIN0684317/32681407535637,TXN0261695,,24000.00,10649668.00
23/06/2024,24/06/2024,UPI/DR/1821324106/SURESH NAIR/SBIN0684317/suresh897@ybl,TXN0261696,1680.00,,10647988.00
24/06/2024,24/06/2024,CHQ NO 572283 CLEARING,TXN0261697,310.00,,10647678.00
24/06/2024,24/06/2024,CASH DEPOSIT/BRANCH COUNTER/HITEC CITY HYDERABAD,TXN0261698,,24000.00,10671678.00
24/06/2024,24/06/2024,UPI/CR/723900894953/ARJUN MEHTA/SBIN0684317/arjun827@okhdfc,TXN0261699,,7600.00,10679278.00
24/06/2024,24/06/2024,CASH DEPOSIT/BRANCH COUNTER/HITEC CITY HYDERABAD,TXN0261700,,32000.00,10711278.00
24/06/2024,25/06/2024,UPI/DR/1990065223/HARISH MENON/SBIN0684317/harish728@oksbi,TXN0261701,310.00,,10710968.00
24/06/2024,25/06/2024,CHQ NO 384422 CLEARING,TXN0261702,999.00,,10709969.00
25/06/2024,25/06/2024,UPI/DR/0158643677/LAKSHMI VENKAT/SBIN0684317/lakshmi449@okaxis,TXN0261703,1250.00,,10708719.00
25/06/2024,25/06/2024,UPI/CR/68385486/AYESHA KHAN/SBIN0684317/ayesha81@ybl,TXN0261704,,32000.00,10740719.00
25/06/2024,25/06/2024,UPI/DR/176418392931/SMITHA PILLAI/SBIN0684317/smitha536@ybl,TXN0261705,1250.00,,10739469.00
25/06/2024,26/06/2024,UPI/DR/228344755652/MEERA PILLAI/SBIN0684317/meera203@okaxis,TXN0261706,79.00,,10739390.00
26/06/2024,27/06/2024,UPI/CR/46376550/LAKSHMI VENKAT/SBIN0684317/lakshmi571@okaxis,TXN0261707,,32000.00,10771390.00
26/06/2024,26/06/2024,UPI/DR/1899614560/PADMA RAO/SBIN0684317/padma676@ybl,TXN0261708,449.00,,10770941.00
26/06/2024,26/06/2024,NEFT/370118244898/TARA SINGH/SBIN0684317/20606507850393,TXN0261709,699.00,,10770242.00
26/06/2024,26/06/2024,UPI/DR/832135011626/NILESH KULKARNI/SBIN0684317/nilesh457@okaxis,TXN0261710,120.00,,10770122.00
26/06/2024,27/06/2024,ATM/WDL/3979512997/CANARA ATM MYSURU,TXN0261711,79.00,,10770043.00
26/06/2024,27/06/2024,CASH DEPOSIT/BRANCH COUNTER/HITEC CITY HYDERABAD,TXN0261712,,1200.00,10771243.00
26/06/2024,26/06/2024,IMPS/P2P/96291761/TARA SINGH/8560855395,TXN0261713,,500.00,10771743.00
26/06/2024,27/06/2024,UPI/DR/723674559282/RAMESH PILLAI/SBIN0684317/ramesh717@okhdfc,TXN0261714,310.00,,10771433.00
26/06/2024,27/06/2024,IMPS/P2P/205637497717/NIKHIL GUPTA/8571306190,TXN0261715,,18500.00,10789933.00
26/06/2024,26/06/2024,ATM/WDL/141590454281/SBI ATM JAYANAGAR BLR,TXN0261716,699.00,,10789234.00
26/06/2024,26/06/2024,ATM/WDL/2820319094/CANARA ATM MYSURU,TXN0261717,449.00,,10788785.00
27/06/2024,27/06/2024,CASH DEPOSIT/BRANCH COUNTER/HITEC CITY HYDERABAD,TXN0261718,,18500.00,10807285.00
27/06/2024,27/06/2024,UPI/DR/6564211951/MEENA IYER/SBIN0684317/meena905@okaxis,TXN0261719,7800.00,,10799485.00
27/06/2024,27/06/2024,NEFT/7088042226/ADITYA KUMAR/SBIN0684317/19206707125229,TXN0261720,,18500.00,10817985.00
27/06/2024,27/06/2024,CHQ NO 283976 CLEARING,TXN0261721,79.00,,10817906.00
27/06/2024,27/06/2024,ATM/WDL/7710915887/HDFC ATM KORAMANGALA,TXN0261722,1250.00,,10816656.00
27/06/2024,27/06/2024,IMPS/P2P/7134739786/RESHMA KHAN/8290249495,TXN0261723,,7600.00,10824256.00
27/06/2024,28/06/2024,CHQ NO 460460 CLEARING,TXN0261724,2380.00,,10821876.00
27/06/2024,27/06/2024,UPI/DR/5221405396/RAJENDRA PRASAD/SBIN0684317/rajendra585@okhdfc,TXN0261725,7800.00,,10814076.00
28/06/2024,28/06/2024,CHQ NO 337745 CLEARING,TXN0261726,2380.00,,10811696.00
28/06/2024,28/06/2024,NEFT/589276270029/SMITHA PILLAI/SBIN0684317/92305802529892,TXN0261727,,18500.00,10830196.00
28/06/2024,28/06/2024,IMPS/P2P/5863568800/VENKAT RAO/8327436460,TXN0261728,,1200.00,10831396.00
28/06/2024,29/06/2024,CASH DEPOSIT/BRANCH COUNTER/HITEC CITY HYDERABAD,TXN0261729,,500.00,10831896.00
28/06/2024,28/06/2024,UPI/DR/23522028/RAJESH VERMA/SBIN0684317/rajesh325@okhdfc,TXN0261730,850.00,,10831046.00
28/06/2024,28/06/2024,ATM/WDL/4100297009/CANARA ATM MYSURU,TXN0261731,1250.00,,10829796.00
28/06/2024,28/06/2024,UPI/DR/1139703639/PADMA RAO/SBIN0684317/padma633@okhdfc,TXN0261732,1680.00,,10828116.00
29/06/2024,30/06/2024,UPI/DR/218493350953/RAJENDRA PRASAD/SBIN0684317/rajendra534@okaxis,TXN0261733,120.00,,10827996.00
29/06/2024,29/06/2024,IMPS/P2P/37683909/SHEELA DEVI/8001324717,TXN0261734,,2500.00,10830496.00
29/06/2024,30/06/2024,UPI/DR/37261345/FATIMA SHEIKH/SBIN0684317/fatima389@ybl,TXN0261735,310.00,,10830186.00
29/06/2024,29/06/2024,UPI/DR/77733635/MOHAN DAS/SBIN0684317/mohan389@ybl,TXN0261736,1250.00,,10828936.00
30/06/2024,30/06/2024,CHQ NO 359407 CLEARING,TXN0261737,5200.00,,10823736.00
30/06/2024,30/06/2024,NEFT/930795052958/KAVERI MENON/SBIN0684317/43999285892573,TXN0261738,,4800.00,10828536.00
