Txn Date,Value Date,Description,Debit Amount,Credit Amount,Balance
02/08/2022,03/08/2022,IMPS/P2P/43730717/MEERA PILLAI/9512325983,,2500.00,54269.89
02/08/2022,02/08/2022,UPI/CR/783593203347/HARISH MENON/ICIC0272108/harish701@okhdfc,,500.00,54769.89
02/08/2022,02/08/2022,IMPS/P2P/08520093/ROHIT SHARMA/8304718500,,500.00,55269.89
02/08/2022,02/08/2022,ATM/WDL/8472362187/CANARA ATM MYSURU,449.00,,54820.89
02/08/2022,02/08/2022,CASH DEPOSIT/BRANCH COUNTER/BANJARA HILLS HYDERABAD,,32000.00,86820.89
03/08/2022,03/08/2022,UPI/DR/85941069/MEERA PILLAI/ICIC0272108/meera98@oksbi,2380.00,,84440.89
03/08/2022,04/08/2022,CASH DEPOSIT/BRANCH COUNTER/BANJARA HILLS HYDERABAD,,18500.00,102940.89
04/08/2022,05/08/2022,CASH DEPOSIT/BRANCH COUNTER/BANJARA HILLS HYDERABAD,,1200.00,104140.89
05/08/2022,06/08/2022,NEFT/92334491/VIKRAM NAIR/ICIC0272108/28512446316066,,500.00,104640.89
05/08/2022,05/08/2022,UPI/CR/59476503/SANTOSH KUMAR/ICIC0272108/santosh179@okhdfc,,500.00,105140.89
06/08/2022,06/08/2022,NEFT/3797361830/RANJIT SINGH/ICIC0272108/15779439416258,49.00,,105091.89
06/08/2022,06/08/2022,UPI/DR/22135774/KAVITHA RAO/ICIC0272108/kavitha221@oksbi,1250.00,,103841.89
06/08/2022,06/08/2022,UPI/CR/32807933/PADMA RAO/ICIC0272108/padma12@paytm,,18500.00,122341.89
06/08/2022,06/08/2022,NEFT/6619718098/SANJANA HEGDE/ICIC0272108/33065698356728,449.00,,121892.89
06/08/2022,06/08/2022,ATM/WDL/82135994/CANARA ATM MYSURU,310.00,,121582.89
07/08/2022,07/08/2022,NEFT/8178996531/ARCHANA PILLAI/ICIC0272108/23450009092721,,500.00,122082.89
07/08/2022,08/08/2022,ATM/WDL/6122857811/CANARA ATM MYSURU,49.00,,122033.89
07/08/2022,07/08/2022,CHQ NO 938825 CLEARING,999.00,,121034.89
07/08/2022,07/08/2022,UPI/DR/000517181604/ARJUN MEHTA/ICIC0272108/arjun434@okaxis,1250.00,,119784.89
09/08/2022,10/08/2022,CHQ NO 256244 CLEARING,1250.00,,118534.89
09/08/2022,09/08/2022,NEFT/32606148/CHANDAN SHARMA/ICIC0272108/02795035072434,,18500.00,137034.89
09/08/2022,09/08/2022,UPI/CR/600489918014/ARJUN MEHTA/ICIC0272108/arjun669@ybl,,1200.00,138234.89
09/08/2022,09/08/2022,UPI/DR/263481000317/LATHA MURTHY/ICIC0272108/latha798@paytm,1250.00,,136984.89
09/08/2022,09/08/2022,UPI/DR/149601931340/VENKAT RAO/ICIC0272108/venkat98@oksbi,120.00,,136864.89
10/08/2022,10/08/2022,IMPS/P2P/13540582/RAJENDRA PRASAD/9608869879,,2500.00,139364.89
10/08/2022,10/08/2022,UPI/DR/66966146/AYESHA KHAN/ICIC0272108/ayesha989@paytm,120.00,,139244.89
10/08/2022,10/08/2022,CHQ NO 330212 CLEARING,3499.00,,135745.89
10/08/2022,10/08/2022,NEFT/15825253/SUNIL YADAV/ICIC0272108/51587643383802,310.00,,135435.89
10/08/2022,10/08/2022,UPI/CR/21338570/SAVITHA DEVI/ICIC0272108/savitha986@oksbi,,11200.00,146635.89
11/08/2022,11/08/2022,CHQ NO 691269 CLEARING,7800.00,,138835.89
11/08/2022,11/08/2022,NEFT/82433150/MOHAMMED IRFAN/ICIC0272108/76112871899886,,2500.00,141335.89
11/08/2022,11/08/2022,CASH DEPOSIT/BRANCH COUNTER/BANJARA HILLS HYDERABAD,,4800.00,146135.89
12/08/2022,12/08/2022,IMPS/P2P/761592001024/FARHAN KHAN/8127563724,,11200.00,157335.89
12/08/2022,12/08/2022,UPI/CR/835016309868/GANESH KUMAR/ICIC0272108/ganesh455@ybl,,11200.00,168535.89
13/08/2022,13/08/2022,UPI/CR/128085674822/ARCHANA PILLAI/ICIC0272108/archana266@okhdfc,,1200.00,169735.89
13/08/2022,13/08/2022,UPI/CR/4654264339/USHA RANI/ICIC0272108/usha604@okhdfc,,1200.00,170935.89
13/08/2022,14/08/2022,ATM/WDL/826499981981/HDFC ATM KORAMANGALA,999.00,,169936.89
14/08/2022,14/08/2022,CHQ NO 373431 CLEARING,310.00,,169626.89
15/08/2022,15/08/2022,CHQ NO 339692 CLEARING,3499.00,,166127.89
16/08/2022,16/08/2022,UPI/CR/1500059384/VENKAT RAO/ICIC0272108/venkat542@okaxis,,850.00,166977.89
16/08/2022,17/08/2022,IMPS/P2P/85403015/SHAHID KHAN/8340867651,,11200.00,178177.89
16/08/2022,16/08/2022,UPI/DR/2867475087/ADITYA KUMAR/ICIC0272108/aditya38@oksbi,5200.00,,172977.89
17/08/2022,18/08/2022,UPI/DR/02261764/ANAND KUMAR/ICIC0272108/anand345@okaxis,249.00,,172728.89
17/08/2022,17/08/2022,UPI/DR/8675531069/RAHUL SINGH/ICIC0272108/rahul702@okaxis,249.00,,172479.89
17/08/2022,18/08/2022,CHQ NO 264939 CLEARING,1680.00,,170799.89
17/08/2022,17/08/2022,UPI/DR/48271023/KIRAN REDDY/ICIC0272108/kiran957@oksbi,1680.00,,169119.89
17/08/2022,18/08/2022,CHQ NO 569018 CLEARING,449.00,,168670.89
17/08/2022,17/08/2022,NEFT/082907141211/GANESH KUMAR/ICIC0272108/35298640484742,999.00,,167671.89
17/08/2022,17/08/2022,UPI/CR/97912485/RANJIT SINGH/ICIC0272108/ranjit750@ybl,,850.00,168521.89
17/08/2022,18/08/2022,ATM/WDL/54216702/SBI ATM JAYANAGAR BLR,1250.00,,167271.89
18/08/2022,18/08/2022,UPI/DR/5203490872/SAVITHA DEVI/ICIC0272108/savitha613@paytm,49.00,,167222.89
18/08/2022,18/08/2022,IMPS/P2P/757317768604/CHANDAN SHARMA/8208067579,,500.00,167722.89
19/08/2022,19/08/2022,UPI/DR/8720345292/GOPAL VERMA/ICIC0272108/gopal118@okhdfc,3499.00,,164223.89
19/08/2022,19/08/2022,NEFT/8083938873/ADITYA KUMAR/ICIC0272108/83168759791726,3499.00,,160724.89
20/08/2022,20/08/2022,NEFT/989773914446/GANESH KUMAR/ICIC0272108/76889795201031,310.00,,160414.89
20/08/2022,20/08/2022,IMPS/P2P/499521335150/MEERA PILLAI/9690160810,,18500.00,178914.89
20/08/2022,20/08/2022,IMPS/P2P/538996392964/PADMA RAO/7364549872,,2500.00,181414.89
21/08/2022,21/08/2022,UPI/DR/56781666/HARISH MENON/ICIC0272108/harish355@ybl,1680.00,,179734.89
21/08/2022,21/08/2022,UPI/DR/092662805274/ANAND KUMAR/ICIC0272108/anand756@okaxis,49.00,,179685.89
21/08/2022,21/08/2022,UPI/DR/8399385375/ADITYA KUMAR/ICIC0272108/aditya994@paytm,3499.00,,176186.89
22/08/2022,22/08/2022,IMPS/P2P/4039433422/KARTHIK MENON/8541312901,,500.00,176686.89
24/08/2022,24/08/2022,UPI/DR/947189389796/MOHAN DAS/ICIC0272108/mohan208@oksbi,310.00,,176376.89
24/08/2022,24/08/2022,UPI/DR/5882864394/REKHA PILLAI/ICIC0272108/rekha196@okaxis,7800.00,,168576.89
24/08/2022,24/08/2022,NEFT/32992293/IMRAN KHAN/ICIC0272108/09551970642092,999.00,,167577.89
24/08/2022,25/08/2022,ATM/WDL/37947816/CANARA ATM MYSURU,1250.00,,166327.89
24/08/2022,24/08/2022,UPI/DR/57930720/DEEPA NAIR/ICIC0272108/deepa108@okhdfc,7800.00,,158527.89
25/08/2022,26/08/2022,ATM/WDL/510078778701/HDFC ATM KORAMANGALA,249.00,,158278.89
26/08/2022,26/08/2022,NEFT/799460920489/REKHA PILLAI/ICIC0272108/08491248094581,,32000.00,190278.89
26/08/2022,26/08/2022,NEFT/4932787204/ANITHA KRISHNAN/ICIC0272108/48873569256789,1250.00,,189028.89
26/08/2022,26/08/2022,CHQ NO 895343 CLEARING,249.00,,188779.89
27/08/2022,27/08/2022,UPI/CR/9347528407/ARUN SHARMA/ICIC0272108/arun266@okaxis,,2500.00,191279.89
27/08/2022,28/08/2022,NEFT/76129560/SANJANA HEGDE/ICIC0272108/87543451204482,699.00,,190580.89
28/08/2022,28/08/2022,CASH DEPOSIT/BRANCH COUNTER/BANJARA HILLS HYDERABAD,,500.00,191080.89
28/08/2022,28/08/2022,IMPS/P2P/235355437779/NIKHIL GUPTA/9077048773,,500.00,191580.89
28/08/2022,29/08/2022,UPI/DR/8187402666/SANTOSH KUMAR/ICIC0272108/santosh993@ybl,120.00,,191460.89
28/08/2022,28/08/2022,CHQ NO 177976 CLEARING,7800.00,,183660.89
28/08/2022,28/08/2022,UPI/DR/203116501074/ARCHANA PILLAI/ICIC0272108/archana476@okaxis,699.00,,182961.89
29/08/2022,29/08/2022,UPI/DR/32085637/SURESH BABU/ICIC0272108/suresh212@okaxis,699.00,,182262.89
30/08/2022,30/08/2022,CASH DEPOSIT/BRANCH COUNTER/BANJARA HILLS HYDERABAD,,18500.00,200762.89
30/08/2022,31/08/2022,NEFT/93469958/ARCHANA PILLAI/ICIC0272108/77994748616029,310.00,,200452.89
30/08/2022,30/08/2022,UPI/DR/481651619548/RAHUL SINGH/ICIC0272108/rahul863@okaxis,3499.00,,196953.89
30/08/2022,30/08/2022,NEFT/71142739/RAVI KUMAR SHARMA/ICIC0272108/14806584656348,49.00,,196904.89
30/08/2022,30/08/2022,UPI/DR/07716983/TANVI RAO/ICIC0272108/tanvi151@paytm,49.00,,196855.89
31/08/2022,31/08/2022,UPI/DR/25197860/VINAY PATIL/ICIC0272108/vinay373@oksbi,5200.00,,191655.89
31/08/2022,01/09/2022,UPI/CR/037833684328/RAHUL SINGH/ICIC0272108/rahul839@okaxis,,24000.00,215655.89
31/08/2022,31/08/2022,UPI/DR/005073723136/KAVITHA RAO/ICIC0272108/kavitha584@okaxis,5200.00,,210455.89
31/08/2022,31/08/2022,UPI/DR/7012428696/KAVERI MENON/ICIC0272108/kaveri731@oksbi,3499.00,,206956.89
31/08/2022,31/08/2022,UPI/DR/34710964/BABU LAL/ICIC0272108/babu651@okhdfc,7800.00,,199156.89
31/08/2022,01/09/2022,NEFT/417268039507/SURESH BABU/ICIC0272108/57057087387076,699.00,,198457.89
01/09/2022,02/09/2022,CASH DEPOSIT/BRANCH COUNTER/BANJARA HILLS HYDERABAD,,4800.00,203257.89
01/09/2022,01/09/2022,NEFT/161604995364/MEENA IYER/ICIC0272108/91181228897735,,1200.00,204457.89
01/09/2022,02/09/2022,CASH DEPOSIT/BRANCH COUNTER/BANJARA HILLS HYDERABAD,,18500.00,222957.89
01/09/2022,01/09/2022,UPI/CR/384848446037/PRAKASH RAO/ICIC0272108/prakash338@okaxis,,11200.00,234157.89
01/09/2022,01/09/2022,CASH DEPOSIT/BRANCH COUNTER/BANJARA HILLS HYDERABAD,,18500.00,252657.89
02/09/2022,02/09/2022,ATM/WDL/359932415909/SBI ATM JAYANAGAR BLR,449.00,,252208.89
02/09/2022,02/09/2022,IMPS/P2P/06927407/KAVYA REDDY/7696463092,,4800.00,257008.89
02/09/2022,02/09/2022,UPI/CR/693455532101/VENKAT RAO/ICIC0272108/venkat870@okaxis,,32000.00,289008.89
02/09/2022,02/09/2022,UPI/CR/6388442582/FATIMA SHEIKH/ICIC0272108/fatima524@paytm,,1200.00,290208.89
03/09/2022,03/09/2022,NEFT/368508853526/CHANDAN SHARMA/ICIC0272108/59749197577981,,24000.00,314208.89
04/09/2022,04/09/2022,CHQ NO 486921 CLEARING,5200.00,,309008.89
05/09/2022,06/09/2022,NEFT/559825568292/SURESH NAIR/ICIC0272108/68088969722213,,2500.00,311508.89
06/09/2022,06/09/2022,UPI/CR/7396130816/GEETA DEVI/ICIC0272108/geeta226@ybl,,32000.00,343508.89
06/09/2022,06/09/2022,IMPS/P2P/666865491085/RAVI KUMAR SHARMA/8459248633,,24000.00,367508.89
06/09/2022,07/09/2022,NEFT/2491731556/FATIMA SHEIKH/ICIC0272108/22792254662913,,24000.00,391508.89
07/09/2022,08/09/2022,UPI/DR/74986448/SANJANA HEGDE/ICIC0272108/sanjana187@ybl,7800.00,,383708.89
07/09/2022,08/09/2022,UPI/CR/08169222/RAMESH PILLAI/ICIC0272108/ramesh603@ybl,,1200.00,384908.89
07/09/2022,07/09/2022,NEFT/31586320/ANAND KUMAR/ICIC0272108/62600696433391,,850.00,385758.89
07/09/2022,07/09/2022,UPI/CR/548741994687/VIKRAM NAIR/ICIC0272108/vikram408@oksbi,,32000.00,417758.89
07/09/2022,07/09/2022,CHQ NO 749546 CLEARING,49.00,,417709.89
07/09/2022,07/09/2022,IMPS/P2P/19519295/TARA SINGH/7422247240,,18500.00,436209.89
08/09/2022,08/09/2022,UPI/CR/371967385700/ROHIT SHARMA/ICIC0272108/rohit347@okaxis,,2500.00,438709.89
09/09/2022,09/09/2022,UPI/DR/53100031/GOPAL VERMA/ICIC0272108/gopal618@ybl,49.00,,438660.89
09/09/2022,09/09/2022,ATM/WDL/35821417/CANARA ATM MYSURU,79.00,,438581.89
09/09/2022,09/09/2022,NEFT/30107543/NILESH KULKARNI/ICIC0272108/86460297783033,249.00,,438332.89
10/09/2022,11/09/2022,IMPS/P2P/50995983/SUNIL YADAV/8459645494,,32000.00,470332.89
10/09/2022,11/09/2022,UPI/CR/54922615/LALITHA DEVI/ICIC0272108/lalitha176@okaxis,,4800.00,475132.89
10/09/2022,10/09/2022,IMPS/P2P/546455721617/RESHMA KHAN/9067660270,,32000.00,507132.89
11/09/2022,11/09/2022,UPI/DR/47095272/RAJENDRA PRASAD/ICIC0272108/rajendra212@okaxis,5200.00,,501932.89
11/09/2022,11/09/2022,ATM/WDL/7208495949/HDFC ATM KORAMANGALA,1680.00,,500252.89
11/09/2022,11/09/2022,IMPS/P2P/541489291191/PRAKASH RAO/8958472252,,18500.00,518752.89
11/09/2022,11/09/2022,CHQ NO 127651 CLEARING,7800.00,,510952.89
11/09/2022,11/09/2022,IMPS/P2P/056822204965/SANTOSH KUMAR/9669574159,,7600.00,518552.89
11/09/2022,11/09/2022,UPI/DR/121176845413/RAHUL SINGH/ICIC0272108/rahul318@okaxis,850.00,,517702.89
11/09/2022,11/09/2022,UPI/DR/600641827771/FATIMA SHEIKH/ICIC0272108/fatima230@okaxis,310.00,,517392.89
12/09/2022,12/09/2022,UPI/DR/810878984733/POOJA SHARMA/ICIC0272108/pooja201@paytm,699.00,,516693.89
12/09/2022,12/09/2022,UPI/DR/60425817/DIVYA MENON/ICIC0272108/divya634@okhdfc,7800.00,,508893.89
12/09/2022,12/09/2022,UPI/DR/955514804381/PRAKASH RAO/ICIC0272108/prakash602@okhdfc,5200.00,,503693.89
13/09/2022,14/09/2022,CHQ NO 426412 CLEARING,699.00,,502994.89
13/09/2022,14/09/2022,NEFT/401803763057/RAHUL SINGH/ICIC0272108/61052754871555,,11200.00,514194.89
13/09/2022,13/09/2022,IMPS/P2P/576040608843/ANITHA KRISHNAN/8234320617,,2500.00,516694.89
14/09/2022,14/09/2022,NEFT/20699845/ANAND KUMAR/ICIC0272108/10218527114387,,7600.00,524294.89
14/09/2022,15/09/2022,UPI/DR/344479907082/PREETHI IYER/ICIC0272108/preethi417@oksbi,449.00,,523845.89
15/09/2022,15/09/2022,NEFT/05338497/USHA RANI/ICIC0272108/99880315466523,999.00,,522846.89
16/09/2022,16/09/2022,UPI/DR/100361442358/RESHMA KHAN/ICIC0272108/reshma207@okhdfc,7800.00,,515046.89
16/09/2022,17/09/2022,UPI/DR/8174935958/RAVI KUMAR SHARMA/ICIC0272108/ravi444@paytm,2380.00,,512666.89
16/09/2022,16/09/2022,UPI/DR/4449576463/FARHAN KHAN/ICIC0272108/farhan897@paytm,449.00,,512217.89
16/09/2022,16/09/2022,IMPS/P2P/8977799273/SANTOSH KUMAR/7207305433,,18500.00,530717.89
16/09/2022,16/09/2022,IMPS/P2P/2721351900/DEEPAK JOSHI/8577695092,,24000.00,554717.89
16/09/2022,16/09/2022,UPI/DR/15228967/SNEHA PATIL/ICIC0272108/sneha715@okaxis,5200.00,,549517.89
17/09/2022,17/09/2022,CHQ NO 177101 CLEARING,449.00,,549068.89
17/09/2022,17/09/2022,CHQ NO 984916 CLEARING,850.00,,548218.89
18/09/2022,18/09/2022,NEFT/92279336/KAVYA REDDY/ICIC0272108/42029301210399,1680.00,,546538.89
18/09/2022,18/09/2022,CASH DEPOSIT/BRANCH COUNTER/BANJARA HILLS HYDERABAD,,500.00,547038.89
18/09/2022,18/09/2022,UPI/DR/5656465437/FARHAN KHAN/ICIC0272108/farhan35@ybl,5200.00,,541838.89
18/09/2022,18/09/2022,NEFT/228011682879/RAMESH PILLAI/ICIC0272108/26864356813845,249.00,,541589.89
19/09/2022,19/09/2022,UPI/CR/415692261472/RAHUL SINGH/ICIC0272108/rahul980@okhdfc,,4800.00,546389.89
19/09/2022,19/09/2022,ATM/WDL/32412708/SBI ATM JAYANAGAR BLR,3499.00,,542890.89
19/09/2022,20/09/2022,UPI/DR/790162348212/NIKHIL GUPTA/ICIC0272108/nikhil287@ybl,1680.00,,541210.89
19/09/2022,20/09/2022,CHQ NO 529901 CLEARING,310.00,,540900.89
19/09/2022,19/09/2022,UPI/DR/649944341887/LAKSHMI VENKAT/ICIC0272108/lakshmi801@oksbi,2380.00,,538520.89
19/09/2022,19/09/2022,NEFT/20345694/SNEHA PATIL/ICIC0272108/20243891179365,,11200.00,549720.89
19/09/2022,19/09/2022,CASH DEPOSIT/BRANCH COUNTER/BANJARA HILLS HYDERABAD,,24000.00,573720.89
20/09/2022,20/09/2022,UPI/DR/068392493954/HARISH MENON/ICIC0272108/harish559@oksbi,1680.00,,572040.89
20/09/2022,20/09/2022,ATM/WDL/2655933919/CANARA ATM MYSURU,7800.00,,564240.89
20/09/2022,20/09/2022,UPI/CR/0406087391/GANESH KUMAR/ICIC0272108/ganesh508@oksbi,,850.00,565090.89
20/09/2022,20/09/2022,NEFT/24458851/DIVYA MENON/ICIC0272108/90729174628646,,850.00,565940.89
21/09/2022,21/09/2022,ATM/WDL/191414512295/CANARA ATM MYSURU,2380.00,,563560.89
21/09/2022,21/09/2022,ATM/WDL/5776558387/HDFC ATM KORAMANGALA,249.00,,563311.89
21/09/2022,22/09/2022,NEFT/28321533/LATHA MURTHY/ICIC0272108/33817999395873,,4800.00,568111.89
22/09/2022,23/09/2022,CHQ NO 319415 CLEARING,3499.00,,564612.89
22/09/2022,22/09/2022,UPI/DR/7639185809/VIKRAM NAIR/ICIC0272108/vikram404@paytm,5200.00,,559412.89
23/09/2022,24/09/2022,CHQ NO 723309 CLEARING,3499.00,,555913.89
23/09/2022,23/09/2022,NEFT/854480213754/ANITHA KRISHNAN/ICIC0272108/19499829625960,,18500.00,574413.89
23/09/2022,23/09/2022,CHQ NO 836446 CLEARING,999.00,,573414.89
24/09/2022,24/09/2022,ATM/WDL/156831695194/CANARA ATM MYSURU,120.00,,573294.89
24/09/2022,25/09/2022,CASH DEPOSIT/BRANCH COUNTER/BANJARA HILLS HYDERABAD,,4800.00,578094.89
24/09/2022,24/09/2022,CHQ NO 760935 CLEARING,310.00,,577784.89
24/09/2022,24/09/2022,IMPS/P2P/0136098958/KAVITHA RAO/8617045602,,4800.00,582584.89
25/09/2022,25/09/2022,NEFT/16903949/RAVI KUMAR SHARMA/ICIC0272108/32295823909202,449.00,,582135.89
25/09/2022,25/09/2022,IMPS/P2P/4670294667/KAVITHA RAO/9864399149,,24000.00,606135.89
25/09/2022,25/09/2022,UPI/DR/577333274464/SHAHID KHAN/ICIC0272108/shahid865@oksbi,999.00,,605136.89
25/09/2022,25/09/2022,UPI/DR/3436154677/RAJENDRA PRASAD/ICIC0272108/rajendra127@paytm,699.00,,604437.89
25/09/2022,25/09/2022,NEFT/722771678681/PREETHI IYER/ICIC0272108/69999491926528,249.00,,604188.89
26/09/2022,26/09/2022,UPI/DR/354520900329/FAILED/TimeOut/Deepak Joshi,500.00,,604188.89
26/09/2022,27/09/2022,NEFT/23300484/SANJANA HEGDE/ICIC0272108/22177657874360,310.00,,603878.89
26/09/2022,26/09/2022,CASH DEPOSIT/BRANCH COUNTER/BANJARA HILLS HYDERABAD,,2500.00,606378.89
27/09/2022,27/09/2022,UPI/CR/228348769315/RESHMA KHAN/ICIC0272108/reshma813@ybl,,1200.00,607578.89
27/09/2022,28/09/2022,NEFT/6131155392/ARJUN MEHTA/ICIC0272108/38437368795370,49.00,,607529.89
28/09/2022,29/09/2022,CHQ NO 351655 CLEARING,120.00,,607409.89
28/09/2022,28/09/2022,CASH DEPOSIT/BRANCH COUNTER/BANJARA HILLS HYDERABAD,,32000.00,639409.89
28/09/2022,29/09/2022,CASH DEPOSIT/BRANCH COUNTER/BANJARA HILLS HYDERABAD,,32000.00,671409.89
29/09/2022,29/09/2022,UPI/DR/248941545048/KAVERI MENON/ICIC0272108/kaveri181@paytm,1250.00,,670159.89
29/09/2022,29/09/2022,NEFT/979538206388/SAVITHA DEVI/ICIC0272108/84959750212694,,7600.00,677759.89
29/09/2022,30/09/2022,UPI/CR/0807093990/USHA RANI/ICIC0272108/usha620@okaxis,,2500.00,680259.89
29/09/2022,29/09/2022,UPI/DR/4802536294/VIKRAM NAIR/ICIC0272108/vikram959@ybl,5200.00,,675059.89
29/09/2022,29/09/2022,CASH DEPOSIT/BRANCH COUNTER/BANJARA HILLS HYDERABAD,,500.00,675559.89
30/09/2022,30/09/2022,CASH DEPOSIT/BRANCH COUNTER/BANJARA HILLS HYDERABAD,,4800.00,680359.89
30/09/2022,01/10/2022,IMPS/P2P/4873423653/RANJIT SINGH/7925364008,,500.00,680859.89
30/09/2022,30/09/2022,UPI/CR/004116378410/MEERA PILLAI/ICIC0272108/meera682@okaxis,,11200.00,692059.89
30/09/2022,30/09/2022,ATM/WDL/22023848/CANARA ATM MYSURU,120.00,,691939.89
30/09/2022,30/09/2022,NEFT/011174126047/GOPAL VERMA/ICIC0272108/67222001310158,,4800.00,696739.89
01/10/2022,02/10/2022,NEFT/83825027/IMRAN KHAN/ICIC0272108/86678294484803,,7600.00,704339.89
01/10/2022,01/10/2022,UPI/CR/229536738653/GOPAL VERMA/ICIC0272108/gopal317@ybl,,500.00,704839.89
01/10/2022,01/10/2022,NEFT/2484188988/KARTHIK MENON/ICIC0272108/61125791801110,,7600.00,712439.89
01/10/2022,01/10/2022,UPI/CR/96801752/NADIA HUSSAIN/ICIC0272108/nadia76@ybl,,24000.00,736439.89
02/10/2022,03/10/2022,UPI/DR/48830654/RAJENDRA PRASAD/ICIC0272108/rajendra727@paytm,999.00,,735440.89
02/10/2022,02/10/2022,CHQ NO 843709 CLEARING,79.00,,735361.89
02/10/2022,02/10/2022,CHQ NO 587237 CLEARING,310.00,,735051.89
02/10/2022,02/10/2022,NEFT/7286547758/SUNIL YADAV/ICIC0272108/33275121752554,,7600.00,742651.89
02/10/2022,02/10/2022,UPI/DR/863976883793/RAHUL SINGH/ICIC0272108/rahul372@oksbi,449.00,,742202.89
03/10/2022,03/10/2022,UPI/DR/02879742/MEENA IYER/ICIC0272108/meena84@paytm,310.00,,741892.89
03/10/2022,03/10/2022,ATM/WDL/8772500558/SBI ATM JAYANAGAR BLR,310.00,,741582.89
03/10/2022,03/10/2022,NEFT/2665256631/BINDHU NAIR/ICIC0272108/49642980366309,5200.00,,736382.89
03/10/2022,04/10/2022,UPI/DR/7900884394/MOHAN DAS/ICIC0272108/mohan92@ybl,1680.00,,734702.89
03/10/2022,03/10/2022,ATM/WDL/6064769797/HDFC ATM KORAMANGALA,2380.00,,732322.89
03/10/2022,04/10/2022,IMPS/P2P/63944633/POOJA SHARMA/7092553977,,18500.00,750822.89
04/10/2022,05/10/2022,CHQ NO 192697 CLEARING,249.00,,750573.89
04/10/2022,04/10/2022,UPI/CR/6428065233/CHANDAN SHARMA/ICIC0272108/chandan541@ybl,,500.00,751073.89
04/10/2022,04/10/2022,NEFT/8855755304/VIKRAM NAIR/ICIC0272108/77081834278628,,18500.00,769573.89
05/10/2022,05/10/2022,NEFT/68560428/FATIMA SHEIKH/ICIC0272108/09420400145484,,7600.00,777173.89
05/10/2022,06/10/2022,NEFT/37222088/MEENA IYER/ICIC0272108/79742808974446,,1200.00,778373.89
06/10/2022,06/10/2022,NEFT/9945997719/SUNIL YADAV/ICIC0272108/29270591010999,,11200.00,789573.89
06/10/2022,06/10/2022,UPI/DR/72055268/DEEPAK JOSHI/ICIC0272108/deepak452@oksbi,310.00,,789263.89
06/10/2022,07/10/2022,UPI/DR/3956511208/VIKRAM NAIR/ICIC0272108/vikram379@ybl,249.00,,789014.89
06/10/2022,06/10/2022,NEFT/1286055966/POOJA SHARMA/ICIC0272108/82505789086305,7800.00,,781214.89
06/10/2022,06/10/2022,UPI/DR/3995276289/LALITHA DEVI/ICIC0272108/lalitha312@paytm,1250.00,,779964.89
07/10/2022,07/10/2022,UPI/CR/269874786490/SURESH NAIR/ICIC0272108/suresh893@ybl,,32000.00,811964.89
07/10/2022,07/10/2022,IMPS/P2P/9576616998/MALLIKA DAS/8815816194,,4800.00,816764.89
07/10/2022,08/10/2022,CHQ NO 339588 CLEARING,5200.00,,811564.89
07/10/2022,07/10/2022,UPI/DR/3212696032/USHA RANI/ICIC0272108/usha945@oksbi,249.00,,811315.89
07/10/2022,08/10/2022,IMPS/P2P/9690483772/PADMA RAO/8039006153,,18500.00,829815.89
07/10/2022,07/10/2022,IMPS/P2P/0915269019/POOJA SHARMA/8010081191,,7600.00,837415.89
07/10/2022,07/10/2022,UPI/DR/3543114254/IMRAN KHAN/ICIC0272108/imran443@okaxis,1250.00,,836165.89
08/10/2022,08/10/2022,CHQ NO 442607 CLEARING,310.00,,835855.89
08/10/2022,08/10/2022,UPI/DR/46894129/RANJIT SINGH/ICIC0272108/ranjit41@ybl,449.00,,835406.89
08/10/2022,08/10/2022,CHQ NO 631339 CLEARING,310.00,,835096.89
09/10/2022,09/10/2022,UPI/DR/830554772218/ROHIT SHARMA/ICIC0272108/rohit537@paytm,2380.00,,832716.89
09/10/2022,09/10/2022,UPI/DR/2909379436/IMRAN KHAN/ICIC0272108/imran476@okaxis,3499.00,,829217.89
10/10/2022,11/10/2022,ATM/WDL/94848734/HDFC ATM KORAMANGALA,999.00,,828218.89
10/10/2022,10/10/2022,UPI/DR/4991847208/SHEELA DEVI/ICIC0272108/sheela108@okhdfc,999.00,,827219.89
10/10/2022,10/10/2022,NEFT/028039220124/USHA RANI/ICIC0272108/33982540129683,,7600.00,834819.89
10/10/2022,11/10/2022,NEFT/3599872838/TARA SINGH/ICIC0272108/59013231812232,,32000.00,866819.89
10/10/2022,10/10/2022,NEFT/19671576/LAKSHMI VENKAT/ICIC0272108/75906532400923,449.00,,866370.89
11/10/2022,11/10/2022,UPI/DR/0542594060/MOHAN DAS/ICIC0272108/mohan849@okhdfc,1680.00,,864690.89
11/10/2022,11/10/2022,UPI/DR/7798055084/MALLIKA DAS/ICIC0272108/mallika874@oksbi,1680.00,,863010.89
11/10/2022,11/10/2022,NEFT/40330635/KIRAN REDDY/ICIC0272108/46000681616857,,500.00,863510.89
11/10/2022,12/10/2022,IMPS/P2P/8970470623/RESHMA KHAN/8650510263,,32000.00,895510.89
12/10/2022,12/10/2022,IMPS/P2P/7922147139/SANJANA HEGDE/7942221171,,18500.00,914010.89
12/10/2022,12/10/2022,NEFT/96737823/HARISH MENON/ICIC0272108/51812701557257,699.00,,913311.89
12/10/2022,12/10/2022,IMPS/P2P/074454041070/RANJIT SINGH/8762380377,,18500.00,931811.89
13/10/2022,14/10/2022,UPI/CR/437173599323/GOPAL VERMA/ICIC0272108/gopal522@oksbi,,11200.00,943011.89
13/10/2022,14/10/2022,UPI/DR/268181208972/MOHAMMED IRFAN/ICIC0272108/mohammed373@ybl,3499.00,,939512.89
13/10/2022,14/10/2022,NEFT/94256075/PRIYA NAIR/ICIC0272108/96356282619595,,2500.00,942012.89
14/10/2022,14/10/2022,UPI/DR/292381263471/ANITHA KRISHNAN/ICIC0272108/anitha965@ybl,1250.00,,940762.89
14/10/2022,14/10/2022,UPI/DR/12598873/GANESH KUMAR/ICIC0272108/ganesh673@oksbi,120.00,,940642.89
14/10/2022,14/10/2022,NEFT/14298124/KAVITHA RAO/ICIC0272108/10348919690092,,850.00,941492.89
14/10/2022,14/10/2022,CHQ NO 652663 CLEARING,310.00,,941182.89
15/10/2022,15/10/2022,UPI/DR/36578632/KAVYA REDDY/ICIC0272108/kavya558@okaxis,449.00,,940733.89
15/10/2022,16/10/2022,NEFT/73566871/PRIYA NAIR/ICIC0272108/79470859837419,,2500.00,943233.89
15/10/2022,15/10/2022,UPI/DR/6488382396/KARTHIK MENON/ICIC0272108/karthik829@oksbi,850.00,,942383.89
15/10/2022,15/10/2022,ATM/WDL/54882730/CANARA ATM MYSURU,7800.00,,934583.89
15/10/2022,16/10/2022,UPI/CR/92415778/VIKRAM NAIR/ICIC0272108/vikram750@okaxis,,24000.00,958583.89
15/10/2022,16/10/2022,CASH DEPOSIT/BRANCH COUNTER/BANJARA HILLS HYDERABAD,,1200.00,959783.89
16/10/2022,16/10/2022,NEFT/6384925332/ARCHANA PILLAI/ICIC0272108/03066479745706,,4800.00,964583.89
16/10/2022,16/10/2022,CHQ NO 245465 CLEARING,3499.00,,961084.89
16/10/2022,16/10/2022,NEFT/526819190329/ARCHANA PILLAI/ICIC0272108/01846823673194,,2500.00,963584.89
17/10/2022,17/10/2022,NEFT/360324630530/SUNIL YADAV/ICIC0272108/46719942325132,,18500.00,982084.89
17/10/2022,17/10/2022,CHQ NO 417438 CLEARING,249.00,,981835.89
17/10/2022,17/10/2022,NEFT/562223299739/RAJESH VERMA/ICIC0272108/80434617074234,,2500.00,984335.89
18/10/2022,18/10/2022,CHQ NO 678998 CLEARING,1680.00,,982655.89
19/10/2022,19/10/2022,UPI/DR/79647066/SUSHMA RAO/ICIC0272108/sushma370@oksbi,120.00,,982535.89
19/10/2022,20/10/2022,UPI/DR/044926700253/USHA RANI/ICIC0272108/usha60@ybl,120.00,,982415.89
19/10/2022,19/10/2022,UPI/DR/455184049847/PADMA RAO/ICIC0272108/padma275@ybl,49.00,,982366.89
19/10/2022,19/10/2022,IMPS/P2P/696900853349/FATIMA SHEIKH/9144270138,,32000.00,1014366.89
20/10/2022,21/10/2022,UPI/DR/3082067376/KAVYA REDDY/ICIC0272108/kavya517@okhdfc,449.00,,1013917.89
20/10/2022,20/10/2022,UPI/DR/8360231693/SHEELA DEVI/ICIC0272108/sheela772@oksbi,1680.00,,1012237.89
20/10/2022,20/10/2022,UPI/DR/1506256013/MOHAN DAS/ICIC0272108/mohan734@okhdfc,999.00,,1011238.89
21/10/2022,21/10/2022,UPI/DR/338463766271/KAVERI MENON/ICIC0272108/kaveri841@ybl,850.00,,1010388.89
21/10/2022,22/10/2022,UPI/DR/142593251113/SHAHID KHAN/ICIC0272108/shahid460@oksbi,3499.00,,1006889.89
22/10/2022,23/10/2022,CHQ NO 247121 CLEARING,5200.00,,1001689.89
22/10/2022,23/10/2022,IMPS/P2P/8556473609/MEERA PILLAI/9551973692,,4800.00,1006489.89
23/10/2022,23/10/2022,UPI/DR/54591638/DIVYA MENON/ICIC0272108/divya932@paytm,449.00,,1006040.89
23/10/2022,23/10/2022,UPI/DR/6811645050/TARA SINGH/ICIC0272108/tara618@okaxis,699.00,,1005341.89
23/10/2022,23/10/2022,UPI/DR/81252826/MEERA PILLAI/ICIC0272108/meera33@paytm,249.00,,1005092.89
23/10/2022,23/10/2022,UPI/DR/832472643527/SURESH NAIR/ICIC0272108/suresh223@okaxis,1250.00,,1003842.89
23/10/2022,23/10/2022,UPI/CR/3600930997/MALLIKA DAS/ICIC0272108/mallika537@paytm,,2500.00,1006342.89
24/10/2022,25/10/2022,UPI/DR/39811255/PRIYA NAIR/ICIC0272108/priya994@okaxis,310.00,,1006032.89
24/10/2022,24/10/2022,UPI/DR/27447312/DEEPAK JOSHI/ICIC0272108/deepak691@paytm,999.00,,1005033.89
25/10/2022,25/10/2022,UPI/CR/641000877498/MALLIKA DAS/ICIC0272108/mallika968@okhdfc,,2500.00,1007533.89
25/10/2022,25/10/2022,UPI/CR/49386371/HARISH MENON/ICIC0272108/harish611@paytm,,11200.00,1018733.89
26/10/2022,27/10/2022,CHQ NO 404321 CLEARING,850.00,,1017883.89
27/10/2022,27/10/2022,NEFT/1985017753/DEEPA NAIR/ICIC0272108/09732511968243,2380.00,,1015503.89
27/10/2022,27/10/2022,UPI/DR/584050353221/RAMESH GOWDA/ICIC0272108/ramesh797@okhdfc,249.00,,1015254.89
27/10/2022,27/10/2022,UPI/CR/13397342/DEEPAK JOSHI/ICIC0272108/deepak913@oksbi,,18500.00,1033754.89
27/10/2022,28/10/2022,UPI/CR/1527467103/SURESH NAIR/ICIC0272108/suresh39@okaxis,,7600.00,1041354.89
28/10/2022,28/10/2022,UPI/CR/20585676/PREETHI IYER/ICIC0272108/preethi332@oksbi,,500.00,1041854.89
28/10/2022,29/10/2022,UPI/DR/37579652/GEETA DEVI/ICIC0272108/geeta896@oksbi,2380.00,,1039474.89
28/10/2022,29/10/2022,UPI/DR/22336813/NAVEEN KUMAR/ICIC0272108/naveen19@okhdfc,449.00,,1039025.89
29/10/2022,29/10/2022,UPI/DR/733889401702/TANVI RAO/ICIC0272108/tanvi176@okhdfc,850.00,,1038175.89
29/10/2022,29/10/2022,ATM/WDL/567802551271/HDFC ATM KORAMANGALA,850.00,,1037325.89
29/10/2022,30/10/2022,CHQ NO 655318 CLEARING,7800.00,,1029525.89
30/10/2022,30/10/2022,UPI/CR/937109955482/SHEELA DEVI/ICIC0272108/sheela372@okaxis,,7600.00,1037125.89
30/10/2022,30/10/2022,UPI/DR/42102948/KIRAN REDDY/ICIC0272108/kiran991@okhdfc,999.00,,1036126.89
30/10/2022,30/10/2022,UPI/DR/12300451/KAVITHA RAO/ICIC0272108/kavitha913@oksbi,7800.00,,1028326.89
31/10/2022,31/10/2022,CHQ NO 277059 CLEARING,999.00,,1027327.89
01/11/2022,01/11/2022,UPI/DR/91502678/DEEPA NAIR/ICIC0272108/deepa681@paytm,2380.00,,1024947.89
01/11/2022,01/11/2022,UPI/DR/21194694/KAVERI MENON/ICIC0272108/kaveri988@okhdfc,699.00,,1024248.89
01/11/2022,02/11/2022,UPI/DR/122414885684/FARHAN KHAN/ICIC0272108/farhan333@paytm,449.00,,1023799.89
02/11/2022,02/11/2022,IMPS/P2P/563801645209/DEEPAK JOSHI/8645115662,,1200.00,1024999.89
03/11/2022,04/11/2022,UPI/CR/7379186468/SUNIL YADAV/ICIC0272108/sunil676@ybl,,18500.00,1043499.89
03/11/2022,03/11/2022,UPI/DR/19076954/KAVYA REDDY/ICIC0272108/kavya590@okaxis,310.00,,1043189.89
03/11/2022,04/11/2022,ATM/WDL/902568526013/SBI ATM JAYANAGAR BLR,1250.00,,1041939.89
03/11/2022,03/11/2022,UPI/DR/742435751633/TANVI RAO/ICIC0272108/tanvi956@okaxis,850.00,,1041089.89
04/11/2022,04/11/2022,ATM/WDL/803648134773/CANARA ATM MYSURU,1250.00,,1039839.89
04/11/2022,04/11/2022,UPI/DR/042912047107/FATIMA SHEIKH/ICIC0272108/fatima826@okhdfc,49.00,,1039790.89
04/11/2022,05/11/2022,NEFT/76972799/KARTHIK MENON/ICIC0272108/18328315282231,,2500.00,1042290.89
05/11/2022,05/11/2022,ATM/WDL/315676846644/CANARA ATM MYSURU,1250.00,,1041040.89
05/11/2022,05/11/2022,IMPS/P2P/84030228/ANAND KUMAR/8316338796,,18500.00,1059540.89
05/11/2022,05/11/2022,UPI/CR/561097415190/LAKSHMI VENKAT/ICIC0272108/lakshmi469@paytm,,850.00,1060390.89
05/11/2022,05/11/2022,ATM/WDL/29737630/HDFC ATM KORAMANGALA,49.00,,1060341.89
05/11/2022,06/11/2022,CHQ NO 828513 CLEARING,120.00,,1060221.89
06/11/2022,06/11/2022,NEFT/95137243/TARA SINGH/ICIC0272108/34514815656905,,2500.00,1062721.89
06/11/2022,07/11/2022,UPI/DR/815845690374/TARA SINGH/ICIC0272108/tara434@ybl,310.00,,1062411.89
07/11/2022,08/11/2022,UPI/CR/530891918514/SHEELA DEVI/ICIC0272108/sheela442@paytm,,4800.00,1067211.89
07/11/2022,07/11/2022,ATM/WDL/488724137865/HDFC ATM KORAMANGALA,7800.00,,1059411.89
07/11/2022,08/11/2022,UPI/DR/483983416946/DEEPAK JOSHI/ICIC0272108/deepak445@okhdfc,249.00,,1059162.89
07/11/2022,07/11/2022,UPI/DR/183531176135/NIKHIL GUPTA/ICIC0272108/nikhil564@okhdfc,850.00,,1058312.89
08/11/2022,08/11/2022,UPI/DR/7076736210/LAKSHMI VENKAT/ICIC0272108/lakshmi853@okhdfc,3499.00,,1054813.89
09/11/2022,09/11/2022,UPI/CR/410239965469/SNEHA PATIL/ICIC0272108/sneha155@okhdfc,,500.00,1055313.89
09/11/2022,09/11/2022,UPI/DR/93275630/BABU LAL/ICIC0272108/babu714@paytm,5200.00,,1050113.89
09/11/2022,09/11/2022,NEFT/2004540046/SUNITA DEVI/ICIC0272108/21621316562227,120.00,,1049993.89
09/11/2022,09/11/2022,UPI/DR/45093512/CHANDAN SHARMA/ICIC0272108/chandan480@paytm,79.00,,1049914.89
10/11/2022,10/11/2022,CASH DEPOSIT/BRANCH COUNTER/BANJARA HILLS HYDERABAD,,850.00,1050764.89
10/11/2022,10/11/2022,NEFT/43093022/LALITHA DEVI/ICIC0272108/17918633340641,120.00,,1050644.89
10/11/2022,10/11/2022,CASH DEPOSIT/BRANCH COUNTER/BANJARA HILLS HYDERABAD,,850.00,1051494.89
10/11/2022,10/11/2022,IMPS/P2P/33223400/MEENA IYER/7896080479,,7600.00,1059094.89
11/11/2022,11/11/2022,NEFT/344760474267/SNEHA PATIL/ICIC0272108/86787325590567,,7600.00,1066694.89
11/11/2022,11/11/2022,NEFT/3494351752/IMRAN KHAN/ICIC0272108/74751295516265,449.00,,1066245.89
11/11/2022,12/11/2022,IMPS/P2P/3675881415/GOPAL VERMA/8358006071,,2500.00,1068745.89
11/11/2022,11/11/2022,NEFT/930781544870/ARJUN MEHTA/ICIC0272108/14952002456157,,24000.00,1092745.89
12/11/2022,12/11/2022,NEFT/696931389707/ANAND KUMAR/ICIC0272108/06135063726902,249.00,,1092496.89
12/11/2022,12/11/2022,NEFT/183407032302/REKHA PILLAI/ICIC0272108/95515113519574,,850.00,1093346.89
12/11/2022,12/11/2022,CHQ NO 137516 CLEARING,249.00,,1093097.89
12/11/2022,13/11/2022,NEFT/769280171026/RESHMA KHAN/ICIC0272108/51239722026803,,500.00,1093597.89
12/11/2022,12/11/2022,CHQ NO 441411 CLEARING,120.00,,1093477.89
13/11/2022,13/11/2022,UPI/DR/7965219584/RANJIT SINGH/ICIC0272108/ranjit133@okaxis,310.00,,1093167.89
13/11/2022,13/11/2022,ATM/WDL/912005421903/CANARA ATM MYSURU,1680.00,,1091487.89
13/11/2022,13/11/2022,ATM/WDL/12116467/CANARA ATM MYSURU,7800.00,,1083687.89
14/11/2022,14/11/2022,UPI/DR/763244796642/GANESH KUMAR/ICIC0272108/ganesh293@ybl,7800.00,,1075887.89
14/11/2022,15/11/2022,UPI/DR/68848538/IMRAN KHAN/ICIC0272108/imran860@oksbi,2380.00,,1073507.89
14/11/2022,14/11/2022,UPI/CR/0258360033/ARJUN MEHTA/ICIC0272108/arjun158@okhdfc,,24000.00,1097507.89
14/11/2022,14/11/2022,CHQ NO 066286 CLEARING,5200.00,,1092307.89
15/11/2022,16/11/2022,NEFT/52243277/RESHMA KHAN/ICIC0272108/22936635543436,49.00,,1092258.89
15/11/2022,15/11/2022,UPI/CR/598648109494/KAVERI MENON/ICIC0272108/kaveri465@oksbi,,4800.00,1097058.89
15/11/2022,15/11/2022,NEFT/6860582994/KAVITHA RAO/ICIC0272108/99667343725524,2380.00,,1094678.89
15/11/2022,15/11/2022,UPI/DR/414966596241/TARA SINGH/ICIC0272108/tara668@okaxis,999.00,,1093679.89
15/11/2022,15/11/2022,CASH DEPOSIT/BRANCH COUNTER/BANJARA HILLS HYDERABAD,,2500.00,1096179.89
15/11/2022,15/11/2022,ATM/WDL/1694105803/CANARA ATM MYSURU,49.00,,1096130.89
15/11/2022,15/11/2022,NEFT/60935006/NIKHIL GUPTA/ICIC0272108/86120444500368,2380.00,,1093750.89
16/11/2022,16/11/2022,UPI/DR/969579311583/GANESH KUMAR/ICIC0272108/ganesh721@paytm,7800.00,,1085950.89
16/11/2022,17/11/2022,UPI/DR/18247816/SUNITA DEVI/ICIC0272108/sunita387@oksbi,699.00,,1085251.89
16/11/2022,16/11/2022,NEFT/33620041/NAVEEN KUMAR/ICIC0272108/64812305989637,699.00,,1084552.89
16/11/2022,17/11/2022,UPI/DR/8402085185/RANJIT SINGH/ICIC0272108/ranjit717@oksbi,1250.00,,1083302.89
16/11/2022,16/11/2022,CASH DEPOSIT/BRANCH COUNTER/BANJARA HILLS HYDERABAD,,11200.00,1094502.89
16/11/2022,16/11/2022,NEFT/7022804548/ANAND KUMAR/ICIC0272108/03678773505009,850.00,,1093652.89
17/11/2022,17/11/2022,UPI/CR/5598392364/REKHA PILLAI/ICIC0272108/rekha882@oksbi,,500.00,1094152.89
18/11/2022,18/11/2022,NEFT/6006002178/LATHA MURTHY/ICIC0272108/31923141258071,,1200.00,1095352.89
18/11/2022,18/11/2022,IMPS/P2P/7713987685/SHEELA DEVI/9733734661,,11200.00,1106552.89
18/11/2022,18/11/2022,UPI/DR/7449954174/SMITHA PILLAI/ICIC0272108/smitha633@okaxis,699.00,,1105853.89
19/11/2022,19/11/2022,ATM/WDL/914582944315/CANARA ATM MYSURU,850.00,,1105003.89
20/11/2022,20/11/2022,ATM/WDL/86574250/CANARA ATM MYSURU,449.00,,1104554.89
20/11/2022,20/11/2022,CASH DEPOSIT/BRANCH COUNTER/BANJARA HILLS HYDERABAD,,24000.00,1128554.89
20/11/2022,20/11/2022,UPI/CR/085968173243/POOJA SHARMA/ICIC0272108/pooja642@okaxis,,24000.00,1152554.89
20/11/2022,20/11/2022,UPI/DR/13824304/LALITHA DEVI/ICIC0272108/lalitha732@oksbi,310.00,,1152244.89
20/11/2022,20/11/2022,UPI/DR/2610690800/KAVITHA RAO/ICIC0272108/kavitha442@paytm,999.00,,1151245.89
20/11/2022,21/11/2022,UPI/DR/044420966262/FARHAN KHAN/ICIC0272108/farhan414@ybl,120.00,,1151125.89
21/11/2022,21/11/2022,CHQ NO 893012 CLEARING,1680.00,,1149445.89
21/11/2022,22/11/2022,IMPS/P2P/730947501879/DEEPA NAIR/8237545528,,4800.00,1154245.89
22/11/2022,22/11/2022,NEFT/5659688792/ARJUN MEHTA/ICIC0272108/67018296263295,310.00,,1153935.89
23/11/2022,23/11/2022,UPI/DR/43490981/NIKHIL GUPTA/ICIC0272108/nikhil582@paytm,3499.00,,1150436.89
23/11/2022,23/11/2022,IMPS/P2P/24784537/KAVERI MENON/8851359018,,500.00,1150936.89
25/11/2022,25/11/2022,IMPS/P2P/6725022108/SNEHA PATIL/9380804703,,4800.00,1155736.89
25/11/2022,26/11/2022,UPI/DR/89633988/RANJIT SINGH/ICIC0272108/ranjit717@ybl,1250.00,,1154486.89
26/11/2022,26/11/2022,ATM/WDL/940391859833/HDFC ATM KORAMANGALA,3499.00,,1150987.89
26/11/2022,27/11/2022,UPI/CR/64334360/PRAKASH RAO/ICIC0272108/prakash438@oksbi,,24000.00,1174987.89
26/11/2022,26/11/2022,ATM/WDL/695941999852/HDFC ATM KORAMANGALA,249.00,,1174738.89
26/11/2022,26/11/2022,CASH DEPOSIT/BRANCH COUNTER/BANJARA HILLS HYDERABAD,,4800.00,1179538.89
26/11/2022,26/11/2022,UPI/DR/001360647475/IMRAN KHAN/ICIC0272108/imran119@paytm,999.00,,1178539.89
27/11/2022,27/11/2022,CHQ NO 592701 CLEARING,699.00,,1177840.89
28/11/2022,29/11/2022,ATM/WDL/25872942/HDFC ATM KORAMANGALA,79.00,,1177761.89
28/11/2022,28/11/2022,IMPS/P2P/019734912057/CHANDAN SHARMA/8770357164,,2500.00,1180261.89
28/11/2022,28/11/2022,ATM/WDL/8141592353/HDFC ATM KORAMANGALA,310.00,,1179951.89
28/11/2022,28/11/2022,CHQ NO 843493 CLEARING,7800.00,,1172151.89
28/11/2022,28/11/2022,NEFT/8188146990/KIRAN REDDY/ICIC0272108/17146644777984,2380.00,,1169771.89
28/11/2022,28/11/2022,UPI/DR/4258831928/FARHAN KHAN/ICIC0272108/farhan648@ybl,49.00,,1169722.89
29/11/2022,30/11/2022,UPI/DR/3789973839/SANJANA HEGDE/ICIC0272108/sanjana355@okaxis,7800.00,,1161922.89
29/11/2022,29/11/2022,UPI/DR/26061871/LATHA MURTHY/ICIC0272108/latha413@ybl,49.00,,1161873.89
30/11/2022,30/11/2022,UPI/DR/6383924805/HARISH MENON/ICIC0272108/harish887@paytm,449.00,,1161424.89
30/11/2022,30/11/2022,UPI/DR/363301950769/SHAHID KHAN/ICIC0272108/shahid101@okhdfc,49.00,,1161375.89
30/11/2022,30/11/2022,NEFT/0675850283/GANESH KUMAR/ICIC0272108/76999809984358,,850.00,1162225.89
30/11/2022,01/12/2022,IMPS/P2P/143885403523/SMITHA PILLAI/8533702206,,4800.00,1167025.89
30/11/2022,30/11/2022,UPI/DR/033021781437/DEEPA NAIR/ICIC0272108/deepa814@oksbi,999.00,,1166026.89
01/12/2022,01/12/2022,UPI/DR/99159727/NILESH KULKARNI/ICIC0272108/nilesh702@ybl,5200.00,,1160826.89
01/12/2022,01/12/2022,CASH DEPOSIT/BRANCH COUNTER/BANJARA HILLS HYDERABAD,,1200.00,1162026.89
01/12/2022,01/12/2022,UPI/DR/55911512/SUSHMA RAO/ICIC0272108/sushma662@okhdfc,3499.00,,1158527.89
01/12/2022,01/12/2022,CASH DEPOSIT/BRANCH COUNTER/BANJARA HILLS HYDERABAD,,24000.00,1182527.89
01/12/2022,01/12/2022,CHQ NO 962722 CLEARING,3499.00,,1179028.89
02/12/2022,02/12/2022,NEFT/46468401/PREETHI IYER/ICIC0272108/05049571183366,,11200.00,1190228.89
02/12/2022,02/12/2022,UPI/DR/648916259995/RAMESH GOWDA/ICIC0272108/ramesh736@ybl,449.00,,1189779.89
03/12/2022,04/12/2022,CASH DEPOSIT/BRANCH COUNTER/BANJARA HILLS HYDERABAD,,18500.00,1208279.89
03/12/2022,04/12/2022,ATM/WDL/6016064479/CANARA ATM MYSURU,2380.00,,1205899.89
03/12/2022,04/12/2022,UPI/DR/5248735244/KARTHIK MENON/ICIC0272108/karthik996@oksbi,999.00,,1204900.89
03/12/2022,03/12/2022,UPI/DR/89097519/SURESH NAIR/ICIC0272108/suresh72@okaxis,79.00,,1204821.89
04/12/2022,04/12/2022,NEFT/42069356/PREETHI IYER/ICIC0272108/90623678043538,,1200.00,1206021.89
04/12/2022,04/12/2022,ATM/WDL/9634166693/CANARA ATM MYSURU,449.00,,1205572.89
04/12/2022,05/12/2022,UPI/DR/3801820505/VIKRAM NAIR/ICIC0272108/vikram905@okhdfc,79.00,,1205493.89
05/12/2022,05/12/2022,ATM/WDL/23758916/CANARA ATM MYSURU,120.00,,1205373.89
05/12/2022,05/12/2022,NEFT/194629791160/SANTOSH KUMAR/ICIC0272108/85636140312849,120.00,,1205253.89
05/12/2022,05/12/2022,NEFT/62198606/SNEHA PATIL/ICIC0272108/89638689697194,5200.00,,1200053.89
05/12/2022,05/12/2022,CASH DEPOSIT/BRANCH COUNTER/BANJARA HILLS HYDERABAD,,32000.00,1232053.89
06/12/2022,07/12/2022,CHQ NO 609935 CLEARING,7800.00,,1224253.89
07/12/2022,08/12/2022,UPI/DR/231610670875/SAVITHA DEVI/ICIC0272108/savitha930@oksbi,850.00,,1223403.89
07/12/2022,07/12/2022,UPI/CR/7348478177/CHANDAN SHARMA/ICIC0272108/chandan682@okhdfc,,24000.00,1247403.89
08/12/2022,08/12/2022,NEFT/94233810/KARTHIK MENON/ICIC0272108/14598207465327,249.00,,1247154.89
09/12/2022,10/12/2022,NEFT/790923263530/HARISH MENON/ICIC0272108/42889412652432,,18500.00,1265654.89
09/12/2022,09/12/2022,UPI/DR/1947045507/REKHA PILLAI/ICIC0272108/rekha98@paytm,2380.00,,1263274.89
09/12/2022,10/12/2022,UPI/DR/240632927350/DEEPA NAIR/ICIC0272108/deepa890@okhdfc,310.00,,1262964.89
10/12/2022,11/12/2022,UPI/DR/724550369126/TANVI RAO/ICIC0272108/tanvi80@paytm,79.00,,1262885.89
10/12/2022,11/12/2022,UPI/DR/7103700390/RAJENDRA PRASAD/ICIC0272108/rajendra718@oksbi,2380.00,,1260505.89
10/12/2022,10/12/2022,ATM/WDL/49274400/HDFC ATM KORAMANGALA,999.00,,1259506.89
11/12/2022,12/12/2022,UPI/DR/60907105/SANJANA HEGDE/ICIC0272108/sanjana52@okhdfc,310.00,,1259196.89
11/12/2022,12/12/2022,ATM/WDL/769405449115/SBI ATM JAYANAGAR BLR,1680.00,,1257516.89
11/12/2022,11/12/2022,UPI/DR/37102767/SURESH BABU/ICIC0272108/suresh413@oksbi,310.00,,1257206.89
11/12/2022,12/12/2022,IMPS/P2P/50502444/ARCHANA PILLAI/8089659650,,4800.00,1262006.89
12/12/2022,12/12/2022,NEFT/0674204871/SANJANA HEGDE/ICIC0272108/29694526286386,,7600.00,1269606.89
12/12/2022,12/12/2022,UPI/DR/5983631534/FATIMA SHEIKH/ICIC0272108/fatima289@ybl,699.00,,1268907.89
12/12/2022,13/12/2022,UPI/DR/9444459767/FARHAN KHAN/ICIC0272108/farhan929@oksbi,49.00,,1268858.89
13/12/2022,13/12/2022,UPI/CR/95194291/SHEELA DEVI/ICIC0272108/sheela922@oksbi,,32000.00,1300858.89
13/12/2022,14/12/2022,ATM/WDL/37431137/SBI ATM JAYANAGAR BLR,1250.00,,1299608.89
14/12/2022,14/12/2022,UPI/DR/16055802/ROHIT SHARMA/ICIC0272108/rohit945@okhdfc,850.00,,1298758.89
14/12/2022,14/12/2022,UPI/DR/2128118417/ARCHANA PILLAI/ICIC0272108/archana289@ybl,79.00,,1298679.89
14/12/2022,14/12/2022,CASH DEPOSIT/BRANCH COUNTER/BANJARA HILLS HYDERABAD,,1200.00,1299879.89
15/12/2022,15/12/2022,UPI/DR/0176772930/USHA RANI/ICIC0272108/usha634@okaxis,249.00,,1299630.89
16/12/2022,17/12/2022,IMPS/P2P/40765594/DEEPA NAIR/7016908083,,850.00,1300480.89
17/12/2022,18/12/2022,CASH DEPOSIT/BRANCH COUNTER/BANJARA HILLS HYDERABAD,,18500.00,1318980.89
17/12/2022,17/12/2022,UPI/DR/91031636/LATHA MURTHY/ICIC0272108/latha203@paytm,699.00,,1318281.89
18/12/2022,18/12/2022,IMPS/P2P/898714112264/TARA SINGH/8098128700,,2500.00,1320781.89
18/12/2022,18/12/2022,UPI/DR/255106890562/RAMESH PILLAI/ICIC0272108/ramesh679@okhdfc,1680.00,,1319101.89
18/12/2022,18/12/2022,UPI/DR/654438326628/TARA SINGH/ICIC0272108/tara206@oksbi,49.00,,1319052.89
18/12/2022,19/12/2022,UPI/DR/7265939026/RAMESH GOWDA/ICIC0272108/ramesh376@oksbi,120.00,,1318932.89
18/12/2022,18/12/2022,NEFT/959208519782/SUNIL YADAV/ICIC0272108/23484949166697,3499.00,,1315433.89
18/12/2022,18/12/2022,IMPS/P2P/2901526800/MEERA PILLAI/9829410782,,1200.00,1316633.89
18/12/2022,18/12/2022,NEFT/90923071/HARISH MENON/ICIC0272108/87681434205092,699.00,,1315934.89
19/12/2022,19/12/2022,CASH DEPOSIT/BRANCH COUNTER/BANJARA HILLS HYDERABAD,,18500.00,1334434.89
19/12/2022,20/12/2022,UPI/DR/24924198/SURESH NAIR/ICIC0272108/suresh361@okaxis,449.00,,1333985.89
20/12/2022,20/12/2022,CHQ NO 359480 CLEARING,249.00,,1333736.89
20/12/2022,21/12/2022,UPI/DR/805143962853/VINAY PATIL/ICIC0272108/vinay526@paytm,2380.00,,1331356.89
20/12/2022,21/12/2022,UPI/DR/7243318864/LATHA MURTHY/ICIC0272108/latha314@okhdfc,3499.00,,1327857.89
20/12/2022,21/12/2022,CHQ NO 490464 CLEARING,699.00,,1327158.89
21/12/2022,22/12/2022,CHQ NO 064867 CLEARING,120.00,,1327038.89
21/12/2022,21/12/2022,NEFT/96390572/NILESH KULKARNI/ICIC0272108/42034309352839,,1200.00,1328238.89
22/12/2022,23/12/2022,UPI/DR/10719338/ANITHA KRISHNAN/ICIC0272108/anitha197@okaxis,850.00,,1327388.89
22/12/2022,22/12/2022,IMPS/P2P/6314227858/RAVI KUMAR SHARMA/8751939797,,11200.00,1338588.89
22/12/2022,22/12/2022,NEFT/280616854004/DEEPA NAIR/ICIC0272108/76886403422556,7800.00,,1330788.89
22/12/2022,22/12/2022,UPI/CR/399209179803/SNEHA PATIL/ICIC0272108/sneha408@ybl,,24000.00,1354788.89
23/12/2022,23/12/2022,UPI/DR/9946018556/HARISH MENON/ICIC0272108/harish326@paytm,79.00,,1354709.89
23/12/2022,24/12/2022,NEFT/51467795/DEEPAK JOSHI/ICIC0272108/88153886210840,999.00,,1353710.89
24/12/2022,24/12/2022,UPI/DR/6209878493/BINDHU NAIR/ICIC0272108/bindhu59@okaxis,850.00,,1352860.89
24/12/2022,24/12/2022,UPI/DR/22893079/ARJUN MEHTA/ICIC0272108/arjun186@okaxis,120.00,,1352740.89
25/12/2022,26/12/2022,UPI/DR/9322579357/NADIA HUSSAIN/ICIC0272108/nadia390@oksbi,79.00,,1352661.89
25/12/2022,25/12/2022,UPI/CR/8069830911/RAJENDRA PRASAD/ICIC0272108/rajendra981@paytm,,4800.00,1357461.89
25/12/2022,25/12/2022,ATM/WDL/65672626/HDFC ATM KORAMANGALA,49.00,,1357412.89
26/12/2022,27/12/2022,NEFT/3248968812/MALLIKA DAS/ICIC0272108/95856144663444,,11200.00,1368612.89
26/12/2022,26/12/2022,ATM/WDL/90171476/SBI ATM JAYANAGAR BLR,7800.00,,1360812.89
26/12/2022,26/12/2022,IMPS/P2P/19054395/MEENA IYER/8827985272,,7600.00,1368412.89
27/12/2022,27/12/2022,NEFT/1852773272/GEETA DEVI/ICIC0272108/58810158583285,,7600.00,1376012.89
27/12/2022,27/12/2022,CHQ NO 913244 CLEARING,2380.00,,1373632.89
27/12/2022,27/12/2022,UPI/CR/60170198/GOPAL VERMA/ICIC0272108/gopal413@ybl,,2500.00,1376132.89
27/12/2022,27/12/2022,UPI/DR/95120956/PREETHI IYER/ICIC0272108/preethi635@okhdfc,7800.00,,1368332.89
28/12/2022,28/12/2022,UPI/CR/199126467052/SANJANA HEGDE/ICIC0272108/sanjana774@paytm,,18500.00,1386832.89
28/12/2022,28/12/2022,CHQ NO 897086 CLEARING,1250.00,,1385582.89
28/12/2022,28/12/2022,NEFT/80054186/SANJANA HEGDE/ICIC0272108/38905855611591,,500.00,1386082.89
28/12/2022,28/12/2022,ATM/WDL/32592620/CANARA ATM MYSURU,3499.00,,1382583.89
29/12/2022,30/12/2022,IMPS/P2P/341630611118/KIRAN REDDY/9406628866,,32000.00,1414583.89
29/12/2022,29/12/2022,UPI/DR/88883543/FATIMA SHEIKH/ICIC0272108/fatima259@oksbi,310.00,,1414273.89
29/12/2022,29/12/2022,UPI/DR/4823427909/CHANDAN SHARMA/ICIC0272108/chandan892@ybl,2380.00,,1411893.89
29/12/2022,29/12/2022,NEFT/5488848914/VENKAT RAO/ICIC0272108/86987982146147,,32000.00,1443893.89
29/12/2022,29/12/2022,ATM/WDL/78085990/HDFC ATM KORAMANGALA,120.00,,1443773.89
30/12/2022,30/12/2022,UPI/DR/9442771096/SANTOSH KUMAR/ICIC0272108/santosh117@okaxis,49.00,,1443724.89
30/12/2022,31/12/2022,IMPS/P2P/540739756578/USHA RANI/8436079264,,11200.00,1454924.89
30/12/2022,31/12/2022,CASH DEPOSIT/BRANCH COUNTER/BANJARA HILLS HYDERABAD,,4800.00,1459724.89
30/12/2022,31/12/2022,UPI/DR/4588140311/KAVYA REDDY/ICIC0272108/kavya210@paytm,5200.00,,1454524.89
30/12/2022,30/12/2022,NEFT/1829546780/RAHUL SINGH/ICIC0272108/15090761897540,1680.00,,1452844.89
30/12/2022,30/12/2022,NEFT/2089970736/IMRAN KHAN/ICIC0272108/11834515731132,3499.00,,1449345.89
31/12/2022,01/01/2023,UPI/DR/629801998082/RANJIT SINGH/ICIC0272108/ranjit643@okhdfc,3499.00,,1445846.89
31/12/2022,31/12/2022,CASH DEPOSIT/BRANCH COUNTER/BANJARA HILLS HYDERABAD,,32000.00,1477846.89
31/12/2022,31/12/2022,NEFT/62189984/SAVITHA DEVI/ICIC0272108/21703993597126,3499.00,,1474347.89
01/01/2023,01/01/2023,ATM/WDL/3715444278/SBI ATM JAYANAGAR BLR,699.00,,1473648.89
01/01/2023,01/01/2023,UPI/DR/40835751/SMITHA PILLAI/ICIC0272108/smitha923@paytm,850.00,,1472798.89
01/01/2023,01/01/2023,UPI/DR/89348324/SUNITA DEVI/ICIC0272108/sunita51@paytm,449.00,,1472349.89
01/01/2023,02/01/2023,CASH DEPOSIT/BRANCH COUNTER/BANJARA HILLS HYDERABAD,,850.00,1473199.89
01/01/2023,01/01/2023,UPI/DR/2383246300/RAMESH GOWDA/ICIC0272108/ramesh612@okhdfc,120.00,,1473079.89
01/01/2023,01/01/2023,UPI/DR/317362850170/BABU LAL/ICIC0272108/babu120@okhdfc,120.00,,1472959.89
02/01/2023,02/01/2023,CASH DEPOSIT/BRANCH COUNTER/BANJARA HILLS HYDERABAD,,500.00,1473459.89
02/01/2023,03/01/2023,UPI/CR/32431150/MEENA IYER/ICIC0272108/meena441@oksbi,,850.00,1474309.89
02/01/2023,03/01/2023,CHQ NO 324047 CLEARING,310.00,,1473999.89
03/01/2023,03/01/2023,UPI/DR/79691070/ANAND KUMAR/ICIC0272108/anand597@oksbi,699.00,,1473300.89
03/01/2023,03/01/2023,CASH DEPOSIT/BRANCH COUNTER/BANJARA HILLS HYDERABAD,,24000.00,1497300.89
04/01/2023,05/01/2023,UPI/DR/93746349/PRIYA NAIR/ICIC0272108/priya152@oksbi,7800.00,,1489500.89
04/01/2023,04/01/2023,IMPS/P2P/11058787/KARTHIK MENON/7332309027,,2500.00,1492000.89
04/01/2023,05/01/2023,NEFT/979723123427/ARUN SHARMA/ICIC0272108/52688695127880,,1200.00,1493200.89
05/01/2023,05/01/2023,UPI/DR/77170149/MEENA IYER/ICIC0272108/meena82@oksbi,310.00,,1492890.89
05/01/2023,06/01/2023,NEFT/490431995203/LALITHA DEVI/ICIC0272108/22321896448686,,24000.00,1516890.89
05/01/2023,05/01/2023,UPI/DR/0287489757/GANESH KUMAR/ICIC0272108/ganesh597@okhdfc,5200.00,,1511690.89
05/01/2023,05/01/2023,ATM/WDL/7803943975/SBI ATM JAYANAGAR BLR,7800.00,,1503890.89
06/01/2023,06/01/2023,CHQ NO 819971 CLEARING,49.00,,1503841.89
06/01/2023,06/01/2023,UPI/DR/615419255995/LALITHA DEVI/ICIC0272108/lalitha936@oksbi,999.00,,1502842.89
06/01/2023,06/01/2023,NEFT/373651106967/DEEPA NAIR/ICIC0272108/82480761169132,1680.00,,1501162.89
07/01/2023,07/01/2023,UPI/CR/680996291027/TANVI RAO/ICIC0272108/tanvi453@okhdfc,,500.00,1501662.89
07/01/2023,07/01/2023,NEFT/547298162314/MEENA IYER/ICIC0272108/92236549023853,120.00,,1501542.89
07/01/2023,07/01/2023,CHQ NO 284830 CLEARING,79.00,,1501463.89
08/01/2023,08/01/2023,IMPS/P2P/24545980/HARISH MENON/7903473451,,24000.00,1525463.89
09/01/2023,10/01/2023,UPI/DR/63536053/RAJENDRA PRASAD/ICIC0272108/rajendra22@ybl,449.00,,1525014.89
09/01/2023,09/01/2023,UPI/DR/32417091/MEENA IYER/ICIC0272108/meena546@ybl,850.00,,1524164.89
09/01/2023,09/01/2023,CHQ NO 379646 CLEARING,249.00,,1523915.89
09/01/2023,09/01/2023,NEFT/2997354804/ROHIT SHARMA/ICIC0272108/81629852842384,,11200.00,1535115.89
09/01/2023,09/01/2023,UPI/CR/4294586289/BABU LAL/ICIC0272108/babu511@ybl,,2500.00,1537615.89
09/01/2023,09/01/2023,UPI/DR/67202564/NILESH KULKARNI/ICIC0272108/nilesh10@okhdfc,49.00,,1537566.89
10/01/2023,10/01/2023,IMPS/P2P/2803895337/RAJENDRA PRASAD/7348695284,,11200.00,1548766.89
10/01/2023,10/01/2023,UPI/DR/883371662186/SAVITHA DEVI/ICIC0272108/savitha772@okaxis,999.00,,1547767.89
11/01/2023,11/01/2023,CHQ NO 986411 CLEARING,1680.00,,1546087.89
11/01/2023,12/01/2023,CASH DEPOSIT/BRANCH COUNTER/BANJARA HILLS HYDERABAD,,11200.00,1557287.89
11/01/2023,12/01/2023,UPI/DR/847144813419/KAVITHA RAO/ICIC0272108/kavitha681@oksbi,449.00,,1556838.89
11/01/2023,12/01/2023,UPI/DR/7940652164/ARCHANA PILLAI/ICIC0272108/archana95@paytm,3499.00,,1553339.89
11/01/2023,11/01/2023,NEFT/1600837010/RAMESH GOWDA/ICIC0272108/34721895654658,3499.00,,1549840.89
11/01/2023,12/01/2023,NEFT/27353600/KAVITHA RAO/ICIC0272108/72396910010699,999.00,,1548841.89
12/01/2023,12/01/2023,UPI/DR/63432200/ARUN SHARMA/ICIC0272108/arun556@okaxis,79.00,,1548762.89
13/01/2023,13/01/2023,NEFT/665512194473/VINAY PATIL/ICIC0272108/18320952930615,699.00,,1548063.89
13/01/2023,13/01/2023,NEFT/2543344644/MOHAN DAS/ICIC0272108/06925012355464,249.00,,1547814.89
13/01/2023,13/01/2023,ATM/WDL/28045512/CANARA ATM MYSURU,699.00,,1547115.89
14/01/2023,14/01/2023,NEFT/32865750/GANESH KUMAR/ICIC0272108/85961645223378,49.00,,1547066.89
14/01/2023,15/01/2023,NEFT/063119385255/USHA RANI/ICIC0272108/80968861451469,310.00,,1546756.89
14/01/2023,14/01/2023,CHQ NO 549238 CLEARING,249.00,,1546507.89
14/01/2023,15/01/2023,NEFT/5571229020/BINDHU NAIR/ICIC0272108/24383957224431,449.00,,1546058.89
14/01/2023,14/01/2023,CHQ NO 154793 CLEARING,2380.00,,1543678.89
15/01/2023,15/01/2023,NEFT/7073465884/MEERA PILLAI/ICIC0272108/02193791956431,,850.00,1544528.89
15/01/2023,15/01/2023,NEFT/92971712/VIKRAM NAIR/ICIC0272108/02392561651397,,850.00,1545378.89
15/01/2023,15/01/2023,UPI/DR/76751968/SHEELA DEVI/ICIC0272108/sheela56@oksbi,249.00,,1545129.89
15/01/2023,15/01/2023,UPI/DR/570560913644/MOHAMMED IRFAN/ICIC0272108/mohammed703@ybl,120.00,,1545009.89
16/01/2023,16/01/2023,CHQ NO 704515 CLEARING,79.00,,1544930.89
16/01/2023,16/01/2023,UPI/DR/8355706169/GEETA DEVI/ICIC0272108/geeta985@oksbi,249.00,,1544681.89
16/01/2023,16/01/2023,CASH DEPOSIT/BRANCH COUNTER/BANJARA HILLS HYDERABAD,,32000.00,1576681.89
17/01/2023,17/01/2023,NEFT/33952632/ARJUN MEHTA/ICIC0272108/32891650943905,,11200.00,1587881.89
17/01/2023,17/01/2023,UPI/DR/6405289507/RAMESH GOWDA/ICIC0272108/ramesh38@oksbi,310.00,,1587571.89
18/01/2023,18/01/2023,ATM/WDL/169108715090/CANARA ATM MYSURU,249.00,,1587322.89
19/01/2023,20/01/2023,CASH DEPOSIT/BRANCH COUNTER/BANJARA HILLS HYDERABAD,,24000.00,1611322.89
19/01/2023,19/01/2023,IMPS/P2P/787577324884/MOHAN DAS/7587299071,,11200.00,1622522.89
19/01/2023,19/01/2023,UPI/DR/131059528460/HARISH MENON/ICIC0272108/harish670@paytm,1250.00,,1621272.89
19/01/2023,19/01/2023,IMPS/P2P/050507598222/KAVERI MENON/7940467954,,2500.00,1623772.89
19/01/2023,19/01/2023,UPI/CR/421416074972/MOHAN DAS/ICIC0272108/mohan146@paytm,,7600.00,1631372.89
20/01/2023,20/01/2023,NEFT/8298589249/SANJANA HEGDE/ICIC0272108/14732716622249,,1200.00,1632572.89
20/01/2023,21/01/2023,UPI/DR/3441007039/HARISH MENON/ICIC0272108/harish377@ybl,1250.00,,1631322.89
20/01/2023,20/01/2023,UPI/DR/0320646365/SHEELA DEVI/ICIC0272108/sheela328@okhdfc,49.00,,1631273.89
20/01/2023,20/01/2023,ATM/WDL/47686253/CANARA ATM MYSURU,2380.00,,1628893.89
20/01/2023,21/01/2023,NEFT/06054849/HARISH MENON/ICIC0272108/99869696017947,,32000.00,1660893.89
20/01/2023,20/01/2023,ATM/WDL/489740486326/CANARA ATM MYSURU,79.00,,1660814.89
20/01/2023,20/01/2023,NEFT/51334287/DIVYA MENON/ICIC0272108/19022446417927,249.00,,1660565.89
21/01/2023,21/01/2023,UPI/CR/6398187573/KAVERI MENON/ICIC0272108/kaveri326@ybl,,32000.00,1692565.89
21/01/2023,21/01/2023,CHQ NO 090520 CLEARING,850.00,,1691715.89
21/01/2023,22/01/2023,UPI/CR/2713004848/TANVI RAO/ICIC0272108/tanvi276@ybl,,11200.00,1702915.89
21/01/2023,21/01/2023,ATM/WDL/759094994960/CANARA ATM MYSURU,120.00,,1702795.89
22/01/2023,22/01/2023,CASH DEPOSIT/BRANCH COUNTER/BANJARA HILLS HYDERABAD,,500.00,1703295.89
22/01/2023,22/01/2023,CHQ NO 921307 CLEARING,699.00,,1702596.89
22/01/2023,23/01/2023,CASH DEPOSIT/BRANCH COUNTER/BANJARA HILLS HYDERABAD,,1200.00,1703796.89
23/01/2023,24/01/2023,UPI/DR/2156426409/RESHMA KHAN/ICIC0272108/reshma787@okhdfc,49.00,,1703747.89
23/01/2023,23/01/2023,UPI/DR/23266667/RAJENDRA PRASAD/ICIC0272108/rajendra699@okaxis,999.00,,1702748.89
23/01/2023,23/01/2023,ATM/WDL/9674844933/HDFC ATM KORAMANGALA,49.00,,1702699.89
23/01/2023,23/01/2023,UPI/DR/20128390/VINAY PATIL/ICIC0272108/vinay129@oksbi,999.00,,1701700.89
24/01/2023,24/01/2023,UPI/DR/12808381/HARISH MENON/ICIC0272108/harish548@oksbi,850.00,,1700850.89
25/01/2023,25/01/2023,UPI/CR/045646358709/SHAHID KHAN/ICIC0272108/shahid946@paytm,,32000.00,1732850.89
25/01/2023,26/01/2023,ATM/WDL/948696350978/SBI ATM JAYANAGAR BLR,79.00,,1732771.89
27/01/2023,27/01/2023,UPI/CR/771598288709/DEEPAK JOSHI/ICIC0272108/deepak809@okhdfc,,32000.00,1764771.89
27/01/2023,27/01/2023,IMPS/P2P/77903217/RAJESH VERMA/8128290320,,32000.00,1796771.89
27/01/2023,27/01/2023,NEFT/74883198/LALITHA DEVI/ICIC0272108/80562590434393,310.00,,1796461.89
28/01/2023,28/01/2023,NEFT/46894010/LATHA MURTHY/ICIC0272108/11138379318627,,1200.00,1797661.89
29/01/2023,29/01/2023,ATM/WDL/53011639/CANARA ATM MYSURU,699.00,,1796962.89
29/01/2023,30/01/2023,UPI/DR/6995616157/FATIMA SHEIKH/ICIC0272108/fatima354@ybl,249.00,,1796713.89
30/01/2023,30/01/2023,UPI/DR/7474830442/SURESH BABU/ICIC0272108/suresh271@okaxis,249.00,,1796464.89
31/01/2023,31/01/2023,UPI/DR/20521401/CHANDAN SHARMA/ICIC0272108/chandan512@paytm,79.00,,1796385.89
31/01/2023,01/02/2023,CHQ NO 429460 CLEARING,699.00,,1795686.89
31/01/2023,31/01/2023,UPI/DR/590541199798/SNEHA PATIL/ICIC0272108/sneha855@okhdfc,2380.00,,1793306.89
31/01/2023,31/01/2023,IMPS/P2P/83332873/KARTHIK MENON/7575961887,,2500.00,1795806.89
31/01/2023,31/01/2023,UPI/DR/261358538167/GOPAL VERMA/ICIC0272108/gopal838@oksbi,1680.00,,1794126.89
01/02/2023,01/02/2023,UPI/DR/565684055921/GEETA DEVI/ICIC0272108/geeta116@okhdfc,310.00,,1793816.89
01/02/2023,01/02/2023,CHQ NO 207332 CLEARING,999.00,,1792817.89
01/02/2023,02/02/2023,ATM/WDL/1065678658/HDFC ATM KORAMANGALA,3499.00,,1789318.89
02/02/2023,02/02/2023,CHQ NO 382199 CLEARING,249.00,,1789069.89
02/02/2023,02/02/2023,NEFT/118060959698/PADMA RAO/ICIC0272108/57144633708503,,7600.00,1796669.89
02/02/2023,03/02/2023,ATM/WDL/36350476/CANARA ATM MYSURU,1680.00,,1794989.89
02/02/2023,02/02/2023,UPI/CR/30172979/FATIMA SHEIKH/ICIC0272108/fatima902@paytm,,1200.00,1796189.89
03/02/2023,03/02/2023,IMPS/P2P/6734191232/NAVEEN KUMAR/9400451997,,11200.00,1807389.89
03/02/2023,03/02/2023,IMPS/P2P/036831771724/SHAHID KHAN/8718052138,,11200.00,1818589.89
03/02/2023,03/02/2023,CASH DEPOSIT/BRANCH COUNTER/BANJARA HILLS HYDERABAD,,24000.00,1842589.89
03/02/2023,04/02/2023,ATM/WDL/720811849454/HDFC ATM KORAMANGALA,249.00,,1842340.89
03/02/2023,03/02/2023,UPI/DR/20826640/KAVITHA RAO/ICIC0272108/kavitha282@paytm,79.00,,1842261.89
03/02/2023,03/02/2023,CHQ NO 478651 CLEARING,310.00,,1841951.89
04/02/2023,05/02/2023,CASH DEPOSIT/BRANCH COUNTER/BANJARA HILLS HYDERABAD,,850.00,1842801.89
04/02/2023,04/02/2023,NEFT/44006205/RAJENDRA PRASAD/ICIC0272108/36721124331161,699.00,,1842102.89
04/02/2023,04/02/2023,IMPS/P2P/249900887011/HARISH MENON/8905392389,,7600.00,1849702.89
04/02/2023,05/02/2023,CHQ NO 434483 CLEARING,49.00,,1849653.89
05/02/2023,05/02/2023,UPI/DR/8800171677/SHAHID KHAN/ICIC0272108/shahid658@ybl,699.00,,1848954.89
06/02/2023,06/02/2023,UPI/CR/571750244217/KAVERI MENON/ICIC0272108/kaveri779@okaxis,,7600.00,1856554.89
06/02/2023,06/02/2023,NEFT/628892216249/MEERA PILLAI/ICIC0272108/72739139135197,79.00,,1856475.89
06/02/2023,06/02/2023,CHQ NO 172896 CLEARING,79.00,,1856396.89
06/02/2023,06/02/2023,NEFT/42595694/MOHAMMED IRFAN/ICIC0272108/14228573907687,,500.00,1856896.89
06/02/2023,06/02/2023,UPI/DR/722123124854/PRIYA NAIR/ICIC0272108/priya297@okhdfc,120.00,,1856776.89
07/02/2023,07/02/2023,CHQ NO 380711 CLEARING,249.00,,1856527.89
07/02/2023,08/02/2023,NEFT/449350874863/RAMESH PILLAI/ICIC0272108/86608292207497,850.00,,1855677.89
08/02/2023,09/02/2023,CASH DEPOSIT/BRANCH COUNTER/BANJARA HILLS HYDERABAD,,850.00,1856527.89
08/02/2023,08/02/2023,CASH DEPOSIT/BRANCH COUNTER/BANJARA HILLS HYDERABAD,,1200.00,1857727.89
08/02/2023,08/02/2023,NEFT/785499526672/SUSHMA RAO/ICIC0272108/78371736330550,2380.00,,1855347.89
09/02/2023,09/02/2023,UPI/DR/57382014/DEEPA NAIR/ICIC0272108/deepa73@okhdfc,249.00,,1855098.89
09/02/2023,10/02/2023,UPI/DR/245414552481/PRIYA NAIR/ICIC0272108/priya240@ybl,5200.00,,1849898.89
09/02/2023,10/02/2023,UPI/CR/1960274280/TANVI RAO/ICIC0272108/tanvi571@paytm,,850.00,1850748.89
09/02/2023,09/02/2023,UPI/DR/150176495852/KAVERI MENON/ICIC0272108/kaveri918@oksbi,1680.00,,1849068.89
10/02/2023,10/02/2023,UPI/DR/602057265082/SURESH BABU/ICIC0272108/suresh232@paytm,699.00,,1848369.89
10/02/2023,11/02/2023,IMPS/P2P/622207013976/KAVERI MENON/7681558371,,500.00,1848869.89
10/02/2023,10/02/2023,UPI/DR/17373208/SUSHMA RAO/ICIC0272108/sushma770@paytm,7800.00,,1841069.89
10/02/2023,10/02/2023,CHQ NO 227153 CLEARING,249.00,,1840820.89
11/02/2023,11/02/2023,UPI/DR/357657323902/CHANDAN SHARMA/ICIC0272108/chandan749@ybl,1250.00,,1839570.89
11/02/2023,11/02/2023,CASH DEPOSIT/BRANCH COUNTER/BANJARA HILLS HYDERABAD,,11200.00,1850770.89
12/02/2023,13/02/2023,UPI/DR/68444330/PADMA RAO/ICIC0272108/padma218@ybl,5200.00,,1845570.89
13/02/2023,13/02/2023,UPI/DR/7750577066/TANVI RAO/ICIC0272108/tanvi693@paytm,249.00,,1845321.89
13/02/2023,13/02/2023,CHQ NO 725691 CLEARING,3499.00,,1841822.89
13/02/2023,14/02/2023,NEFT/05437910/LALITHA DEVI/ICIC0272108/31086652349399,,24000.00,1865822.89
13/02/2023,13/02/2023,UPI/DR/865304072393/ARCHANA PILLAI/ICIC0272108/archana224@okhdfc,3499.00,,1862323.89
14/02/2023,14/02/2023,UPI/DR/597256873832/GEETA DEVI/ICIC0272108/geeta229@oksbi,1250.00,,1861073.89
14/02/2023,14/02/2023,CASH DEPOSIT/BRANCH COUNTER/BANJARA HILLS HYDERABAD,,2500.00,1863573.89
15/02/2023,16/02/2023,CASH DEPOSIT/BRANCH COUNTER/BANJARA HILLS HYDERABAD,,24000.00,1887573.89
15/02/2023,15/02/2023,IMPS/P2P/19610146/KAVERI MENON/7356312908,,2500.00,1890073.89
16/02/2023,16/02/2023,UPI/DR/797998082726/DEEPAK JOSHI/ICIC0272108/deepak448@oksbi,79.00,,1889994.89
16/02/2023,16/02/2023,NEFT/251013347931/SHAHID KHAN/ICIC0272108/89204897908773,699.00,,1889295.89
17/02/2023,17/02/2023,UPI/DR/2831184690/SUNIL YADAV/ICIC0272108/sunil866@oksbi,449.00,,1888846.89
17/02/2023,17/02/2023,UPI/DR/67139039/TANVI RAO/ICIC0272108/tanvi784@oksbi,699.00,,1888147.89
17/02/2023,17/02/2023,UPI/DR/91205945/SMITHA PILLAI/ICIC0272108/smitha450@okaxis,1680.00,,1886467.89
17/02/2023,18/02/2023,NEFT/690514379983/LALITHA DEVI/ICIC0272108/22714526565175,,32000.00,1918467.89
18/02/2023,18/02/2023,NEFT/33255839/TANVI RAO/ICIC0272108/51248932071188,449.00,,1918018.89
19/02/2023,19/02/2023,CASH DEPOSIT/BRANCH COUNTER/BANJARA HILLS HYDERABAD,,1200.00,1919218.89
19/02/2023,19/02/2023,ATM/WDL/324406141865/HDFC ATM KORAMANGALA,49.00,,1919169.89
19/02/2023,20/02/2023,NEFT/55757110/NILESH KULKARNI/ICIC0272108/50223959168830,7800.00,,1911369.89
19/02/2023,19/02/2023,UPI/DR/0540558923/KARTHIK MENON/ICIC0272108/karthik32@paytm,1250.00,,1910119.89
19/02/2023,19/02/2023,CHQ NO 624229 CLEARING,3499.00,,1906620.89
20/02/2023,20/02/2023,ATM/WDL/8250859156/HDFC ATM KORAMANGALA,1250.00,,1905370.89
20/02/2023,21/02/2023,UPI/CR/848467421194/POOJA SHARMA/ICIC0272108/pooja125@okaxis,,1200.00,1906570.89
21/02/2023,21/02/2023,ATM/WDL/08783439/CANARA ATM MYSURU,850.00,,1905720.89
21/02/2023,21/02/2023,CASH DEPOSIT/BRANCH COUNTER/BANJARA HILLS HYDERABAD,,11200.00,1916920.89
21/02/2023,21/02/2023,UPI/DR/3670846774/VINAY PATIL/ICIC0272108/vinay684@paytm,310.00,,1916610.89
21/02/2023,21/02/2023,ATM/WDL/7708763744/HDFC ATM KORAMANGALA,79.00,,1916531.89
22/02/2023,23/02/2023,IMPS/P2P/75500461/GANESH KUMAR/7295137968,,7600.00,1924131.89
22/02/2023,22/02/2023,UPI/CR/1378668726/REKHA PILLAI/ICIC0272108/rekha471@ybl,,11200.00,1935331.89
23/02/2023,23/02/2023,CASH DEPOSIT/BRANCH COUNTER/BANJARA HILLS HYDERABAD,,11200.00,1946531.89
23/02/2023,23/02/2023,IMPS/P2P/7651074005/FARHAN KHAN/8618043067,,11200.00,1957731.89
23/02/2023,23/02/2023,NEFT/29062025/NIKHIL GUPTA/ICIC0272108/21258667940973,449.00,,1957282.89
24/02/2023,24/02/2023,UPI/CR/0378319011/BABU LAL/ICIC0272108/babu793@okaxis,,850.00,1958132.89
25/02/2023,25/02/2023,CHQ NO 389321 CLEARING,49.00,,1958083.89
25/02/2023,25/02/2023,NEFT/853606424431/BABU LAL/ICIC0272108/26151800338309,,4800.00,1962883.89
25/02/2023,25/02/2023,NEFT/77670285/SHEELA DEVI/ICIC0272108/74138608391810,79.00,,1962804.89
25/02/2023,25/02/2023,UPI/CR/34067001/KARTHIK MENON/ICIC0272108/karthik902@paytm,,24000.00,1986804.89
26/02/2023,27/02/2023,UPI/DR/52513724/GOPAL VERMA/ICIC0272108/gopal979@ybl,1680.00,,1985124.89
26/02/2023,26/02/2023,UPI/DR/9144135774/VIKRAM NAIR/ICIC0272108/vikram328@oksbi,310.00,,1984814.89
26/02/2023,26/02/2023,UPI/DR/94602503/SHEELA DEVI/ICIC0272108/sheela974@paytm,850.00,,1983964.89
27/02/2023,27/02/2023,IMPS/P2P/65769316/RAJENDRA PRASAD/8688531780,,1200.00,1985164.89
27/02/2023,27/02/2023,NEFT/0520148534/SURESH BABU/ICIC0272108/76477282458998,,24000.00,2009164.89
27/02/2023,27/02/2023,NEFT/45992047/RANJIT SINGH/ICIC0272108/51462261445881,7800.00,,2001364.89
27/02/2023,27/02/2023,IMPS/P2P/57634016/LATHA MURTHY/7490266508,,7600.00,2008964.89
27/02/2023,28/02/2023,UPI/CR/13930049/MOHAMMED IRFAN/ICIC0272108/mohammed58@oksbi,,32000.00,2040964.89
28/02/2023,28/02/2023,NEFT/9414335454/KAVITHA RAO/ICIC0272108/84530903491139,1680.00,,2039284.89
28/02/2023,01/03/2023,UPI/DR/2198965284/FARHAN KHAN/ICIC0272108/farhan822@okhdfc,120.00,,2039164.89
28/02/2023,28/02/2023,UPI/CR/263132667921/LAKSHMI VENKAT/ICIC0272108/lakshmi23@paytm,,850.00,2040014.89
28/02/2023,28/02/2023,CHQ NO 333815 CLEARING,7800.00,,2032214.89
28/02/2023,28/02/2023,UPI/CR/30947207/PREETHI IYER/ICIC0272108/preethi689@oksbi,,11200.00,2043414.89
28/02/2023,28/02/2023,IMPS/P2P/074296312736/BINDHU NAIR/8043884201,,7600.00,2051014.89
28/02/2023,01/03/2023,CHQ NO 660267 CLEARING,1250.00,,2049764.89
01/03/2023,01/03/2023,CASH DEPOSIT/BRANCH COUNTER/BANJARA HILLS HYDERABAD,,24000.00,2073764.89
01/03/2023,01/03/2023,ATM/WDL/873225088348/SBI ATM JAYANAGAR BLR,310.00,,2073454.89
02/03/2023,02/03/2023,UPI/DR/3930557016/CHANDAN SHARMA/ICIC0272108/chandan956@oksbi,49.00,,2073405.89
02/03/2023,03/03/2023,NEFT/784840061672/REKHA PILLAI/ICIC0272108/37059022431314,,4800.00,2078205.89
03/03/2023,03/03/2023,ATM/WDL/59638515/CANARA ATM MYSURU,999.00,,2077206.89
04/03/2023,05/03/2023,ATM/WDL/9768508725/CANARA ATM MYSURU,2380.00,,2074826.89
05/03/2023,05/03/2023,UPI/DR/99067154/KARTHIK MENON/ICIC0272108/karthik366@paytm,7800.00,,2067026.89
05/03/2023,05/03/2023,IMPS/P2P/8613846523/TARA SINGH/8621579666,,1200.00,2068226.89
06/03/2023,07/03/2023,CASH DEPOSIT/BRANCH COUNTER/BANJARA HILLS HYDERABAD,,24000.00,2092226.89
06/03/2023,06/03/2023,NEFT/6686585341/ADITYA KUMAR/ICIC0272108/90133153382563,,850.00,2093076.89
07/03/2023,07/03/2023,CHQ NO 476339 CLEARING,310.00,,2092766.89
07/03/2023,07/03/2023,CHQ NO 497019 CLEARING,310.00,,2092456.89
07/03/2023,08/03/2023,UPI/DR/3805305648/DEEPA NAIR/ICIC0272108/deepa242@ybl,7800.00,,2084656.89
07/03/2023,07/03/2023,NEFT/35496242/LALITHA DEVI/ICIC0272108/34409389105222,249.00,,2084407.89
07/03/2023,07/03/2023,UPI/DR/019291166559/RANJIT SINGH/ICIC0272108/ranjit475@okhdfc,850.00,,2083557.89
07/03/2023,07/03/2023,UPI/DR/738967944121/RAMESH PILLAI/ICIC0272108/ramesh258@ybl,7800.00,,2075757.89
08/03/2023,08/03/2023,NEFT/0293817975/DEEPA NAIR/ICIC0272108/22401696604701,1680.00,,2074077.89
08/03/2023,09/03/2023,NEFT/31434619/HARISH MENON/ICIC0272108/28765944725196,,32000.00,2106077.89
08/03/2023,08/03/2023,CHQ NO 910458 CLEARING,49.00,,2106028.89
08/03/2023,08/03/2023,UPI/DR/7506208392/SMITHA PILLAI/ICIC0272108/smitha393@oksbi,5200.00,,2100828.89
08/03/2023,08/03/2023,IMPS/P2P/7975545701/VIKRAM NAIR/8928076038,,11200.00,2112028.89
09/03/2023,09/03/2023,UPI/DR/91699625/BABU LAL/ICIC0272108/babu631@ybl,1680.00,,2110348.89
09/03/2023,09/03/2023,UPI/DR/625583666885/FARHAN KHAN/ICIC0272108/farhan884@okaxis,2380.00,,2107968.89
09/03/2023,09/03/2023,CHQ NO 140273 CLEARING,49.00,,2107919.89
10/03/2023,10/03/2023,NEFT/9758503185/DEEPAK JOSHI/ICIC0272108/16968985493227,,1200.00,2109119.89
10/03/2023,10/03/2023,IMPS/P2P/1051343598/BINDHU NAIR/9246519058,,11200.00,2120319.89
10/03/2023,10/03/2023,UPI/CR/14387334/RAMESH GOWDA/ICIC0272108/ramesh888@paytm,,4800.00,2125119.89
10/03/2023,10/03/2023,CASH DEPOSIT/BRANCH COUNTER/BANJARA HILLS HYDERABAD,,18500.00,2143619.89
10/03/2023,11/03/2023,NEFT/56143837/MOHAMMED IRFAN/ICIC0272108/40061750249361,49.00,,2143570.89
10/03/2023,10/03/2023,UPI/DR/52238022/USHA RANI/ICIC0272108/usha298@okaxis,999.00,,2142571.89
11/03/2023,11/03/2023,NEFT/5158280150/BABU LAL/ICIC0272108/11417840110727,,24000.00,2166571.89
11/03/2023,11/03/2023,NEFT/6775020307/KAVERI MENON/ICIC0272108/41206982245900,1680.00,,2164891.89
12/03/2023,12/03/2023,UPI/DR/875105867569/ADITYA KUMAR/ICIC0272108/aditya755@okhdfc,699.00,,2164192.89
12/03/2023,13/03/2023,UPI/DR/2059241066/NAVEEN KUMAR/ICIC0272108/naveen526@ybl,120.00,,2164072.89
12/03/2023,12/03/2023,NEFT/8695441826/FATIMA SHEIKH/ICIC0272108/91903829571923,,1200.00,2165272.89
13/03/2023,13/03/2023,UPI/DR/76587500/SANTOSH KUMAR/ICIC0272108/santosh481@ybl,49.00,,2165223.89
13/03/2023,13/03/2023,IMPS/P2P/16965365/KAVITHA RAO/7703921621,,11200.00,2176423.89
14/03/2023,15/03/2023,CASH DEPOSIT/BRANCH COUNTER/BANJARA HILLS HYDERABAD,,32000.00,2208423.89
14/03/2023,15/03/2023,UPI/CR/2190402950/RAMESH PILLAI/ICIC0272108/ramesh928@oksbi,,18500.00,2226923.89
14/03/2023,14/03/2023,NEFT/72094237/SANJANA HEGDE/ICIC0272108/05546789971466,,2500.00,2229423.89
14/03/2023,14/03/2023,UPI/DR/8557355260/MOHAMMED IRFAN/ICIC0272108/mohammed546@paytm,249.00,,2229174.89
14/03/2023,14/03/2023,NEFT/6032646066/VIKRAM NAIR/ICIC0272108/17585120027849,,11200.00,2240374.89
15/03/2023,15/03/2023,UPI/DR/28670641/VENKAT RAO/ICIC0272108/venkat222@oksbi,310.00,,2240064.89
16/03/2023,17/03/2023,ATM/WDL/20471587/HDFC ATM KORAMANGALA,1250.00,,2238814.89
16/03/2023,17/03/2023,IMPS/P2P/554233269847/MEENA IYER/8610149122,,32000.00,2270814.89
16/03/2023,16/03/2023,IMPS/P2P/8106091016/GEETA DEVI/8219824360,,4800.00,2275614.89
16/03/2023,17/03/2023,ATM/WDL/950364974556/CANARA ATM MYSURU,2380.00,,2273234.89
16/03/2023,16/03/2023,UPI/DR/65498937/CHANDAN SHARMA/ICIC0272108/chandan180@okaxis,7800.00,,2265434.89
17/03/2023,18/03/2023,UPI/DR/2630194028/KAVERI MENON/ICIC0272108/kaveri30@oksbi,79.00,,2265355.89
17/03/2023,18/03/2023,UPI/DR/91753699/KIRAN REDDY/ICIC0272108/kiran955@okaxis,79.00,,2265276.89
17/03/2023,17/03/2023,UPI/DR/1269108596/KAVYA REDDY/ICIC0272108/kavya366@oksbi,699.00,,2264577.89
18/03/2023,18/03/2023,UPI/DR/5654449142/RANJIT SINGH/ICIC0272108/ranjit621@okaxis,7800.00,,2256777.89
18/03/2023,18/03/2023,IMPS/P2P/231880729211/IMRAN KHAN/7163616580,,32000.00,2288777.89
19/03/2023,19/03/2023,IMPS/P2P/965031469618/ARCHANA PILLAI/7418946383,,11200.00,2299977.89
20/03/2023,20/03/2023,CHQ NO 299860 CLEARING,79.00,,2299898.89
20/03/2023,20/03/2023,UPI/CR/820582099494/NADIA HUSSAIN/ICIC0272108/nadia904@paytm,,4800.00,2304698.89
20/03/2023,20/03/2023,NEFT/15898227/SHEELA DEVI/ICIC0272108/64745967069463,3499.00,,2301199.89
20/03/2023,21/03/2023,UPI/CR/164143785311/SURESH NAIR/ICIC0272108/suresh143@okaxis,,1200.00,2302399.89
22/03/2023,23/03/2023,CASH DEPOSIT/BRANCH COUNTER/BANJARA HILLS HYDERABAD,,4800.00,2307199.89
22/03/2023,22/03/2023,UPI/DR/8672778661/ARJUN MEHTA/ICIC0272108/arjun362@oksbi,49.00,,2307150.89
22/03/2023,22/03/2023,UPI/DR/7923475052/ARCHANA PILLAI/ICIC0272108/archana991@oksbi,49.00,,2307101.89
22/03/2023,23/03/2023,UPI/CR/9284268693/GOPAL VERMA/ICIC0272108/gopal668@oksbi,,24000.00,2331101.89
23/03/2023,23/03/2023,CASH DEPOSIT/BRANCH COUNTER/BANJARA HILLS HYDERABAD,,2500.00,2333601.89
23/03/2023,23/03/2023,UPI/DR/2630857907/ROHIT SHARMA/ICIC0272108/rohit46@paytm,310.00,,2333291.89
23/03/2023,24/03/2023,NEFT/8464524495/DEEPAK JOSHI/ICIC0272108/04283210343518,,4800.00,2338091.89
24/03/2023,24/03/2023,ATM/WDL/6591537843/HDFC ATM KORAMANGALA,310.00,,2337781.89
24/03/2023,24/03/2023,CHQ NO 957451 CLEARING,850.00,,2336931.89
25/03/2023,25/03/2023,UPI/DR/091543052850/PRAKASH RAO/ICIC0272108/prakash289@okhdfc,1250.00,,2335681.89
25/03/2023,25/03/2023,UPI/DR/98245540/DEEPA NAIR/ICIC0272108/deepa761@okhdfc,310.00,,2335371.89
25/03/2023,26/03/2023,UPI/DR/0824835007/TANVI RAO/ICIC0272108/tanvi822@okaxis,5200.00,,2330171.89
26/03/2023,26/03/2023,IMPS/P2P/902053431991/ANAND KUMAR/7962825323,,4800.00,2334971.89
26/03/2023,26/03/2023,CASH DEPOSIT/BRANCH COUNTER/BANJARA HILLS HYDERABAD,,1200.00,2336171.89
26/03/2023,27/03/2023,CHQ NO 117630 CLEARING,79.00,,2336092.89
27/03/2023,27/03/2023,UPI/DR/600461685461/GOPAL VERMA/ICIC0272108/gopal743@okaxis,7800.00,,2328292.89
28/03/2023,28/03/2023,UPI/DR/6944013066/SUSHMA RAO/ICIC0272108/sushma251@okhdfc,49.00,,2328243.89
28/03/2023,29/03/2023,IMPS/P2P/8164603492/RAMESH GOWDA/7027650903,,2500.00,2330743.89
28/03/2023,28/03/2023,UPI/DR/1643136540/GANESH KUMAR/ICIC0272108/ganesh619@ybl,2380.00,,2328363.89
29/03/2023,29/03/2023,UPI/DR/520192493277/ANAND KUMAR/ICIC0272108/anand83@oksbi,2380.00,,2325983.89
29/03/2023,29/03/2023,IMPS/P2P/4597711074/HARISH MENON/7952617173,,7600.00,2333583.89
29/03/2023,29/03/2023,ATM/WDL/061878133167/SBI ATM JAYANAGAR BLR,49.00,,2333534.89
29/03/2023,30/03/2023,UPI/CR/3877173614/HARISH MENON/ICIC0272108/harish860@okhdfc,,18500.00,2352034.89
30/03/2023,30/03/2023,UPI/DR/105505449933/SHAHID KHAN/ICIC0272108/shahid764@paytm,2380.00,,2349654.89
30/03/2023,30/03/2023,ATM/WDL/6853340030/HDFC ATM KORAMANGALA,120.00,,2349534.89
30/03/2023,30/03/2023,UPI/DR/15913285/REKHA PILLAI/ICIC0272108/rekha208@ybl,120.00,,2349414.89
30/03/2023,30/03/2023,ATM/WDL/5272943086/HDFC ATM KORAMANGALA,3499.00,,2345915.89
30/03/2023,30/03/2023,NEFT/325173971919/MOHAMMED IRFAN/ICIC0272108/47263222393634,,1200.00,2347115.89
30/03/2023,30/03/2023,NEFT/3472866350/LATHA MURTHY/ICIC0272108/69097285786228,,11200.00,2358315.89
31/03/2023,31/03/2023,UPI/DR/92226002/FARHAN KHAN/ICIC0272108/farhan637@okaxis,310.00,,2358005.89
31/03/2023,31/03/2023,NEFT/3452354624/SUNITA DEVI/ICIC0272108/56833038695626,,11200.00,2369205.89
01/04/2023,02/04/2023,UPI/DR/3989426680/MOHAN DAS/ICIC0272108/mohan856@okhdfc,310.00,,2368895.89
01/04/2023,02/04/2023,ATM/WDL/18221220/HDFC ATM KORAMANGALA,249.00,,2368646.89
01/04/2023,02/04/2023,IMPS/P2P/25564037/TANVI RAO/9078749615,,4800.00,2373446.89
02/04/2023,03/04/2023,CHQ NO 710145 CLEARING,449.00,,2372997.89
02/04/2023,02/04/2023,CASH DEPOSIT/BRANCH COUNTER/BANJARA HILLS HYDERABAD,,18500.00,2391497.89
02/04/2023,02/04/2023,IMPS/P2P/9475229606/USHA RANI/8547809333,,24000.00,2415497.89
03/04/2023,03/04/2023,UPI/DR/8040174123/BABU LAL/ICIC0272108/babu905@paytm,7800.00,,2407697.89
03/04/2023,03/04/2023,ATM/WDL/6517260320/SBI ATM JAYANAGAR BLR,3499.00,,2404198.89
04/04/2023,04/04/2023,IMPS/P2P/793902981154/SAVITHA DEVI/7493534397,,32000.00,2436198.89
04/04/2023,04/04/2023,UPI/CR/881967399658/KAVITHA RAO/ICIC0272108/kavitha636@okhdfc,,1200.00,2437398.89
04/04/2023,05/04/2023,UPI/DR/31144284/ARUN SHARMA/ICIC0272108/arun940@ybl,5200.00,,2432198.89
05/04/2023,06/04/2023,UPI/DR/629000737123/VINAY PATIL/ICIC0272108/vinay760@ybl,49.00,,2432149.89
05/04/2023,05/04/2023,NEFT/7701156289/RAJENDRA PRASAD/ICIC0272108/59609227806538,850.00,,2431299.89
05/04/2023,05/04/2023,UPI/DR/901130820777/CHANDAN SHARMA/ICIC0272108/chandan522@oksbi,999.00,,2430300.89
06/04/2023,06/04/2023,UPI/CR/18761580/RAJESH VERMA/ICIC0272108/rajesh324@okhdfc,,7600.00,2437900.89
06/04/2023,06/04/2023,CASH DEPOSIT/BRANCH COUNTER/BANJARA HILLS HYDERABAD,,7600.00,2445500.89
06/04/2023,07/04/2023,UPI/DR/908128922198/DIVYA MENON/ICIC0272108/divya772@okhdfc,699.00,,2444801.89
06/04/2023,06/04/2023,UPI/CR/698819271161/VENKAT RAO/ICIC0272108/venkat964@oksbi,,4800.00,2449601.89
06/04/2023,06/04/2023,CASH DEPOSIT/BRANCH COUNTER/BANJARA HILLS HYDERABAD,,500.00,2450101.89
07/04/2023,08/04/2023,CASH DEPOSIT/BRANCH COUNTER/BANJARA HILLS HYDERABAD,,7600.00,2457701.89
07/04/2023,07/04/2023,UPI/DR/081508533970/SUSHMA RAO/ICIC0272108/sushma818@okaxis,449.00,,2457252.89
07/04/2023,07/04/2023,UPI/DR/90980182/GOPAL VERMA/ICIC0272108/gopal545@paytm,699.00,,2456553.89
07/04/2023,07/04/2023,NEFT/4934790453/RAVI KUMAR SHARMA/ICIC0272108/44453241628614,699.00,,2455854.89
07/04/2023,07/04/2023,CASH DEPOSIT/BRANCH COUNTER/BANJARA HILLS HYDERABAD,,7600.00,2463454.89
08/04/2023,08/04/2023,CHQ NO 873637 CLEARING,699.00,,2462755.89
08/04/2023,09/04/2023,NEFT/120771956203/TARA SINGH/ICIC0272108/29933795562123,,1200.00,2463955.89
08/04/2023,09/04/2023,UPI/CR/224578399067/SHAHID KHAN/ICIC0272108/shahid689@ybl,,7600.00,2471555.89
08/04/2023,08/04/2023,IMPS/P2P/3643586267/TARA SINGH/8982378545,,11200.00,2482755.89
08/04/2023,08/04/2023,UPI/DR/264696237712/MOHAMMED IRFAN/ICIC0272108/mohammed808@ybl,699.00,,2482056.89
08/04/2023,08/04/2023,UPI/DR/86823505/DEEPAK JOSHI/ICIC0272108/deepak451@okaxis,699.00,,2481357.89
08/04/2023,09/04/2023,IMPS/P2P/71597599/MOHAMMED IRFAN/8351112749,,500.00,2481857.89
09/04/2023,10/04/2023,UPI/DR/019916341740/SUSHMA RAO/ICIC0272108/sushma743@okhdfc,699.00,,2481158.89
09/04/2023,09/04/2023,UPI/DR/630622530592/CHANDAN SHARMA/ICIC0272108/chandan625@ybl,449.00,,2480709.89
09/04/2023,10/04/2023,UPI/DR/7540570941/AYESHA KHAN/ICIC0272108/ayesha195@okhdfc,120.00,,2480589.89
09/04/2023,09/04/2023,CHQ NO 855017 CLEARING,999.00,,2479590.89
09/04/2023,09/04/2023,CHQ NO 814807 CLEARING,699.00,,2478891.89
09/04/2023,10/04/2023,IMPS/P2P/73758432/VENKAT RAO/7859581599,,7600.00,2486491.89
09/04/2023,09/04/2023,NEFT/59242122/VIKRAM NAIR/ICIC0272108/14380727042333,,850.00,2487341.89
10/04/2023,10/04/2023,UPI/CR/15691236/MEENA IYER/ICIC0272108/meena778@okaxis,,2500.00,2489841.89
10/04/2023,10/04/2023,IMPS/P2P/9303699464/LAKSHMI VENKAT/8474132704,,11200.00,2501041.89
11/04/2023,11/04/2023,ATM/WDL/483474319194/CANARA ATM MYSURU,249.00,,2500792.89
11/04/2023,11/04/2023,UPI/DR/0939999837/TARA SINGH/ICIC0272108/tara97@paytm,120.00,,2500672.89
11/04/2023,11/04/2023,IMPS/P2P/63401097/RAJESH VERMA/8567922711,,18500.00,2519172.89
12/04/2023,13/04/2023,UPI/CR/918238876005/AYESHA KHAN/ICIC0272108/ayesha583@okhdfc,,7600.00,2526772.89
12/04/2023,12/04/2023,IMPS/P2P/37555548/HARISH MENON/9183595887,,1200.00,2527972.89
12/04/2023,12/04/2023,CHQ NO 432587 CLEARING,249.00,,2527723.89
12/04/2023,12/04/2023,IMPS/P2P/162084962933/RAJESH VERMA/7333084127,,18500.00,2546223.89
13/04/2023,13/04/2023,UPI/CR/6947524793/SUNIL YADAV/ICIC0272108/sunil904@okaxis,,850.00,2547073.89
13/04/2023,13/04/2023,NEFT/774325554971/BINDHU NAIR/ICIC0272108/51576044046370,,18500.00,2565573.89
13/04/2023,13/04/2023,IMPS/P2P/9771778089/BABU LAL/7998964670,,500.00,2566073.89
13/04/2023,13/04/2023,UPI/DR/47102689/REKHA PILLAI/ICIC0272108/rekha754@okaxis,449.00,,2565624.89
13/04/2023,13/04/2023,UPI/DR/995818325257/KIRAN REDDY/ICIC0272108/kiran505@oksbi,7800.00,,2557824.89
14/04/2023,15/04/2023,NEFT/82929106/GEETA DEVI/ICIC0272108/88527545759143,7800.00,,2550024.89
14/04/2023,15/04/2023,ATM/WDL/05807536/SBI ATM JAYANAGAR BLR,850.00,,2549174.89
15/04/2023,15/04/2023,UPI/DR/29276999/SMITHA PILLAI/ICIC0272108/smitha730@ybl,120.00,,2549054.89
15/04/2023,15/04/2023,CASH DEPOSIT/BRANCH COUNTER/BANJARA HILLS HYDERABAD,,850.00,2549904.89
15/04/2023,15/04/2023,UPI/DR/82681266/BINDHU NAIR/ICIC0272108/bindhu255@okhdfc,449.00,,2549455.89
15/04/2023,16/04/2023,ATM/WDL/510999019097/HDFC ATM KORAMANGALA,3499.00,,2545956.89
16/04/2023,16/04/2023,IMPS/P2P/91881462/KAVITHA RAO/9634807030,,7600.00,2553556.89
16/04/2023,16/04/2023,UPI/DR/623631283287/GEETA DEVI/ICIC0272108/geeta979@okhdfc,3499.00,,2550057.89
16/04/2023,17/04/2023,ATM/WDL/68459953/SBI ATM JAYANAGAR BLR,310.00,,2549747.89
16/04/2023,16/04/2023,NEFT/8599078200/RAMESH PILLAI/ICIC0272108/53593402307058,,4800.00,2554547.89
17/04/2023,17/04/2023,UPI/DR/1503684585/ARUN SHARMA/ICIC0272108/arun442@oksbi,999.00,,2553548.89
17/04/2023,18/04/2023,IMPS/P2P/58547158/LAKSHMI VENKAT/8352848938,,32000.00,2585548.89
17/04/2023,18/04/2023,UPI/CR/5818365724/MOHAN DAS/ICIC0272108/mohan373@paytm,,500.00,2586048.89
17/04/2023,18/04/2023,NEFT/9506364391/MOHAN DAS/ICIC0272108/11858199374140,,32000.00,2618048.89
18/04/2023,19/04/2023,CHQ NO 152911 CLEARING,249.00,,2617799.89
18/04/2023,19/04/2023,UPI/DR/31389729/VENKAT RAO/ICIC0272108/venkat96@paytm,699.00,,2617100.89
18/04/2023,19/04/2023,UPI/DR/5376578229/ARJUN MEHTA/ICIC0272108/arjun676@oksbi,249.00,,2616851.89
18/04/2023,18/04/2023,UPI/CR/408935405770/SUNIL YADAV/ICIC0272108/sunil410@oksbi,,4800.00,2621651.89
19/04/2023,19/04/2023,NEFT/5030309337/ROHIT SHARMA/ICIC0272108/09137774359259,5200.00,,2616451.89
19/04/2023,19/04/2023,UPI/CR/0752540134/LATHA MURTHY/ICIC0272108/latha670@paytm,,500.00,2616951.89
19/04/2023,19/04/2023,UPI/CR/805401494423/RAVI KUMAR SHARMA/ICIC0272108/ravi384@okaxis,,18500.00,2635451.89
20/04/2023,21/04/2023,UPI/DR/440306653858/SHEELA DEVI/ICIC0272108/sheela245@okaxis,1680.00,,2633771.89
20/04/2023,21/04/2023,CASH DEPOSIT/BRANCH COUNTER/BANJARA HILLS HYDERABAD,,2500.00,2636271.89
22/04/2023,22/04/2023,CASH DEPOSIT/BRANCH COUNTER/BANJARA HILLS HYDERABAD,,850.00,2637121.89
22/04/2023,22/04/2023,CHQ NO 874593 CLEARING,79.00,,2637042.89
22/04/2023,22/04/2023,CASH DEPOSIT/BRANCH COUNTER/BANJARA HILLS HYDERABAD,,7600.00,2644642.89
22/04/2023,22/04/2023,UPI/DR/91865108/ROHIT SHARMA/ICIC0272108/rohit713@ybl,120.00,,2644522.89
23/04/2023,23/04/2023,NEFT/5197245043/NAVEEN KUMAR/ICIC0272108/96470770972513,5200.00,,2639322.89
23/04/2023,24/04/2023,CHQ NO 222714 CLEARING,5200.00,,2634122.89
23/04/2023,23/04/2023,UPI/DR/48851163/ANITHA KRISHNAN/ICIC0272108/anitha567@okaxis,3499.00,,2630623.89
24/04/2023,25/04/2023,UPI/CR/316607043755/ADITYA KUMAR/ICIC0272108/aditya675@okhdfc,,24000.00,2654623.89
25/04/2023,25/04/2023,IMPS/P2P/601987272666/VIKRAM NAIR/7889610794,,18500.00,2673123.89
25/04/2023,25/04/2023,UPI/CR/495271682961/BINDHU NAIR/ICIC0272108/bindhu447@okaxis,,1200.00,2674323.89
25/04/2023,26/04/2023,UPI/DR/930497997769/RAHUL SINGH/ICIC0272108/rahul364@paytm,249.00,,2674074.89
25/04/2023,25/04/2023,NEFT/701499877850/ROHIT SHARMA/ICIC0272108/05126851305546,,500.00,2674574.89
25/04/2023,25/04/2023,UPI/DR/874116803872/SMITHA PILLAI/ICIC0272108/smitha283@oksbi,3499.00,,2671075.89
26/04/2023,27/04/2023,NEFT/626796560018/TANVI RAO/ICIC0272108/93388509684169,,850.00,2671925.89
26/04/2023,26/04/2023,NEFT/88432875/RAJENDRA PRASAD/ICIC0272108/77233693997711,120.00,,2671805.89
27/04/2023,27/04/2023,NEFT/42893205/POOJA SHARMA/ICIC0272108/48086692369187,79.00,,2671726.89
27/04/2023,28/04/2023,UPI/DR/15435022/MOHAMMED IRFAN/ICIC0272108/mohammed811@oksbi,449.00,,2671277.89
27/04/2023,28/04/2023,CHQ NO 212269 CLEARING,1680.00,,2669597.89
27/04/2023,28/04/2023,UPI/DR/843509079397/SURESH BABU/ICIC0272108/suresh518@okaxis,120.00,,2669477.89
27/04/2023,27/04/2023,CASH DEPOSIT/BRANCH COUNTER/BANJARA HILLS HYDERABAD,,24000.00,2693477.89
27/04/2023,27/04/2023,UPI/CR/5246367934/SAVITHA DEVI/ICIC0272108/savitha881@paytm,,24000.00,2717477.89
27/04/2023,27/04/2023,UPI/CR/970191784247/ARJUN MEHTA/ICIC0272108/arjun627@okaxis,,850.00,2718327.89
28/04/2023,28/04/2023,CHQ NO 354418 CLEARING,449.00,,2717878.89
28/04/2023,28/04/2023,UPI/DR/93235965/TANVI RAO/ICIC0272108/tanvi288@okaxis,79.00,,2717799.89
28/04/2023,28/04/2023,UPI/DR/57813647/ADITYA KUMAR/ICIC0272108/aditya374@okaxis,249.00,,2717550.89
28/04/2023,28/04/2023,UPI/DR/257132327519/MOHAMMED IRFAN/ICIC0272108/mohammed237@oksbi,1680.00,,2715870.89
28/04/2023,28/04/2023,UPI/CR/5464882420/REKHA PILLAI/ICIC0272108/rekha484@okhdfc,,2500.00,2718370.89
29/04/2023,29/04/2023,ATM/WDL/8975256371/HDFC ATM KORAMANGALA,2380.00,,2715990.89
29/04/2023,29/04/2023,UPI/DR/22772354/AYESHA KHAN/ICIC0272108/ayesha681@oksbi,310.00,,2715680.89
30/04/2023,01/05/2023,CASH DEPOSIT/BRANCH COUNTER/BANJARA HILLS HYDERABAD,,32000.00,2747680.89
30/04/2023,30/04/2023,CASH DEPOSIT/BRANCH COUNTER/BANJARA HILLS HYDERABAD,,850.00,2748530.89
01/05/2023,01/05/2023,UPI/DR/2188323502/MOHAMMED IRFAN/ICIC0272108/mohammed714@okaxis,699.00,,2747831.89
01/05/2023,01/05/2023,CHQ NO 097418 CLEARING,850.00,,2746981.89
02/05/2023,02/05/2023,UPI/CR/9175909029/IMRAN KHAN/ICIC0272108/imran443@paytm,,4800.00,2751781.89
02/05/2023,02/05/2023,NEFT/79052634/SUNITA DEVI/ICIC0272108/33119295796084,,11200.00,2762981.89
02/05/2023,02/05/2023,UPI/DR/48380976/RAVI KUMAR SHARMA/ICIC0272108/ravi988@paytm,999.00,,2761982.89
04/05/2023,04/05/2023,UPI/DR/509022679382/SANJANA HEGDE/ICIC0272108/sanjana693@okhdfc,2380.00,,2759602.89
04/05/2023,04/05/2023,UPI/DR/2417736398/PREETHI IYER/ICIC0272108/preethi399@okhdfc,120.00,,2759482.89
04/05/2023,04/05/2023,UPI/DR/16119714/KIRAN REDDY/ICIC0272108/kiran22@paytm,1680.00,,2757802.89
04/05/2023,05/05/2023,UPI/DR/065758131550/BINDHU NAIR/ICIC0272108/bindhu413@okaxis,5200.00,,2752602.89
05/05/2023,05/05/2023,ATM/WDL/42693410/CANARA ATM MYSURU,249.00,,2752353.89
05/05/2023,05/05/2023,IMPS/P2P/31625548/ARJUN MEHTA/8795483659,,11200.00,2763553.89
05/05/2023,05/05/2023,UPI/DR/91334176/SUSHMA RAO/ICIC0272108/sushma853@ybl,120.00,,2763433.89
05/05/2023,06/05/2023,UPI/DR/215150203057/SMITHA PILLAI/ICIC0272108/smitha973@paytm,999.00,,2762434.89
06/05/2023,06/05/2023,ATM/WDL/012263170018/HDFC ATM KORAMANGALA,249.00,,2762185.89
06/05/2023,06/05/2023,CHQ NO 531075 CLEARING,7800.00,,2754385.89
06/05/2023,06/05/2023,CASH DEPOSIT/BRANCH COUNTER/BANJARA HILLS HYDERABAD,,500.00,2754885.89
06/05/2023,06/05/2023,UPI/DR/082601236502/KAVERI MENON/ICIC0272108/kaveri405@paytm,1680.00,,2753205.89
07/05/2023,07/05/2023,UPI/DR/1090951405/SUNITA DEVI/ICIC0272108/sunita862@oksbi,310.00,,2752895.89
07/05/2023,07/05/2023,NEFT/1859718232/TANVI RAO/ICIC0272108/07314095930685,249.00,,2752646.89
07/05/2023,07/05/2023,IMPS/P2P/671812896477/KIRAN REDDY/7121648076,,500.00,2753146.89
07/05/2023,07/05/2023,NEFT/56456704/MALLIKA DAS/ICIC0272108/87642013824932,1250.00,,2751896.89
08/05/2023,08/05/2023,IMPS/P2P/66922761/NIKHIL GUPTA/8419954547,,11200.00,2763096.89
08/05/2023,09/05/2023,IMPS/P2P/66894859/SUNIL YADAV/8453039401,,32000.00,2795096.89
08/05/2023,08/05/2023,IMPS/P2P/54403411/BINDHU NAIR/9157988902,,4800.00,2799896.89
09/05/2023,09/05/2023,NEFT/885705684328/PREETHI IYER/ICIC0272108/72539072087569,,11200.00,2811096.89
09/05/2023,09/05/2023,UPI/CR/4863987034/POOJA SHARMA/ICIC0272108/pooja55@okhdfc,,11200.00,2822296.89
09/05/2023,09/05/2023,ATM/WDL/198283879927/HDFC ATM KORAMANGALA,5200.00,,2817096.89
10/05/2023,10/05/2023,NEFT/5724337501/FARHAN KHAN/ICIC0272108/42993825406358,,32000.00,2849096.89
10/05/2023,11/05/2023,IMPS/P2P/005125163427/NIKHIL GUPTA/9987054878,,500.00,2849596.89
10/05/2023,10/05/2023,CASH DEPOSIT/BRANCH COUNTER/BANJARA HILLS HYDERABAD,,24000.00,2873596.89
10/05/2023,11/05/2023,NEFT/8512005459/SNEHA PATIL/ICIC0272108/52034271599055,79.00,,2873517.89
11/05/2023,11/05/2023,NEFT/9464425123/RAHUL SINGH/ICIC0272108/24319278863392,,11200.00,2884717.89
11/05/2023,11/05/2023,UPI/DR/88912896/KARTHIK MENON/ICIC0272108/karthik873@oksbi,999.00,,2883718.89
11/05/2023,12/05/2023,CASH DEPOSIT/BRANCH COUNTER/BANJARA HILLS HYDERABAD,,11200.00,2894918.89
11/05/2023,12/05/2023,NEFT/04367535/DEEPA NAIR/ICIC0272108/28946225068610,,32000.00,2926918.89
12/05/2023,13/05/2023,ATM/WDL/43213920/SBI ATM JAYANAGAR BLR,999.00,,2925919.89
12/05/2023,12/05/2023,NEFT/939261181870/RANJIT SINGH/ICIC0272108/11008105906332,7800.00,,2918119.89
12/05/2023,12/05/2023,CHQ NO 040998 CLEARING,2380.00,,2915739.89
13/05/2023,14/05/2023,IMPS/P2P/7230349868/TANVI RAO/7930451083,,850.00,2916589.89
13/05/2023,13/05/2023,UPI/DR/6572861950/PRAKASH RAO/ICIC0272108/prakash778@ybl,999.00,,2915590.89
13/05/2023,13/05/2023,UPI/DR/901056817922/SUNIL YADAV/ICIC0272108/sunil508@ybl,120.00,,2915470.89
14/05/2023,14/05/2023,UPI/CR/88932219/MOHAN DAS/ICIC0272108/mohan215@ybl,,32000.00,2947470.89
14/05/2023,15/05/2023,UPI/DR/600901537172/SURESH BABU/ICIC0272108/suresh229@ybl,7800.00,,2939670.89
14/05/2023,14/05/2023,NEFT/042371784900/SNEHA PATIL/ICIC0272108/23916449630685,,500.00,2940170.89
14/05/2023,14/05/2023,IMPS/P2P/043850736073/SUNIL YADAV/7811465954,,4800.00,2944970.89
14/05/2023,14/05/2023,NEFT/14768762/NILESH KULKARNI/ICIC0272108/33945812867891,,11200.00,2956170.89
14/05/2023,15/05/2023,UPI/DR/9206463432/AYESHA KHAN/ICIC0272108/ayesha635@ybl,699.00,,2955471.89
15/05/2023,16/05/2023,CASH DEPOSIT/BRANCH COUNTER/BANJARA HILLS HYDERABAD,,7600.00,2963071.89
15/05/2023,15/05/2023,CHQ NO 391322 CLEARING,249.00,,2962822.89
15/05/2023,15/05/2023,CHQ NO 013155 CLEARING,1250.00,,2961572.89
15/05/2023,15/05/2023,IMPS/P2P/363822792345/ANAND KUMAR/7406216152,,850.00,2962422.89
16/05/2023,16/05/2023,UPI/CR/130776322259/MEERA PILLAI/ICIC0272108/meera802@oksbi,,2500.00,2964922.89
16/05/2023,16/05/2023,ATM/WDL/79731531/CANARA ATM MYSURU,3499.00,,2961423.89
16/05/2023,17/05/2023,ATM/WDL/61484626/CANARA ATM MYSURU,310.00,,2961113.89
16/05/2023,16/05/2023,ATM/WDL/029186114979/HDFC ATM KORAMANGALA,2380.00,,2958733.89
16/05/2023,17/05/2023,CASH DEPOSIT/BRANCH COUNTER/BANJARA HILLS HYDERABAD,,500.00,2959233.89
16/05/2023,17/05/2023,NEFT/24298173/FATIMA SHEIKH/ICIC0272108/09950943901554,,850.00,2960083.89
16/05/2023,16/05/2023,UPI/DR/4958216216/BINDHU NAIR/ICIC0272108/bindhu969@paytm,999.00,,2959084.89
17/05/2023,17/05/2023,CHQ NO 327701 CLEARING,1680.00,,2957404.89
17/05/2023,18/05/2023,UPI/CR/027739663497/MEERA PILLAI/ICIC0272108/meera484@paytm,,500.00,2957904.89
18/05/2023,18/05/2023,CASH DEPOSIT/BRANCH COUNTER/BANJARA HILLS HYDERABAD,,32000.00,2989904.89
18/05/2023,18/05/2023,CHQ NO 904800 CLEARING,1250.00,,2988654.89
19/05/2023,19/05/2023,NEFT/759796712861/VENKAT RAO/ICIC0272108/43931715777636,,24000.00,3012654.89
19/05/2023,19/05/2023,UPI/DR/765859541450/BABU LAL/ICIC0272108/babu943@paytm,5200.00,,3007454.89
19/05/2023,19/05/2023,UPI/DR/2403332095/RAJENDRA PRASAD/ICIC0272108/rajendra92@ybl,49.00,,3007405.89
19/05/2023,20/05/2023,ATM/WDL/85045944/HDFC ATM KORAMANGALA,699.00,,3006706.89
20/05/2023,20/05/2023,UPI/DR/51784525/DIVYA MENON/ICIC0272108/divya863@okhdfc,5200.00,,3001506.89
20/05/2023,20/05/2023,NEFT/55059593/MOHAN DAS/ICIC0272108/05984764461722,699.00,,3000807.89
20/05/2023,21/05/2023,CASH DEPOSIT/BRANCH COUNTER/BANJARA HILLS HYDERABAD,,850.00,3001657.89
21/05/2023,21/05/2023,ATM/WDL/3279132543/SBI ATM JAYANAGAR BLR,999.00,,3000658.89
21/05/2023,21/05/2023,NEFT/4809361676/LALITHA DEVI/ICIC0272108/51061376351066,,18500.00,3019158.89
21/05/2023,21/05/2023,UPI/DR/649887188994/CHANDAN SHARMA/ICIC0272108/chandan212@paytm,5200.00,,3013958.89
21/05/2023,21/05/2023,UPI/DR/192606683670/KARTHIK MENON/ICIC0272108/karthik704@paytm,120.00,,3013838.89
22/05/2023,22/05/2023,ATM/WDL/35772437/CANARA ATM MYSURU,2380.00,,3011458.89
23/05/2023,23/05/2023,CHQ NO 956645 CLEARING,310.00,,3011148.89
23/05/2023,23/05/2023,UPI/CR/6503778340/BINDHU NAIR/ICIC0272108/bindhu773@okaxis,,1200.00,3012348.89
23/05/2023,23/05/2023,CHQ NO 823132 CLEARING,1250.00,,3011098.89
24/05/2023,24/05/2023,IMPS/P2P/7930200287/LAKSHMI VENKAT/9314037325,,18500.00,3029598.89
24/05/2023,24/05/2023,UPI/CR/412279436363/CHANDAN SHARMA/ICIC0272108/chandan34@okhdfc,,2500.00,3032098.89
24/05/2023,25/05/2023,UPI/DR/82395892/RAJESH VERMA/ICIC0272108/rajesh974@ybl,5200.00,,3026898.89
25/05/2023,26/05/2023,UPI/DR/32229393/LATHA MURTHY/ICIC0272108/latha892@okaxis,1250.00,,3025648.89
26/05/2023,26/05/2023,UPI/CR/001069478449/KAVERI MENON/ICIC0272108/kaveri854@okaxis,,7600.00,3033248.89
26/05/2023,26/05/2023,CHQ NO 203069 CLEARING,699.00,,3032549.89
26/05/2023,26/05/2023,NEFT/964169838646/SAVITHA DEVI/ICIC0272108/32763963429051,999.00,,3031550.89
26/05/2023,27/05/2023,UPI/DR/7382469868/ADITYA KUMAR/ICIC0272108/aditya10@okaxis,49.00,,3031501.89
26/05/2023,26/05/2023,CASH DEPOSIT/BRANCH COUNTER/BANJARA HILLS HYDERABAD,,850.00,3032351.89
27/05/2023,27/05/2023,UPI/CR/9152526957/KAVYA REDDY/ICIC0272108/kavya92@okhdfc,,4800.00,3037151.89
27/05/2023,28/05/2023,ATM/WDL/14306524/CANARA ATM MYSURU,79.00,,3037072.89
28/05/2023,29/05/2023,IMPS/P2P/457829386344/RAVI KUMAR SHARMA/8111590295,,2500.00,3039572.89
28/05/2023,28/05/2023,CASH DEPOSIT/BRANCH COUNTER/BANJARA HILLS HYDERABAD,,18500.00,3058072.89
28/05/2023,29/05/2023,UPI/DR/8894411497/VINAY PATIL/ICIC0272108/vinay292@oksbi,120.00,,3057952.89
28/05/2023,28/05/2023,CASH DEPOSIT/BRANCH COUNTER/BANJARA HILLS HYDERABAD,,24000.00,3081952.89
28/05/2023,28/05/2023,CHQ NO 443610 CLEARING,120.00,,3081832.89
28/05/2023,28/05/2023,NEFT/58950174/USHA RANI/ICIC0272108/13443058950721,,32000.00,3113832.89
29/05/2023,29/05/2023,UPI/DR/25735446/GOPAL VERMA/ICIC0272108/gopal736@okaxis,2380.00,,3111452.89
29/05/2023,29/05/2023,IMPS/P2P/779677632410/SNEHA PATIL/7742624240,,1200.00,3112652.89
29/05/2023,29/05/2023,NEFT/958960446579/LATHA MURTHY/ICIC0272108/94584165776337,999.00,,3111653.89
29/05/2023,29/05/2023,NEFT/58276067/KAVYA REDDY/ICIC0272108/08295006249728,999.00,,3110654.89
29/05/2023,29/05/2023,UPI/DR/516085098576/ANITHA KRISHNAN/ICIC0272108/anitha280@oksbi,310.00,,3110344.89
30/05/2023,30/05/2023,IMPS/P2P/155092389156/SHEELA DEVI/8157343111,,1200.00,3111544.89
30/05/2023,31/05/2023,UPI/DR/6786077222/SURESH NAIR/ICIC0272108/suresh446@oksbi,310.00,,3111234.89
30/05/2023,30/05/2023,UPI/DR/91507953/SANJANA HEGDE/ICIC0272108/sanjana654@okhdfc,7800.00,,3103434.89
31/05/2023,31/05/2023,CHQ NO 667124 CLEARING,49.00,,3103385.89
31/05/2023,31/05/2023,NEFT/0865582262/SANJANA HEGDE/ICIC0272108/67291832309214,,1200.00,3104585.89
31/05/2023,31/05/2023,NEFT/0926746112/PADMA RAO/ICIC0272108/61362050253067,79.00,,3104506.89
01/06/2023,01/06/2023,NEFT/7881684679/ARUN SHARMA/ICIC0272108/37035841527611,2380.00,,3102126.89
02/06/2023,02/06/2023,ATM/WDL/4913237157/HDFC ATM KORAMANGALA,2380.00,,3099746.89
02/06/2023,03/06/2023,UPI/CR/5228621558/RAJESH VERMA/ICIC0272108/rajesh136@ybl,,4800.00,3104546.89
03/06/2023,03/06/2023,NEFT/05351700/MEENA IYER/ICIC0272108/65509964110247,120.00,,3104426.89
03/06/2023,03/06/2023,CHQ NO 335296 CLEARING,1680.00,,3102746.89
04/06/2023,04/06/2023,NEFT/381325687440/CHANDAN SHARMA/ICIC0272108/68071409643707,,500.00,3103246.89
04/06/2023,05/06/2023,CHQ NO 255110 CLEARING,850.00,,3102396.89
04/06/2023,05/06/2023,UPI/DR/9907003442/SAVITHA DEVI/ICIC0272108/savitha542@oksbi,2380.00,,3100016.89
04/06/2023,05/06/2023,IMPS/P2P/677249944635/PREETHI IYER/9320153659,,24000.00,3124016.89
04/06/2023,04/06/2023,CHQ NO 215529 CLEARING,2380.00,,3121636.89
04/06/2023,05/06/2023,UPI/CR/6151126848/SNEHA PATIL/ICIC0272108/sneha149@okhdfc,,2500.00,3124136.89
04/06/2023,04/06/2023,CASH DEPOSIT/BRANCH COUNTER/BANJARA HILLS HYDERABAD,,24000.00,3148136.89
06/06/2023,06/06/2023,UPI/DR/18808807/DEEPAK JOSHI/ICIC0272108/deepak359@paytm,249.00,,3147887.89
06/06/2023,07/06/2023,CASH DEPOSIT/BRANCH COUNTER/BANJARA HILLS HYDERABAD,,500.00,3148387.89
06/06/2023,07/06/2023,ATM/WDL/74717566/HDFC ATM KORAMANGALA,310.00,,3148077.89
07/06/2023,08/06/2023,NEFT/6625232995/ANAND KUMAR/ICIC0272108/25480461371830,,18500.00,3166577.89
07/06/2023,07/06/2023,UPI/DR/490083341908/ANAND KUMAR/ICIC0272108/anand541@okhdfc,7800.00,,3158777.89
07/06/2023,07/06/2023,IMPS/P2P/015079494279/GOPAL VERMA/7737288618,,24000.00,3182777.89
08/06/2023,08/06/2023,NEFT/95049602/TARA SINGH/ICIC0272108/73385581737674,,11200.00,3193977.89
08/06/2023,08/06/2023,UPI/DR/42473427/AYESHA KHAN/ICIC0272108/ayesha136@paytm,3499.00,,3190478.89
08/06/2023,08/06/2023,UPI/DR/6753653157/ROHIT SHARMA/ICIC0272108/rohit557@paytm,1250.00,,3189228.89
08/06/2023,08/06/2023,CHQ NO 937733 CLEARING,449.00,,3188779.89
09/06/2023,10/06/2023,IMPS/P2P/91660529/MALLIKA DAS/7168347109,,32000.00,3220779.89
09/06/2023,10/06/2023,CASH DEPOSIT/BRANCH COUNTER/BANJARA HILLS HYDERABAD,,850.00,3221629.89
09/06/2023,10/06/2023,UPI/CR/9094841418/GEETA DEVI/ICIC0272108/geeta562@okaxis,,18500.00,3240129.89
10/06/2023,10/06/2023,CASH DEPOSIT/BRANCH COUNTER/BANJARA HILLS HYDERABAD,,1200.00,3241329.89
10/06/2023,10/06/2023,CHQ NO 341304 CLEARING,2380.00,,3238949.89
11/06/2023,11/06/2023,NEFT/414449489375/DIVYA MENON/ICIC0272108/64205294167144,,7600.00,3246549.89
11/06/2023,11/06/2023,CHQ NO 420084 CLEARING,120.00,,3246429.89
11/06/2023,11/06/2023,IMPS/P2P/408052550135/GEETA DEVI/8580572495,,2500.00,3248929.89
11/06/2023,11/06/2023,NEFT/0312388476/DEEPAK JOSHI/ICIC0272108/77008719602052,,850.00,3249779.89
11/06/2023,11/06/2023,NEFT/646870401720/ARJUN MEHTA/ICIC0272108/58094288433080,,850.00,3250629.89
11/06/2023,11/06/2023,ATM/WDL/67876469/HDFC ATM KORAMANGALA,310.00,,3250319.89
11/06/2023,11/06/2023,IMPS/P2P/57854703/VENKAT RAO/8460957686,,18500.00,3268819.89
12/06/2023,12/06/2023,UPI/DR/00924990/SHEELA DEVI/ICIC0272108/sheela503@oksbi,2380.00,,3266439.89
12/06/2023,12/06/2023,ATM/WDL/63586444/HDFC ATM KORAMANGALA,1680.00,,3264759.89
12/06/2023,12/06/2023,ATM/WDL/795424851184/CANARA ATM MYSURU,79.00,,3264680.89
12/06/2023,12/06/2023,NEFT/1107055986/SUNIL YADAV/ICIC0272108/48817029794659,,2500.00,3267180.89
12/06/2023,12/06/2023,NEFT/76957486/RAMESH PILLAI/ICIC0272108/17920055203876,79.00,,3267101.89
13/06/2023,13/06/2023,ATM/WDL/3639563490/SBI ATM JAYANAGAR BLR,3499.00,,3263602.89
13/06/2023,14/06/2023,UPI/CR/63944757/SURESH NAIR/ICIC0272108/suresh222@okhdfc,,4800.00,3268402.89
13/06/2023,13/06/2023,NEFT/356510063263/ADITYA KUMAR/ICIC0272108/14272021498591,1250.00,,3267152.89
13/06/2023,14/06/2023,UPI/DR/951249333037/MOHAMMED IRFAN/ICIC0272108/mohammed216@okaxis,449.00,,3266703.89
13/06/2023,13/06/2023,IMPS/P2P/0504935613/GOPAL VERMA/7271576560,,1200.00,3267903.89
14/06/2023,14/06/2023,NEFT/7486080429/SUNITA DEVI/ICIC0272108/32228293211768,449.00,,3267454.89
14/06/2023,15/06/2023,CASH DEPOSIT/BRANCH COUNTER/BANJARA HILLS HYDERABAD,,2500.00,3269954.89
14/06/2023,15/06/2023,CHQ NO 042161 CLEARING,5200.00,,3264754.89
15/06/2023,15/06/2023,UPI/CR/7996941603/GOPAL VERMA/ICIC0272108/gopal596@oksbi,,7600.00,3272354.89
15/06/2023,15/06/2023,UPI/CR/349920742320/TANVI RAO/ICIC0272108/tanvi338@ybl,,850.00,3273204.89
15/06/2023,15/06/2023,UPI/CR/3165703075/RAMESH PILLAI/ICIC0272108/ramesh815@oksbi,,7600.00,3280804.89
16/06/2023,17/06/2023,CASH DEPOSIT/BRANCH COUNTER/BANJARA HILLS HYDERABAD,,4800.00,3285604.89
16/06/2023,16/06/2023,UPI/CR/527945993306/ARUN SHARMA/ICIC0272108/arun916@okhdfc,,500.00,3286104.89
17/06/2023,17/06/2023,UPI/DR/38173616/MEERA PILLAI/ICIC0272108/meera606@ybl,120.00,,3285984.89
17/06/2023,17/06/2023,UPI/DR/27028726/ARCHANA PILLAI/ICIC0272108/archana648@okhdfc,2380.00,,3283604.89
17/06/2023,18/06/2023,CASH DEPOSIT/BRANCH COUNTER/BANJARA HILLS HYDERABAD,,2500.00,3286104.89
18/06/2023,18/06/2023,UPI/DR/995828474313/ROHIT SHARMA/ICIC0272108/rohit609@paytm,310.00,,3285794.89
19/06/2023,19/06/2023,IMPS/P2P/035860382232/MALLIKA DAS/7179516640,,2500.00,3288294.89
19/06/2023,19/06/2023,ATM/WDL/3245497939/CANARA ATM MYSURU,699.00,,3287595.89
20/06/2023,20/06/2023,UPI/DR/2237995486/DEEPA NAIR/ICIC0272108/deepa394@paytm,120.00,,3287475.89
20/06/2023,20/06/2023,UPI/DR/8165567155/KIRAN REDDY/ICIC0272108/kiran794@okaxis,449.00,,3287026.89
21/06/2023,21/06/2023,UPI/DR/1468098280/IMRAN KHAN/ICIC0272108/imran338@oksbi,699.00,,3286327.89
21/06/2023,21/06/2023,IMPS/P2P/191022383490/NILESH KULKARNI/9089965095,,4800.00,3291127.89
21/06/2023,21/06/2023,UPI/DR/4990078453/POOJA SHARMA/ICIC0272108/pooja936@ybl,3499.00,,3287628.89
21/06/2023,21/06/2023,CASH DEPOSIT/BRANCH COUNTER/BANJARA HILLS HYDERABAD,,850.00,3288478.89
21/06/2023,21/06/2023,UPI/CR/76436314/RAMESH GOWDA/ICIC0272108/ramesh799@paytm,,4800.00,3293278.89
21/06/2023,21/06/2023,NEFT/0121622866/USHA RANI/ICIC0272108/97949772939460,,18500.00,3311778.89
22/06/2023,23/06/2023,NEFT/3176918110/PRIYA NAIR/ICIC0272108/46929586838536,3499.00,,3308279.89
22/06/2023,22/06/2023,CASH DEPOSIT/BRANCH COUNTER/BANJARA HILLS HYDERABAD,,24000.00,3332279.89
23/06/2023,23/06/2023,CASH DEPOSIT/BRANCH COUNTER/BANJARA HILLS HYDERABAD,,18500.00,3350779.89
23/06/2023,23/06/2023,ATM/WDL/279369385197/CANARA ATM MYSURU,249.00,,3350530.89
24/06/2023,25/06/2023,CHQ NO 090308 CLEARING,120.00,,3350410.89
24/06/2023,25/06/2023,CHQ NO 824114 CLEARING,120.00,,3350290.89
25/06/2023,26/06/2023,CHQ NO 355526 CLEARING,79.00,,3350211.89
25/06/2023,25/06/2023,UPI/DR/9440959069/SURESH BABU/ICIC0272108/suresh831@oksbi,5200.00,,3345011.89
25/06/2023,25/06/2023,UPI/DR/0438027267/PRAKASH RAO/ICIC0272108/prakash144@ybl,2380.00,,3342631.89
25/06/2023,25/06/2023,UPI/DR/263005696603/ARUN SHARMA/ICIC0272108/arun848@okhdfc,249.00,,3342382.89
25/06/2023,25/06/2023,CASH DEPOSIT/BRANCH COUNTER/BANJARA HILLS HYDERABAD,,18500.00,3360882.89
25/06/2023,25/06/2023,NEFT/38870558/AYESHA KHAN/ICIC0272108/42976807265979,5200.00,,3355682.89
27/06/2023,27/06/2023,UPI/CR/94484298/NADIA HUSSAIN/ICIC0272108/nadia348@ybl,,500.00,3356182.89
27/06/2023,27/06/2023,ATM/WDL/10346760/CANARA ATM MYSURU,1680.00,,3354502.89
27/06/2023,27/06/2023,NEFT/07933744/MEERA PILLAI/ICIC0272108/52054841063147,49.00,,3354453.89
27/06/2023,27/06/2023,UPI/CR/64554684/ARCHANA PILLAI/ICIC0272108/archana257@ybl,,500.00,3354953.89
27/06/2023,27/06/2023,UPI/DR/9833502084/KAVITHA RAO/ICIC0272108/kavitha647@paytm,79.00,,3354874.89
28/06/2023,28/06/2023,NEFT/371688389106/ANITHA KRISHNAN/ICIC0272108/55639347466827,,32000.00,3386874.89
28/06/2023,28/06/2023,ATM/WDL/9966358736/SBI ATM JAYANAGAR BLR,3499.00,,3383375.89
29/06/2023,29/06/2023,NEFT/945980126057/BABU LAL/ICIC0272108/51670300815736,,32000.00,3415375.89
29/06/2023,29/06/2023,IMPS/P2P/459426621342/RAMESH GOWDA/8242543350,,24000.00,3439375.89
29/06/2023,29/06/2023,NEFT/071568207690/SURESH NAIR/ICIC0272108/99830549226968,120.00,,3439255.89
30/06/2023,30/06/2023,CHQ NO 800883 CLEARING,79.00,,3439176.89
30/06/2023,01/07/2023,ATM/WDL/7975524023/SBI ATM JAYANAGAR BLR,1250.00,,3437926.89
30/06/2023,30/06/2023,CHQ NO 027513 CLEARING,120.00,,3437806.89
30/06/2023,30/06/2023,CASH DEPOSIT/BRANCH COUNTER/BANJARA HILLS HYDERABAD,,7600.00,3445406.89
01/07/2023,01/07/2023,IMPS/P2P/001161996305/RAMESH GOWDA/7103017678,,4800.00,3450206.89
01/07/2023,01/07/2023,UPI/DR/14945042/SUNITA DEVI/ICIC0272108/sunita269@paytm,1250.00,,3448956.89
02/07/2023,03/07/2023,CHQ NO 001200 CLEARING,3499.00,,3445457.89
03/07/2023,03/07/2023,UPI/CR/201230562884/VENKAT RAO/ICIC0272108/venkat608@okaxis,,1200.00,3446657.89
03/07/2023,03/07/2023,NEFT/1094327940/NAVEEN KUMAR/ICIC0272108/34313909132837,,18500.00,3465157.89
04/07/2023,04/07/2023,ATM/WDL/6809693273/HDFC ATM KORAMANGALA,699.00,,3464458.89
05/07/2023,05/07/2023,NEFT/089076844192/RANJIT SINGH/ICIC0272108/31172877441562,,1200.00,3465658.89
05/07/2023,05/07/2023,IMPS/P2P/10148896/ARJUN MEHTA/9642071706,,24000.00,3489658.89
05/07/2023,05/07/2023,CHQ NO 738512 CLEARING,2380.00,,3487278.89
05/07/2023,06/07/2023,UPI/DR/890277030714/RAMESH PILLAI/ICIC0272108/ramesh301@paytm,5200.00,,3482078.89
05/07/2023,05/07/2023,NEFT/523556272722/SANTOSH KUMAR/ICIC0272108/89998616814709,79.00,,3481999.89
06/07/2023,07/07/2023,NEFT/333970492673/RAJESH VERMA/ICIC0272108/79173012616617,,24000.00,3505999.89
06/07/2023,06/07/2023,UPI/DR/33990839/IMRAN KHAN/ICIC0272108/imran938@okaxis,1250.00,,3504749.89
06/07/2023,07/07/2023,ATM/WDL/3886340908/CANARA ATM MYSURU,79.00,,3504670.89
06/07/2023,07/07/2023,ATM/WDL/14642165/SBI ATM JAYANAGAR BLR,2380.00,,3502290.89
06/07/2023,07/07/2023,UPI/CR/4158003439/NIKHIL GUPTA/ICIC0272108/nikhil824@oksbi,,7600.00,3509890.89
07/07/2023,07/07/2023,UPI/DR/3414616664/BABU LAL/ICIC0272108/babu785@okaxis,699.00,,3509191.89
07/07/2023,07/07/2023,UPI/DR/40585575/DIVYA MENON/ICIC0272108/divya493@paytm,310.00,,3508881.89
07/07/2023,07/07/2023,CHQ NO 498848 CLEARING,3499.00,,3505382.89
08/07/2023,08/07/2023,UPI/DR/92914145/RAJENDRA PRASAD/ICIC0272108/rajendra724@paytm,449.00,,3504933.89
08/07/2023,08/07/2023,NEFT/33526601/SANTOSH KUMAR/ICIC0272108/46961920822701,,24000.00,3528933.89
08/07/2023,08/07/2023,UPI/CR/675683189258/ROHIT SHARMA/ICIC0272108/rohit549@okhdfc,,7600.00,3536533.89
09/07/2023,10/07/2023,UPI/DR/307465052261/HARISH MENON/ICIC0272108/harish925@okhdfc,120.00,,3536413.89
10/07/2023,10/07/2023,UPI/DR/513142448886/KIRAN REDDY/ICIC0272108/kiran729@okhdfc,79.00,,3536334.89
10/07/2023,11/07/2023,NEFT/1545654576/SMITHA PILLAI/ICIC0272108/75788470285102,249.00,,3536085.89
10/07/2023,10/07/2023,CASH DEPOSIT/BRANCH COUNTER/BANJARA HILLS HYDERABAD,,4800.00,3540885.89
10/07/2023,10/07/2023,CHQ NO 814110 CLEARING,850.00,,3540035.89
11/07/2023,12/07/2023,UPI/DR/865665920131/RAHUL SINGH/ICIC0272108/rahul985@okaxis,1250.00,,3538785.89
12/07/2023,12/07/2023,NEFT/743551174671/SNEHA PATIL/ICIC0272108/57591352408578,3499.00,,3535286.89
12/07/2023,13/07/2023,UPI/CR/951688816601/VIKRAM NAIR/ICIC0272108/vikram284@paytm,,1200.00,3536486.89
12/07/2023,12/07/2023,UPI/CR/307536943608/KARTHIK MENON/ICIC0272108/karthik842@okhdfc,,4800.00,3541286.89
13/07/2023,13/07/2023,UPI/CR/313945889376/SUNIL YADAV/ICIC0272108/sunil754@oksbi,,2500.00,3543786.89
14/07/2023,15/07/2023,ATM/WDL/1279707871/CANARA ATM MYSURU,3499.00,,3540287.89
14/07/2023,15/07/2023,NEFT/25749863/MALLIKA DAS/ICIC0272108/52387437591308,699.00,,3539588.89
14/07/2023,15/07/2023,UPI/DR/324569749478/SNEHA PATIL/ICIC0272108/sneha22@paytm,7800.00,,3531788.89
14/07/2023,14/07/2023,NEFT/205352536618/LATHA MURTHY/ICIC0272108/54588712774706,,32000.00,3563788.89
14/07/2023,15/07/2023,CHQ NO 518483 CLEARING,1250.00,,3562538.89
15/07/2023,15/07/2023,ATM/WDL/589493087022/HDFC ATM KORAMANGALA,3499.00,,3559039.89
15/07/2023,16/07/2023,NEFT/90699246/ARCHANA PILLAI/ICIC0272108/78170229436716,79.00,,3558960.89
15/07/2023,15/07/2023,CHQ NO 165061 CLEARING,7800.00,,3551160.89
15/07/2023,15/07/2023,NEFT/90126584/VENKAT RAO/ICIC0272108/36157518706695,,32000.00,3583160.89
15/07/2023,16/07/2023,IMPS/P2P/03902531/ARCHANA PILLAI/7151342320,,850.00,3584010.89
15/07/2023,15/07/2023,ATM/WDL/20737718/HDFC ATM KORAMANGALA,1250.00,,3582760.89
15/07/2023,15/07/2023,UPI/CR/15045224/SUSHMA RAO/ICIC0272108/sushma691@okaxis,,4800.00,3587560.89
16/07/2023,17/07/2023,ATM/WDL/8768414190/HDFC ATM KORAMANGALA,999.00,,3586561.89
16/07/2023,16/07/2023,CHQ NO 879950 CLEARING,49.00,,3586512.89
16/07/2023,17/07/2023,UPI/DR/7666147265/RAMESH PILLAI/ICIC0272108/ramesh54@okhdfc,3499.00,,3583013.89
16/07/2023,17/07/2023,UPI/DR/747723329639/ARUN SHARMA/ICIC0272108/arun924@oksbi,49.00,,3582964.89
17/07/2023,17/07/2023,UPI/DR/2169410772/NAVEEN KUMAR/ICIC0272108/naveen559@okhdfc,79.00,,3582885.89
17/07/2023,17/07/2023,UPI/DR/0234596800/BABU LAL/ICIC0272108/babu488@ybl,449.00,,3582436.89
17/07/2023,18/07/2023,CHQ NO 981018 CLEARING,249.00,,3582187.89
18/07/2023,18/07/2023,UPI/DR/672714992458/RAJENDRA PRASAD/ICIC0272108/rajendra295@okhdfc,5200.00,,3576987.89
18/07/2023,18/07/2023,UPI/CR/06119799/KAVERI MENON/ICIC0272108/kaveri177@ybl,,1200.00,3578187.89
18/07/2023,18/07/2023,UPI/DR/702723218592/PADMA RAO/ICIC0272108/padma939@okhdfc,310.00,,3577877.89
18/07/2023,18/07/2023,UPI/CR/1732270672/RAMESH PILLAI/ICIC0272108/ramesh529@okhdfc,,1200.00,3579077.89
19/07/2023,19/07/2023,NEFT/5100825021/KARTHIK MENON/ICIC0272108/39439872027961,850.00,,3578227.89
19/07/2023,19/07/2023,IMPS/P2P/292536170988/VIKRAM NAIR/9997974307,,24000.00,3602227.89
19/07/2023,19/07/2023,UPI/DR/48038063/KARTHIK MENON/ICIC0272108/karthik62@oksbi,2380.00,,3599847.89
20/07/2023,20/07/2023,ATM/WDL/546469153439/CANARA ATM MYSURU,449.00,,3599398.89
20/07/2023,21/07/2023,UPI/DR/08477913/KIRAN REDDY/ICIC0272108/kiran115@okhdfc,49.00,,3599349.89
21/07/2023,21/07/2023,IMPS/P2P/71316953/DEEPA NAIR/7631286629,,7600.00,3606949.89
21/07/2023,22/07/2023,CHQ NO 398392 CLEARING,999.00,,3605950.89
23/07/2023,23/07/2023,UPI/DR/087275982569/MEERA PILLAI/ICIC0272108/meera266@paytm,49.00,,3605901.89
24/07/2023,24/07/2023,NEFT/085845606417/SHAHID KHAN/ICIC0272108/03712985448329,449.00,,3605452.89
25/07/2023,25/07/2023,IMPS/P2P/417922594727/RAVI KUMAR SHARMA/9547560130,,1200.00,3606652.89
25/07/2023,26/07/2023,IMPS/P2P/256778375037/SAVITHA DEVI/7694830647,,11200.00,3617852.89
25/07/2023,25/07/2023,CASH DEPOSIT/BRANCH COUNTER/BANJARA HILLS HYDERABAD,,1200.00,3619052.89
26/07/2023,26/07/2023,NEFT/82482635/NILESH KULKARNI/ICIC0272108/24754645007066,699.00,,3618353.89
26/07/2023,27/07/2023,ATM/WDL/1857193527/HDFC ATM KORAMANGALA,850.00,,3617503.89
26/07/2023,26/07/2023,NEFT/056182562999/SURESH BABU/ICIC0272108/81584882734035,,2500.00,3620003.89
26/07/2023,26/07/2023,UPI/DR/306813940712/GEETA DEVI/ICIC0272108/geeta859@okhdfc,850.00,,3619153.89
26/07/2023,26/07/2023,UPI/DR/0002269398/KAVERI MENON/ICIC0272108/kaveri185@ybl,999.00,,3618154.89
27/07/2023,27/07/2023,UPI/CR/6187414437/MEENA IYER/ICIC0272108/meena967@paytm,,18500.00,3636654.89
27/07/2023,27/07/2023,NEFT/2071850200/PRIYA NAIR/ICIC0272108/10198774637889,,24000.00,3660654.89
27/07/2023,27/07/2023,UPI/CR/88032760/HARISH MENON/ICIC0272108/harish91@paytm,,850.00,3661504.89
27/07/2023,27/07/2023,NEFT/661304842992/ARCHANA PILLAI/ICIC0272108/41999567111372,,500.00,3662004.89
28/07/2023,28/07/2023,IMPS/P2P/49742226/PADMA RAO/8649727593,,2500.00,3664504.89
29/07/2023,29/07/2023,NEFT/693767223440/RESHMA KHAN/ICIC0272108/63652780348158,3499.00,,3661005.89
29/07/2023,29/07/2023,NEFT/091701723220/SMITHA PILLAI/ICIC0272108/18087133708593,49.00,,3660956.89
29/07/2023,29/07/2023,IMPS/P2P/8004427939/MALLIKA DAS/8298666085,,850.00,3661806.89
30/07/2023,30/07/2023,UPI/DR/7861865818/KARTHIK MENON/ICIC0272108/karthik635@ybl,850.00,,3660956.89
31/07/2023,31/07/2023,NEFT/1070547416/MALLIKA DAS/ICIC0272108/25123775735419,49.00,,3660907.89
31/07/2023,31/07/2023,UPI/DR/2294293507/POOJA SHARMA/ICIC0272108/pooja802@paytm,3499.00,,3657408.89
31/07/2023,01/08/2023,NEFT/610735873084/IMRAN KHAN/ICIC0272108/04940443480261,120.00,,3657288.89
31/07/2023,31/07/2023,IMPS/P2P/852304860666/RAJESH VERMA/7365463914,,24000.00,3681288.89
01/08/2023,01/08/2023,NEFT/2554268929/ARUN SHARMA/ICIC0272108/97389675578639,7800.00,,3673488.89
01/08/2023,01/08/2023,NEFT/3319216973/KAVITHA RAO/ICIC0272108/72907482747602,,4800.00,3678288.89
01/08/2023,02/08/2023,UPI/DR/13218111/KAVYA REDDY/ICIC0272108/kavya883@okaxis,120.00,,3678168.89
01/08/2023,01/08/2023,ATM/WDL/7889814012/SBI ATM JAYANAGAR BLR,79.00,,3678089.89
01/08/2023,01/08/2023,CHQ NO 392807 CLEARING,120.00,,3677969.89
01/08/2023,01/08/2023,NEFT/487212764363/VENKAT RAO/ICIC0272108/32923617208748,699.00,,3677270.89
02/08/2023,02/08/2023,IMPS/P2P/56733308/ADITYA KUMAR/7407457448,,7600.00,3684870.89
02/08/2023,02/08/2023,UPI/DR/21673806/VENKAT RAO/ICIC0272108/venkat396@okhdfc,310.00,,3684560.89
02/08/2023,02/08/2023,NEFT/35890915/SANJANA HEGDE/ICIC0272108/52307640573845,,500.00,3685060.89
03/08/2023,03/08/2023,ATM/WDL/82221813/HDFC ATM KORAMANGALA,7800.00,,3677260.89
03/08/2023,03/08/2023,NEFT/14703886/REKHA PILLAI/ICIC0272108/32189637871818,2380.00,,3674880.89
04/08/2023,05/08/2023,CASH DEPOSIT/BRANCH COUNTER/BANJARA HILLS HYDERABAD,,2500.00,3677380.89
05/08/2023,05/08/2023,UPI/DR/659549686429/CHANDAN SHARMA/ICIC0272108/chandan18@oksbi,49.00,,3677331.89
05/08/2023,05/08/2023,NEFT/370132321513/SUSHMA RAO/ICIC0272108/16820263222889,7800.00,,3669531.89
05/08/2023,05/08/2023,UPI/DR/9440181058/LALITHA DEVI/ICIC0272108/lalitha637@okaxis,1680.00,,3667851.89
06/08/2023,07/08/2023,UPI/DR/10799145/LAKSHMI VENKAT/ICIC0272108/lakshmi992@okaxis,449.00,,3667402.89
06/08/2023,07/08/2023,CHQ NO 257870 CLEARING,999.00,,3666403.89
06/08/2023,06/08/2023,NEFT/9069382803/VENKAT RAO/ICIC0272108/12700311456628,,2500.00,3668903.89
06/08/2023,06/08/2023,UPI/DR/578080588347/FARHAN KHAN/ICIC0272108/farhan254@ybl,449.00,,3668454.89
07/08/2023,07/08/2023,UPI/DR/16060589/RAMESH PILLAI/ICIC0272108/ramesh696@okhdfc,2380.00,,3666074.89
08/08/2023,08/08/2023,ATM/WDL/17460292/CANARA ATM MYSURU,120.00,,3665954.89
08/08/2023,08/08/2023,NEFT/9719350689/DEEPAK JOSHI/ICIC0272108/06863187407186,449.00,,3665505.89
09/08/2023,09/08/2023,CASH DEPOSIT/BRANCH COUNTER/BANJARA HILLS HYDERABAD,,850.00,3666355.89
09/08/2023,09/08/2023,ATM/WDL/2888670941/CANARA ATM MYSURU,1250.00,,3665105.89
09/08/2023,10/08/2023,UPI/DR/87702783/DEEPAK JOSHI/ICIC0272108/deepak984@okaxis,310.00,,3664795.89
10/08/2023,10/08/2023,UPI/DR/489802062096/BABU LAL/ICIC0272108/babu648@okhdfc,3499.00,,3661296.89
10/08/2023,11/08/2023,CASH DEPOSIT/BRANCH COUNTER/BANJARA HILLS HYDERABAD,,24000.00,3685296.89
10/08/2023,10/08/2023,UPI/CR/90449333/SUNIL YADAV/ICIC0272108/sunil232@okaxis,,32000.00,3717296.89
10/08/2023,10/08/2023,UPI/DR/42814584/ROHIT SHARMA/ICIC0272108/rohit365@ybl,310.00,,3716986.89
11/08/2023,11/08/2023,UPI/DR/8423252575/SUNIL YADAV/ICIC0272108/sunil308@oksbi,120.00,,3716866.89
11/08/2023,12/08/2023,UPI/DR/964337307407/PADMA RAO/ICIC0272108/padma607@oksbi,850.00,,3716016.89
11/08/2023,11/08/2023,CHQ NO 021241 CLEARING,3499.00,,3712517.89
11/08/2023,12/08/2023,UPI/DR/4516493010/KARTHIK MENON/ICIC0272108/karthik983@ybl,249.00,,3712268.89
11/08/2023,11/08/2023,NEFT/279743770872/MOHAMMED IRFAN/ICIC0272108/97910946952690,999.00,,3711269.89
13/08/2023,13/08/2023,CHQ NO 116277 CLEARING,699.00,,3710570.89
13/08/2023,14/08/2023,NEFT/33443979/AYESHA KHAN/ICIC0272108/06714176195697,,2500.00,3713070.89
14/08/2023,14/08/2023,UPI/DR/9409535107/DEEPA NAIR/ICIC0272108/deepa29@okhdfc,3499.00,,3709571.89
14/08/2023,14/08/2023,CASH DEPOSIT/BRANCH COUNTER/BANJARA HILLS HYDERABAD,,4800.00,3714371.89
14/08/2023,15/08/2023,UPI/DR/5130054370/RAVI KUMAR SHARMA/ICIC0272108/ravi781@ybl,449.00,,3713922.89
15/08/2023,15/08/2023,ATM/WDL/728795471271/HDFC ATM KORAMANGALA,79.00,,3713843.89
15/08/2023,16/08/2023,UPI/DR/341737213241/RAJESH VERMA/ICIC0272108/rajesh746@okhdfc,2380.00,,3711463.89
15/08/2023,15/08/2023,UPI/DR/8082964401/RAHUL SINGH/ICIC0272108/rahul794@okaxis,249.00,,3711214.89
16/08/2023,16/08/2023,ATM/WDL/64501080/SBI ATM JAYANAGAR BLR,1680.00,,3709534.89
16/08/2023,17/08/2023,NEFT/6339480644/BABU LAL/ICIC0272108/80179518700793,,2500.00,3712034.89
16/08/2023,16/08/2023,UPI/DR/4835178635/NADIA HUSSAIN/ICIC0272108/nadia303@ybl,49.00,,3711985.89
16/08/2023,16/08/2023,NEFT/048432816520/NIKHIL GUPTA/ICIC0272108/50466741793651,5200.00,,3706785.89
17/08/2023,17/08/2023,CASH DEPOSIT/BRANCH COUNTER/BANJARA HILLS HYDERABAD,,4800.00,3711585.89
18/08/2023,18/08/2023,UPI/DR/90750427/NAVEEN KUMAR/ICIC0272108/naveen674@paytm,850.00,,3710735.89
18/08/2023,18/08/2023,ATM/WDL/8166588686/SBI ATM JAYANAGAR BLR,999.00,,3709736.89
18/08/2023,18/08/2023,CASH DEPOSIT/BRANCH COUNTER/BANJARA HILLS HYDERABAD,,18500.00,3728236.89
19/08/2023,19/08/2023,NEFT/235501225842/VINAY PATIL/ICIC0272108/91886231403324,2380.00,,3725856.89
19/08/2023,19/08/2023,UPI/DR/5745895460/GEETA DEVI/ICIC0272108/geeta716@ybl,999.00,,3724857.89
19/08/2023,19/08/2023,CHQ NO 090521 CLEARING,999.00,,3723858.89
20/08/2023,20/08/2023,UPI/CR/133456842912/GOPAL VERMA/ICIC0272108/gopal821@ybl,,24000.00,3747858.89
20/08/2023,20/08/2023,UPI/DR/5972140827/GOPAL VERMA/ICIC0272108/gopal28@paytm,249.00,,3747609.89
20/08/2023,20/08/2023,UPI/DR/100627453309/MEERA PILLAI/ICIC0272108/meera406@okhdfc,249.00,,3747360.89
21/08/2023,21/08/2023,NEFT/2683271540/KARTHIK MENON/ICIC0272108/70218301888926,,7600.00,3754960.89
21/08/2023,21/08/2023,CASH DEPOSIT/BRANCH COUNTER/BANJARA HILLS HYDERABAD,,11200.00,3766160.89
21/08/2023,21/08/2023,IMPS/P2P/668408129808/HARISH MENON/7664973084,,18500.00,3784660.89
21/08/2023,21/08/2023,CHQ NO 678077 CLEARING,1680.00,,3782980.89
22/08/2023,22/08/2023,UPI/DR/6933510729/AYESHA KHAN/ICIC0272108/ayesha377@oksbi,1680.00,,3781300.89
22/08/2023,22/08/2023,NEFT/609509241276/SUNITA DEVI/ICIC0272108/42907356573091,,18500.00,3799800.89
22/08/2023,22/08/2023,CHQ NO 077747 CLEARING,699.00,,3799101.89
22/08/2023,22/08/2023,UPI/DR/598954152947/LALITHA DEVI/ICIC0272108/lalitha325@okaxis,120.00,,3798981.89
22/08/2023,22/08/2023,CHQ NO 965812 CLEARING,79.00,,3798902.89
22/08/2023,23/08/2023,UPI/DR/8548192005/ARCHANA PILLAI/ICIC0272108/archana153@oksbi,120.00,,3798782.89
22/08/2023,23/08/2023,IMPS/P2P/580123440192/SANJANA HEGDE/9005343107,,500.00,3799282.89
23/08/2023,23/08/2023,IMPS/P2P/7410888565/VIKRAM NAIR/9113435905,,500.00,3799782.89
23/08/2023,23/08/2023,CASH DEPOSIT/BRANCH COUNTER/BANJARA HILLS HYDERABAD,,850.00,3800632.89
23/08/2023,23/08/2023,NEFT/0225135130/POOJA SHARMA/ICIC0272108/36146934300785,,2500.00,3803132.89
23/08/2023,23/08/2023,UPI/DR/023614368983/LALITHA DEVI/ICIC0272108/lalitha746@oksbi,5200.00,,3797932.89
23/08/2023,23/08/2023,CASH DEPOSIT/BRANCH COUNTER/BANJARA HILLS HYDERABAD,,850.00,3798782.89
24/08/2023,25/08/2023,UPI/DR/84013474/PADMA RAO/ICIC0272108/padma885@oksbi,850.00,,3797932.89
24/08/2023,24/08/2023,IMPS/P2P/974801615165/KAVITHA RAO/7735206543,,18500.00,3816432.89
24/08/2023,24/08/2023,NEFT/24702296/MEERA PILLAI/ICIC0272108/49094286827927,310.00,,3816122.89
25/08/2023,26/08/2023,NEFT/63661693/KAVERI MENON/ICIC0272108/68385528113901,1250.00,,3814872.89
25/08/2023,25/08/2023,UPI/DR/896713343937/MEENA IYER/ICIC0272108/meena410@okhdfc,1250.00,,3813622.89
25/08/2023,25/08/2023,ATM/WDL/7892992930/SBI ATM JAYANAGAR BLR,1680.00,,3811942.89
25/08/2023,25/08/2023,UPI/DR/55112527/SUSHMA RAO/ICIC0272108/sushma310@okhdfc,79.00,,3811863.89
26/08/2023,26/08/2023,UPI/DR/263574602359/RAMESH PILLAI/ICIC0272108/ramesh971@ybl,699.00,,3811164.89
27/08/2023,27/08/2023,ATM/WDL/796234464638/CANARA ATM MYSURU,2380.00,,3808784.89
27/08/2023,28/08/2023,ATM/WDL/141459739613/CANARA ATM MYSURU,5200.00,,3803584.89
27/08/2023,28/08/2023,NEFT/9913023703/DEEPA NAIR/ICIC0272108/97654486740065,310.00,,3803274.89
28/08/2023,29/08/2023,CHQ NO 498973 CLEARING,2380.00,,3800894.89
28/08/2023,28/08/2023,ATM/WDL/03272991/HDFC ATM KORAMANGALA,449.00,,3800445.89
28/08/2023,28/08/2023,IMPS/P2P/972515769560/SUNITA DEVI/8922981291,,500.00,3800945.89
28/08/2023,28/08/2023,UPI/CR/747695572272/KAVERI MENON/ICIC0272108/kaveri590@oksbi,,11200.00,3812145.89
29/08/2023,29/08/2023,ATM/WDL/5939819692/HDFC ATM KORAMANGALA,2380.00,,3809765.89
29/08/2023,29/08/2023,CHQ NO 120164 CLEARING,49.00,,3809716.89
29/08/2023,29/08/2023,UPI/DR/14797273/ARJUN MEHTA/ICIC0272108/arjun327@paytm,1250.00,,3808466.89
29/08/2023,29/08/2023,NEFT/034578401199/ANITHA KRISHNAN/ICIC0272108/53345678218349,,4800.00,3813266.89
30/08/2023,30/08/2023,UPI/DR/48818559/VINAY PATIL/ICIC0272108/vinay478@paytm,999.00,,3812267.89
30/08/2023,30/08/2023,CHQ NO 205268 CLEARING,999.00,,3811268.89
30/08/2023,30/08/2023,ATM/WDL/04737417/CANARA ATM MYSURU,5200.00,,3806068.89
30/08/2023,30/08/2023,UPI/DR/2050927577/KIRAN REDDY/ICIC0272108/kiran18@ybl,1680.00,,3804388.89
31/08/2023,31/08/2023,UPI/DR/2640041166/DEEPAK JOSHI/ICIC0272108/deepak928@ybl,1250.00,,3803138.89
31/08/2023,01/09/2023,UPI/DR/3395530931/ARCHANA PILLAI/ICIC0272108/archana94@oksbi,1680.00,,3801458.89
31/08/2023,31/08/2023,IMPS/P2P/767824811084/DEEPAK JOSHI/7146512850,,4800.00,3806258.89
31/08/2023,01/09/2023,CASH DEPOSIT/BRANCH COUNTER/BANJARA HILLS HYDERABAD,,18500.00,3824758.89
01/09/2023,01/09/2023,NEFT/985990373095/SURESH NAIR/ICIC0272108/51310051637980,,1200.00,3825958.89
01/09/2023,01/09/2023,NEFT/366372133209/RAHUL SINGH/ICIC0272108/19604612844787,310.00,,3825648.89
01/09/2023,01/09/2023,UPI/DR/57638718/ARUN SHARMA/ICIC0272108/arun569@ybl,7800.00,,3817848.89
01/09/2023,02/09/2023,CASH DEPOSIT/BRANCH COUNTER/BANJARA HILLS HYDERABAD,,11200.00,3829048.89
01/09/2023,01/09/2023,UPI/DR/13559519/SANTOSH KUMAR/ICIC0272108/santosh499@oksbi,3499.00,,3825549.89
01/09/2023,01/09/2023,NEFT/65053266/RAMESH GOWDA/ICIC0272108/95037550900977,,24000.00,3849549.89
01/09/2023,01/09/2023,NEFT/78499757/PREETHI IYER/ICIC0272108/27178029053926,49.00,,3849500.89
02/09/2023,02/09/2023,ATM/WDL/4147094021/CANARA ATM MYSURU,49.00,,3849451.89
03/09/2023,03/09/2023,UPI/DR/23307381/RAMESH GOWDA/ICIC0272108/ramesh718@okhdfc,2380.00,,3847071.89
03/09/2023,03/09/2023,UPI/DR/79095271/REKHA PILLAI/ICIC0272108/rekha895@oksbi,310.00,,3846761.89
03/09/2023,03/09/2023,UPI/CR/5870079151/ARUN SHARMA/ICIC0272108/arun438@okhdfc,,2500.00,3849261.89
03/09/2023,03/09/2023,CHQ NO 540559 CLEARING,3499.00,,3845762.89
03/09/2023,04/09/2023,UPI/CR/189252153931/SUSHMA RAO/ICIC0272108/sushma765@ybl,,7600.00,3853362.89
04/09/2023,05/09/2023,UPI/DR/43418063/SNEHA PATIL/ICIC0272108/sneha107@okhdfc,310.00,,3853052.89
04/09/2023,04/09/2023,UPI/DR/7972470503/BABU LAL/ICIC0272108/babu627@oksbi,449.00,,3852603.89
04/09/2023,04/09/2023,UPI/DR/50843103/SNEHA PATIL/ICIC0272108/sneha152@okaxis,2380.00,,3850223.89
04/09/2023,04/09/2023,UPI/DR/97693532/SUNIL YADAV/ICIC0272108/sunil712@okhdfc,850.00,,3849373.89
04/09/2023,04/09/2023,NEFT/65082705/DIVYA MENON/ICIC0272108/55430020267027,,32000.00,3881373.89
05/09/2023,05/09/2023,UPI/DR/7064135955/BINDHU NAIR/ICIC0272108/bindhu894@oksbi,49.00,,3881324.89
05/09/2023,05/09/2023,NEFT/155103749683/LATHA MURTHY/ICIC0272108/33853919900769,,850.00,3882174.89
06/09/2023,07/09/2023,CHQ NO 149197 CLEARING,79.00,,3882095.89
06/09/2023,06/09/2023,ATM/WDL/52902753/SBI ATM JAYANAGAR BLR,249.00,,3881846.89
06/09/2023,06/09/2023,UPI/DR/9928466187/FATIMA SHEIKH/ICIC0272108/fatima258@okhdfc,1250.00,,3880596.89
06/09/2023,06/09/2023,NEFT/50840415/SANTOSH KUMAR/ICIC0272108/76914737211197,999.00,,3879597.89
08/09/2023,09/09/2023,IMPS/P2P/3325435861/RAJESH VERMA/8721234403,,18500.00,3898097.89
08/09/2023,08/09/2023,ATM/WDL/64072039/HDFC ATM KORAMANGALA,1680.00,,3896417.89
08/09/2023,08/09/2023,UPI/DR/8039199591/NADIA HUSSAIN/ICIC0272108/nadia332@okhdfc,7800.00,,3888617.89
08/09/2023,08/09/2023,UPI/DR/700050597670/MALLIKA DAS/ICIC0272108/mallika738@oksbi,1250.00,,3887367.89
08/09/2023,08/09/2023,IMPS/P2P/7136843036/RANJIT SINGH/9834992526,,24000.00,3911367.89
09/09/2023,09/09/2023,ATM/WDL/62490101/HDFC ATM KORAMANGALA,2380.00,,3908987.89
09/09/2023,09/09/2023,CHQ NO 217725 CLEARING,999.00,,3907988.89
09/09/2023,10/09/2023,CASH DEPOSIT/BRANCH COUNTER/BANJARA HILLS HYDERABAD,,500.00,3908488.89
09/09/2023,10/09/2023,IMPS/P2P/67431827/KIRAN REDDY/8361791852,,32000.00,3940488.89
10/09/2023,10/09/2023,NEFT/069883383504/SANJANA HEGDE/ICIC0272108/16540802708938,310.00,,3940178.89
10/09/2023,10/09/2023,IMPS/P2P/379532868555/SUNITA DEVI/9515603874,,24000.00,3964178.89
10/09/2023,11/09/2023,UPI/DR/30903105/SAVITHA DEVI/ICIC0272108/savitha681@oksbi,850.00,,3963328.89
10/09/2023,11/09/2023,UPI/DR/520791939484/TANVI RAO/ICIC0272108/tanvi951@oksbi,310.00,,3963018.89
10/09/2023,11/09/2023,UPI/DR/0933005268/DEEPA NAIR/ICIC0272108/deepa740@oksbi,49.00,,3962969.89
10/09/2023,10/09/2023,UPI/DR/572976687692/SMITHA PILLAI/ICIC0272108/smitha578@okhdfc,7800.00,,3955169.89
11/09/2023,11/09/2023,UPI/DR/582470231603/ARCHANA PILLAI/ICIC0272108/archana664@oksbi,5200.00,,3949969.89
11/09/2023,11/09/2023,NEFT/4055360853/USHA RANI/ICIC0272108/24908165041589,699.00,,3949270.89
12/09/2023,12/09/2023,UPI/DR/062207757601/IMRAN KHAN/ICIC0272108/imran542@ybl,79.00,,3949191.89
12/09/2023,13/09/2023,NEFT/05764104/GEETA DEVI/ICIC0272108/16062922944101,310.00,,3948881.89
12/09/2023,13/09/2023,CHQ NO 545403 CLEARING,1680.00,,3947201.89
12/09/2023,12/09/2023,ATM/WDL/005244719992/HDFC ATM KORAMANGALA,999.00,,3946202.89
12/09/2023,12/09/2023,CASH DEPOSIT/BRANCH COUNTER/BANJARA HILLS HYDERABAD,,7600.00,3953802.89
12/09/2023,13/09/2023,UPI/DR/23839610/NAVEEN KUMAR/ICIC0272108/naveen606@ybl,449.00,,3953353.89
13/09/2023,13/09/2023,IMPS/P2P/36724641/PREETHI IYER/9573678185,,4800.00,3958153.89
13/09/2023,13/09/2023,UPI/CR/295049345016/SURESH NAIR/ICIC0272108/suresh568@okaxis,,11200.00,3969353.89
13/09/2023,13/09/2023,NEFT/741397738157/KAVERI MENON/ICIC0272108/72898771129843,3499.00,,3965854.89
14/09/2023,14/09/2023,NEFT/658411598383/HARISH MENON/ICIC0272108/13192049402683,699.00,,3965155.89
14/09/2023,15/09/2023,IMPS/P2P/6213345420/NIKHIL GUPTA/9987982722,,2500.00,3967655.89
15/09/2023,15/09/2023,UPI/DR/09493848/BINDHU NAIR/ICIC0272108/bindhu468@paytm,999.00,,3966656.89
15/09/2023,15/09/2023,CASH DEPOSIT/BRANCH COUNTER/BANJARA HILLS HYDERABAD,,24000.00,3990656.89
15/09/2023,15/09/2023,ATM/WDL/67127394/CANARA ATM MYSURU,699.00,,3989957.89
16/09/2023,16/09/2023,CASH DEPOSIT/BRANCH COUNTER/BANJARA HILLS HYDERABAD,,24000.00,4013957.89
17/09/2023,17/09/2023,NEFT/85899610/SUNITA DEVI/ICIC0272108/75036267052930,3499.00,,4010458.89
17/09/2023,17/09/2023,NEFT/7045113667/KAVITHA RAO/ICIC0272108/17923766861376,449.00,,4010009.89
17/09/2023,17/09/2023,CASH DEPOSIT/BRANCH COUNTER/BANJARA HILLS HYDERABAD,,24000.00,4034009.89
17/09/2023,17/09/2023,IMPS/P2P/0755672767/IMRAN KHAN/7408313694,,850.00,4034859.89
18/09/2023,19/09/2023,UPI/DR/43029644/NADIA HUSSAIN/ICIC0272108/nadia14@paytm,7800.00,,4027059.89
18/09/2023,18/09/2023,UPI/DR/79322922/SURESH BABU/ICIC0272108/suresh635@okhdfc,449.00,,4026610.89
18/09/2023,18/09/2023,UPI/DR/43675666/SURESH NAIR/ICIC0272108/suresh102@paytm,120.00,,4026490.89
18/09/2023,19/09/2023,IMPS/P2P/246029684970/HARISH MENON/7057694997,,500.00,4026990.89
18/09/2023,18/09/2023,NEFT/427190176045/LAKSHMI VENKAT/ICIC0272108/89291977565698,,1200.00,4028190.89
19/09/2023,19/09/2023,CHQ NO 738018 CLEARING,49.00,,4028141.89
19/09/2023,19/09/2023,ATM/WDL/554541921099/SBI ATM JAYANAGAR BLR,120.00,,4028021.89
19/09/2023,20/09/2023,UPI/CR/423658089420/SUSHMA RAO/ICIC0272108/sushma556@okaxis,,2500.00,4030521.89
19/09/2023,19/09/2023,IMPS/P2P/677250608249/BABU LAL/7910356730,,2500.00,4033021.89
20/09/2023,20/09/2023,ATM/WDL/5615114198/CANARA ATM MYSURU,1680.00,,4031341.89
20/09/2023,20/09/2023,UPI/DR/020100975482/PRAKASH RAO/ICIC0272108/prakash243@ybl,1680.00,,4029661.89
20/09/2023,20/09/2023,CHQ NO 556287 CLEARING,449.00,,4029212.89
21/09/2023,21/09/2023,NEFT/41756170/AYESHA KHAN/ICIC0272108/99382057318700,249.00,,4028963.89
21/09/2023,21/09/2023,NEFT/219755478242/LAKSHMI VENKAT/ICIC0272108/76321472173316,,24000.00,4052963.89
21/09/2023,21/09/2023,UPI/DR/118087050909/CHANDAN SHARMA/ICIC0272108/chandan381@oksbi,79.00,,4052884.89
21/09/2023,21/09/2023,ATM/WDL/949224901676/HDFC ATM KORAMANGALA,79.00,,4052805.89
21/09/2023,21/09/2023,IMPS/P2P/584563887847/PREETHI IYER/9177047415,,500.00,4053305.89
22/09/2023,22/09/2023,UPI/DR/384267148303/GEETA DEVI/ICIC0272108/geeta88@oksbi,310.00,,4052995.89
22/09/2023,22/09/2023,UPI/CR/1591894030/MOHAN DAS/ICIC0272108/mohan734@okaxis,,32000.00,4084995.89
23/09/2023,23/09/2023,NEFT/22606481/SANTOSH KUMAR/ICIC0272108/26523893055484,,24000.00,4108995.89
23/09/2023,23/09/2023,CASH DEPOSIT/BRANCH COUNTER/BANJARA HILLS HYDERABAD,,1200.00,4110195.89
23/09/2023,23/09/2023,IMPS/P2P/3381796841/SURESH BABU/9574237272,,2500.00,4112695.89
23/09/2023,23/09/2023,UPI/DR/2054888769/RAVI KUMAR SHARMA/ICIC0272108/ravi342@paytm,79.00,,4112616.89
23/09/2023,24/09/2023,NEFT/7215568480/SANJANA HEGDE/ICIC0272108/01729377534894,2380.00,,4110236.89
24/09/2023,24/09/2023,ATM/WDL/816523176095/SBI ATM JAYANAGAR BLR,49.00,,4110187.89
24/09/2023,24/09/2023,UPI/CR/9467295651/KAVERI MENON/ICIC0272108/kaveri990@okaxis,,4800.00,4114987.89
24/09/2023,24/09/2023,UPI/DR/966648194945/MALLIKA DAS/ICIC0272108/mallika597@ybl,249.00,,4114738.89
25/09/2023,25/09/2023,UPI/DR/11998758/DEEPAK JOSHI/ICIC0272108/deepak554@oksbi,850.00,,4113888.89
25/09/2023,26/09/2023,ATM/WDL/17488374/SBI ATM JAYANAGAR BLR,3499.00,,4110389.89
26/09/2023,26/09/2023,NEFT/592104157661/VIKRAM NAIR/ICIC0272108/39028033602857,79.00,,4110310.89
26/09/2023,26/09/2023,CHQ NO 929817 CLEARING,2380.00,,4107930.89
27/09/2023,27/09/2023,UPI/DR/47690755/SUNIL YADAV/ICIC0272108/sunil476@paytm,999.00,,4106931.89
27/09/2023,27/09/2023,NEFT/17469701/PREETHI IYER/ICIC0272108/47337703892167,,18500.00,4125431.89
27/09/2023,27/09/2023,CASH DEPOSIT/BRANCH COUNTER/BANJARA HILLS HYDERABAD,,24000.00,4149431.89
27/09/2023,28/09/2023,UPI/CR/51163733/NILESH KULKARNI/ICIC0272108/nilesh869@ybl,,7600.00,4157031.89
27/09/2023,28/09/2023,NEFT/65853805/HARISH MENON/ICIC0272108/72163391275046,1250.00,,4155781.89
28/09/2023,29/09/2023,CASH DEPOSIT/BRANCH COUNTER/BANJARA HILLS HYDERABAD,,18500.00,4174281.89
28/09/2023,29/09/2023,UPI/CR/073001218738/KIRAN REDDY/ICIC0272108/kiran806@paytm,,850.00,4175131.89
28/09/2023,28/09/2023,NEFT/8409285687/RAVI KUMAR SHARMA/ICIC0272108/52040518908645,449.00,,4174682.89
29/09/2023,29/09/2023,UPI/CR/9436033924/SURESH NAIR/ICIC0272108/suresh880@okhdfc,,7600.00,4182282.89
29/09/2023,29/09/2023,IMPS/P2P/73167876/BINDHU NAIR/7776813006,,2500.00,4184782.89
29/09/2023,30/09/2023,UPI/DR/49270089/DEEPAK JOSHI/ICIC0272108/deepak264@oksbi,5200.00,,4179582.89
29/09/2023,29/09/2023,ATM/WDL/230386928964/HDFC ATM KORAMANGALA,310.00,,4179272.89
30/09/2023,01/10/2023,NEFT/3230670757/ANAND KUMAR/ICIC0272108/55362036798883,49.00,,4179223.89
30/09/2023,01/10/2023,UPI/DR/23169317/GANESH KUMAR/ICIC0272108/ganesh578@ybl,1250.00,,4177973.89
30/09/2023,30/09/2023,IMPS/P2P/91413363/GANESH KUMAR/8459979056,,850.00,4178823.89
30/09/2023,30/09/2023,UPI/DR/585235420566/ARUN SHARMA/ICIC0272108/arun679@ybl,7800.00,,4171023.89
01/10/2023,02/10/2023,UPI/CR/2698704223/MALLIKA DAS/ICIC0272108/mallika808@ybl,,4800.00,4175823.89
01/10/2023,01/10/2023,CASH DEPOSIT/BRANCH COUNTER/BANJARA HILLS HYDERABAD,,24000.00,4199823.89
02/10/2023,03/10/2023,ATM/WDL/84737521/CANARA ATM MYSURU,999.00,,4198824.89
02/10/2023,02/10/2023,IMPS/P2P/189419100400/SUNIL YADAV/9956291480,,4800.00,4203624.89
03/10/2023,03/10/2023,UPI/DR/76382565/SUNIL YADAV/ICIC0272108/sunil114@oksbi,2380.00,,4201244.89
03/10/2023,04/10/2023,UPI/DR/58493335/KARTHIK MENON/ICIC0272108/karthik618@okhdfc,449.00,,4200795.89
03/10/2023,04/10/2023,CHQ NO 035377 CLEARING,120.00,,4200675.89
03/10/2023,03/10/2023,NEFT/23056412/RESHMA KHAN/ICIC0272108/90281599161741,449.00,,4200226.89
03/10/2023,04/10/2023,UPI/DR/874173156360/DIVYA MENON/ICIC0272108/divya58@paytm,1250.00,,4198976.89
03/10/2023,03/10/2023,CASH DEPOSIT/BRANCH COUNTER/BANJARA HILLS HYDERABAD,,4800.00,4203776.89
03/10/2023,04/10/2023,CHQ NO 473290 CLEARING,3499.00,,4200277.89
04/10/2023,04/10/2023,ATM/WDL/82203574/CANARA ATM MYSURU,79.00,,4200198.89
05/10/2023,05/10/2023,UPI/DR/779700136886/RAMESH PILLAI/ICIC0272108/ramesh105@okhdfc,850.00,,4199348.89
05/10/2023,05/10/2023,CASH DEPOSIT/BRANCH COUNTER/BANJARA HILLS HYDERABAD,,11200.00,4210548.89
05/10/2023,05/10/2023,UPI/DR/8584178713/GOPAL VERMA/ICIC0272108/gopal447@oksbi,699.00,,4209849.89
06/10/2023,07/10/2023,UPI/DR/8723857423/LAKSHMI VENKAT/ICIC0272108/lakshmi976@paytm,2380.00,,4207469.89
06/10/2023,06/10/2023,ATM/WDL/3575823607/SBI ATM JAYANAGAR BLR,699.00,,4206770.89
07/10/2023,08/10/2023,UPI/CR/8861718866/NADIA HUSSAIN/ICIC0272108/nadia334@okaxis,,2500.00,4209270.89
07/10/2023,07/10/2023,NEFT/620111478946/POOJA SHARMA/ICIC0272108/28134337564791,,11200.00,4220470.89
07/10/2023,07/10/2023,NEFT/465669407768/PADMA RAO/ICIC0272108/51224110603362,,32000.00,4252470.89
07/10/2023,07/10/2023,UPI/DR/4638818683/RAMESH PILLAI/ICIC0272108/ramesh926@ybl,449.00,,4252021.89
08/10/2023,08/10/2023,CASH DEPOSIT/BRANCH COUNTER/BANJARA HILLS HYDERABAD,,18500.00,4270521.89
09/10/2023,10/10/2023,UPI/DR/420093450673/SHAHID KHAN/ICIC0272108/shahid644@okhdfc,79.00,,4270442.89
09/10/2023,09/10/2023,UPI/CR/65842615/KARTHIK MENON/ICIC0272108/karthik546@oksbi,,7600.00,4278042.89
09/10/2023,09/10/2023,IMPS/P2P/5141877126/NILESH KULKARNI/7446114478,,11200.00,4289242.89
09/10/2023,09/10/2023,UPI/DR/13835641/LAKSHMI VENKAT/ICIC0272108/lakshmi491@oksbi,999.00,,4288243.89
10/10/2023,11/10/2023,UPI/DR/4517580146/RAJESH VERMA/ICIC0272108/rajesh263@oksbi,7800.00,,4280443.89
10/10/2023,10/10/2023,UPI/DR/706029906056/BABU LAL/ICIC0272108/babu207@oksbi,699.00,,4279744.89
10/10/2023,11/10/2023,UPI/DR/1565752797/MALLIKA DAS/ICIC0272108/mallika567@paytm,1250.00,,4278494.89
10/10/2023,11/10/2023,ATM/WDL/97175927/SBI ATM JAYANAGAR BLR,79.00,,4278415.89
10/10/2023,10/10/2023,ATM/WDL/308756379165/CANARA ATM MYSURU,999.00,,4277416.89
11/10/2023,11/10/2023,IMPS/P2P/95254248/SANJANA HEGDE/8281611491,,4800.00,4282216.89
11/10/2023,11/10/2023,NEFT/805970994929/IMRAN KHAN/ICIC0272108/77474034333995,,850.00,4283066.89
11/10/2023,11/10/2023,UPI/DR/1891333022/TARA SINGH/ICIC0272108/tara757@okhdfc,1680.00,,4281386.89
11/10/2023,12/10/2023,UPI/DR/52731129/KARTHIK MENON/ICIC0272108/karthik353@okhdfc,49.00,,4281337.89
11/10/2023,11/10/2023,CHQ NO 537259 CLEARING,49.00,,4281288.89
11/10/2023,12/10/2023,NEFT/47248836/RESHMA KHAN/ICIC0272108/13326384576767,1250.00,,4280038.89
12/10/2023,13/10/2023,ATM/WDL/66550564/CANARA ATM MYSURU,3499.00,,4276539.89
12/10/2023,13/10/2023,UPI/DR/8475397449/GOPAL VERMA/ICIC0272108/gopal404@okhdfc,7800.00,,4268739.89
12/10/2023,12/10/2023,NEFT/709790636529/DEEPAK JOSHI/ICIC0272108/78591721078651,,18500.00,4287239.89
12/10/2023,13/10/2023,NEFT/88337355/SURESH NAIR/ICIC0272108/77957207725553,3499.00,,4283740.89
13/10/2023,13/10/2023,NEFT/7140787151/RAHUL SINGH/ICIC0272108/65136858996091,999.00,,4282741.89
13/10/2023,13/10/2023,IMPS/P2P/523419760679/DEEPA NAIR/9415646686,,4800.00,4287541.89
14/10/2023,14/10/2023,CASH DEPOSIT/BRANCH COUNTER/BANJARA HILLS HYDERABAD,,32000.00,4319541.89
14/10/2023,14/10/2023,NEFT/2865959160/RAHUL SINGH/ICIC0272108/21835900320755,,11200.00,4330741.89
14/10/2023,15/10/2023,UPI/DR/6826819483/GEETA DEVI/ICIC0272108/geeta135@okhdfc,310.00,,4330431.89
15/10/2023,15/10/2023,UPI/CR/293492325482/SURESH BABU/ICIC0272108/suresh921@okaxis,,4800.00,4335231.89
15/10/2023,15/10/2023,NEFT/770348712269/VINAY PATIL/ICIC0272108/75519158722412,,500.00,4335731.89
15/10/2023,15/10/2023,CASH DEPOSIT/BRANCH COUNTER/BANJARA HILLS HYDERABAD,,32000.00,4367731.89
16/10/2023,16/10/2023,UPI/DR/2835987636/SUSHMA RAO/ICIC0272108/sushma815@ybl,1250.00,,4366481.89
16/10/2023,16/10/2023,UPI/DR/1439326946/RANJIT SINGH/ICIC0272108/ranjit464@oksbi,120.00,,4366361.89
16/10/2023,17/10/2023,UPI/DR/2863635338/MOHAMMED IRFAN/ICIC0272108/mohammed156@oksbi,850.00,,4365511.89
16/10/2023,16/10/2023,UPI/CR/5411897074/RAJENDRA PRASAD/ICIC0272108/rajendra690@ybl,,32000.00,4397511.89
17/10/2023,18/10/2023,UPI/CR/2613896691/REKHA PILLAI/ICIC0272108/rekha399@paytm,,2500.00,4400011.89
18/10/2023,18/10/2023,CASH DEPOSIT/BRANCH COUNTER/BANJARA HILLS HYDERABAD,,4800.00,4404811.89
19/10/2023,19/10/2023,IMPS/P2P/49460102/REKHA PILLAI/9588478123,,18500.00,4423311.89
19/10/2023,20/10/2023,UPI/DR/145326994508/SUNITA DEVI/ICIC0272108/sunita132@oksbi,2380.00,,4420931.89
19/10/2023,20/10/2023,NEFT/670340137818/SURESH NAIR/ICIC0272108/70031667746267,310.00,,4420621.89
19/10/2023,20/10/2023,NEFT/469568257700/TARA SINGH/ICIC0272108/87853448772563,,32000.00,4452621.89
20/10/2023,20/10/2023,CASH DEPOSIT/BRANCH COUNTER/BANJARA HILLS HYDERABAD,,1200.00,4453821.89
20/10/2023,21/10/2023,CHQ NO 887624 CLEARING,850.00,,4452971.89
21/10/2023,21/10/2023,CHQ NO 348113 CLEARING,449.00,,4452522.89
21/10/2023,22/10/2023,IMPS/P2P/5204395144/RAHUL SINGH/9934430521,,850.00,4453372.89
21/10/2023,22/10/2023,ATM/WDL/2938081093/CANARA ATM MYSURU,850.00,,4452522.89
21/10/2023,21/10/2023,UPI/DR/0787017907/VINAY PATIL/ICIC0272108/vinay515@okhdfc,120.00,,4452402.89
22/10/2023,22/10/2023,UPI/DR/67190558/MEERA PILLAI/ICIC0272108/meera364@oksbi,49.00,,4452353.89
22/10/2023,22/10/2023,IMPS/P2P/940536878302/BABU LAL/8992918387,,32000.00,4484353.89
22/10/2023,23/10/2023,UPI/CR/778303293423/SHEELA DEVI/ICIC0272108/sheela91@okaxis,,32000.00,4516353.89
23/10/2023,24/10/2023,UPI/DR/887376979429/SURESH BABU/ICIC0272108/suresh299@okhdfc,850.00,,4515503.89
24/10/2023,24/10/2023,ATM/WDL/7306648202/CANARA ATM MYSURU,999.00,,4514504.89
24/10/2023,24/10/2023,ATM/WDL/24566696/HDFC ATM KORAMANGALA,310.00,,4514194.89
24/10/2023,24/10/2023,CASH DEPOSIT/BRANCH COUNTER/BANJARA HILLS HYDERABAD,,7600.00,4521794.89
25/10/2023,26/10/2023,UPI/DR/1445492226/GEETA DEVI/ICIC0272108/geeta515@oksbi,3499.00,,4518295.89
25/10/2023,25/10/2023,UPI/DR/146606935450/SURESH NAIR/ICIC0272108/suresh636@ybl,310.00,,4517985.89
26/10/2023,26/10/2023,ATM/WDL/4749749100/SBI ATM JAYANAGAR BLR,7800.00,,4510185.89
26/10/2023,26/10/2023,UPI/DR/3535886255/SNEHA PATIL/ICIC0272108/sneha11@ybl,2380.00,,4507805.89
27/10/2023,27/10/2023,UPI/CR/349288891132/NIKHIL GUPTA/ICIC0272108/nikhil104@paytm,,11200.00,4519005.89
28/10/2023,29/10/2023,ATM/WDL/9101737006/CANARA ATM MYSURU,1680.00,,4517325.89
28/10/2023,28/10/2023,UPI/DR/67807640/NAVEEN KUMAR/ICIC0272108/naveen787@paytm,699.00,,4516626.89
28/10/2023,28/10/2023,NEFT/902043194478/RAJESH VERMA/ICIC0272108/34508769142140,,7600.00,4524226.89
28/10/2023,29/10/2023,CASH DEPOSIT/BRANCH COUNTER/BANJARA HILLS HYDERABAD,,32000.00,4556226.89
28/10/2023,28/10/2023,ATM/WDL/1647996700/CANARA ATM MYSURU,1250.00,,4554976.89
28/10/2023,28/10/2023,UPI/DR/64882896/SUNIL YADAV/ICIC0272108/sunil910@okhdfc,999.00,,4553977.89
29/10/2023,29/10/2023,NEFT/56941895/SURESH BABU/ICIC0272108/88856439435184,,850.00,4554827.89
29/10/2023,29/10/2023,NEFT/79480032/RAJESH VERMA/ICIC0272108/49940754290281,999.00,,4553828.89
30/10/2023,31/10/2023,NEFT/05920612/PRIYA NAIR/ICIC0272108/84003796784292,,4800.00,4558628.89
31/10/2023,31/10/2023,NEFT/7877738003/PRIYA NAIR/ICIC0272108/33719866157708,,1200.00,4559828.89
31/10/2023,01/11/2023,UPI/CR/796376350557/MOHAN DAS/ICIC0272108/mohan545@oksbi,,1200.00,4561028.89
01/11/2023,01/11/2023,UPI/DR/347769267186/ADITYA KUMAR/ICIC0272108/aditya202@ybl,999.00,,4560029.89
02/11/2023,02/11/2023,ATM/WDL/94687318/HDFC ATM KORAMANGALA,3499.00,,4556530.89
02/11/2023,02/11/2023,NEFT/41088738/FARHAN KHAN/ICIC0272108/27049263073662,,4800.00,4561330.89
02/11/2023,02/11/2023,CHQ NO 533375 CLEARING,2380.00,,4558950.89
02/11/2023,02/11/2023,ATM/WDL/33898022/SBI ATM JAYANAGAR BLR,310.00,,4558640.89
02/11/2023,02/11/2023,UPI/CR/59520263/RAJESH VERMA/ICIC0272108/rajesh494@okaxis,,7600.00,4566240.89
03/11/2023,03/11/2023,NEFT/713194218452/PREETHI IYER/ICIC0272108/97190104859468,449.00,,4565791.89
03/11/2023,03/11/2023,IMPS/P2P/9966984815/DEEPA NAIR/9781706144,,2500.00,4568291.89
03/11/2023,04/11/2023,ATM/WDL/90067427/HDFC ATM KORAMANGALA,1250.00,,4567041.89
04/11/2023,04/11/2023,NEFT/069098896662/PRAKASH RAO/ICIC0272108/60259329781682,,2500.00,4569541.89
04/11/2023,05/11/2023,NEFT/08833286/SURESH BABU/ICIC0272108/24566120675623,,500.00,4570041.89
04/11/2023,04/11/2023,ATM/WDL/6108038517/SBI ATM JAYANAGAR BLR,79.00,,4569962.89
05/11/2023,05/11/2023,CHQ NO 590767 CLEARING,449.00,,4569513.89
05/11/2023,05/11/2023,IMPS/P2P/636977307129/RANJIT SINGH/7373039490,,32000.00,4601513.89
05/11/2023,05/11/2023,ATM/WDL/386725293592/HDFC ATM KORAMANGALA,7800.00,,4593713.89
06/11/2023,06/11/2023,NEFT/83723882/RANJIT SINGH/ICIC0272108/57898497100950,2380.00,,4591333.89
06/11/2023,06/11/2023,ATM/WDL/7948614037/SBI ATM JAYANAGAR BLR,1680.00,,4589653.89
06/11/2023,07/11/2023,CASH DEPOSIT/BRANCH COUNTER/BANJARA HILLS HYDERABAD,,18500.00,4608153.89
06/11/2023,06/11/2023,UPI/DR/8437997547/SMITHA PILLAI/ICIC0272108/smitha838@ybl,699.00,,4607454.89
06/11/2023,07/11/2023,UPI/CR/3865538445/ARCHANA PILLAI/ICIC0272108/archana715@okhdfc,,18500.00,4625954.89
06/11/2023,07/11/2023,NEFT/515459014137/DEEPA NAIR/ICIC0272108/97556007884484,3499.00,,4622455.89
06/11/2023,06/11/2023,UPI/DR/24779947/DEEPAK JOSHI/ICIC0272108/deepak181@oksbi,2380.00,,4620075.89
07/11/2023,07/11/2023,ATM/WDL/193189846328/CANARA ATM MYSURU,3499.00,,4616576.89
07/11/2023,07/11/2023,UPI/CR/575935450254/REKHA PILLAI/ICIC0272108/rekha860@oksbi,,1200.00,4617776.89
07/11/2023,07/11/2023,UPI/DR/873808593516/DEEPAK JOSHI/ICIC0272108/deepak711@okaxis,449.00,,4617327.89
08/11/2023,08/11/2023,IMPS/P2P/7349773903/POOJA SHARMA/7232411466,,11200.00,4628527.89
08/11/2023,08/11/2023,CHQ NO 112589 CLEARING,7800.00,,4620727.89
08/11/2023,09/11/2023,UPI/DR/62183836/DIVYA MENON/ICIC0272108/divya264@oksbi,850.00,,4619877.89
08/11/2023,08/11/2023,CHQ NO 864160 CLEARING,49.00,,4619828.89
09/11/2023,09/11/2023,UPI/DR/633923619654/RAMESH PILLAI/ICIC0272108/ramesh327@paytm,5200.00,,4614628.89
09/11/2023,09/11/2023,UPI/DR/99213608/ARUN SHARMA/ICIC0272108/arun960@okaxis,5200.00,,4609428.89
09/11/2023,09/11/2023,CHQ NO 672978 CLEARING,449.00,,4608979.89
09/11/2023,09/11/2023,CHQ NO 063984 CLEARING,79.00,,4608900.89
09/11/2023,09/11/2023,UPI/DR/86074539/RAVI KUMAR SHARMA/ICIC0272108/ravi507@okhdfc,310.00,,4608590.89
10/11/2023,10/11/2023,NEFT/226706591096/SHAHID KHAN/ICIC0272108/19667304010677,850.00,,4607740.89
10/11/2023,10/11/2023,NEFT/6041760712/GOPAL VERMA/ICIC0272108/87503656939081,,2500.00,4610240.89
11/11/2023,11/11/2023,NEFT/6686230635/FATIMA SHEIKH/ICIC0272108/82634461566185,,850.00,4611090.89
11/11/2023,11/11/2023,NEFT/4237682775/ARCHANA PILLAI/ICIC0272108/55853131859285,,32000.00,4643090.89
11/11/2023,11/11/2023,NEFT/038425693537/SNEHA PATIL/ICIC0272108/73249553735662,,2500.00,4645590.89
12/11/2023,12/11/2023,CHQ NO 872922 CLEARING,249.00,,4645341.89
12/11/2023,12/11/2023,UPI/DR/212016688342/MOHAN DAS/ICIC0272108/mohan407@oksbi,2380.00,,4642961.89
12/11/2023,13/11/2023,NEFT/9518508475/RESHMA KHAN/ICIC0272108/54722073023183,,11200.00,4654161.89
12/11/2023,12/11/2023,NEFT/5692841900/ARUN SHARMA/ICIC0272108/85176072764690,,11200.00,4665361.89
12/11/2023,13/11/2023,CASH DEPOSIT/BRANCH COUNTER/BANJARA HILLS HYDERABAD,,32000.00,4697361.89
13/11/2023,13/11/2023,CHQ NO 197190 CLEARING,79.00,,4697282.89
13/11/2023,14/11/2023,UPI/DR/41532253/ANITHA KRISHNAN/ICIC0272108/anitha220@okhdfc,1250.00,,4696032.89
13/11/2023,13/11/2023,NEFT/0300967436/REKHA PILLAI/ICIC0272108/33648714071815,310.00,,4695722.89
14/11/2023,15/11/2023,ATM/WDL/6728619839/SBI ATM JAYANAGAR BLR,449.00,,4695273.89
14/11/2023,14/11/2023,ATM/WDL/135946465259/CANARA ATM MYSURU,3499.00,,4691774.89
14/11/2023,14/11/2023,UPI/DR/64392975/CHANDAN SHARMA/ICIC0272108/chandan523@okhdfc,7800.00,,4683974.89
15/11/2023,15/11/2023,NEFT/455767168632/AYESHA KHAN/ICIC0272108/81108783163792,310.00,,4683664.89
15/11/2023,15/11/2023,NEFT/7450464615/NAVEEN KUMAR/ICIC0272108/09479625602053,7800.00,,4675864.89
15/11/2023,15/11/2023,UPI/CR/2645184612/DIVYA MENON/ICIC0272108/divya855@okaxis,,11200.00,4687064.89
17/11/2023,17/11/2023,CHQ NO 197769 CLEARING,850.00,,4686214.89
17/11/2023,17/11/2023,IMPS/P2P/0782252186/RAMESH GOWDA/7318900376,,2500.00,4688714.89
17/11/2023,17/11/2023,UPI/DR/172118448354/RANJIT SINGH/ICIC0272108/ranjit208@ybl,7800.00,,4680914.89
19/11/2023,19/11/2023,CHQ NO 704726 CLEARING,449.00,,4680465.89
19/11/2023,20/11/2023,UPI/DR/027056859810/MOHAMMED IRFAN/ICIC0272108/mohammed879@oksbi,999.00,,4679466.89
19/11/2023,20/11/2023,CHQ NO 371301 CLEARING,79.00,,4679387.89
19/11/2023,19/11/2023,UPI/DR/3871414079/RAJENDRA PRASAD/ICIC0272108/rajendra737@okhdfc,7800.00,,4671587.89
21/11/2023,21/11/2023,ATM/WDL/3462893592/SBI ATM JAYANAGAR BLR,1680.00,,4669907.89
21/11/2023,21/11/2023,CASH DEPOSIT/BRANCH COUNTER/BANJARA HILLS HYDERABAD,,32000.00,4701907.89
21/11/2023,21/11/2023,UPI/DR/4437742488/DEEPA NAIR/ICIC0272108/deepa731@okhdfc,1680.00,,4700227.89
22/11/2023,22/11/2023,CHQ NO 433433 CLEARING,310.00,,4699917.89
22/11/2023,22/11/2023,UPI/DR/664651693584/PRAKASH RAO/ICIC0272108/prakash969@oksbi,310.00,,4699607.89
23/11/2023,24/11/2023,UPI/DR/72694231/DEEPA NAIR/ICIC0272108/deepa143@ybl,449.00,,4699158.89
23/11/2023,23/11/2023,CASH DEPOSIT/BRANCH COUNTER/BANJARA HILLS HYDERABAD,,11200.00,4710358.89
23/11/2023,24/11/2023,UPI/DR/90584245/SUNITA DEVI/ICIC0272108/sunita972@ybl,1250.00,,4709108.89
23/11/2023,23/11/2023,CHQ NO 363278 CLEARING,3499.00,,4705609.89
23/11/2023,23/11/2023,NEFT/986889489648/FATIMA SHEIKH/ICIC0272108/35561268910726,,500.00,4706109.89
23/11/2023,24/11/2023,UPI/DR/72845834/MOHAMMED IRFAN/ICIC0272108/mohammed221@okhdfc,3499.00,,4702610.89
24/11/2023,24/11/2023,NEFT/1077384152/AYESHA KHAN/ICIC0272108/77262097076090,310.00,,4702300.89
24/11/2023,24/11/2023,IMPS/P2P/455486006952/RAHUL SINGH/9052223389,,18500.00,4720800.89
24/11/2023,24/11/2023,NEFT/31779905/RAMESH PILLAI/ICIC0272108/72101778237032,,24000.00,4744800.89
26/11/2023,26/11/2023,IMPS/P2P/2857890385/SAVITHA DEVI/9374272872,,11200.00,4756000.89
26/11/2023,26/11/2023,UPI/DR/07851644/SUNITA DEVI/ICIC0272108/sunita352@okhdfc,3499.00,,4752501.89
26/11/2023,26/11/2023,NEFT/815438987571/VENKAT RAO/ICIC0272108/91628851808589,,11200.00,4763701.89
26/11/2023,26/11/2023,UPI/DR/249679593755/NIKHIL GUPTA/ICIC0272108/nikhil310@paytm,2380.00,,4761321.89
27/11/2023,27/11/2023,UPI/DR/240747152151/LAKSHMI VENKAT/ICIC0272108/lakshmi392@oksbi,7800.00,,4753521.89
29/11/2023,29/11/2023,NEFT/665082756756/RAVI KUMAR SHARMA/ICIC0272108/97565121365970,,18500.00,4772021.89
29/11/2023,30/11/2023,UPI/DR/86216146/FATIMA SHEIKH/ICIC0272108/fatima375@paytm,79.00,,4771942.89
30/11/2023,30/11/2023,IMPS/P2P/50916184/TARA SINGH/8886315056,,850.00,4772792.89
30/11/2023,30/11/2023,CHQ NO 232852 CLEARING,249.00,,4772543.89
30/11/2023,01/12/2023,ATM/WDL/15934324/HDFC ATM KORAMANGALA,2380.00,,4770163.89
01/12/2023,01/12/2023,NEFT/36939531/SUNIL YADAV/ICIC0272108/52885297641467,,32000.00,4802163.89
01/12/2023,02/12/2023,UPI/DR/6164794665/SUNITA DEVI/ICIC0272108/sunita367@oksbi,1250.00,,4800913.89
02/12/2023,02/12/2023,CASH DEPOSIT/BRANCH COUNTER/BANJARA HILLS HYDERABAD,,32000.00,4832913.89
02/12/2023,02/12/2023,CASH DEPOSIT/BRANCH COUNTER/BANJARA HILLS HYDERABAD,,1200.00,4834113.89
02/12/2023,03/12/2023,IMPS/P2P/2080467960/RANJIT SINGH/9837642082,,1200.00,4835313.89
02/12/2023,02/12/2023,NEFT/92174774/AYESHA KHAN/ICIC0272108/90040477571905,,24000.00,4859313.89
02/12/2023,02/12/2023,ATM/WDL/6203222389/SBI ATM JAYANAGAR BLR,5200.00,,4854113.89
03/12/2023,03/12/2023,NEFT/313889471087/ARJUN MEHTA/ICIC0272108/58774973865679,,1200.00,4855313.89
03/12/2023,03/12/2023,UPI/DR/46871541/POOJA SHARMA/ICIC0272108/pooja59@oksbi,120.00,,4855193.89
04/12/2023,04/12/2023,UPI/DR/7708112809/MOHAMMED IRFAN/ICIC0272108/mohammed303@oksbi,449.00,,4854744.89
05/12/2023,05/12/2023,CASH DEPOSIT/BRANCH COUNTER/BANJARA HILLS HYDERABAD,,18500.00,4873244.89
05/12/2023,05/12/2023,UPI/DR/44421369/SMITHA PILLAI/ICIC0272108/smitha756@okhdfc,1680.00,,4871564.89
05/12/2023,06/12/2023,NEFT/794062286923/PRAKASH RAO/ICIC0272108/94641087528038,,4800.00,4876364.89
05/12/2023,05/12/2023,CHQ NO 335275 CLEARING,699.00,,4875665.89
06/12/2023,06/12/2023,NEFT/7400649700/PRAKASH RAO/ICIC0272108/03438228702130,,32000.00,4907665.89
06/12/2023,06/12/2023,UPI/DR/947485915196/RAVI KUMAR SHARMA/ICIC0272108/ravi890@okhdfc,79.00,,4907586.89
06/12/2023,06/12/2023,UPI/DR/03021312/TANVI RAO/ICIC0272108/tanvi253@oksbi,79.00,,4907507.89
06/12/2023,06/12/2023,UPI/DR/095929196993/PRIYA NAIR/ICIC0272108/priya148@okaxis,49.00,,4907458.89
06/12/2023,06/12/2023,UPI/DR/999183429069/SURESH NAIR/ICIC0272108/suresh153@paytm,850.00,,4906608.89
06/12/2023,06/12/2023,NEFT/6116232741/SHEELA DEVI/ICIC0272108/40005613121444,,500.00,4907108.89
07/12/2023,07/12/2023,UPI/DR/78398878/RAVI KUMAR SHARMA/ICIC0272108/ravi289@oksbi,999.00,,4906109.89
07/12/2023,08/12/2023,UPI/CR/208021803457/SUNIL YADAV/ICIC0272108/sunil260@ybl,,500.00,4906609.89
08/12/2023,08/12/2023,IMPS/P2P/46125410/ROHIT SHARMA/8898626734,,2500.00,4909109.89
08/12/2023,08/12/2023,ATM/WDL/7256031048/SBI ATM JAYANAGAR BLR,120.00,,4908989.89
09/12/2023,09/12/2023,CHQ NO 463733 CLEARING,1250.00,,4907739.89
10/12/2023,10/12/2023,UPI/DR/0189188819/FATIMA SHEIKH/ICIC0272108/fatima219@okaxis,999.00,,4906740.89
10/12/2023,10/12/2023,NEFT/785785812571/RESHMA KHAN/ICIC0272108/31204606845602,,24000.00,4930740.89
10/12/2023,10/12/2023,CHQ NO 647374 CLEARING,120.00,,4930620.89
10/12/2023,10/12/2023,NEFT/72095828/RAMESH PILLAI/ICIC0272108/87392634140137,,24000.00,4954620.89
10/12/2023,11/12/2023,UPI/DR/384469432291/SUNIL YADAV/ICIC0272108/sunil94@ybl,310.00,,4954310.89
10/12/2023,10/12/2023,NEFT/974010544325/BINDHU NAIR/ICIC0272108/21095566444156,2380.00,,4951930.89
11/12/2023,12/12/2023,UPI/DR/75485821/RANJIT SINGH/ICIC0272108/ranjit422@oksbi,49.00,,4951881.89
11/12/2023,12/12/2023,NEFT/4086683462/IMRAN KHAN/ICIC0272108/43485530125901,,18500.00,4970381.89
11/12/2023,11/12/2023,UPI/DR/94754376/NADIA HUSSAIN/ICIC0272108/nadia470@oksbi,49.00,,4970332.89
11/12/2023,11/12/2023,CASH DEPOSIT/BRANCH COUNTER/BANJARA HILLS HYDERABAD,,24000.00,4994332.89
11/12/2023,11/12/2023,UPI/CR/89418146/SANTOSH KUMAR/ICIC0272108/santosh915@ybl,,24000.00,5018332.89
11/12/2023,12/12/2023,NEFT/4225484680/ANITHA KRISHNAN/ICIC0272108/56203746460868,79.00,,5018253.89
11/12/2023,12/12/2023,CASH DEPOSIT/BRANCH COUNTER/BANJARA HILLS HYDERABAD,,11200.00,5029453.89
11/12/2023,11/12/2023,UPI/DR/778789502909/IMRAN KHAN/ICIC0272108/imran605@ybl,120.00,,5029333.89
12/12/2023,13/12/2023,CASH DEPOSIT/BRANCH COUNTER/BANJARA HILLS HYDERABAD,,7600.00,5036933.89
12/12/2023,12/12/2023,UPI/DR/9362805883/PADMA RAO/ICIC0272108/padma232@oksbi,1250.00,,5035683.89
12/12/2023,12/12/2023,UPI/CR/307362038078/AYESHA KHAN/ICIC0272108/ayesha684@okaxis,,18500.00,5054183.89
12/12/2023,12/12/2023,IMPS/P2P/192619858373/GANESH KUMAR/8087152623,,850.00,5055033.89
12/12/2023,13/12/2023,UPI/DR/8195439183/MOHAN DAS/ICIC0272108/mohan979@oksbi,79.00,,5054954.89
13/12/2023,13/12/2023,UPI/DR/09192254/MALLIKA DAS/ICIC0272108/mallika277@okaxis,5200.00,,5049754.89
13/12/2023,14/12/2023,CHQ NO 641558 CLEARING,850.00,,5048904.89
13/12/2023,13/12/2023,IMPS/P2P/0098313522/PRIYA NAIR/9682352161,,32000.00,5080904.89
14/12/2023,14/12/2023,UPI/DR/2303577604/VENKAT RAO/ICIC0272108/venkat184@paytm,850.00,,5080054.89
14/12/2023,14/12/2023,UPI/DR/28302650/KIRAN REDDY/ICIC0272108/kiran608@oksbi,5200.00,,5074854.89
15/12/2023,16/12/2023,CHQ NO 534629 CLEARING,249.00,,5074605.89
15/12/2023,15/12/2023,UPI/CR/153314624638/SHEELA DEVI/ICIC0272108/sheela492@paytm,,32000.00,5106605.89
15/12/2023,16/12/2023,CHQ NO 264780 CLEARING,49.00,,5106556.89
15/12/2023,15/12/2023,UPI/DR/64853459/VENKAT RAO/ICIC0272108/venkat471@oksbi,79.00,,5106477.89
15/12/2023,15/12/2023,ATM/WDL/36324557/SBI ATM JAYANAGAR BLR,49.00,,5106428.89
16/12/2023,16/12/2023,IMPS/P2P/998401047002/NADIA HUSSAIN/7039679281,,24000.00,5130428.89
16/12/2023,16/12/2023,UPI/DR/59532588/ANAND KUMAR/ICIC0272108/anand239@okhdfc,79.00,,5130349.89
16/12/2023,16/12/2023,UPI/DR/79955135/GEETA DEVI/ICIC0272108/geeta289@okhdfc,49.00,,5130300.89
17/12/2023,17/12/2023,UPI/DR/0816112524/NILESH KULKARNI/ICIC0272108/nilesh517@okhdfc,850.00,,5129450.89
17/12/2023,17/12/2023,IMPS/P2P/960129922865/NAVEEN KUMAR/9256682903,,1200.00,5130650.89
18/12/2023,18/12/2023,UPI/DR/72896669/SMITHA PILLAI/ICIC0272108/smitha391@oksbi,850.00,,5129800.89
18/12/2023,18/12/2023,CHQ NO 921275 CLEARING,3499.00,,5126301.89
19/12/2023,19/12/2023,IMPS/P2P/9168433609/RAHUL SINGH/8525622674,,32000.00,5158301.89
20/12/2023,20/12/2023,UPI/CR/889432275037/ARJUN MEHTA/ICIC0272108/arjun330@okhdfc,,24000.00,5182301.89
20/12/2023,20/12/2023,ATM/WDL/59894136/HDFC ATM KORAMANGALA,449.00,,5181852.89
20/12/2023,20/12/2023,UPI/DR/6507030895/VINAY PATIL/ICIC0272108/vinay914@okhdfc,850.00,,5181002.89
21/12/2023,21/12/2023,NEFT/414709295676/ANAND KUMAR/ICIC0272108/05300409712038,,11200.00,5192202.89
21/12/2023,21/12/2023,UPI/DR/6174907310/PRAKASH RAO/ICIC0272108/prakash439@paytm,1680.00,,5190522.89
21/12/2023,21/12/2023,NEFT/430090037836/USHA RANI/ICIC0272108/79204623596296,850.00,,5189672.89
21/12/2023,22/12/2023,IMPS/P2P/0753238569/RESHMA KHAN/8298544687,,24000.00,5213672.89
21/12/2023,22/12/2023,CASH DEPOSIT/BRANCH COUNTER/BANJARA HILLS HYDERABAD,,850.00,5214522.89
22/12/2023,22/12/2023,ATM/WDL/3069768770/CANARA ATM MYSURU,79.00,,5214443.89
22/12/2023,23/12/2023,IMPS/P2P/85607610/PADMA RAO/8903635692,,2500.00,5216943.89
22/12/2023,22/12/2023,CASH DEPOSIT/BRANCH COUNTER/BANJARA HILLS HYDERABAD,,500.00,5217443.89
22/12/2023,22/12/2023,UPI/DR/6080308191/RAHUL SINGH/ICIC0272108/rahul40@paytm,249.00,,5217194.89
22/12/2023,22/12/2023,NEFT/30881395/USHA RANI/ICIC0272108/00445386149736,310.00,,5216884.89
23/12/2023,24/12/2023,UPI/CR/730148836560/SAVITHA DEVI/ICIC0272108/savitha254@paytm,,500.00,5217384.89
23/12/2023,23/12/2023,UPI/DR/139135635735/NADIA HUSSAIN/ICIC0272108/nadia647@oksbi,7800.00,,5209584.89
23/12/2023,23/12/2023,ATM/WDL/3321409348/SBI ATM JAYANAGAR BLR,5200.00,,5204384.89
23/12/2023,24/12/2023,UPI/DR/020115755485/SUNITA DEVI/ICIC0272108/sunita153@paytm,3499.00,,5200885.89
23/12/2023,23/12/2023,ATM/WDL/0183475430/HDFC ATM KORAMANGALA,1680.00,,5199205.89
24/12/2023,24/12/2023,IMPS/P2P/31578714/ARJUN MEHTA/8794661910,,32000.00,5231205.89
24/12/2023,24/12/2023,CASH DEPOSIT/BRANCH COUNTER/BANJARA HILLS HYDERABAD,,850.00,5232055.89
24/12/2023,25/12/2023,ATM/WDL/45763867/CANARA ATM MYSURU,49.00,,5232006.89
25/12/2023,25/12/2023,IMPS/P2P/636390215993/NILESH KULKARNI/9113836015,,500.00,5232506.89
25/12/2023,25/12/2023,NEFT/6632484887/RAVI KUMAR SHARMA/ICIC0272108/92534500402383,449.00,,5232057.89
25/12/2023,25/12/2023,UPI/CR/753422457829/KARTHIK MENON/ICIC0272108/karthik283@paytm,,2500.00,5234557.89
25/12/2023,25/12/2023,IMPS/P2P/7601961042/TARA SINGH/9805823452,,850.00,5235407.89
25/12/2023,26/12/2023,NEFT/9218244476/NAVEEN KUMAR/ICIC0272108/33932624291735,,500.00,5235907.89
26/12/2023,26/12/2023,UPI/DR/058772731497/AYESHA KHAN/ICIC0272108/ayesha253@ybl,999.00,,5234908.89
26/12/2023,27/12/2023,NEFT/33297126/DEEPAK JOSHI/ICIC0272108/91904459240391,310.00,,5234598.89
26/12/2023,26/12/2023,UPI/DR/17722199/SNEHA PATIL/ICIC0272108/sneha207@oksbi,310.00,,5234288.89
26/12/2023,26/12/2023,CASH DEPOSIT/BRANCH COUNTER/BANJARA HILLS HYDERABAD,,850.00,5235138.89
27/12/2023,28/12/2023,ATM/WDL/60705734/HDFC ATM KORAMANGALA,79.00,,5235059.89
27/12/2023,27/12/2023,CASH DEPOSIT/BRANCH COUNTER/BANJARA HILLS HYDERABAD,,1200.00,5236259.89
28/12/2023,29/12/2023,UPI/DR/0661864563/RAJENDRA PRASAD/ICIC0272108/rajendra929@oksbi,850.00,,5235409.89
29/12/2023,29/12/2023,UPI/DR/24292502/FATIMA SHEIKH/ICIC0272108/fatima655@okaxis,1680.00,,5233729.89
29/12/2023,29/12/2023,NEFT/08499773/RAHUL SINGH/ICIC0272108/42749773438056,,11200.00,5244929.89
29/12/2023,30/12/2023,NEFT/6148095043/POOJA SHARMA/ICIC0272108/91866982704851,7800.00,,5237129.89
29/12/2023,29/12/2023,ATM/WDL/66066523/CANARA ATM MYSURU,5200.00,,5231929.89
29/12/2023,29/12/2023,IMPS/P2P/418777846408/TANVI RAO/7097273111,,7600.00,5239529.89
30/12/2023,30/12/2023,UPI/DR/6467106907/REKHA PILLAI/ICIC0272108/rekha893@ybl,699.00,,5238830.89
30/12/2023,30/12/2023,NEFT/5803868807/NADIA HUSSAIN/ICIC0272108/50423745983797,49.00,,5238781.89
30/12/2023,31/12/2023,NEFT/7912978066/SAVITHA DEVI/ICIC0272108/25849193416500,,1200.00,5239981.89
31/12/2023,01/01/2024,UPI/DR/49545137/PREETHI IYER/ICIC0272108/preethi474@oksbi,699.00,,5239282.89
31/12/2023,31/12/2023,NEFT/9856390783/SANJANA HEGDE/ICIC0272108/08574330628716,310.00,,5238972.89
31/12/2023,01/01/2024,NEFT/6862913268/PRAKASH RAO/ICIC0272108/71087329498693,,7600.00,5246572.89
31/12/2023,01/01/2024,UPI/DR/7047174503/HARISH MENON/ICIC0272108/harish537@oksbi,310.00,,5246262.89
31/12/2023,31/12/2023,NEFT/21125349/BABU LAL/ICIC0272108/60188943764038,1680.00,,5244582.89
31/12/2023,31/12/2023,CASH DEPOSIT/BRANCH COUNTER/BANJARA HILLS HYDERABAD,,1200.00,5245782.89
01/01/2024,01/01/2024,UPI/CR/396573180902/AYESHA KHAN/ICIC0272108/ayesha170@ybl,,4800.00,5250582.89
01/01/2024,01/01/2024,ATM/WDL/025559372757/CANARA ATM MYSURU,449.00,,5250133.89
01/01/2024,01/01/2024,UPI/CR/2262025228/SANJANA HEGDE/ICIC0272108/sanjana307@oksbi,,7600.00,5257733.89
01/01/2024,01/01/2024,CASH DEPOSIT/BRANCH COUNTER/BANJARA HILLS HYDERABAD,,4800.00,5262533.89
01/01/2024,01/01/2024,CHQ NO 303593 CLEARING,49.00,,5262484.89
02/01/2024,02/01/2024,UPI/CR/6164846189/DEEPAK JOSHI/ICIC0272108/deepak369@okaxis,,500.00,5262984.89
02/01/2024,03/01/2024,CHQ NO 971695 CLEARING,699.00,,5262285.89
02/01/2024,03/01/2024,IMPS/P2P/359266163478/IMRAN KHAN/7560105754,,2500.00,5264785.89
02/01/2024,02/01/2024,UPI/CR/6480025236/SNEHA PATIL/ICIC0272108/sneha111@okhdfc,,4800.00,5269585.89
02/01/2024,02/01/2024,UPI/DR/5929367666/GANESH KUMAR/ICIC0272108/ganesh945@ybl,5200.00,,5264385.89
02/01/2024,02/01/2024,IMPS/P2P/7912551496/RAMESH PILLAI/8402255527,,4800.00,5269185.89
03/01/2024,03/01/2024,UPI/DR/1833886488/ADITYA KUMAR/ICIC0272108/aditya91@okhdfc,449.00,,5268736.89
03/01/2024,04/01/2024,CHQ NO 583526 CLEARING,3499.00,,5265237.89
03/01/2024,03/01/2024,CHQ NO 396308 CLEARING,699.00,,5264538.89
04/01/2024,04/01/2024,ATM/WDL/785396687514/SBI ATM JAYANAGAR BLR,999.00,,5263539.89
04/01/2024,04/01/2024,UPI/DR/7963305866/VINAY PATIL/ICIC0272108/vinay371@ybl,699.00,,5262840.89
04/01/2024,04/01/2024,UPI/DR/3721356124/SUNIL YADAV/ICIC0272108/sunil41@paytm,850.00,,5261990.89
05/01/2024,05/01/2024,ATM/WDL/6341189032/HDFC ATM KORAMANGALA,3499.00,,5258491.89
05/01/2024,06/01/2024,UPI/DR/121901721331/KAVYA REDDY/ICIC0272108/kavya388@okaxis,310.00,,5258181.89
06/01/2024,06/01/2024,UPI/CR/9834374818/TANVI RAO/ICIC0272108/tanvi543@okaxis,,2500.00,5260681.89
06/01/2024,07/01/2024,UPI/DR/60621392/MOHAMMED IRFAN/ICIC0272108/mohammed347@ybl,5200.00,,5255481.89
06/01/2024,06/01/2024,UPI/DR/3332375106/RAJESH VERMA/ICIC0272108/rajesh199@oksbi,2380.00,,5253101.89
06/01/2024,06/01/2024,UPI/DR/3256163652/SURESH BABU/ICIC0272108/suresh163@okhdfc,249.00,,5252852.89
06/01/2024,06/01/2024,IMPS/P2P/773317117972/HARISH MENON/8660908524,,11200.00,5264052.89
06/01/2024,07/01/2024,UPI/CR/64771969/LAKSHMI VENKAT/ICIC0272108/lakshmi59@ybl,,32000.00,5296052.89
06/01/2024,06/01/2024,UPI/DR/06378394/LATHA MURTHY/ICIC0272108/latha844@okaxis,310.00,,5295742.89
07/01/2024,07/01/2024,ATM/WDL/2364259001/CANARA ATM MYSURU,5200.00,,5290542.89
07/01/2024,08/01/2024,UPI/DR/5251120230/ARCHANA PILLAI/ICIC0272108/archana704@ybl,3499.00,,5287043.89
07/01/2024,07/01/2024,UPI/DR/76256096/GOPAL VERMA/ICIC0272108/gopal890@paytm,449.00,,5286594.89
08/01/2024,08/01/2024,ATM/WDL/130148299494/HDFC ATM KORAMANGALA,449.00,,5286145.89
08/01/2024,08/01/2024,UPI/DR/6623493642/RAJESH VERMA/ICIC0272108/rajesh863@paytm,79.00,,5286066.89
09/01/2024,09/01/2024,UPI/DR/120202629207/AYESHA KHAN/ICIC0272108/ayesha80@okaxis,999.00,,5285067.89
10/01/2024,11/01/2024,UPI/DR/765383739826/KAVYA REDDY/ICIC0272108/kavya934@okaxis,7800.00,,5277267.89
11/01/2024,11/01/2024,ATM/WDL/76684096/HDFC ATM KORAMANGALA,49.00,,5277218.89
11/01/2024,11/01/2024,UPI/DR/2179830487/SMITHA PILLAI/ICIC0272108/smitha750@okhdfc,699.00,,5276519.89
11/01/2024,11/01/2024,ATM/WDL/90519514/CANARA ATM MYSURU,1250.00,,5275269.89
11/01/2024,12/01/2024,UPI/DR/36113769/MEENA IYER/ICIC0272108/meena290@ybl,1680.00,,5273589.89
11/01/2024,11/01/2024,NEFT/6792561012/RAVI KUMAR SHARMA/ICIC0272108/25003732540318,120.00,,5273469.89
11/01/2024,12/01/2024,CASH DEPOSIT/BRANCH COUNTER/BANJARA HILLS HYDERABAD,,11200.00,5284669.89
12/01/2024,13/01/2024,ATM/WDL/3219154557/HDFC ATM KORAMANGALA,5200.00,,5279469.89
12/01/2024,13/01/2024,UPI/CR/7635870035/SUNITA DEVI/ICIC0272108/sunita740@ybl,,4800.00,5284269.89
12/01/2024,12/01/2024,UPI/DR/1103340854/KAVITHA RAO/ICIC0272108/kavitha388@okaxis,249.00,,5284020.89
12/01/2024,13/01/2024,NEFT/22447813/SANTOSH KUMAR/ICIC0272108/75296613869218,3499.00,,5280521.89
12/01/2024,12/01/2024,NEFT/317346646457/VINAY PATIL/ICIC0272108/67219202187931,,11200.00,5291721.89
12/01/2024,13/01/2024,NEFT/573027824397/SMITHA PILLAI/ICIC0272108/38534473790548,1250.00,,5290471.89
13/01/2024,13/01/2024,CASH DEPOSIT/BRANCH COUNTER/BANJARA HILLS HYDERABAD,,7600.00,5298071.89
13/01/2024,14/01/2024,UPI/DR/36448871/ARUN SHARMA/ICIC0272108/arun323@oksbi,3499.00,,5294572.89
14/01/2024,14/01/2024,UPI/DR/2137141040/REKHA PILLAI/ICIC0272108/rekha430@oksbi,310.00,,5294262.89
15/01/2024,16/01/2024,CHQ NO 798854 CLEARING,249.00,,5294013.89
17/01/2024,17/01/2024,NEFT/7394685688/RAJENDRA PRASAD/ICIC0272108/38660793679637,310.00,,5293703.89
17/01/2024,18/01/2024,NEFT/97808404/KAVITHA RAO/ICIC0272108/54110088050965,3499.00,,5290204.89
17/01/2024,18/01/2024,UPI/DR/976272100126/NILESH KULKARNI/ICIC0272108/nilesh345@oksbi,2380.00,,5287824.89
17/01/2024,18/01/2024,IMPS/P2P/04332104/FATIMA SHEIKH/7018926237,,7600.00,5295424.89
18/01/2024,18/01/2024,UPI/CR/9933232580/REKHA PILLAI/ICIC0272108/rekha620@okhdfc,,7600.00,5303024.89
18/01/2024,18/01/2024,NEFT/6619075204/SHAHID KHAN/ICIC0272108/08022840483904,2380.00,,5300644.89
18/01/2024,18/01/2024,UPI/CR/3997392220/TANVI RAO/ICIC0272108/tanvi549@ybl,,2500.00,5303144.89
18/01/2024,18/01/2024,UPI/CR/6725181310/DIVYA MENON/ICIC0272108/divya306@oksbi,,500.00,5303644.89
19/01/2024,19/01/2024,NEFT/289089971522/ARCHANA PILLAI/ICIC0272108/37830128343738,7800.00,,5295844.89
19/01/2024,19/01/2024,NEFT/56515483/ARJUN MEHTA/ICIC0272108/42406150438906,,4800.00,5300644.89
19/01/2024,19/01/2024,ATM/WDL/98659859/HDFC ATM KORAMANGALA,999.00,,5299645.89
19/01/2024,19/01/2024,NEFT/753829116948/BINDHU NAIR/ICIC0272108/22603679147105,,18500.00,5318145.89
19/01/2024,19/01/2024,IMPS/P2P/41601456/SANJANA HEGDE/9261138962,,1200.00,5319345.89
19/01/2024,19/01/2024,UPI/CR/07914126/RANJIT SINGH/ICIC0272108/ranjit386@ybl,,7600.00,5326945.89
20/01/2024,20/01/2024,NEFT/451966554498/ARUN SHARMA/ICIC0272108/38088520646340,,18500.00,5345445.89
21/01/2024,21/01/2024,CHQ NO 407066 CLEARING,1680.00,,5343765.89
22/01/2024,23/01/2024,CHQ NO 128836 CLEARING,3499.00,,5340266.89
22/01/2024,23/01/2024,ATM/WDL/390275251118/SBI ATM JAYANAGAR BLR,850.00,,5339416.89
22/01/2024,23/01/2024,CASH DEPOSIT/BRANCH COUNTER/BANJARA HILLS HYDERABAD,,1200.00,5340616.89
23/01/2024,24/01/2024,UPI/CR/5414271002/SUNIL YADAV/ICIC0272108/sunil709@paytm,,850.00,5341466.89
23/01/2024,23/01/2024,UPI/DR/34428217/FATIMA SHEIKH/ICIC0272108/fatima581@okaxis,249.00,,5341217.89
23/01/2024,24/01/2024,UPI/CR/5316290346/SMITHA PILLAI/ICIC0272108/smitha725@paytm,,18500.00,5359717.89
24/01/2024,24/01/2024,IMPS/P2P/8242282043/USHA RANI/7573144117,,2500.00,5362217.89
24/01/2024,24/01/2024,UPI/DR/27046460/SMITHA PILLAI/ICIC0272108/smitha801@paytm,1250.00,,5360967.89
25/01/2024,25/01/2024,CASH DEPOSIT/BRANCH COUNTER/BANJARA HILLS HYDERABAD,,1200.00,5362167.89
25/01/2024,26/01/2024,ATM/WDL/285151748675/SBI ATM JAYANAGAR BLR,49.00,,5362118.89
25/01/2024,26/01/2024,CHQ NO 526021 CLEARING,699.00,,5361419.89
25/01/2024,26/01/2024,UPI/DR/736617622760/TARA SINGH/ICIC0272108/tara738@ybl,249.00,,5361170.89
26/01/2024,26/01/2024,CHQ NO 328160 CLEARING,1250.00,,5359920.89
26/01/2024,27/01/2024,NEFT/7968174469/NADIA HUSSAIN/ICIC0272108/84661903101384,5200.00,,5354720.89
27/01/2024,27/01/2024,NEFT/53739309/REKHA PILLAI/ICIC0272108/47541901255372,5200.00,,5349520.89
27/01/2024,27/01/2024,UPI/DR/5326598779/NAVEEN KUMAR/ICIC0272108/naveen128@oksbi,79.00,,5349441.89
27/01/2024,27/01/2024,IMPS/P2P/777620024077/RAVI KUMAR SHARMA/8738815605,,24000.00,5373441.89
27/01/2024,28/01/2024,NEFT/9960864192/RANJIT SINGH/ICIC0272108/73721858947434,3499.00,,5369942.89
27/01/2024,27/01/2024,CASH DEPOSIT/BRANCH COUNTER/BANJARA HILLS HYDERABAD,,2500.00,5372442.89
28/01/2024,29/01/2024,UPI/DR/509663355644/DIVYA MENON/ICIC0272108/divya98@okhdfc,249.00,,5372193.89
28/01/2024,28/01/2024,UPI/DR/36852258/USHA RANI/ICIC0272108/usha855@okaxis,310.00,,5371883.89
28/01/2024,28/01/2024,UPI/DR/38200619/SURESH NAIR/ICIC0272108/suresh125@paytm,7800.00,,5364083.89
29/01/2024,29/01/2024,ATM/WDL/5171379426/HDFC ATM KORAMANGALA,850.00,,5363233.89
29/01/2024,29/01/2024,NEFT/0885724139/DIVYA MENON/ICIC0272108/60588213329402,3499.00,,5359734.89
29/01/2024,30/01/2024,CHQ NO 454314 CLEARING,999.00,,5358735.89
29/01/2024,29/01/2024,IMPS/P2P/50370169/PADMA RAO/8109776147,,32000.00,5390735.89
30/01/2024,30/01/2024,UPI/DR/10149601/GOPAL VERMA/ICIC0272108/gopal137@okhdfc,1250.00,,5389485.89
30/01/2024,30/01/2024,UPI/DR/88383334/SAVITHA DEVI/ICIC0272108/savitha362@okaxis,5200.00,,5384285.89
30/01/2024,31/01/2024,CHQ NO 012841 CLEARING,120.00,,5384165.89
31/01/2024,01/02/2024,NEFT/11157409/SHEELA DEVI/ICIC0272108/82045966299294,699.00,,5383466.89
02/02/2024,02/02/2024,CASH DEPOSIT/BRANCH COUNTER/BANJARA HILLS HYDERABAD,,1200.00,5384666.89
02/02/2024,02/02/2024,CHQ NO 803825 CLEARING,249.00,,5384417.89
03/02/2024,03/02/2024,UPI/DR/805412198209/KAVITHA RAO/ICIC0272108/kavitha955@ybl,5200.00,,5379217.89
03/02/2024,04/02/2024,UPI/DR/9476059543/VENKAT RAO/ICIC0272108/venkat289@oksbi,850.00,,5378367.89
03/02/2024,03/02/2024,IMPS/P2P/6747015772/MOHAMMED IRFAN/8562617728,,500.00,5378867.89
04/02/2024,04/02/2024,CHQ NO 938804 CLEARING,850.00,,5378017.89
04/02/2024,04/02/2024,ATM/WDL/81758166/SBI ATM JAYANAGAR BLR,310.00,,5377707.89
04/02/2024,04/02/2024,UPI/DR/4209325861/BINDHU NAIR/ICIC0272108/bindhu884@ybl,310.00,,5377397.89
05/02/2024,05/02/2024,CHQ NO 248632 CLEARING,79.00,,5377318.89
05/02/2024,05/02/2024,UPI/CR/245668478377/REKHA PILLAI/ICIC0272108/rekha952@okaxis,,7600.00,5384918.89
05/02/2024,05/02/2024,CHQ NO 434154 CLEARING,449.00,,5384469.89
06/02/2024,07/02/2024,NEFT/3537013792/ARUN SHARMA/ICIC0272108/25900631294359,79.00,,5384390.89
06/02/2024,06/02/2024,NEFT/4473932778/SURESH BABU/ICIC0272108/44756895490121,,32000.00,5416390.89
06/02/2024,06/02/2024,UPI/DR/8312199454/GANESH KUMAR/ICIC0272108/ganesh353@paytm,310.00,,5416080.89
07/02/2024,08/02/2024,IMPS/P2P/9600449355/VINAY PATIL/7118831593,,24000.00,5440080.89
07/02/2024,07/02/2024,NEFT/22848643/SHEELA DEVI/ICIC0272108/59853357669075,,11200.00,5451280.89
08/02/2024,08/02/2024,NEFT/35712316/SHAHID KHAN/ICIC0272108/88053943764157,699.00,,5450581.89
08/02/2024,08/02/2024,CASH DEPOSIT/BRANCH COUNTER/BANJARA HILLS HYDERABAD,,4800.00,5455381.89
08/02/2024,08/02/2024,IMPS/P2P/1734015028/MEERA PILLAI/7217750306,,11200.00,5466581.89
08/02/2024,08/02/2024,NEFT/6594402605/LALITHA DEVI/ICIC0272108/10599252087343,3499.00,,5463082.89
08/02/2024,08/02/2024,UPI/CR/324405095899/VINAY PATIL/ICIC0272108/vinay340@paytm,,2500.00,5465582.89
08/02/2024,08/02/2024,CASH DEPOSIT/BRANCH COUNTER/BANJARA HILLS HYDERABAD,,24000.00,5489582.89
08/02/2024,08/02/2024,UPI/DR/545042419568/MEERA PILLAI/ICIC0272108/meera148@okaxis,5200.00,,5484382.89
09/02/2024,09/02/2024,NEFT/3408359662/RANJIT SINGH/ICIC0272108/51151213654035,49.00,,5484333.89
09/02/2024,09/02/2024,UPI/DR/587091871558/RAHUL SINGH/ICIC0272108/rahul536@okhdfc,5200.00,,5479133.89
10/02/2024,10/02/2024,ATM/WDL/763308185341/SBI ATM JAYANAGAR BLR,79.00,,5479054.89
11/02/2024,12/02/2024,UPI/DR/42335087/GOPAL VERMA/ICIC0272108/gopal111@paytm,7800.00,,5471254.89
11/02/2024,11/02/2024,NEFT/555293869200/GEETA DEVI/ICIC0272108/89762501674413,,4800.00,5476054.89
11/02/2024,11/02/2024,CHQ NO 354300 CLEARING,7800.00,,5468254.89
11/02/2024,11/02/2024,UPI/DR/1235628465/ANITHA KRISHNAN/ICIC0272108/anitha873@okaxis,699.00,,5467555.89
12/02/2024,12/02/2024,UPI/DR/8426581449/GOPAL VERMA/ICIC0272108/gopal76@paytm,310.00,,5467245.89
12/02/2024,12/02/2024,UPI/CR/640161691705/SURESH NAIR/ICIC0272108/suresh567@ybl,,7600.00,5474845.89
12/02/2024,12/02/2024,ATM/WDL/890642036399/CANARA ATM MYSURU,699.00,,5474146.89
12/02/2024,12/02/2024,UPI/DR/740791393062/VINAY PATIL/ICIC0272108/vinay851@okaxis,49.00,,5474097.89
12/02/2024,12/02/2024,CHQ NO 290192 CLEARING,2380.00,,5471717.89
13/02/2024,13/02/2024,CASH DEPOSIT/BRANCH COUNTER/BANJARA HILLS HYDERABAD,,24000.00,5495717.89
14/02/2024,14/02/2024,UPI/DR/561946591275/DIVYA MENON/ICIC0272108/divya766@paytm,449.00,,5495268.89
14/02/2024,15/02/2024,UPI/DR/3241951331/SANJANA HEGDE/ICIC0272108/sanjana931@paytm,5200.00,,5490068.89
14/02/2024,14/02/2024,NEFT/646669510329/POOJA SHARMA/ICIC0272108/00136754145970,3499.00,,5486569.89
15/02/2024,15/02/2024,CASH DEPOSIT/BRANCH COUNTER/BANJARA HILLS HYDERABAD,,850.00,5487419.89
15/02/2024,15/02/2024,CHQ NO 034166 CLEARING,310.00,,5487109.89
16/02/2024,16/02/2024,ATM/WDL/55070657/CANARA ATM MYSURU,999.00,,5486110.89
16/02/2024,16/02/2024,CHQ NO 500148 CLEARING,7800.00,,5478310.89
16/02/2024,17/02/2024,NEFT/002535222333/ADITYA KUMAR/ICIC0272108/21477124302489,699.00,,5477611.89
17/02/2024,17/02/2024,UPI/CR/3217794525/SURESH BABU/ICIC0272108/suresh863@ybl,,32000.00,5509611.89
18/02/2024,18/02/2024,UPI/CR/615374618659/MOHAMMED IRFAN/ICIC0272108/mohammed639@oksbi,,32000.00,5541611.89
18/02/2024,18/02/2024,UPI/DR/0787212521/ADITYA KUMAR/ICIC0272108/aditya854@ybl,249.00,,5541362.89
18/02/2024,18/02/2024,UPI/DR/02560164/NADIA HUSSAIN/ICIC0272108/nadia122@ybl,1680.00,,5539682.89
18/02/2024,18/02/2024,UPI/DR/02305550/RAJESH VERMA/ICIC0272108/rajesh340@ybl,249.00,,5539433.89
19/02/2024,19/02/2024,UPI/DR/141993906376/PREETHI IYER/ICIC0272108/preethi280@okaxis,999.00,,5538434.89
19/02/2024,19/02/2024,CASH DEPOSIT/BRANCH COUNTER/BANJARA HILLS HYDERABAD,,850.00,5539284.89
19/02/2024,20/02/2024,IMPS/P2P/16327466/ARCHANA PILLAI/9069501787,,1200.00,5540484.89
19/02/2024,19/02/2024,IMPS/P2P/5446153299/KIRAN REDDY/7896110449,,24000.00,5564484.89
19/02/2024,19/02/2024,CHQ NO 410949 CLEARING,79.00,,5564405.89
19/02/2024,20/02/2024,UPI/DR/311252226397/IMRAN KHAN/ICIC0272108/imran218@okaxis,79.00,,5564326.89
19/02/2024,19/02/2024,CHQ NO 333765 CLEARING,79.00,,5564247.89
20/02/2024,20/02/2024,CASH DEPOSIT/BRANCH COUNTER/BANJARA HILLS HYDERABAD,,4800.00,5569047.89
20/02/2024,20/02/2024,UPI/DR/94151148/POOJA SHARMA/ICIC0272108/pooja807@ybl,449.00,,5568598.89
20/02/2024,20/02/2024,CHQ NO 794096 CLEARING,49.00,,5568549.89
20/02/2024,20/02/2024,UPI/CR/78814113/SUNIL YADAV/ICIC0272108/sunil525@ybl,,32000.00,5600549.89
20/02/2024,21/02/2024,ATM/WDL/86401822/SBI ATM JAYANAGAR BLR,120.00,,5600429.89
21/02/2024,21/02/2024,IMPS/P2P/463722948826/HARISH MENON/7421813650,,18500.00,5618929.89
21/02/2024,21/02/2024,UPI/CR/57539224/MOHAMMED IRFAN/ICIC0272108/mohammed376@oksbi,,7600.00,5626529.89
22/02/2024,23/02/2024,UPI/DR/970366379376/SUNITA DEVI/ICIC0272108/sunita202@oksbi,2380.00,,5624149.89
22/02/2024,23/02/2024,NEFT/7932050012/NAVEEN KUMAR/ICIC0272108/50562549658604,249.00,,5623900.89
23/02/2024,24/02/2024,NEFT/7894874247/NIKHIL GUPTA/ICIC0272108/93944434617919,310.00,,5623590.89
23/02/2024,23/02/2024,ATM/WDL/5223289071/CANARA ATM MYSURU,249.00,,5623341.89
23/02/2024,24/02/2024,NEFT/196844426863/ADITYA KUMAR/ICIC0272108/12217336416983,,7600.00,5630941.89
23/02/2024,23/02/2024,UPI/DR/14071216/MOHAMMED IRFAN/ICIC0272108/mohammed747@ybl,1250.00,,5629691.89
23/02/2024,23/02/2024,CHQ NO 090277 CLEARING,850.00,,5628841.89
23/02/2024,23/02/2024,CASH DEPOSIT/BRANCH COUNTER/BANJARA HILLS HYDERABAD,,18500.00,5647341.89
24/02/2024,24/02/2024,UPI/DR/4465866280/SANTOSH KUMAR/ICIC0272108/santosh269@okhdfc,249.00,,5647092.89
24/02/2024,24/02/2024,NEFT/605925859384/SUSHMA RAO/ICIC0272108/10135562515239,,500.00,5647592.89
24/02/2024,24/02/2024,UPI/DR/1975238061/IMRAN KHAN/ICIC0272108/imran527@oksbi,449.00,,5647143.89
24/02/2024,24/02/2024,ATM/WDL/2210149635/CANARA ATM MYSURU,5200.00,,5641943.89
24/02/2024,25/02/2024,NEFT/5539393993/SHEELA DEVI/ICIC0272108/35539903016569,120.00,,5641823.89
24/02/2024,24/02/2024,NEFT/38951644/RAJENDRA PRASAD/ICIC0272108/13290154513278,,850.00,5642673.89
25/02/2024,26/02/2024,UPI/DR/1256729375/MOHAN DAS/ICIC0272108/mohan462@paytm,120.00,,5642553.89
25/02/2024,25/02/2024,UPI/DR/49563770/PADMA RAO/ICIC0272108/padma428@okaxis,850.00,,5641703.89
25/02/2024,25/02/2024,NEFT/0874326033/BINDHU NAIR/ICIC0272108/31055916897520,,4800.00,5646503.89
25/02/2024,25/02/2024,NEFT/5072982815/SHEELA DEVI/ICIC0272108/81506113815333,850.00,,5645653.89
26/02/2024,26/02/2024,IMPS/P2P/56349804/SUNITA DEVI/7023373467,,24000.00,5669653.89
27/02/2024,27/02/2024,IMPS/P2P/8688349917/SHEELA DEVI/8992827893,,18500.00,5688153.89
27/02/2024,27/02/2024,UPI/DR/7552702567/ANAND KUMAR/ICIC0272108/anand254@okhdfc,5200.00,,5682953.89
27/02/2024,27/02/2024,UPI/DR/346772823331/VENKAT RAO/ICIC0272108/venkat498@okhdfc,120.00,,5682833.89
28/02/2024,28/02/2024,NEFT/294165219428/PREETHI IYER/ICIC0272108/12161001002859,,4800.00,5687633.89
28/02/2024,28/02/2024,UPI/DR/5267545445/AYESHA KHAN/ICIC0272108/ayesha61@oksbi,120.00,,5687513.89
29/02/2024,01/03/2024,UPI/DR/94457057/CHANDAN SHARMA/ICIC0272108/chandan370@paytm,7800.00,,5679713.89
29/02/2024,29/02/2024,CASH DEPOSIT/BRANCH COUNTER/BANJARA HILLS HYDERABAD,,850.00,5680563.89
01/03/2024,01/03/2024,ATM/WDL/9795458324/CANARA ATM MYSURU,79.00,,5680484.89
01/03/2024,01/03/2024,NEFT/2682465174/PADMA RAO/ICIC0272108/48398752003732,,7600.00,5688084.89
03/03/2024,04/03/2024,CASH DEPOSIT/BRANCH COUNTER/BANJARA HILLS HYDERABAD,,4800.00,5692884.89
03/03/2024,03/03/2024,UPI/DR/63999216/KAVERI MENON/ICIC0272108/kaveri421@paytm,999.00,,5691885.89
03/03/2024,03/03/2024,UPI/DR/42234748/KAVYA REDDY/ICIC0272108/kavya292@ybl,1250.00,,5690635.89
04/03/2024,04/03/2024,NEFT/2314993120/KAVITHA RAO/ICIC0272108/10387215715763,,500.00,5691135.89
04/03/2024,04/03/2024,CHQ NO 311104 CLEARING,2380.00,,5688755.89
04/03/2024,04/03/2024,CASH DEPOSIT/BRANCH COUNTER/BANJARA HILLS HYDERABAD,,850.00,5689605.89
04/03/2024,04/03/2024,UPI/CR/049514579267/TARA SINGH/ICIC0272108/tara347@oksbi,,850.00,5690455.89
05/03/2024,05/03/2024,UPI/DR/7629421649/KARTHIK MENON/ICIC0272108/karthik807@okaxis,3499.00,,5686956.89
05/03/2024,05/03/2024,CHQ NO 724079 CLEARING,1680.00,,5685276.89
06/03/2024,07/03/2024,UPI/DR/78306057/SURESH NAIR/ICIC0272108/suresh876@okhdfc,120.00,,5685156.89
06/03/2024,07/03/2024,UPI/DR/965338824022/KAVITHA RAO/ICIC0272108/kavitha748@oksbi,5200.00,,5679956.89
06/03/2024,07/03/2024,UPI/DR/5769943963/ADITYA KUMAR/ICIC0272108/aditya143@okaxis,79.00,,5679877.89
06/03/2024,06/03/2024,UPI/CR/6228256079/KARTHIK MENON/ICIC0272108/karthik442@paytm,,24000.00,5703877.89
06/03/2024,06/03/2024,NEFT/2418979703/SNEHA PATIL/ICIC0272108/16187837742958,7800.00,,5696077.89
07/03/2024,07/03/2024,NEFT/6817896969/NIKHIL GUPTA/ICIC0272108/48947982770634,5200.00,,5690877.89
07/03/2024,07/03/2024,UPI/DR/881174992587/PRAKASH RAO/ICIC0272108/prakash84@ybl,999.00,,5689878.89
07/03/2024,07/03/2024,NEFT/13274115/RAMESH GOWDA/ICIC0272108/94334935217898,,2500.00,5692378.89
07/03/2024,07/03/2024,UPI/DR/749419882557/PRAKASH RAO/ICIC0272108/prakash539@okhdfc,79.00,,5692299.89
08/03/2024,09/03/2024,CHQ NO 322267 CLEARING,249.00,,5692050.89
08/03/2024,08/03/2024,UPI/CR/021495218323/LATHA MURTHY/ICIC0272108/latha476@okaxis,,32000.00,5724050.89
08/03/2024,08/03/2024,UPI/DR/571437548781/MEERA PILLAI/ICIC0272108/meera271@ybl,79.00,,5723971.89
08/03/2024,08/03/2024,CHQ NO 915503 CLEARING,999.00,,5722972.89
09/03/2024,09/03/2024,CHQ NO 142213 CLEARING,449.00,,5722523.89
09/03/2024,09/03/2024,UPI/DR/2712459235/MEERA PILLAI/ICIC0272108/meera437@ybl,1680.00,,5720843.89
10/03/2024,10/03/2024,CHQ NO 849678 CLEARING,7800.00,,5713043.89
10/03/2024,10/03/2024,UPI/DR/1785104230/KAVYA REDDY/ICIC0272108/kavya380@okhdfc,3499.00,,5709544.89
10/03/2024,10/03/2024,UPI/DR/30583751/LATHA MURTHY/ICIC0272108/latha415@paytm,3499.00,,5706045.89
12/03/2024,12/03/2024,CASH DEPOSIT/BRANCH COUNTER/BANJARA HILLS HYDERABAD,,18500.00,5724545.89
12/03/2024,13/03/2024,UPI/DR/925365573526/NIKHIL GUPTA/ICIC0272108/nikhil50@oksbi,310.00,,5724235.89
13/03/2024,13/03/2024,UPI/DR/308863482848/SAVITHA DEVI/ICIC0272108/savitha698@ybl,49.00,,5724186.89
13/03/2024,13/03/2024,CASH DEPOSIT/BRANCH COUNTER/BANJARA HILLS HYDERABAD,,11200.00,5735386.89
13/03/2024,13/03/2024,ATM/WDL/1048598186/CANARA ATM MYSURU,249.00,,5735137.89
15/03/2024,15/03/2024,CHQ NO 683469 CLEARING,5200.00,,5729937.89
15/03/2024,15/03/2024,ATM/WDL/6569676716/CANARA ATM MYSURU,79.00,,5729858.89
15/03/2024,15/03/2024,UPI/DR/76992250/LALITHA DEVI/ICIC0272108/lalitha770@okaxis,850.00,,5729008.89
15/03/2024,16/03/2024,CHQ NO 943989 CLEARING,1680.00,,5727328.89
16/03/2024,16/03/2024,UPI/DR/78018021/CHANDAN SHARMA/ICIC0272108/chandan700@ybl,1680.00,,5725648.89
16/03/2024,16/03/2024,UPI/DR/26287432/ROHIT SHARMA/ICIC0272108/rohit929@paytm,310.00,,5725338.89
17/03/2024,17/03/2024,UPI/CR/5738779217/ROHIT SHARMA/ICIC0272108/rohit110@okhdfc,,7600.00,5732938.89
17/03/2024,17/03/2024,NEFT/4560740882/SHEELA DEVI/ICIC0272108/25249082076977,249.00,,5732689.89
17/03/2024,17/03/2024,UPI/DR/1906973570/SANTOSH KUMAR/ICIC0272108/santosh20@ybl,310.00,,5732379.89
18/03/2024,19/03/2024,IMPS/P2P/9528480038/USHA RANI/8327027945,,850.00,5733229.89
18/03/2024,18/03/2024,CHQ NO 276329 CLEARING,7800.00,,5725429.89
18/03/2024,19/03/2024,NEFT/8810494531/RESHMA KHAN/ICIC0272108/92908804611552,850.00,,5724579.89
19/03/2024,19/03/2024,UPI/DR/819230245652/RAMESH GOWDA/ICIC0272108/ramesh637@okaxis,449.00,,5724130.89
19/03/2024,19/03/2024,NEFT/92277495/RAVI KUMAR SHARMA/ICIC0272108/66989279516490,449.00,,5723681.89
19/03/2024,19/03/2024,NEFT/24993775/GOPAL VERMA/ICIC0272108/56472919218083,249.00,,5723432.89
19/03/2024,19/03/2024,NEFT/7818439270/VIKRAM NAIR/ICIC0272108/33202537961792,2380.00,,5721052.89
19/03/2024,19/03/2024,CHQ NO 312777 CLEARING,850.00,,5720202.89
19/03/2024,20/03/2024,NEFT/12590668/SUNITA DEVI/ICIC0272108/20883807606924,,24000.00,5744202.89
19/03/2024,20/03/2024,CASH DEPOSIT/BRANCH COUNTER/BANJARA HILLS HYDERABAD,,500.00,5744702.89
20/03/2024,20/03/2024,NEFT/3271143812/KAVYA REDDY/ICIC0272108/65645258713033,3499.00,,5741203.89
20/03/2024,20/03/2024,IMPS/P2P/83905979/RAJESH VERMA/7438106088,,850.00,5742053.89
20/03/2024,20/03/2024,UPI/CR/236374413385/SAVITHA DEVI/ICIC0272108/savitha720@ybl,,11200.00,5753253.89
20/03/2024,21/03/2024,NEFT/769874467210/GEETA DEVI/ICIC0272108/02648723373615,2380.00,,5750873.89
20/03/2024,20/03/2024,UPI/DR/05869467/MOHAN DAS/ICIC0272108/mohan89@paytm,310.00,,5750563.89
21/03/2024,21/03/2024,CASH DEPOSIT/BRANCH COUNTER/BANJARA HILLS HYDERABAD,,24000.00,5774563.89
21/03/2024,21/03/2024,NEFT/1388080091/ADITYA KUMAR/ICIC0272108/13874165314380,,850.00,5775413.89
21/03/2024,21/03/2024,IMPS/P2P/401106406274/RAMESH GOWDA/8975507818,,4800.00,5780213.89
22/03/2024,22/03/2024,UPI/DR/71752031/ARCHANA PILLAI/ICIC0272108/archana335@paytm,49.00,,5780164.89
22/03/2024,22/03/2024,UPI/DR/21198166/FARHAN KHAN/ICIC0272108/farhan790@okhdfc,2380.00,,5777784.89
22/03/2024,22/03/2024,NEFT/8917061189/RESHMA KHAN/ICIC0272108/21612924914240,850.00,,5776934.89
23/03/2024,23/03/2024,UPI/DR/797537051517/SAVITHA DEVI/ICIC0272108/savitha772@okhdfc,699.00,,5776235.89
23/03/2024,23/03/2024,UPI/DR/4487485346/RAMESH GOWDA/ICIC0272108/ramesh663@ybl,3499.00,,5772736.89
23/03/2024,24/03/2024,UPI/DR/87391870/ANAND KUMAR/ICIC0272108/anand435@okhdfc,120.00,,5772616.89
25/03/2024,26/03/2024,NEFT/2188182232/POOJA SHARMA/ICIC0272108/80156199744083,,7600.00,5780216.89
25/03/2024,25/03/2024,IMPS/P2P/9593505743/DEEPAK JOSHI/9774593728,,7600.00,5787816.89
26/03/2024,27/03/2024,IMPS/P2P/2539666326/NIKHIL GUPTA/8406617613,,2500.00,5790316.89
26/03/2024,27/03/2024,UPI/DR/64696377/SANTOSH KUMAR/ICIC0272108/santosh989@paytm,3499.00,,5786817.89
27/03/2024,27/03/2024,UPI/CR/3993561792/SHAHID KHAN/ICIC0272108/shahid476@okhdfc,,2500.00,5789317.89
27/03/2024,27/03/2024,CASH DEPOSIT/BRANCH COUNTER/BANJARA HILLS HYDERABAD,,850.00,5790167.89
27/03/2024,27/03/2024,CHQ NO 195674 CLEARING,2380.00,,5787787.89
27/03/2024,27/03/2024,UPI/DR/728506610081/PRAKASH RAO/ICIC0272108/prakash932@oksbi,49.00,,5787738.89
27/03/2024,27/03/2024,NEFT/531043473833/KAVITHA RAO/ICIC0272108/11481364527331,,24000.00,5811738.89
27/03/2024,27/03/2024,NEFT/78672272/IMRAN KHAN/ICIC0272108/92218632313689,,7600.00,5819338.89
28/03/2024,28/03/2024,IMPS/P2P/5954135935/REKHA PILLAI/7037381570,,24000.00,5843338.89
28/03/2024,28/03/2024,NEFT/209095468543/MOHAMMED IRFAN/ICIC0272108/52652857940673,,18500.00,5861838.89
30/03/2024,30/03/2024,UPI/CR/49321299/SMITHA PILLAI/ICIC0272108/smitha95@oksbi,,2500.00,5864338.89
31/03/2024,31/03/2024,CHQ NO 256854 CLEARING,310.00,,5864028.89
31/03/2024,31/03/2024,CASH DEPOSIT/BRANCH COUNTER/BANJARA HILLS HYDERABAD,,500.00,5864528.89
31/03/2024,01/04/2024,NEFT/567169846135/LATHA MURTHY/ICIC0272108/53449612141305,,24000.00,5888528.89
31/03/2024,31/03/2024,UPI/DR/9265852375/DIVYA MENON/ICIC0272108/divya719@okhdfc,1250.00,,5887278.89
31/03/2024,01/04/2024,CASH DEPOSIT/BRANCH COUNTER/BANJARA HILLS HYDERABAD,,24000.00,5911278.89
31/03/2024,31/03/2024,CASH DEPOSIT/BRANCH COUNTER/BANJARA HILLS HYDERABAD,,32000.00,5943278.89
31/03/2024,31/03/2024,NEFT/6327320014/RAHUL SINGH/ICIC0272108/32625175947614,2380.00,,5940898.89
31/03/2024,31/03/2024,UPI/DR/934710154343/NIKHIL GUPTA/ICIC0272108/nikhil845@paytm,49.00,,5940849.89
31/03/2024,31/03/2024,CASH DEPOSIT/BRANCH COUNTER/BANJARA HILLS HYDERABAD,,24000.00,5964849.89
01/04/2024,01/04/2024,CASH DEPOSIT/BRANCH COUNTER/BANJARA HILLS HYDERABAD,,1200.00,5966049.89
01/04/2024,01/04/2024,CHQ NO 861986 CLEARING,120.00,,5965929.89
01/04/2024,02/04/2024,UPI/DR/171184643323/FATIMA SHEIKH/ICIC0272108/fatima923@ybl,1250.00,,5964679.89
02/04/2024,02/04/2024,UPI/DR/6673834380/REKHA PILLAI/ICIC0272108/rekha752@paytm,449.00,,5964230.89
02/04/2024,02/04/2024,CHQ NO 262793 CLEARING,449.00,,5963781.89
02/04/2024,02/04/2024,ATM/WDL/877600485849/SBI ATM JAYANAGAR BLR,999.00,,5962782.89
02/04/2024,02/04/2024,CHQ NO 209765 CLEARING,3499.00,,5959283.89
02/04/2024,02/04/2024,ATM/WDL/7092697043/CANARA ATM MYSURU,850.00,,5958433.89
03/04/2024,03/04/2024,UPI/DR/922740476369/GEETA DEVI/ICIC0272108/geeta114@oksbi,1680.00,,5956753.89
03/04/2024,03/04/2024,CASH DEPOSIT/BRANCH COUNTER/BANJARA HILLS HYDERABAD,,32000.00,5988753.89
03/04/2024,03/04/2024,UPI/DR/13769900/MALLIKA DAS/ICIC0272108/mallika589@okhdfc,699.00,,5988054.89
03/04/2024,03/04/2024,CASH DEPOSIT/BRANCH COUNTER/BANJARA HILLS HYDERABAD,,11200.00,5999254.89
03/04/2024,04/04/2024,UPI/DR/9898612232/DEEPA NAIR/ICIC0272108/deepa796@okhdfc,999.00,,5998255.89
04/04/2024,04/04/2024,NEFT/7961757484/DEEPA NAIR/ICIC0272108/23325109534844,449.00,,5997806.89
04/04/2024,04/04/2024,NEFT/7913969194/ARUN SHARMA/ICIC0272108/15188277446016,,24000.00,6021806.89
04/04/2024,04/04/2024,NEFT/3786024224/PADMA RAO/ICIC0272108/86013741613587,49.00,,6021757.89
04/04/2024,04/04/2024,NEFT/530341226896/SANJANA HEGDE/ICIC0272108/79636318048245,7800.00,,6013957.89
04/04/2024,04/04/2024,ATM/WDL/632697635642/CANARA ATM MYSURU,699.00,,6013258.89
05/04/2024,05/04/2024,CHQ NO 528252 CLEARING,310.00,,6012948.89
05/04/2024,05/04/2024,UPI/DR/943095454809/KAVITHA RAO/ICIC0272108/kavitha786@ybl,2380.00,,6010568.89
06/04/2024,06/04/2024,UPI/DR/3043062805/MOHAN DAS/ICIC0272108/mohan62@okaxis,49.00,,6010519.89
06/04/2024,06/04/2024,UPI/DR/416263244129/ADITYA KUMAR/ICIC0272108/aditya192@okaxis,120.00,,6010399.89
06/04/2024,06/04/2024,IMPS/P2P/9135436646/DEEPA NAIR/7210004933,,7600.00,6017999.89
06/04/2024,06/04/2024,UPI/DR/199223794589/SANTOSH KUMAR/ICIC0272108/santosh576@ybl,1680.00,,6016319.89
06/04/2024,06/04/2024,UPI/DR/9561176066/DEEPAK JOSHI/ICIC0272108/deepak488@paytm,249.00,,6016070.89
07/04/2024,08/04/2024,UPI/DR/72293080/MEERA PILLAI/ICIC0272108/meera868@ybl,79.00,,6015991.89
07/04/2024,08/04/2024,NEFT/062383540749/ANAND KUMAR/ICIC0272108/22820234171255,,1200.00,6017191.89
08/04/2024,08/04/2024,UPI/DR/95504950/CHANDAN SHARMA/ICIC0272108/chandan187@okhdfc,79.00,,6017112.89
08/04/2024,08/04/2024,UPI/CR/6094295011/SHAHID KHAN/ICIC0272108/shahid544@okhdfc,,2500.00,6019612.89
09/04/2024,10/04/2024,UPI/DR/9124433832/ADITYA KUMAR/ICIC0272108/aditya180@ybl,3499.00,,6016113.89
09/04/2024,09/04/2024,CASH DEPOSIT/BRANCH COUNTER/BANJARA HILLS HYDERABAD,,24000.00,6040113.89
10/04/2024,10/04/2024,ATM/WDL/53471221/SBI ATM JAYANAGAR BLR,2380.00,,6037733.89
11/04/2024,11/04/2024,UPI/DR/0682287448/AYESHA KHAN/ICIC0272108/ayesha736@oksbi,999.00,,6036734.89
11/04/2024,12/04/2024,CASH DEPOSIT/BRANCH COUNTER/BANJARA HILLS HYDERABAD,,4800.00,6041534.89
11/04/2024,12/04/2024,UPI/CR/751939045884/TARA SINGH/ICIC0272108/tara857@oksbi,,11200.00,6052734.89
11/04/2024,11/04/2024,UPI/CR/28583883/ANITHA KRISHNAN/ICIC0272108/anitha69@oksbi,,11200.00,6063934.89
12/04/2024,13/04/2024,UPI/CR/01731296/SURESH NAIR/ICIC0272108/suresh612@oksbi,,2500.00,6066434.89
12/04/2024,12/04/2024,UPI/DR/8659614074/SMITHA PILLAI/ICIC0272108/smitha442@ybl,3499.00,,6062935.89
12/04/2024,12/04/2024,CHQ NO 165214 CLEARING,1250.00,,6061685.89
12/04/2024,12/04/2024,UPI/DR/69820030/SHEELA DEVI/ICIC0272108/sheela847@okaxis,249.00,,6061436.89
13/04/2024,14/04/2024,IMPS/P2P/1883269313/MOHAMMED IRFAN/7225051975,,850.00,6062286.89
13/04/2024,13/04/2024,CHQ NO 795597 CLEARING,120.00,,6062166.89
14/04/2024,14/04/2024,UPI/DR/0506085846/BINDHU NAIR/ICIC0272108/bindhu206@paytm,850.00,,6061316.89
14/04/2024,14/04/2024,CHQ NO 064201 CLEARING,7800.00,,6053516.89
14/04/2024,14/04/2024,UPI/CR/686902932083/RAVI KUMAR SHARMA/ICIC0272108/ravi104@oksbi,,4800.00,6058316.89
14/04/2024,14/04/2024,UPI/DR/0087280805/AYESHA KHAN/ICIC0272108/ayesha149@okaxis,2380.00,,6055936.89
14/04/2024,14/04/2024,NEFT/897936229509/CHANDAN SHARMA/ICIC0272108/56974941803554,1250.00,,6054686.89
14/04/2024,14/04/2024,UPI/DR/25836292/RAHUL SINGH/ICIC0272108/rahul613@oksbi,449.00,,6054237.89
16/04/2024,16/04/2024,UPI/DR/67275771/AYESHA KHAN/ICIC0272108/ayesha818@okaxis,7800.00,,6046437.89
18/04/2024,18/04/2024,UPI/DR/320690666020/SANJANA HEGDE/ICIC0272108/sanjana807@oksbi,5200.00,,6041237.89
18/04/2024,18/04/2024,CASH DEPOSIT/BRANCH COUNTER/BANJARA HILLS HYDERABAD,,850.00,6042087.89
18/04/2024,18/04/2024,ATM/WDL/82640369/HDFC ATM KORAMANGALA,5200.00,,6036887.89
19/04/2024,19/04/2024,NEFT/590381544821/DEEPAK JOSHI/ICIC0272108/47564054768744,,7600.00,6044487.89
19/04/2024,19/04/2024,NEFT/8602767209/GEETA DEVI/ICIC0272108/31361310173115,7800.00,,6036687.89
19/04/2024,19/04/2024,NEFT/263721742821/TANVI RAO/ICIC0272108/13387687643038,7800.00,,6028887.89
19/04/2024,19/04/2024,CHQ NO 822498 CLEARING,3499.00,,6025388.89
20/04/2024,20/04/2024,CHQ NO 167221 CLEARING,249.00,,6025139.89
21/04/2024,21/04/2024,CASH DEPOSIT/BRANCH COUNTER/BANJARA HILLS HYDERABAD,,1200.00,6026339.89
21/04/2024,21/04/2024,NEFT/4184316861/SANJANA HEGDE/ICIC0272108/66055707758460,699.00,,6025640.89
21/04/2024,22/04/2024,UPI/CR/635634104608/SMITHA PILLAI/ICIC0272108/smitha739@paytm,,4800.00,6030440.89
21/04/2024,21/04/2024,ATM/WDL/455225453017/SBI ATM JAYANAGAR BLR,49.00,,6030391.89
21/04/2024,21/04/2024,CHQ NO 510256 CLEARING,310.00,,6030081.89
22/04/2024,23/04/2024,ATM/WDL/4742849967/HDFC ATM KORAMANGALA,699.00,,6029382.89
22/04/2024,23/04/2024,UPI/DR/0311103344/GANESH KUMAR/ICIC0272108/ganesh279@okaxis,1680.00,,6027702.89
22/04/2024,22/04/2024,NEFT/9989241970/LAKSHMI VENKAT/ICIC0272108/70343096987500,120.00,,6027582.89
22/04/2024,22/04/2024,UPI/DR/3978635960/NILESH KULKARNI/ICIC0272108/nilesh484@paytm,1680.00,,6025902.89
22/04/2024,23/04/2024,UPI/DR/488065221854/ARJUN MEHTA/ICIC0272108/arjun41@okaxis,310.00,,6025592.89
22/04/2024,23/04/2024,ATM/WDL/28563547/CANARA ATM MYSURU,249.00,,6025343.89
22/04/2024,22/04/2024,IMPS/P2P/84148241/ARUN SHARMA/9041567672,,1200.00,6026543.89
23/04/2024,23/04/2024,NEFT/92589834/SUSHMA RAO/ICIC0272108/97368080814386,,24000.00,6050543.89
23/04/2024,23/04/2024,UPI/DR/7653289881/NAVEEN KUMAR/ICIC0272108/naveen796@oksbi,7800.00,,6042743.89
23/04/2024,23/04/2024,CHQ NO 149556 CLEARING,850.00,,6041893.89
23/04/2024,24/04/2024,UPI/DR/7755023138/MALLIKA DAS/ICIC0272108/mallika38@ybl,249.00,,6041644.89
23/04/2024,23/04/2024,UPI/DR/36094230/PREETHI IYER/ICIC0272108/preethi754@ybl,999.00,,6040645.89
24/04/2024,24/04/2024,UPI/CR/6465722290/FATIMA SHEIKH/ICIC0272108/fatima844@okhdfc,,18500.00,6059145.89
24/04/2024,24/04/2024,CHQ NO 067312 CLEARING,120.00,,6059025.89
24/04/2024,25/04/2024,IMPS/P2P/0735396574/SUNIL YADAV/7481183530,,24000.00,6083025.89
25/04/2024,25/04/2024,NEFT/998158229295/DEEPA NAIR/ICIC0272108/30364887823405,,7600.00,6090625.89
25/04/2024,25/04/2024,UPI/DR/400440060793/KAVITHA RAO/ICIC0272108/kavitha132@okhdfc,249.00,,6090376.89
26/04/2024,26/04/2024,CHQ NO 623543 CLEARING,1250.00,,6089126.89
27/04/2024,27/04/2024,UPI/CR/360757450763/ARJUN MEHTA/ICIC0272108/arjun596@okhdfc,,24000.00,6113126.89
28/04/2024,29/04/2024,CHQ NO 129855 CLEARING,2380.00,,6110746.89
28/04/2024,28/04/2024,ATM/WDL/13376203/SBI ATM JAYANAGAR BLR,7800.00,,6102946.89
28/04/2024,28/04/2024,UPI/DR/96998089/POOJA SHARMA/ICIC0272108/pooja735@ybl,249.00,,6102697.89
29/04/2024,29/04/2024,NEFT/124446173635/KAVITHA RAO/ICIC0272108/08534432509048,2380.00,,6100317.89
29/04/2024,29/04/2024,UPI/DR/5112539067/PRIYA NAIR/ICIC0272108/priya67@okhdfc,249.00,,6100068.89
29/04/2024,29/04/2024,ATM/WDL/3330820445/HDFC ATM KORAMANGALA,49.00,,6100019.89
29/04/2024,29/04/2024,UPI/DR/93511268/RESHMA KHAN/ICIC0272108/reshma601@okaxis,699.00,,6099320.89
29/04/2024,30/04/2024,CHQ NO 510769 CLEARING,850.00,,6098470.89
29/04/2024,29/04/2024,ATM/WDL/479449485977/SBI ATM JAYANAGAR BLR,1680.00,,6096790.89
29/04/2024,29/04/2024,IMPS/P2P/242551156992/DEEPAK JOSHI/8743490469,,1200.00,6097990.89
30/04/2024,01/05/2024,UPI/DR/4489202631/MALLIKA DAS/ICIC0272108/mallika21@paytm,699.00,,6097291.89
30/04/2024,30/04/2024,NEFT/0700222319/PRIYA NAIR/ICIC0272108/61535888786697,,7600.00,6104891.89
30/04/2024,01/05/2024,ATM/WDL/5488966770/HDFC ATM KORAMANGALA,999.00,,6103892.89
30/04/2024,30/04/2024,UPI/DR/2596911053/VIKRAM NAIR/ICIC0272108/vikram399@oksbi,850.00,,6103042.89
30/04/2024,30/04/2024,CHQ NO 651080 CLEARING,1250.00,,6101792.89
01/05/2024,01/05/2024,ATM/WDL/2278887746/CANARA ATM MYSURU,1250.00,,6100542.89
02/05/2024,02/05/2024,CHQ NO 474669 CLEARING,699.00,,6099843.89
02/05/2024,02/05/2024,UPI/DR/8578294904/RAJENDRA PRASAD/ICIC0272108/rajendra374@okaxis,120.00,,6099723.89
02/05/2024,02/05/2024,UPI/DR/252861309030/ARCHANA PILLAI/ICIC0272108/archana537@oksbi,449.00,,6099274.89
02/05/2024,03/05/2024,CHQ NO 611711 CLEARING,7800.00,,6091474.89
02/05/2024,02/05/2024,CHQ NO 305328 CLEARING,7800.00,,6083674.89
02/05/2024,02/05/2024,IMPS/P2P/61396124/RAMESH PILLAI/7462295475,,11200.00,6094874.89
03/05/2024,03/05/2024,IMPS/P2P/8686470176/RAHUL SINGH/9451063658,,7600.00,6102474.89
04/05/2024,04/05/2024,ATM/WDL/5484684819/SBI ATM JAYANAGAR BLR,5200.00,,6097274.89
04/05/2024,04/05/2024,ATM/WDL/2571312904/SBI ATM JAYANAGAR BLR,79.00,,6097195.89
04/05/2024,04/05/2024,CASH DEPOSIT/BRANCH COUNTER/BANJARA HILLS HYDERABAD,,32000.00,6129195.89
04/05/2024,04/05/2024,NEFT/733618926373/SUNIL YADAV/ICIC0272108/21400549214466,310.00,,6128885.89
05/05/2024,05/05/2024,UPI/DR/345825946777/SANJANA HEGDE/ICIC0272108/sanjana306@paytm,850.00,,6128035.89
06/05/2024,06/05/2024,UPI/DR/75666572/GOPAL VERMA/ICIC0272108/gopal300@ybl,1250.00,,6126785.89
06/05/2024,06/05/2024,CASH DEPOSIT/BRANCH COUNTER/BANJARA HILLS HYDERABAD,,4800.00,6131585.89
06/05/2024,06/05/2024,UPI/DR/843785318553/SUSHMA RAO/ICIC0272108/sushma901@ybl,850.00,,6130735.89
06/05/2024,06/05/2024,CASH DEPOSIT/BRANCH COUNTER/BANJARA HILLS HYDERABAD,,18500.00,6149235.89
07/05/2024,07/05/2024,UPI/DR/18145698/BINDHU NAIR/ICIC0272108/bindhu240@ybl,5200.00,,6144035.89
08/05/2024,08/05/2024,ATM/WDL/8479849770/HDFC ATM KORAMANGALA,49.00,,6143986.89
08/05/2024,08/05/2024,IMPS/P2P/28619825/KAVITHA RAO/8954512808,,500.00,6144486.89
08/05/2024,08/05/2024,CASH DEPOSIT/BRANCH COUNTER/BANJARA HILLS HYDERABAD,,850.00,6145336.89
08/05/2024,08/05/2024,CHQ NO 576329 CLEARING,49.00,,6145287.89
08/05/2024,08/05/2024,UPI/DR/4445886222/SANTOSH KUMAR/ICIC0272108/santosh339@okaxis,699.00,,6144588.89
08/05/2024,09/05/2024,UPI/DR/45649428/VENKAT RAO/ICIC0272108/venkat330@paytm,7800.00,,6136788.89
08/05/2024,08/05/2024,IMPS/P2P/7641299245/SANTOSH KUMAR/8105727601,,24000.00,6160788.89
08/05/2024,08/05/2024,UPI/DR/997302287291/REKHA PILLAI/ICIC0272108/rekha15@paytm,79.00,,6160709.89
09/05/2024,09/05/2024,CASH DEPOSIT/BRANCH COUNTER/BANJARA HILLS HYDERABAD,,11200.00,6171909.89
09/05/2024,10/05/2024,NEFT/358915737272/HARISH MENON/ICIC0272108/56637591728070,,1200.00,6173109.89
10/05/2024,10/05/2024,UPI/CR/0769340000/GANESH KUMAR/ICIC0272108/ganesh884@oksbi,,32000.00,6205109.89
11/05/2024,11/05/2024,NEFT/6408080639/PRIYA NAIR/ICIC0272108/25749651399672,,18500.00,6223609.89
11/05/2024,12/05/2024,CHQ NO 361429 CLEARING,79.00,,6223530.89
11/05/2024,12/05/2024,CHQ NO 094919 CLEARING,850.00,,6222680.89
11/05/2024,11/05/2024,UPI/DR/44468045/ROHIT SHARMA/ICIC0272108/rohit80@ybl,49.00,,6222631.89
11/05/2024,11/05/2024,IMPS/P2P/9422201785/SURESH BABU/7485782141,,850.00,6223481.89
11/05/2024,11/05/2024,NEFT/38611526/USHA RANI/ICIC0272108/90528992157507,,32000.00,6255481.89
12/05/2024,13/05/2024,UPI/DR/0834522274/RESHMA KHAN/ICIC0272108/reshma734@oksbi,449.00,,6255032.89
12/05/2024,13/05/2024,CASH DEPOSIT/BRANCH COUNTER/BANJARA HILLS HYDERABAD,,1200.00,6256232.89
13/05/2024,13/05/2024,CHQ NO 307986 CLEARING,850.00,,6255382.89
13/05/2024,13/05/2024,NEFT/863312105230/MEERA PILLAI/ICIC0272108/93794552754713,699.00,,6254683.89
14/05/2024,15/05/2024,UPI/DR/268940975066/ROHIT SHARMA/ICIC0272108/rohit485@oksbi,120.00,,6254563.89
14/05/2024,15/05/2024,UPI/DR/756196256536/VENKAT RAO/ICIC0272108/venkat929@paytm,449.00,,6254114.89
14/05/2024,15/05/2024,UPI/DR/33298268/SNEHA PATIL/ICIC0272108/sneha707@okaxis,699.00,,6253415.89
14/05/2024,14/05/2024,CASH DEPOSIT/BRANCH COUNTER/BANJARA HILLS HYDERABAD,,18500.00,6271915.89
15/05/2024,15/05/2024,UPI/DR/328482958229/VENKAT RAO/ICIC0272108/venkat653@paytm,1680.00,,6270235.89
15/05/2024,15/05/2024,UPI/CR/66897345/MALLIKA DAS/ICIC0272108/mallika761@oksbi,,4800.00,6275035.89
15/05/2024,15/05/2024,ATM/WDL/49493145/CANARA ATM MYSURU,2380.00,,6272655.89
16/05/2024,17/05/2024,UPI/DR/7261495386/SNEHA PATIL/ICIC0272108/sneha351@okaxis,999.00,,6271656.89
16/05/2024,16/05/2024,UPI/DR/9466871258/RAJESH VERMA/ICIC0272108/rajesh403@paytm,7800.00,,6263856.89
16/05/2024,16/05/2024,IMPS/P2P/293701038828/SHAHID KHAN/9895122697,,18500.00,6282356.89
17/05/2024,17/05/2024,IMPS/P2P/707700626642/RANJIT SINGH/8819857081,,1200.00,6283556.89
17/05/2024,17/05/2024,UPI/DR/091664930625/BINDHU NAIR/ICIC0272108/bindhu947@ybl,79.00,,6283477.89
17/05/2024,17/05/2024,NEFT/3962747545/ARUN SHARMA/ICIC0272108/67329296699603,699.00,,6282778.89
17/05/2024,17/05/2024,UPI/DR/39217604/DEEPAK JOSHI/ICIC0272108/deepak349@paytm,1250.00,,6281528.89
18/05/2024,18/05/2024,NEFT/7460263529/REKHA PILLAI/ICIC0272108/04037151239712,,24000.00,6305528.89
18/05/2024,18/05/2024,UPI/DR/307870266571/KIRAN REDDY/ICIC0272108/kiran902@okhdfc,1250.00,,6304278.89
19/05/2024,20/05/2024,ATM/WDL/122181886227/CANARA ATM MYSURU,79.00,,6304199.89
20/05/2024,20/05/2024,UPI/DR/9550794459/ROHIT SHARMA/ICIC0272108/rohit234@okaxis,79.00,,6304120.89
21/05/2024,21/05/2024,IMPS/P2P/86885993/ADITYA KUMAR/9475333965,,850.00,6304970.89
21/05/2024,21/05/2024,NEFT/8132974332/KAVITHA RAO/ICIC0272108/37473421596820,,850.00,6305820.89
22/05/2024,22/05/2024,NEFT/2454387707/MEENA IYER/ICIC0272108/06259753581368,1680.00,,6304140.89
22/05/2024,22/05/2024,NEFT/7930013461/NIKHIL GUPTA/ICIC0272108/97601416740444,,1200.00,6305340.89
22/05/2024,23/05/2024,UPI/DR/494402863025/RANJIT SINGH/ICIC0272108/ranjit865@okaxis,999.00,,6304341.89
22/05/2024,22/05/2024,UPI/DR/8388975349/KARTHIK MENON/ICIC0272108/karthik959@okhdfc,699.00,,6303642.89
23/05/2024,23/05/2024,NEFT/03329518/TANVI RAO/ICIC0272108/32950147080842,1250.00,,6302392.89
23/05/2024,23/05/2024,IMPS/P2P/8686234240/ANAND KUMAR/7919177672,,850.00,6303242.89
24/05/2024,24/05/2024,CASH DEPOSIT/BRANCH COUNTER/BANJARA HILLS HYDERABAD,,850.00,6304092.89
24/05/2024,24/05/2024,CASH DEPOSIT/BRANCH COUNTER/BANJARA HILLS HYDERABAD,,850.00,6304942.89
25/05/2024,25/05/2024,ATM/WDL/6598759944/SBI ATM JAYANAGAR BLR,999.00,,6303943.89
25/05/2024,25/05/2024,CASH DEPOSIT/BRANCH COUNTER/BANJARA HILLS HYDERABAD,,18500.00,6322443.89
25/05/2024,26/05/2024,NEFT/7685627221/NAVEEN KUMAR/ICIC0272108/08232135430057,,32000.00,6354443.89
25/05/2024,25/05/2024,UPI/CR/11547127/HARISH MENON/ICIC0272108/harish458@okaxis,,4800.00,6359243.89
25/05/2024,25/05/2024,UPI/DR/51001483/NAVEEN KUMAR/ICIC0272108/naveen278@okhdfc,850.00,,6358393.89
26/05/2024,26/05/2024,NEFT/949676402361/TARA SINGH/ICIC0272108/29804243784581,249.00,,6358144.89
26/05/2024,26/05/2024,UPI/DR/4129834279/SUSHMA RAO/ICIC0272108/sushma657@okaxis,120.00,,6358024.89
26/05/2024,26/05/2024,NEFT/1964559442/POOJA SHARMA/ICIC0272108/81066554064467,49.00,,6357975.89
26/05/2024,26/05/2024,CASH DEPOSIT/BRANCH COUNTER/BANJARA HILLS HYDERABAD,,32000.00,6389975.89
27/05/2024,27/05/2024,NEFT/0672922282/IMRAN KHAN/ICIC0272108/15221213100286,2380.00,,6387595.89
27/05/2024,27/05/2024,UPI/DR/468911857597/ANITHA KRISHNAN/ICIC0272108/anitha777@paytm,1250.00,,6386345.89
27/05/2024,27/05/2024,UPI/DR/185633135602/RAJESH VERMA/ICIC0272108/rajesh562@ybl,249.00,,6386096.89
28/05/2024,28/05/2024,CHQ NO 667766 CLEARING,249.00,,6385847.89
28/05/2024,28/05/2024,NEFT/804717876070/SAVITHA DEVI/ICIC0272108/04686451284850,,850.00,6386697.89
28/05/2024,28/05/2024,NEFT/024526810193/RANJIT SINGH/ICIC0272108/90739672188245,7800.00,,6378897.89
28/05/2024,28/05/2024,UPI/DR/8331577172/PADMA RAO/ICIC0272108/padma958@paytm,1680.00,,6377217.89
28/05/2024,29/05/2024,ATM/WDL/1319542050/SBI ATM JAYANAGAR BLR,120.00,,6377097.89
28/05/2024,29/05/2024,UPI/CR/9567594935/RAMESH PILLAI/ICIC0272108/ramesh425@okaxis,,18500.00,6395597.89
28/05/2024,29/05/2024,CHQ NO 571703 CLEARING,999.00,,6394598.89
29/05/2024,29/05/2024,UPI/DR/00750161/LALITHA DEVI/ICIC0272108/lalitha216@okaxis,5200.00,,6389398.89
29/05/2024,29/05/2024,CHQ NO 559265 CLEARING,699.00,,6388699.89
29/05/2024,29/05/2024,UPI/DR/2543577917/MOHAN DAS/ICIC0272108/mohan998@paytm,1680.00,,6387019.89
30/05/2024,31/05/2024,IMPS/P2P/97033963/GANESH KUMAR/8002370148,,1200.00,6388219.89
30/05/2024,30/05/2024,ATM/WDL/4761113119/CANARA ATM MYSURU,1250.00,,6386969.89
30/05/2024,30/05/2024,UPI/DR/745712637470/RAHUL SINGH/ICIC0272108/rahul646@ybl,1680.00,,6385289.89
30/05/2024,30/05/2024,CHQ NO 931305 CLEARING,79.00,,6385210.89
31/05/2024,31/05/2024,NEFT/8045988998/SNEHA PATIL/ICIC0272108/07028290308448,,1200.00,6386410.89
31/05/2024,01/06/2024,UPI/DR/912897516605/AYESHA KHAN/ICIC0272108/ayesha121@okaxis,310.00,,6386100.89
01/06/2024,01/06/2024,UPI/DR/82570224/KAVYA REDDY/ICIC0272108/kavya520@paytm,120.00,,6385980.89
01/06/2024,01/06/2024,ATM/WDL/472729702681/SBI ATM JAYANAGAR BLR,7800.00,,6378180.89
01/06/2024,01/06/2024,NEFT/2069287395/FARHAN KHAN/ICIC0272108/92916101342071,,32000.00,6410180.89
01/06/2024,01/06/2024,UPI/DR/108371422252/NIKHIL GUPTA/ICIC0272108/nikhil503@okaxis,249.00,,6409931.89
02/06/2024,03/06/2024,IMPS/P2P/311899064999/SMITHA PILLAI/9462974729,,24000.00,6433931.89
02/06/2024,03/06/2024,NEFT/38654503/ROHIT SHARMA/ICIC0272108/26716210644942,,850.00,6434781.89
02/06/2024,02/06/2024,CASH DEPOSIT/BRANCH COUNTER/BANJARA HILLS HYDERABAD,,18500.00,6453281.89
02/06/2024,02/06/2024,UPI/DR/323911467752/ARCHANA PILLAI/ICIC0272108/archana591@oksbi,310.00,,6452971.89
02/06/2024,02/06/2024,IMPS/P2P/669992210448/SHEELA DEVI/7456597548,,7600.00,6460571.89
03/06/2024,03/06/2024,UPI/DR/3196443156/MALLIKA DAS/ICIC0272108/mallika831@okaxis,2380.00,,6458191.89
03/06/2024,03/06/2024,UPI/CR/2816703929/TARA SINGH/ICIC0272108/tara187@oksbi,,24000.00,6482191.89
03/06/2024,03/06/2024,UPI/CR/48839996/KAVERI MENON/ICIC0272108/kaveri132@okhdfc,,32000.00,6514191.89
03/06/2024,03/06/2024,NEFT/6549221009/MEENA IYER/ICIC0272108/20371257869141,850.00,,6513341.89
03/06/2024,04/06/2024,NEFT/70994420/RAMESH GOWDA/ICIC0272108/60959968489070,,500.00,6513841.89
04/06/2024,04/06/2024,NEFT/20143775/AYESHA KHAN/ICIC0272108/57479813077121,5200.00,,6508641.89
04/06/2024,05/06/2024,UPI/DR/85016939/ARCHANA PILLAI/ICIC0272108/archana817@okhdfc,120.00,,6508521.89
04/06/2024,04/06/2024,IMPS/P2P/487780030774/MEERA PILLAI/8878870116,,18500.00,6527021.89
04/06/2024,04/06/2024,NEFT/611037087159/MEENA IYER/ICIC0272108/82778083585490,,18500.00,6545521.89
05/06/2024,05/06/2024,ATM/WDL/5039129079/CANARA ATM MYSURU,120.00,,6545401.89
05/06/2024,05/06/2024,UPI/DR/6610364077/ARCHANA PILLAI/ICIC0272108/archana877@oksbi,1680.00,,6543721.89
05/06/2024,05/06/2024,UPI/DR/9203438736/KAVERI MENON/ICIC0272108/kaveri696@paytm,3499.00,,6540222.89
06/06/2024,06/06/2024,UPI/DR/8381465621/ROHIT SHARMA/ICIC0272108/rohit557@okaxis,5200.00,,6535022.89
06/06/2024,07/06/2024,ATM/WDL/14286133/HDFC ATM KORAMANGALA,120.00,,6534902.89
06/06/2024,07/06/2024,IMPS/P2P/417476577962/RAHUL SINGH/7114836774,,1200.00,6536102.89
06/06/2024,06/06/2024,UPI/DR/5099436499/DEEPA NAIR/ICIC0272108/deepa953@ybl,3499.00,,6532603.89
07/06/2024,07/06/2024,CASH DEPOSIT/BRANCH COUNTER/BANJARA HILLS HYDERABAD,,850.00,6533453.89
07/06/2024,07/06/2024,UPI/DR/641152800793/SURESH BABU/ICIC0272108/suresh87@okhdfc,449.00,,6533004.89
07/06/2024,07/06/2024,UPI/DR/059646039128/RAJENDRA PRASAD/ICIC0272108/rajendra465@okhdfc,7800.00,,6525204.89
07/06/2024,07/06/2024,CHQ NO 668847 CLEARING,49.00,,6525155.89
08/06/2024,08/06/2024,ATM/WDL/4536689376/SBI ATM JAYANAGAR BLR,7800.00,,6517355.89
08/06/2024,08/06/2024,UPI/DR/3508043311/VINAY PATIL/ICIC0272108/vinay313@paytm,310.00,,6517045.89
09/06/2024,09/06/2024,NEFT/218983394334/LATHA MURTHY/ICIC0272108/30991259376210,,7600.00,6524645.89
09/06/2024,10/06/2024,ATM/WDL/3402461526/CANARA ATM MYSURU,1250.00,,6523395.89
09/06/2024,09/06/2024,UPI/CR/44333744/SUSHMA RAO/ICIC0272108/sushma311@oksbi,,4800.00,6528195.89
09/06/2024,09/06/2024,NEFT/53058019/TARA SINGH/ICIC0272108/47601248898292,,11200.00,6539395.89
10/06/2024,10/06/2024,NEFT/73151690/SUSHMA RAO/ICIC0272108/31532297893103,,7600.00,6546995.89
10/06/2024,10/06/2024,UPI/CR/906216569618/TARA SINGH/ICIC0272108/tara970@paytm,,4800.00,6551795.89
10/06/2024,10/06/2024,CHQ NO 462990 CLEARING,79.00,,6551716.89
11/06/2024,11/06/2024,UPI/DR/028578675364/RAHUL SINGH/ICIC0272108/rahul329@oksbi,999.00,,6550717.89
11/06/2024,11/06/2024,ATM/WDL/66434161/HDFC ATM KORAMANGALA,249.00,,6550468.89
11/06/2024,11/06/2024,UPI/DR/856099021011/KARTHIK MENON/ICIC0272108/karthik857@okaxis,310.00,,6550158.89
11/06/2024,11/06/2024,NEFT/881113829516/MOHAMMED IRFAN/ICIC0272108/60252544349599,,7600.00,6557758.89
12/06/2024,13/06/2024,CASH DEPOSIT/BRANCH COUNTER/BANJARA HILLS HYDERABAD,,32000.00,6589758.89
12/06/2024,12/06/2024,NEFT/538324655762/PRAKASH RAO/ICIC0272108/54248197235606,3499.00,,6586259.89
12/06/2024,13/06/2024,IMPS/P2P/6076987715/LATHA MURTHY/9179503183,,4800.00,6591059.89
12/06/2024,12/06/2024,UPI/CR/26734349/FARHAN KHAN/ICIC0272108/farhan457@okaxis,,2500.00,6593559.89
12/06/2024,12/06/2024,ATM/WDL/80664128/CANARA ATM MYSURU,999.00,,6592560.89
13/06/2024,14/06/2024,CASH DEPOSIT/BRANCH COUNTER/BANJARA HILLS HYDERABAD,,1200.00,6593760.89
13/06/2024,13/06/2024,NEFT/8307356144/NADIA HUSSAIN/ICIC0272108/75880325949385,850.00,,6592910.89
13/06/2024,13/06/2024,UPI/DR/42390118/ADITYA KUMAR/ICIC0272108/aditya667@ybl,3499.00,,6589411.89
13/06/2024,14/06/2024,CASH DEPOSIT/BRANCH COUNTER/BANJARA HILLS HYDERABAD,,850.00,6590261.89
13/06/2024,13/06/2024,ATM/WDL/4850638830/SBI ATM JAYANAGAR BLR,120.00,,6590141.89
14/06/2024,15/06/2024,IMPS/P2P/124786345758/NAVEEN KUMAR/7508802359,,32000.00,6622141.89
14/06/2024,14/06/2024,IMPS/P2P/688895139415/DEEPAK JOSHI/7553956932,,18500.00,6640641.89
14/06/2024,15/06/2024,CHQ NO 877017 CLEARING,1680.00,,6638961.89
14/06/2024,14/06/2024,UPI/CR/6335308447/NAVEEN KUMAR/ICIC0272108/naveen416@okhdfc,,32000.00,6670961.89
14/06/2024,14/06/2024,UPI/DR/40969188/CHANDAN SHARMA/ICIC0272108/chandan887@paytm,1250.00,,6669711.89
14/06/2024,14/06/2024,IMPS/P2P/375720875142/SMITHA PILLAI/8464391596,,850.00,6670561.89
15/06/2024,16/06/2024,CHQ NO 835072 CLEARING,49.00,,6670512.89
16/06/2024,16/06/2024,UPI/DR/6877146623/RAHUL SINGH/ICIC0272108/rahul491@paytm,449.00,,6670063.89
16/06/2024,16/06/2024,UPI/DR/890930633350/MALLIKA DAS/ICIC0272108/mallika921@ybl,2380.00,,6667683.89
16/06/2024,16/06/2024,UPI/DR/2340252205/RESHMA KHAN/ICIC0272108/reshma347@oksbi,120.00,,6667563.89
17/06/2024,18/06/2024,UPI/DR/41964231/RAVI KUMAR SHARMA/ICIC0272108/ravi67@ybl,5200.00,,6662363.89
17/06/2024,17/06/2024,UPI/DR/15363808/LATHA MURTHY/ICIC0272108/latha951@okhdfc,850.00,,6661513.89
18/06/2024,18/06/2024,NEFT/886313020428/FARHAN KHAN/ICIC0272108/28029858716598,699.00,,6660814.89
18/06/2024,18/06/2024,UPI/DR/742443892472/RESHMA KHAN/ICIC0272108/reshma563@paytm,449.00,,6660365.89
18/06/2024,18/06/2024,NEFT/7290449695/LAKSHMI VENKAT/ICIC0272108/23510655552743,249.00,,6660116.89
18/06/2024,18/06/2024,NEFT/761317372050/ARUN SHARMA/ICIC0272108/41454071141340,120.00,,6659996.89
18/06/2024,18/06/2024,UPI/DR/42909566/SANTOSH KUMAR/ICIC0272108/santosh108@okhdfc,249.00,,6659747.89
19/06/2024,19/06/2024,NEFT/257298657549/VENKAT RAO/ICIC0272108/85919498378797,999.00,,6658748.89
19/06/2024,19/06/2024,UPI/CR/665804128749/NADIA HUSSAIN/ICIC0272108/nadia317@paytm,,11200.00,6669948.89
19/06/2024,19/06/2024,CHQ NO 291470 CLEARING,249.00,,6669699.89
20/06/2024,20/06/2024,UPI/DR/2721414718/AYESHA KHAN/ICIC0272108/ayesha939@okhdfc,249.00,,6669450.89
20/06/2024,20/06/2024,UPI/DR/073274396176/VIKRAM NAIR/ICIC0272108/vikram543@ybl,1680.00,,6667770.89
20/06/2024,20/06/2024,CASH DEPOSIT/BRANCH COUNTER/BANJARA HILLS HYDERABAD,,18500.00,6686270.89
21/06/2024,21/06/2024,UPI/DR/0188253366/RAVI KUMAR SHARMA/ICIC0272108/ravi725@okhdfc,310.00,,6685960.89
22/06/2024,22/06/2024,UPI/DR/06691227/PRIYA NAIR/ICIC0272108/priya165@oksbi,120.00,,6685840.89
22/06/2024,22/06/2024,CHQ NO 625856 CLEARING,1250.00,,6684590.89
22/06/2024,23/06/2024,ATM/WDL/84009912/SBI ATM JAYANAGAR BLR,1250.00,,6683340.89
22/06/2024,22/06/2024,ATM/WDL/7060250358/HDFC ATM KORAMANGALA,310.00,,6683030.89
22/06/2024,22/06/2024,IMPS/P2P/7601136183/RAJENDRA PRASAD/9827426029,,24000.00,6707030.89
23/06/2024,23/06/2024,NEFT/99481117/RANJIT SINGH/ICIC0272108/44331996611791,,32000.00,6739030.89
23/06/2024,24/06/2024,ATM/WDL/0542334216/CANARA ATM MYSURU,7800.00,,6731230.89
23/06/2024,23/06/2024,ATM/WDL/53778367/HDFC ATM KORAMANGALA,310.00,,6730920.89
23/06/2024,23/06/2024,NEFT/96307875/TANVI RAO/ICIC0272108/86270069759579,,2500.00,6733420.89
23/06/2024,23/06/2024,UPI/DR/13055481/RAMESH GOWDA/ICIC0272108/ramesh802@oksbi,850.00,,6732570.89
23/06/2024,23/06/2024,UPI/DR/765246281784/RAMESH GOWDA/ICIC0272108/ramesh442@oksbi,999.00,,6731571.89
24/06/2024,24/06/2024,NEFT/69315021/KAVERI MENON/ICIC0272108/39833153641585,,850.00,6732421.89
24/06/2024,24/06/2024,IMPS/P2P/197373959781/FATIMA SHEIKH/7952098299,,18500.00,6750921.89
25/06/2024,26/06/2024,ATM/WDL/7049808814/HDFC ATM KORAMANGALA,120.00,,6750801.89
25/06/2024,25/06/2024,ATM/WDL/049597379326/CANARA ATM MYSURU,999.00,,6749802.89
25/06/2024,26/06/2024,UPI/CR/948677443055/KAVERI MENON/ICIC0272108/kaveri679@paytm,,2500.00,6752302.89
26/06/2024,27/06/2024,UPI/DR/653266948825/VENKAT RAO/ICIC0272108/venkat611@oksbi,2380.00,,6749922.89
26/06/2024,27/06/2024,CHQ NO 977959 CLEARING,699.00,,6749223.89
26/06/2024,27/06/2024,CHQ NO 626404 CLEARING,249.00,,6748974.89
26/06/2024,26/06/2024,CHQ NO 105828 CLEARING,120.00,,6748854.89
27/06/2024,27/06/2024,UPI/CR/24343277/AYESHA KHAN/ICIC0272108/ayesha546@paytm,,2500.00,6751354.89
27/06/2024,27/06/2024,CHQ NO 402483 CLEARING,850.00,,6750504.89
27/06/2024,27/06/2024,CHQ NO 589281 CLEARING,2380.00,,6748124.89
27/06/2024,27/06/2024,NEFT/369350145688/KAVYA REDDY/ICIC0272108/48063971836494,,11200.00,6759324.89
28/06/2024,28/06/2024,IMPS/P2P/811199158271/RAHUL SINGH/9982418436,,4800.00,6764124.89
28/06/2024,28/06/2024,NEFT/3422792162/ADITYA KUMAR/ICIC0272108/10171854664688,,11200.00,6775324.89
28/06/2024,28/06/2024,IMPS/P2P/047461593089/ANAND KUMAR/9373405818,,32000.00,6807324.89
28/06/2024,28/06/2024,UPI/DR/2354873754/RESHMA KHAN/ICIC0272108/reshma514@oksbi,49.00,,6807275.89
28/06/2024,29/06/2024,NEFT/2160064271/PRIYA NAIR/ICIC0272108/31292932365016,,2500.00,6809775.89
28/06/2024,28/06/2024,UPI/DR/6710587904/NIKHIL GUPTA/ICIC0272108/nikhil637@oksbi,850.00,,6808925.89
29/06/2024,29/06/2024,UPI/DR/1095383650/GOPAL VERMA/ICIC0272108/gopal427@oksbi,49.00,,6808876.89
30/06/2024,01/07/2024,CASH DEPOSIT/BRANCH COUNTER/BANJARA HILLS HYDERABAD,,24000.00,6832876.89
30/06/2024,30/06/2024,UPI/DR/64625811/ARCHANA PILLAI/ICIC0272108/archana138@okaxis,120.00,,6832756.89
