Date,Particulars,Debit,Credit,Balance
01/08/2022,UPI/DR/28012748/RESHMA KHAN/CNRB0226879/reshma600@okhdfc,999.00,,270570.29
02/08/2022,UPI/CR/028358141473/ADITYA KUMAR/CNRB0226879/aditya348@ybl,,24000.00,294570.29
02/08/2022,UPI/DR/0717771023/RAVI KUMAR SHARMA/CNRB0226879/ravi404@oksbi,449.00,,294121.29
03/08/2022,CASH DEPOSIT/BRANCH COUNTER/MALLESWARAM BENGALURU,,850.00,294971.29
03/08/2022,IMPS/P2P/23266154/RAHUL SINGH/9427940486,,32000.00,326971.29
03/08/2022,NEFT/3968370542/KAVYA REDDY/CNRB0226879/07589777500595,,11200.00,338171.29
03/08/2022,UPI/DR/486310392429/SUSHMA RAO/CNRB0226879/sushma407@okhdfc,249.00,,337922.29
04/08/2022,IMPS/P2P/863153056637/IMRAN KHAN/8146276468,,500.00,338422.29
04/08/2022,UPI/DR/02381158/BINDHU NAIR/CNRB0226879/bindhu32@oksbi,999.00,,337423.29
06/08/2022,IMPS/P2P/79793849/KARTHIK MENON/9130315343,,850.00,338273.29
06/08/2022,CASH DEPOSIT/BRANCH COUNTER/MALLESWARAM BENGALURU,,1200.00,339473.29
08/08/2022,UPI/DR/88462965/NAVEEN KUMAR/CNRB0226879/naveen381@okaxis,249.00,,339224.29
08/08/2022,CASH DEPOSIT/BRANCH COUNTER/MALLESWARAM BENGALURU,,2500.00,341724.29
09/08/2022,NEFT/807492374032/RESHMA KHAN/CNRB0226879/20369217638203,,850.00,342574.29
10/08/2022,UPI/DR/932545592472/GANESH KUMAR/CNRB0226879/ganesh47@ybl,249.00,,342325.29
11/08/2022,UPI/CR/128807920107/RAJESH VERMA/CNRB0226879/rajesh781@okhdfc,,7600.00,349925.29
11/08/2022,CHQ NO 783333 CLEARING,1250.00,,348675.29
11/08/2022,NEFT/1921717809/DEEPAK JOSHI/CNRB0226879/50193856144718,,2500.00,351175.29
11/08/2022,IMPS/P2P/377855188068/AYESHA KHAN/9030215602,,2500.00,353675.29
11/08/2022,CASH DEPOSIT/BRANCH COUNTER/MALLESWARAM BENGALURU,,11200.00,364875.29
11/08/2022,NEFT/7554014863/DEEPAK JOSHI/CNRB0226879/86550896829163,,1200.00,366075.29
12/08/2022,UPI/DR/72731445/RAVI KUMAR SHARMA/CNRB0226879/ravi86@paytm,1680.00,,364395.29
12/08/2022,UPI/DR/041791114102/ANITHA KRISHNAN/CNRB0226879/anitha322@okhdfc,3499.00,,360896.29
12/08/2022,IMPS/P2P/9571027364/USHA RANI/8410965041,,850.00,361746.29
12/08/2022,NEFT/218826153855/ROHIT SHARMA/CNRB0226879/50520384095224,2380.00,,359366.29
13/08/2022,NEFT/1737387587/NILESH KULKARNI/CNRB0226879/46730777434506,,24000.00,383366.29
13/08/2022,UPI/DR/06936635/ADITYA KUMAR/CNRB0226879/aditya810@okhdfc,7800.00,,375566.29
14/08/2022,NEFT/222724048185/HARISH MENON/CNRB0226879/67577574303549,,24000.00,399566.29
14/08/2022,IMPS/P2P/518906623866/MEENA IYER/7471871862,,4800.00,404366.29
15/08/2022,UPI/CR/71813675/NILESH KULKARNI/CNRB0226879/nilesh746@okaxis,,18500.00,422866.29
15/08/2022,NEFT/602723446120/VIKRAM NAIR/CNRB0226879/68367882698265,,7600.00,430466.29
15/08/2022,CASH DEPOSIT/BRANCH COUNTER/MALLESWARAM BENGALURU,,1200.00,431666.29
15/08/2022,CHQ NO 204252 CLEARING,5200.00,,426466.29
15/08/2022,UPI/DR/67288342/PREETHI IYER/CNRB0226879/preethi443@okaxis,49.00,,426417.29
16/08/2022,IMPS/P2P/550473891495/PRAKASH RAO/7481331685,,850.00,427267.29
16/08/2022,UPI/CR/208146612137/VENKAT RAO/CNRB0226879/venkat853@okhdfc,,1200.00,428467.29
17/08/2022,IMPS/P2P/0790604911/PREETHI IYER/7800061547,,500.00,428967.29
17/08/2022,UPI/DR/78558728/RAJESH VERMA/CNRB0226879/rajesh269@okaxis,850.00,,428117.29
18/08/2022,CHQ NO 547765 CLEARING,449.00,,427668.29
19/08/2022,UPI/DR/705848779371/MEERA PILLAI/CNRB0226879/meera662@ybl,2380.00,,425288.29
19/08/2022,UPI/CR/109712884340/RAHUL SINGH/CNRB0226879/rahul97@ybl,,7600.00,432888.29
19/08/2022,CHQ NO 359554 CLEARING,49.00,,432839.29
20/08/2022,NEFT/61863078/IMRAN KHAN/CNRB0226879/89563032436086,79.00,,432760.29
20/08/2022,UPI/CR/6106904983/MALLIKA DAS/CNRB0226879/mallika20@ybl,,2500.00,435260.29
20/08/2022,ATM/WDL/64910130/CANARA ATM MYSURU,49.00,,435211.29
21/08/2022,UPI/DR/29189256/LAKSHMI VENKAT/CNRB0226879/lakshmi214@oksbi,79.00,,435132.29
21/08/2022,UPI/DR/944472122895/SURESH NAIR/CNRB0226879/suresh819@ybl,310.00,,434822.29
23/08/2022,UPI/DR/16465060/RAMESH GOWDA/CNRB0226879/ramesh650@oksbi,699.00,,434123.29
23/08/2022,UPI/DR/8368681081/NILESH KULKARNI/CNRB0226879/nilesh417@okaxis,7800.00,,426323.29
23/08/2022,NEFT/8684711086/NILESH KULKARNI/CNRB0226879/50471835424750,49.00,,426274.29
25/08/2022,CHQ NO 960126 CLEARING,79.00,,426195.29
25/08/2022,UPI/DR/6427352000/ARJUN MEHTA/CNRB0226879/arjun610@okhdfc,310.00,,425885.29
25/08/2022,ATM/WDL/638431694512/SBI ATM JAYANAGAR BLR,249.00,,425636.29
26/08/2022,CASH DEPOSIT/BRANCH COUNTER/MALLESWARAM BENGALURU,,24000.00,449636.29
26/08/2022,UPI/DR/2049543697/NADIA HUSSAIN/CNRB0226879/nadia750@okaxis,120.00,,449516.29
26/08/2022,UPI/CR/5204831946/RAJESH VERMA/CNRB0226879/rajesh721@okaxis,,4800.00,454316.29
27/08/2022,UPI/DR/5682597132/GEETA DEVI/CNRB0226879/geeta648@okhdfc,699.00,,453617.29
27/08/2022,ATM/WDL/239729385258/SBI ATM JAYANAGAR BLR,310.00,,453307.29
27/08/2022,UPI/DR/58428939/RANJIT SINGH/CNRB0226879/ranjit72@okaxis,7800.00,,445507.29
28/08/2022,UPI/DR/094392609899/VENKAT RAO/CNRB0226879/venkat392@okhdfc,850.00,,444657.29
28/08/2022,ATM/WDL/016980209648/SBI ATM JAYANAGAR BLR,3499.00,,441158.29
29/08/2022,UPI/DR/05628440/POOJA SHARMA/CNRB0226879/pooja478@paytm,79.00,,441079.29
30/08/2022,UPI/DR/37244275/NAVEEN KUMAR/CNRB0226879/naveen765@okaxis,310.00,,440769.29
30/08/2022,ATM/WDL/4885179400/HDFC ATM KORAMANGALA,2380.00,,438389.29
30/08/2022,CHQ NO 768838 CLEARING,3499.00,,434890.29
31/08/2022,NEFT/794455963321/SANJANA HEGDE,4800.00,,430090.29
31/08/2022,CHQ NO 894260 CLEARING,5200.00,,424890.29
31/08/2022,UPI/DR/033096204727/MOHAMMED IRFAN/CNRB0226879/mohammed271@paytm,49.00,,424841.29
01/09/2022,REVERSAL-NEFT/PENDING_REV_53034583,,4800.00,429641.29
01/09/2022,CASH DEPOSIT/BRANCH COUNTER/MALLESWARAM BENGALURU,,2500.00,432141.29
01/09/2022,CASH DEPOSIT/BRANCH COUNTER/MALLESWARAM BENGALURU,,2500.00,434641.29
03/09/2022,NEFT/6479367194/BINDHU NAIR/CNRB0226879/12459209978906,,11200.00,445841.29
03/09/2022,UPI/DR/614899795941/SANJANA HEGDE/CNRB0226879/sanjana69@oksbi,5200.00,,440641.29
03/09/2022,IMPS/P2P/7927848001/MEENA IYER/8519924261,,32000.00,472641.29
03/09/2022,NEFT/845189166021/RAJESH VERMA/CNRB0226879/51157207477223,449.00,,472192.29
03/09/2022,NEFT/1015630231/NADIA HUSSAIN/CNRB0226879/27822981135693,,18500.00,490692.29
04/09/2022,UPI/CR/5329980611/LALITHA DEVI/CNRB0226879/lalitha226@okhdfc,,850.00,491542.29
04/09/2022,UPI/DR/199193426766/MALLIKA DAS/CNRB0226879/mallika559@ybl,850.00,,490692.29
04/09/2022,CHQ NO 487537 CLEARING,7800.00,,482892.29
04/09/2022,CASH DEPOSIT/BRANCH COUNTER/MALLESWARAM BENGALURU,,1200.00,484092.29
04/09/2022,UPI/CR/0837515226/SMITHA PILLAI/CNRB0226879/smitha277@okaxis,,4800.00,488892.29
04/09/2022,UPI/DR/806779762646/RAMESH GOWDA/CNRB0226879/ramesh12@paytm,79.00,,488813.29
05/09/2022,UPI/DR/5612773646/LATHA MURTHY/CNRB0226879/latha587@okhdfc,79.00,,488734.29
05/09/2022,ATM/WDL/2248305347/HDFC ATM KORAMANGALA,999.00,,487735.29
05/09/2022,UPI/CR/83754560/FATIMA SHEIKH/CNRB0226879/fatima665@paytm,,11200.00,498935.29
06/09/2022,NEFT/8616907462/BABU LAL/CNRB0226879/64352368758654,,18500.00,517435.29
06/09/2022,CHQ NO 115615 CLEARING,249.00,,517186.29
06/09/2022,CHQ NO 049618 CLEARING,49.00,,517137.29
06/09/2022,CHQ NO 969164 CLEARING,2380.00,,514757.29
06/09/2022,NEFT/102422300473/BINDHU NAIR/CNRB0226879/89886624075446,,24000.00,538757.29
07/09/2022,NEFT/183006024903/SURESH BABU/CNRB0226879/26929873237948,3499.00,,535258.29
08/09/2022,ATM/WDL/7093374528/HDFC ATM KORAMANGALA,999.00,,534259.29
08/09/2022,UPI/DR/309351898389/RANJIT SINGH/CNRB0226879/ranjit272@oksbi,249.00,,534010.29
08/09/2022,CASH DEPOSIT/BRANCH COUNTER/MALLESWARAM BENGALURU,,500.00,534510.29
08/09/2022,IMPS/P2P/888327953296/SNEHA PATIL/9054135525,,500.00,535010.29
09/09/2022,NEFT/134650243538/PRAKASH RAO/CNRB0226879/34671805146369,1250.00,,533760.29
09/09/2022,ATM/WDL/231564908039/CANARA ATM MYSURU,7800.00,,525960.29
09/09/2022,ATM/WDL/28634671/HDFC ATM KORAMANGALA,5200.00,,520760.29
09/09/2022,CHQ NO 399853 CLEARING,2380.00,,518380.29
09/09/2022,UPI/DR/82356617/TANVI RAO/CNRB0226879/tanvi806@okaxis,1680.00,,516700.29
09/09/2022,UPI/CR/75908452/REKHA PILLAI/CNRB0226879/rekha297@oksbi,,1200.00,517900.29
10/09/2022,NEFT/31992693/POOJA SHARMA/CNRB0226879/36798719719897,,32000.00,549900.29
10/09/2022,CHQ NO 847135 CLEARING,7800.00,,542100.29
11/09/2022,CASH DEPOSIT/BRANCH COUNTER/MALLESWARAM BENGALURU,,18500.00,560600.29
11/09/2022,ATM/WDL/909083443156/CANARA ATM MYSURU,49.00,,560551.29
12/09/2022,NEFT/530081281417/SURESH BABU/CNRB0226879/28885995506786,5200.00,,555351.29
12/09/2022,UPI/DR/44060201/SUNITA DEVI/CNRB0226879/sunita77@paytm,49.00,,555302.29
13/09/2022,NEFT/39203804/RAJENDRA PRASAD/CNRB0226879/80211691037170,,7600.00,562902.29
13/09/2022,NEFT/339684844096/RAVI KUMAR SHARMA/CNRB0226879/04030755515605,3499.00,,559403.29
13/09/2022,UPI/DR/34249639/DEEPA NAIR/CNRB0226879/deepa547@okaxis,449.00,,558954.29
14/09/2022,UPI/DR/110728512278/KIRAN REDDY/CNRB0226879/kiran40@paytm,79.00,,558875.29
15/09/2022,IMPS/P2P/6231849042/MALLIKA DAS/7418504544,,4800.00,563675.29
15/09/2022,CHQ NO 924468 CLEARING,79.00,,563596.29
16/09/2022,CASH DEPOSIT/BRANCH COUNTER/MALLESWARAM BENGALURU,,32000.00,595596.29
16/09/2022,CHQ NO 956499 CLEARING,7800.00,,587796.29
16/09/2022,NEFT/289736671182/ANAND KUMAR/CNRB0226879/81752162753126,449.00,,587347.29
16/09/2022,ATM/WDL/043089621650/SBI ATM JAYANAGAR BLR,5200.00,,582147.29
16/09/2022,UPI/DR/988064437636/ANAND KUMAR/CNRB0226879/anand340@paytm,5200.00,,576947.29
17/09/2022,CHQ NO 189477 CLEARING,49.00,,576898.29
17/09/2022,ATM/WDL/28575747/SBI ATM JAYANAGAR BLR,449.00,,576449.29
17/09/2022,CASH DEPOSIT/BRANCH COUNTER/MALLESWARAM BENGALURU,,7600.00,584049.29
17/09/2022,UPI/DR/461994671085/SNEHA PATIL/CNRB0226879/sneha15@okaxis,1250.00,,582799.29
17/09/2022,IMPS/P2P/23462867/AYESHA KHAN/8677092930,,18500.00,601299.29
17/09/2022,IMPS/P2P/34032954/SUSHMA RAO/9828387257,,850.00,602149.29
18/09/2022,UPI/DR/96727379/ARCHANA PILLAI/CNRB0226879/archana415@ybl,850.00,,601299.29
18/09/2022,UPI/DR/94434126/SHAHID KHAN/CNRB0226879/shahid246@ybl,7800.00,,593499.29
18/09/2022,CASH DEPOSIT/BRANCH COUNTER/MALLESWARAM BENGALURU,,2500.00,595999.29
19/09/2022,ATM/WDL/9879499974/HDFC ATM KORAMANGALA,850.00,,595149.29
19/09/2022,UPI/DR/0374403908/VIKRAM NAIR/CNRB0226879/vikram947@paytm,999.00,,594150.29
19/09/2022,UPI/DR/967700301597/ROHIT SHARMA/CNRB0226879/rohit267@oksbi,249.00,,593901.29
19/09/2022,CASH DEPOSIT/BRANCH COUNTER/MALLESWARAM BENGALURU,,32000.00,625901.29
19/09/2022,UPI/DR/74135447/RAJENDRA PRASAD/CNRB0226879/rajendra545@paytm,1250.00,,624651.29
20/09/2022,UPI/DR/4549754462/FATIMA SHEIKH/CNRB0226879/fatima501@oksbi,310.00,,624341.29
20/09/2022,UPI/CR/969871614022/NILESH KULKARNI/CNRB0226879/nilesh133@okhdfc,,4800.00,629141.29
20/09/2022,IMPS/P2P/06117487/CHANDAN SHARMA/9785860755,,24000.00,653141.29
20/09/2022,IMPS/P2P/30566825/REKHA PILLAI/9347524479,,850.00,653991.29
20/09/2022,CASH DEPOSIT/BRANCH COUNTER/MALLESWARAM BENGALURU,,500.00,654491.29
21/09/2022,NEFT/14168719/LATHA MURTHY/CNRB0226879/21607382421703,850.00,,653641.29
21/09/2022,ATM/WDL/81101890/HDFC ATM KORAMANGALA,999.00,,652642.29
23/09/2022,NEFT/77019672/RAVI KUMAR SHARMA/CNRB0226879/20878663771962,,24000.00,676642.29
23/09/2022,CASH DEPOSIT/BRANCH COUNTER/MALLESWARAM BENGALURU,,2500.00,679142.29
24/09/2022,UPI/DR/05885383/MEERA PILLAI/CNRB0226879/meera541@oksbi,1680.00,,677462.29
24/09/2022,UPI/DR/95974165/ARCHANA PILLAI/CNRB0226879/archana157@okaxis,79.00,,677383.29
24/09/2022,NEFT/2001939936/ARUN SHARMA/CNRB0226879/20955819065624,,18500.00,695883.29
24/09/2022,UPI/DR/203153841101/SNEHA PATIL/CNRB0226879/sneha803@okhdfc,79.00,,695804.29
25/09/2022,UPI/DR/3833350814/VINAY PATIL/CNRB0226879/vinay345@okhdfc,3499.00,,692305.29
25/09/2022,CHQ NO 785248 CLEARING,79.00,,692226.29
25/09/2022,IMPS/P2P/531785528942/BABU LAL/7708478662,,1200.00,693426.29
25/09/2022,CASH DEPOSIT/BRANCH COUNTER/MALLESWARAM BENGALURU,,32000.00,725426.29
25/09/2022,IMPS/P2P/679022293960/BINDHU NAIR/8648015117,,2500.00,727926.29
26/09/2022,ATM/WDL/0296494122/CANARA ATM MYSURU,49.00,,727877.29
26/09/2022,UPI/DR/7375893963/DEEPAK JOSHI/CNRB0226879/deepak948@oksbi,120.00,,727757.29
26/09/2022,IMPS/P2P/4383744313/DEEPA NAIR/8052987864,,32000.00,759757.29
26/09/2022,UPI/DR/260435065828/SUNIL YADAV/CNRB0226879/sunil719@okaxis,2380.00,,757377.29
27/09/2022,UPI/DR/69092200/NADIA HUSSAIN/CNRB0226879/nadia795@ybl,79.00,,757298.29
27/09/2022,NEFT/0174850626/SUSHMA RAO/CNRB0226879/44332431243051,699.00,,756599.29
27/09/2022,UPI/CR/8373619166/RAHUL SINGH/CNRB0226879/rahul643@ybl,,7600.00,764199.29
28/09/2022,UPI/DR/56288964/DIVYA MENON/CNRB0226879/divya858@oksbi,5200.00,,758999.29
28/09/2022,CHQ NO 453391 CLEARING,249.00,,758750.29
29/09/2022,IMPS/P2P/96699441/MALLIKA DAS/9741579335,,1200.00,759950.29
29/09/2022,NEFT/209669063084/GOPAL VERMA/CNRB0226879/69931285936617,,1200.00,761150.29
29/09/2022,UPI/DR/9284591503/NAVEEN KUMAR/CNRB0226879/naveen462@oksbi,5200.00,,755950.29
30/09/2022,IMPS/P2P/73685734/DIVYA MENON/8956619855,,850.00,756800.29
30/09/2022,UPI/DR/072441718522/LALITHA DEVI/CNRB0226879/lalitha416@okhdfc,310.00,,756490.29
01/10/2022,CASH DEPOSIT/BRANCH COUNTER/MALLESWARAM BENGALURU,,18500.00,774990.29
01/10/2022,NEFT/578317399124/MALLIKA DAS/CNRB0226879/99808353249610,7800.00,,767190.29
01/10/2022,IMPS/P2P/06741452/RAHUL SINGH/9475947028,,1200.00,768390.29
02/10/2022,CASH DEPOSIT/BRANCH COUNTER/MALLESWARAM BENGALURU,,2500.00,770890.29
02/10/2022,NEFT/9678024779/GEETA DEVI/CNRB0226879/22607633506386,,11200.00,782090.29
03/10/2022,CHQ NO 371529 CLEARING,699.00,,781391.29
03/10/2022,CHQ NO 977237 CLEARING,79.00,,781312.29
03/10/2022,NEFT/3229187137/DEEPA NAIR/CNRB0226879/55365877368438,,32000.00,813312.29
03/10/2022,UPI/DR/435037816620/VIKRAM NAIR/CNRB0226879/vikram250@okaxis,310.00,,813002.29
03/10/2022,CHQ NO 762031 CLEARING,2380.00,,810622.29
04/10/2022,CASH DEPOSIT/BRANCH COUNTER/MALLESWARAM BENGALURU,,7600.00,818222.29
04/10/2022,ATM/WDL/31226955/HDFC ATM KORAMANGALA,5200.00,,813022.29
04/10/2022,CHQ NO 207132 CLEARING,850.00,,812172.29
04/10/2022,CASH DEPOSIT/BRANCH COUNTER/MALLESWARAM BENGALURU,,4800.00,816972.29
05/10/2022,CHQ NO 894715 CLEARING,79.00,,816893.29
05/10/2022,NEFT/02531669/ANITHA KRISHNAN/CNRB0226879/44813714563633,999.00,,815894.29
06/10/2022,ATM/WDL/46520964/HDFC ATM KORAMANGALA,120.00,,815774.29
06/10/2022,IMPS/P2P/754333509224/ADITYA KUMAR/7408357680,,4800.00,820574.29
06/10/2022,IMPS/P2P/980141483400/MEENA IYER/7616888184,,18500.00,839074.29
07/10/2022,NEFT/6535743999/RAVI KUMAR SHARMA/CNRB0226879/39568133176100,,7600.00,846674.29
07/10/2022,UPI/DR/057456855336/POOJA SHARMA/CNRB0226879/pooja374@ybl,1680.00,,844994.29
07/10/2022,UPI/DR/21476071/SANTOSH KUMAR/CNRB0226879/santosh843@okhdfc,449.00,,844545.29
07/10/2022,UPI/DR/008560735216/POOJA SHARMA/CNRB0226879/pooja595@ybl,2380.00,,842165.29
07/10/2022,UPI/DR/414416574680/KARTHIK MENON/CNRB0226879/karthik714@oksbi,249.00,,841916.29
09/10/2022,UPI/DR/1243845382/VINAY PATIL/CNRB0226879/vinay365@ybl,449.00,,841467.29
09/10/2022,UPI/CR/5676315821/LALITHA DEVI/CNRB0226879/lalitha102@okaxis,,850.00,842317.29
09/10/2022,UPI/DR/763981056800/LAKSHMI VENKAT/CNRB0226879/lakshmi999@paytm,999.00,,841318.29
10/10/2022,UPI/DR/8888329758/USHA RANI/CNRB0226879/usha566@okhdfc,7800.00,,833518.29
11/10/2022,UPI/DR/638386717342/ARUN SHARMA/CNRB0226879/arun623@ybl,5200.00,,828318.29
11/10/2022,IMPS/P2P/9815801699/KAVERI MENON/7441083040,,1200.00,829518.29
11/10/2022,NEFT/872639490164/DEEPA NAIR/CNRB0226879/02752831775053,,500.00,830018.29
11/10/2022,CASH DEPOSIT/BRANCH COUNTER/MALLESWARAM BENGALURU,,32000.00,862018.29
12/10/2022,ATM/WDL/653018702637/HDFC ATM KORAMANGALA,249.00,,861769.29
12/10/2022,ATM/WDL/922471622133/SBI ATM JAYANAGAR BLR,2380.00,,859389.29
12/10/2022,NEFT/913505530723/FATIMA SHEIKH/CNRB0226879/97159635340619,,4800.00,864189.29
13/10/2022,UPI/DR/32296360/DEEPAK JOSHI/CNRB0226879/deepak273@okaxis,850.00,,863339.29
13/10/2022,UPI/DR/070992211867/PREETHI IYER/CNRB0226879/preethi329@ybl,249.00,,863090.29
14/10/2022,UPI/DR/77036788/ROHIT SHARMA/CNRB0226879/rohit514@paytm,249.00,,862841.29
14/10/2022,IMPS/P2P/3015281476/RAHUL SINGH/7357769316,,24000.00,886841.29
14/10/2022,UPI/DR/5605955474/RAJESH VERMA/CNRB0226879/rajesh229@ybl,120.00,,886721.29
15/10/2022,CHQ NO 955760 CLEARING,699.00,,886022.29
15/10/2022,IMPS/P2P/52590534/RAMESH GOWDA/8311126299,,1200.00,887222.29
16/10/2022,IMPS/P2P/949047117991/IMRAN KHAN/7934164238,,32000.00,919222.29
16/10/2022,UPI/DR/869194079216/VIKRAM NAIR/CNRB0226879/vikram824@okhdfc,999.00,,918223.29
17/10/2022,NEFT/4112000581/SUNIL YADAV/CNRB0226879/07175236806266,,18500.00,936723.29
17/10/2022,UPI/DR/4529634902/SUNITA DEVI/CNRB0226879/sunita138@okaxis,1250.00,,935473.29
17/10/2022,NEFT/18367849/RAMESH GOWDA/CNRB0226879/35160871689535,,7600.00,943073.29
18/10/2022,UPI/DR/3793516447/VINAY PATIL/CNRB0226879/vinay628@okhdfc,7800.00,,935273.29
19/10/2022,NEFT/47955950/GANESH KUMAR/CNRB0226879/67717289927190,,4800.00,940073.29
19/10/2022,CASH DEPOSIT/BRANCH COUNTER/MALLESWARAM BENGALURU,,500.00,940573.29
20/10/2022,NEFT/59429937/BINDHU NAIR/CNRB0226879/71591879953520,,32000.00,972573.29
20/10/2022,UPI/DR/363867618474/RAMESH PILLAI/CNRB0226879/ramesh232@okhdfc,120.00,,972453.29
20/10/2022,IMPS/P2P/6994923427/LAKSHMI VENKAT/8187742897,,500.00,972953.29
21/10/2022,UPI/DR/421105601566/USHA RANI/CNRB0226879/usha48@ybl,699.00,,972254.29
21/10/2022,NEFT/14708991/USHA RANI/CNRB0226879/13788801809115,,7600.00,979854.29
21/10/2022,UPI/DR/48987139/ARCHANA PILLAI/CNRB0226879/archana206@okhdfc,49.00,,979805.29
21/10/2022,UPI/DR/1341748161/NADIA HUSSAIN/CNRB0226879/nadia275@okhdfc,5200.00,,974605.29
23/10/2022,UPI/DR/71693568/POOJA SHARMA/CNRB0226879/pooja675@paytm,310.00,,974295.29
23/10/2022,NEFT/605190005465/MEERA PILLAI/CNRB0226879/43229675720651,449.00,,973846.29
23/10/2022,IMPS/P2P/4076267398/SHEELA DEVI/8900717813,,7600.00,981446.29
24/10/2022,UPI/CR/4684025669/NAVEEN KUMAR/CNRB0226879/naveen168@ybl,,850.00,982296.29
24/10/2022,UPI/DR/70439819/BINDHU NAIR/CNRB0226879/bindhu447@okaxis,850.00,,981446.29
24/10/2022,UPI/DR/827425515068/HARISH MENON/CNRB0226879/harish752@okaxis,120.00,,981326.29
24/10/2022,IMPS/P2P/3633281103/VENKAT RAO/9461775146,,7600.00,988926.29
25/10/2022,UPI/DR/38338613/ADITYA KUMAR/CNRB0226879/aditya467@okaxis,1250.00,,987676.29
25/10/2022,UPI/DR/6751441354/LALITHA DEVI/CNRB0226879/lalitha934@okaxis,2380.00,,985296.29
25/10/2022,UPI/DR/493445878727/SANJANA HEGDE/CNRB0226879/sanjana55@okhdfc,79.00,,985217.29
26/10/2022,ATM/WDL/176516211806/SBI ATM JAYANAGAR BLR,310.00,,984907.29
26/10/2022,CHQ NO 352054 CLEARING,79.00,,984828.29
26/10/2022,NEFT/71792216/GANESH KUMAR/CNRB0226879/40539599535315,5200.00,,979628.29
26/10/2022,CASH DEPOSIT/BRANCH COUNTER/MALLESWARAM BENGALURU,,24000.00,1003628.29
27/10/2022,UPI/DR/602896100366/FATIMA SHEIKH/CNRB0226879/fatima641@okaxis,699.00,,1002929.29
27/10/2022,ATM/WDL/056635629373/CANARA ATM MYSURU,1680.00,,1001249.29
28/10/2022,IMPS/P2P/2268410192/MOHAN DAS/8458188837,,850.00,1002099.29
28/10/2022,CASH DEPOSIT/BRANCH COUNTER/MALLESWARAM BENGALURU,,18500.00,1020599.29
29/10/2022,UPI/CR/24299714/SAVITHA DEVI/CNRB0226879/savitha777@ybl,,1200.00,1021799.29
29/10/2022,UPI/CR/42274857/GANESH KUMAR/CNRB0226879/ganesh97@paytm,,850.00,1022649.29
30/10/2022,IMPS/P2P/153192651586/ROHIT SHARMA/9547045622,,18500.00,1041149.29
31/10/2022,ATM/WDL/11576442/CANARA ATM MYSURU,79.00,,1041070.29
31/10/2022,UPI/DR/2143903259/SURESH BABU/CNRB0226879/suresh812@ybl,7800.00,,1033270.29
31/10/2022,UPI/DR/23401692/PRAKASH RAO/CNRB0226879/prakash876@oksbi,1250.00,,1032020.29
01/11/2022,CHQ NO 878698 CLEARING,7800.00,,1024220.29
01/11/2022,NEFT/2363356358/RAVI KUMAR SHARMA/CNRB0226879/40498378300424,,4800.00,1029020.29
02/11/2022,UPI/DR/954966863267/RAVI KUMAR SHARMA/CNRB0226879/ravi536@okaxis,120.00,,1028900.29
04/11/2022,NEFT/901361441696/LATHA MURTHY/CNRB0226879/39374561490552,2380.00,,1026520.29
04/11/2022,UPI/DR/2939846070/KIRAN REDDY/CNRB0226879/kiran230@ybl,120.00,,1026400.29
05/11/2022,NEFT/30051633/USHA RANI/CNRB0226879/88201554909047,1250.00,,1025150.29
05/11/2022,ATM/WDL/55866040/CANARA ATM MYSURU,3499.00,,1021651.29
05/11/2022,UPI/CR/4646000076/SHAHID KHAN/CNRB0226879/shahid137@okaxis,,24000.00,1045651.29
05/11/2022,UPI/DR/8658770671/MALLIKA DAS/CNRB0226879/mallika304@oksbi,699.00,,1044952.29
05/11/2022,CHQ NO 358669 CLEARING,79.00,,1044873.29
06/11/2022,ATM/WDL/5132070275/CANARA ATM MYSURU,699.00,,1044174.29
06/11/2022,CHQ NO 912160 CLEARING,5200.00,,1038974.29
07/11/2022,NEFT/102940567539/SHAHID KHAN/CNRB0226879/14558779955899,999.00,,1037975.29
07/11/2022,ATM/WDL/1530451498/CANARA ATM MYSURU,5200.00,,1032775.29
07/11/2022,ATM/WDL/1548635665/SBI ATM JAYANAGAR BLR,699.00,,1032076.29
07/11/2022,UPI/DR/941224876177/GOPAL VERMA/CNRB0226879/gopal116@okaxis,999.00,,1031077.29
08/11/2022,UPI/DR/30108195/KAVYA REDDY/CNRB0226879/kavya393@oksbi,5200.00,,1025877.29
08/11/2022,IMPS/P2P/32798856/VIKRAM NAIR/7318590765,,11200.00,1037077.29
10/11/2022,UPI/CR/2042926217/VENKAT RAO/CNRB0226879/venkat101@oksbi,,1200.00,1038277.29
10/11/2022,UPI/DR/5645184778/CHANDAN SHARMA/CNRB0226879/chandan265@okaxis,699.00,,1037578.29
11/11/2022,IMPS/P2P/2865721634/GOPAL VERMA/9779275068,,4800.00,1042378.29
11/11/2022,NEFT/7447463107/KAVYA REDDY/CNRB0226879/79634144752839,5200.00,,1037178.29
11/11/2022,ATM/WDL/977892524896/SBI ATM JAYANAGAR BLR,850.00,,1036328.29
11/11/2022,UPI/DR/4307934210/ROHIT SHARMA/CNRB0226879/rohit668@okhdfc,999.00,,1035329.29
11/11/2022,UPI/DR/511976950188/LAKSHMI VENKAT/CNRB0226879/lakshmi22@ybl,120.00,,1035209.29
12/11/2022,CASH DEPOSIT/BRANCH COUNTER/MALLESWARAM BENGALURU,,11200.00,1046409.29
12/11/2022,IMPS/P2P/669537283569/ANITHA KRISHNAN/8147827491,,1200.00,1047609.29
13/11/2022,UPI/DR/9913742301/RAMESH PILLAI/CNRB0226879/ramesh868@oksbi,49.00,,1047560.29
13/11/2022,NEFT/1130504659/KIRAN REDDY/CNRB0226879/84334872849617,7800.00,,1039760.29
14/11/2022,ATM/WDL/444109765218/SBI ATM JAYANAGAR BLR,2380.00,,1037380.29
14/11/2022,NEFT/9017542507/SAVITHA DEVI/CNRB0226879/68982886200419,449.00,,1036931.29
15/11/2022,NEFT/74367787/TARA SINGH/CNRB0226879/10936268546960,49.00,,1036882.29
15/11/2022,UPI/DR/705746654541/KARTHIK MENON/CNRB0226879/karthik448@okhdfc,49.00,,1036833.29
15/11/2022,CHQ NO 064577 CLEARING,249.00,,1036584.29
16/11/2022,ATM/WDL/27099592/SBI ATM JAYANAGAR BLR,79.00,,1036505.29
16/11/2022,UPI/DR/917582305753/SURESH BABU/CNRB0226879/suresh560@ybl,79.00,,1036426.29
16/11/2022,UPI/DR/5996197383/DEEPAK JOSHI/CNRB0226879/deepak943@okaxis,1250.00,,1035176.29
17/11/2022,ATM/WDL/284426001760/HDFC ATM KORAMANGALA,699.00,,1034477.29
18/11/2022,UPI/CR/853331571694/HARISH MENON/CNRB0226879/harish553@paytm,,850.00,1035327.29
19/11/2022,UPI/DR/4832137839/DEEPA NAIR/CNRB0226879/deepa70@oksbi,1680.00,,1033647.29
19/11/2022,UPI/DR/6993726830/KAVITHA RAO/CNRB0226879/kavitha927@ybl,7800.00,,1025847.29
20/11/2022,IMPS/P2P/188425366437/VENKAT RAO/9749794212,,4800.00,1030647.29
20/11/2022,ATM/WDL/3627269500/CANARA ATM MYSURU,120.00,,1030527.29
21/11/2022,UPI/DR/2723230746/GANESH KUMAR/CNRB0226879/ganesh323@ybl,49.00,,1030478.29
21/11/2022,CHQ NO 899777 CLEARING,999.00,,1029479.29
21/11/2022,ATM/WDL/37777893/HDFC ATM KORAMANGALA,310.00,,1029169.29
21/11/2022,UPI/DR/16663520/NILESH KULKARNI/CNRB0226879/nilesh826@paytm,3499.00,,1025670.29
21/11/2022,UPI/DR/75384784/MALLIKA DAS/CNRB0226879/mallika581@ybl,249.00,,1025421.29
22/11/2022,NEFT/13274516/RAVI KUMAR SHARMA/CNRB0226879/30723639098749,,11200.00,1036621.29
22/11/2022,ATM/WDL/6682507112/CANARA ATM MYSURU,449.00,,1036172.29
22/11/2022,NEFT/8067899556/PREETHI IYER/CNRB0226879/96693864771634,,850.00,1037022.29
22/11/2022,UPI/CR/9288593344/TANVI RAO/CNRB0226879/tanvi74@ybl,,850.00,1037872.29
22/11/2022,CASH DEPOSIT/BRANCH COUNTER/MALLESWARAM BENGALURU,,24000.00,1061872.29
23/11/2022,ATM/WDL/15815003/SBI ATM JAYANAGAR BLR,3499.00,,1058373.29
23/11/2022,ATM/WDL/97133424/CANARA ATM MYSURU,249.00,,1058124.29
23/11/2022,CHQ NO 730352 CLEARING,1680.00,,1056444.29
24/11/2022,UPI/DR/369727872036/RESHMA KHAN/CNRB0226879/reshma839@ybl,850.00,,1055594.29
24/11/2022,ATM/WDL/2080863076/SBI ATM JAYANAGAR BLR,1250.00,,1054344.29
24/11/2022,UPI/DR/15424427/NAVEEN KUMAR/CNRB0226879/naveen414@ybl,2380.00,,1051964.29
24/11/2022,UPI/DR/8228098374/MOHAN DAS/CNRB0226879/mohan685@okaxis,7800.00,,1044164.29
24/11/2022,UPI/CR/90505781/SUSHMA RAO/CNRB0226879/sushma196@paytm,,850.00,1045014.29
25/11/2022,UPI/DR/28069103/ARJUN MEHTA/CNRB0226879/arjun674@oksbi,3499.00,,1041515.29
26/11/2022,UPI/DR/349170511159/RAHUL SINGH/CNRB0226879/rahul832@ybl,79.00,,1041436.29
26/11/2022,UPI/CR/9695642439/KAVITHA RAO/CNRB0226879/kavitha464@oksbi,,1200.00,1042636.29
26/11/2022,IMPS/P2P/0621451599/PREETHI IYER/7304948443,,32000.00,1074636.29
27/11/2022,IMPS/P2P/6513689467/KAVERI MENON/8647510346,,500.00,1075136.29
28/11/2022,UPI/DR/8894685431/SURESH BABU/CNRB0226879/suresh492@ybl,1250.00,,1073886.29
28/11/2022,ATM/WDL/257462581568/CANARA ATM MYSURU,2380.00,,1071506.29
28/11/2022,CHQ NO 913583 CLEARING,3499.00,,1068007.29
28/11/2022,CASH DEPOSIT/BRANCH COUNTER/MALLESWARAM BENGALURU,,7600.00,1075607.29
29/11/2022,UPI/DR/90116648/MALLIKA DAS/CNRB0226879/mallika302@oksbi,7800.00,,1067807.29
29/11/2022,UPI/DR/26023012/SUNIL YADAV/CNRB0226879/sunil149@paytm,120.00,,1067687.29
29/11/2022,CASH DEPOSIT/BRANCH COUNTER/MALLESWARAM BENGALURU,,24000.00,1091687.29
29/11/2022,NEFT/96958148/SNEHA PATIL/CNRB0226879/62825534431180,79.00,,1091608.29
29/11/2022,CHQ NO 208839 CLEARING,999.00,,1090609.29
29/11/2022,UPI/DR/322236105413/RAMESH GOWDA/CNRB0226879/ramesh951@paytm,249.00,,1090360.29
01/12/2022,UPI/DR/64717235/MOHAMMED IRFAN/CNRB0226879/mohammed778@okhdfc,3499.00,,1086861.29
02/12/2022,CASH DEPOSIT/BRANCH COUNTER/MALLESWARAM BENGALURU,,32000.00,1118861.29
03/12/2022,CASH DEPOSIT/BRANCH COUNTER/MALLESWARAM BENGALURU,,4800.00,1123661.29
03/12/2022,UPI/DR/889149909344/SANJANA HEGDE/CNRB0226879/sanjana246@paytm,3499.00,,1120162.29
03/12/2022,UPI/DR/272957724487/IMRAN KHAN/CNRB0226879/imran33@okhdfc,310.00,,1119852.29
03/12/2022,UPI/DR/49883234/PRAKASH RAO/CNRB0226879/prakash172@paytm,7800.00,,1112052.29
04/12/2022,UPI/DR/7555297030/SURESH NAIR/CNRB0226879/suresh57@oksbi,2380.00,,1109672.29
04/12/2022,ATM/WDL/6674643625/HDFC ATM KORAMANGALA,850.00,,1108822.29
04/12/2022,ATM/WDL/88692957/HDFC ATM KORAMANGALA,49.00,,1108773.29
04/12/2022,ATM/WDL/16495931/CANARA ATM MYSURU,120.00,,1108653.29
04/12/2022,NEFT/99245441/PREETHI IYER/CNRB0226879/63879929912408,,2500.00,1111153.29
04/12/2022,IMPS/P2P/7189287783/FATIMA SHEIKH/8367683202,,11200.00,1122353.29
05/12/2022,NEFT/274033094784/ARCHANA PILLAI/CNRB0226879/11782770801618,,7600.00,1129953.29
05/12/2022,CHQ NO 453426 CLEARING,699.00,,1129254.29
06/12/2022,NEFT/414398991404/SMITHA PILLAI/CNRB0226879/43950658611196,1250.00,,1128004.29
06/12/2022,NEFT/3393208095/RAMESH PILLAI/CNRB0226879/16321528518106,,1200.00,1129204.29
06/12/2022,UPI/DR/482253186872/ARUN SHARMA/CNRB0226879/arun413@paytm,1680.00,,1127524.29
07/12/2022,UPI/DR/2445534866/SNEHA PATIL/CNRB0226879/sneha675@okhdfc,2380.00,,1125144.29
07/12/2022,CASH DEPOSIT/BRANCH COUNTER/MALLESWARAM BENGALURU,,1200.00,1126344.29
07/12/2022,NEFT/31790728/SNEHA PATIL/CNRB0226879/65063351854743,,4800.00,1131144.29
08/12/2022,UPI/DR/89731448/RAJESH VERMA/CNRB0226879/rajesh132@paytm,79.00,,1131065.29
09/12/2022,UPI/DR/905890953781/ARUN SHARMA/CNRB0226879/arun377@okaxis,5200.00,,1125865.29
09/12/2022,CHQ NO 754810 CLEARING,79.00,,1125786.29
09/12/2022,CHQ NO 815018 CLEARING,79.00,,1125707.29
09/12/2022,UPI/CR/85379621/MEERA PILLAI/CNRB0226879/meera217@paytm,,32000.00,1157707.29
09/12/2022,UPI/DR/2208619550/CHANDAN SHARMA/CNRB0226879/chandan790@okhdfc,310.00,,1157397.29
10/12/2022,UPI/DR/787780994861/GOPAL VERMA/CNRB0226879/gopal131@paytm,449.00,,1156948.29
11/12/2022,ATM/WDL/34396919/HDFC ATM KORAMANGALA,49.00,,1156899.29
11/12/2022,UPI/CR/27158167/LATHA MURTHY/CNRB0226879/latha605@paytm,,1200.00,1158099.29
11/12/2022,NEFT/986820679703/NIKHIL GUPTA/CNRB0226879/10496249648473,,24000.00,1182099.29
12/12/2022,ATM/WDL/2763315083/SBI ATM JAYANAGAR BLR,1250.00,,1180849.29
13/12/2022,IMPS/P2P/04689633/NADIA HUSSAIN/9809300935,,2500.00,1183349.29
13/12/2022,IMPS/P2P/4379869850/ROHIT SHARMA/9928261529,,24000.00,1207349.29
13/12/2022,UPI/DR/46046582/SURESH NAIR/CNRB0226879/suresh665@oksbi,1250.00,,1206099.29
13/12/2022,NEFT/32237094/SURESH NAIR/CNRB0226879/41599467992527,,18500.00,1224599.29
13/12/2022,UPI/DR/2314017572/REKHA PILLAI/CNRB0226879/rekha755@oksbi,699.00,,1223900.29
14/12/2022,NEFT/3935947136/SUNIL YADAV/CNRB0226879/87491181699854,,32000.00,1255900.29
15/12/2022,UPI/DR/1271888944/ARJUN MEHTA/CNRB0226879/arjun816@okaxis,449.00,,1255451.29
15/12/2022,CASH DEPOSIT/BRANCH COUNTER/MALLESWARAM BENGALURU,,18500.00,1273951.29
15/12/2022,CHQ NO 455924 CLEARING,1250.00,,1272701.29
15/12/2022,NEFT/1585950791/VINAY PATIL/CNRB0226879/00118470755766,,11200.00,1283901.29
15/12/2022,NEFT/1000613358/POOJA SHARMA/CNRB0226879/37435783818917,,18500.00,1302401.29
16/12/2022,ATM/WDL/0935757544/CANARA ATM MYSURU,449.00,,1301952.29
16/12/2022,NEFT/307212728379/VINAY PATIL/CNRB0226879/04895897297928,850.00,,1301102.29
16/12/2022,CHQ NO 213549 CLEARING,699.00,,1300403.29
16/12/2022,UPI/DR/5675660982/LATHA MURTHY/CNRB0226879/latha143@oksbi,3499.00,,1296904.29
17/12/2022,ATM/WDL/6278679928/HDFC ATM KORAMANGALA,850.00,,1296054.29
17/12/2022,NEFT/514219470950/VINAY PATIL/CNRB0226879/07374941356082,,32000.00,1328054.29
17/12/2022,ATM/WDL/1617274125/HDFC ATM KORAMANGALA,699.00,,1327355.29
17/12/2022,UPI/DR/59850607/NILESH KULKARNI/CNRB0226879/nilesh711@paytm,120.00,,1327235.29
18/12/2022,NEFT/5379696273/ARCHANA PILLAI/CNRB0226879/54983727608993,,11200.00,1338435.29
18/12/2022,UPI/CR/54164070/ANITHA KRISHNAN/CNRB0226879/anitha736@paytm,,4800.00,1343235.29
18/12/2022,UPI/DR/21370878/ARUN SHARMA/CNRB0226879/arun790@okaxis,449.00,,1342786.29
19/12/2022,NEFT/523171749321/POOJA SHARMA/CNRB0226879/32057175504254,850.00,,1341936.29
19/12/2022,NEFT/0868779943/AYESHA KHAN/CNRB0226879/45621191447872,,7600.00,1349536.29
19/12/2022,CASH DEPOSIT/BRANCH COUNTER/MALLESWARAM BENGALURU,,850.00,1350386.29
19/12/2022,NEFT/26333099/NILESH KULKARNI/CNRB0226879/80394834888606,,4800.00,1355186.29
19/12/2022,CHQ NO 007478 CLEARING,310.00,,1354876.29
20/12/2022,UPI/DR/813490592749/LAKSHMI VENKAT/CNRB0226879/lakshmi785@okhdfc,120.00,,1354756.29
20/12/2022,UPI/DR/509976913002/SUNIL YADAV/CNRB0226879/sunil194@okhdfc,3499.00,,1351257.29
21/12/2022,CHQ NO 858172 CLEARING,49.00,,1351208.29
21/12/2022,CASH DEPOSIT/BRANCH COUNTER/MALLESWARAM BENGALURU,,7600.00,1358808.29
21/12/2022,NEFT/22455791/NAVEEN KUMAR/CNRB0226879/02461584348463,3499.00,,1355309.29
22/12/2022,UPI/DR/5324356893/RAHUL SINGH/CNRB0226879/rahul809@okhdfc,1250.00,,1354059.29
22/12/2022,UPI/DR/698332030383/KIRAN REDDY/CNRB0226879/kiran882@oksbi,120.00,,1353939.29
22/12/2022,UPI/DR/717894893678/GOPAL VERMA/CNRB0226879/gopal211@paytm,2380.00,,1351559.29
23/12/2022,NEFT/3389854370/ADITYA KUMAR/CNRB0226879/05360195510138,,850.00,1352409.29
23/12/2022,ATM/WDL/4439224765/CANARA ATM MYSURU,449.00,,1351960.29
23/12/2022,ATM/WDL/2123826861/HDFC ATM KORAMANGALA,999.00,,1350961.29
24/12/2022,IMPS/P2P/30979274/REKHA PILLAI/8880311125,,4800.00,1355761.29
24/12/2022,ATM/WDL/4823556067/CANARA ATM MYSURU,7800.00,,1347961.29
24/12/2022,IMPS/P2P/4189630393/PADMA RAO/9917079225,,850.00,1348811.29
25/12/2022,CHQ NO 970473 CLEARING,5200.00,,1343611.29
25/12/2022,CHQ NO 668584 CLEARING,1680.00,,1341931.29
26/12/2022,UPI/DR/293762383658/FARHAN KHAN/CNRB0226879/farhan545@okhdfc,1250.00,,1340681.29
26/12/2022,UPI/DR/69895049/KIRAN REDDY/CNRB0226879/kiran375@oksbi,850.00,,1339831.29
26/12/2022,CHQ NO 475969 CLEARING,699.00,,1339132.29
26/12/2022,CHQ NO 965499 CLEARING,999.00,,1338133.29
26/12/2022,CHQ NO 039380 CLEARING,79.00,,1338054.29
27/12/2022,NEFT/5848486174/SURESH BABU/CNRB0226879/18318801165867,449.00,,1337605.29
27/12/2022,UPI/CR/57001703/RAVI KUMAR SHARMA/CNRB0226879/ravi578@okaxis,,32000.00,1369605.29
28/12/2022,NEFT/990992871099/KAVERI MENON/CNRB0226879/19811907720481,,11200.00,1380805.29
28/12/2022,IMPS/P2P/25426405/ARCHANA PILLAI/9370877260,,500.00,1381305.29
29/12/2022,CHQ NO 041829 CLEARING,120.00,,1381185.29
29/12/2022,NEFT/6232042809/SMITHA PILLAI/CNRB0226879/62689023283511,7800.00,,1373385.29
29/12/2022,ATM/WDL/34781855/HDFC ATM KORAMANGALA,850.00,,1372535.29
30/12/2022,UPI/DR/609778837074/MOHAMMED IRFAN/CNRB0226879/mohammed639@ybl,1250.00,,1371285.29
30/12/2022,UPI/DR/92866694/USHA RANI/CNRB0226879/usha572@okhdfc,2380.00,,1368905.29
30/12/2022,UPI/DR/12184344/KAVERI MENON/CNRB0226879/kaveri482@okhdfc,850.00,,1368055.29
30/12/2022,IMPS/P2P/00558706/VIKRAM NAIR/8865505476,,500.00,1368555.29
30/12/2022,UPI/CR/589721386176/DIVYA MENON/CNRB0226879/divya271@okhdfc,,11200.00,1379755.29
30/12/2022,IMPS/P2P/7913655716/SAVITHA DEVI/9121099180,,1200.00,1380955.29
31/12/2022,ATM/WDL/7600242673/HDFC ATM KORAMANGALA,79.00,,1380876.29
31/12/2022,UPI/CR/4074265631/PRAKASH RAO/CNRB0226879/prakash996@paytm,,7600.00,1388476.29
31/12/2022,ATM/WDL/3010351243/CANARA ATM MYSURU,2380.00,,1386096.29
01/01/2023,CHQ NO 993791 CLEARING,1680.00,,1384416.29
01/01/2023,UPI/DR/051089006745/NADIA HUSSAIN/CNRB0226879/nadia628@oksbi,49.00,,1384367.29
01/01/2023,UPI/CR/2309201090/ANITHA KRISHNAN/CNRB0226879/anitha379@ybl,,2500.00,1386867.29
02/01/2023,ATM/WDL/338291851499/CANARA ATM MYSURU,7800.00,,1379067.29
04/01/2023,UPI/DR/119444280393/VINAY PATIL/CNRB0226879/vinay664@oksbi,850.00,,1378217.29
05/01/2023,NEFT/805543158351/PRIYA NAIR/CNRB0226879/20750427425412,249.00,,1377968.29
05/01/2023,UPI/DR/798799636061/IMRAN KHAN/CNRB0226879/imran840@paytm,999.00,,1376969.29
05/01/2023,ATM/WDL/8641189351/CANARA ATM MYSURU,3499.00,,1373470.29
05/01/2023,CASH DEPOSIT/BRANCH COUNTER/MALLESWARAM BENGALURU,,32000.00,1405470.29
06/01/2023,UPI/DR/6029284841/SNEHA PATIL/CNRB0226879/sneha460@okaxis,999.00,,1404471.29
06/01/2023,UPI/DR/831607230550/DIVYA MENON/CNRB0226879/divya528@okhdfc,850.00,,1403621.29
06/01/2023,ATM/WDL/198935317902/HDFC ATM KORAMANGALA,1680.00,,1401941.29
06/01/2023,IMPS/P2P/313565374721/ADITYA KUMAR/7126426421,,500.00,1402441.29
06/01/2023,UPI/DR/87700911/RAHUL SINGH/CNRB0226879/rahul515@paytm,1680.00,,1400761.29
07/01/2023,UPI/DR/7649160336/RAHUL SINGH/CNRB0226879/rahul872@oksbi,7800.00,,1392961.29
07/01/2023,UPI/CR/9149646907/POOJA SHARMA/CNRB0226879/pooja89@okaxis,,24000.00,1416961.29
07/01/2023,IMPS/P2P/1693701641/ANAND KUMAR/9730917309,,24000.00,1440961.29
08/01/2023,ATM/WDL/3350618850/HDFC ATM KORAMANGALA,79.00,,1440882.29
08/01/2023,ATM/WDL/6666164637/CANARA ATM MYSURU,699.00,,1440183.29
09/01/2023,NEFT/83229875/VINAY PATIL/CNRB0226879/72549012655114,,24000.00,1464183.29
09/01/2023,UPI/DR/2102796316/SMITHA PILLAI/CNRB0226879/smitha966@oksbi,249.00,,1463934.29
10/01/2023,IMPS/P2P/0788029263/SANJANA HEGDE/7145875670,,7600.00,1471534.29
10/01/2023,UPI/DR/2986576341/MALLIKA DAS/CNRB0226879/mallika749@oksbi,7800.00,,1463734.29
10/01/2023,UPI/CR/65454994/KAVITHA RAO/CNRB0226879/kavitha164@okaxis,,2500.00,1466234.29
10/01/2023,IMPS/P2P/03982596/SUNIL YADAV/9546473781,,500.00,1466734.29
12/01/2023,IMPS/P2P/6014318796/RANJIT SINGH/7258120191,,500.00,1467234.29
12/01/2023,UPI/DR/14922719/BINDHU NAIR/CNRB0226879/bindhu211@ybl,699.00,,1466535.29
12/01/2023,UPI/DR/7708245700/MOHAN DAS/CNRB0226879/mohan501@okaxis,249.00,,1466286.29
13/01/2023,CHQ NO 125991 CLEARING,1680.00,,1464606.29
13/01/2023,UPI/DR/9757995563/SHAHID KHAN/CNRB0226879/shahid75@oksbi,310.00,,1464296.29
14/01/2023,NEFT/268762350590/BABU LAL/CNRB0226879/84044136464681,2380.00,,1461916.29
14/01/2023,NEFT/36168906/HARISH MENON/CNRB0226879/01558733311295,3499.00,,1458417.29
16/01/2023,UPI/DR/782240990268/RANJIT SINGH/CNRB0226879/ranjit876@paytm,49.00,,1458368.29
16/01/2023,ATM/WDL/48323801/CANARA ATM MYSURU,3499.00,,1454869.29
16/01/2023,ATM/WDL/2214811393/SBI ATM JAYANAGAR BLR,3499.00,,1451370.29
17/01/2023,CASH DEPOSIT/BRANCH COUNTER/MALLESWARAM BENGALURU,,32000.00,1483370.29
17/01/2023,UPI/DR/867041237435/SNEHA PATIL/CNRB0226879/sneha533@okaxis,310.00,,1483060.29
17/01/2023,CHQ NO 198137 CLEARING,3499.00,,1479561.29
17/01/2023,ATM/WDL/27378969/HDFC ATM KORAMANGALA,7800.00,,1471761.29
17/01/2023,NEFT/58243662/SUNITA DEVI/CNRB0226879/47016154079401,5200.00,,1466561.29
18/01/2023,NEFT/6938273631/NILESH KULKARNI/CNRB0226879/97463821879685,1250.00,,1465311.29
18/01/2023,NEFT/452915191450/POOJA SHARMA/CNRB0226879/84944455554671,449.00,,1464862.29
19/01/2023,UPI/DR/5856657947/VENKAT RAO/CNRB0226879/venkat279@paytm,7800.00,,1457062.29
19/01/2023,IMPS/P2P/1904325159/TANVI RAO/9881501987,,11200.00,1468262.29
19/01/2023,IMPS/P2P/081628042994/SURESH NAIR/7111355420,,32000.00,1500262.29
19/01/2023,CASH DEPOSIT/BRANCH COUNTER/MALLESWARAM BENGALURU,,18500.00,1518762.29
20/01/2023,CASH DEPOSIT/BRANCH COUNTER/MALLESWARAM BENGALURU,,24000.00,1542762.29
20/01/2023,NEFT/682979033574/VINAY PATIL/CNRB0226879/91136974562077,850.00,,1541912.29
22/01/2023,UPI/CR/84686779/SANTOSH KUMAR/CNRB0226879/santosh146@ybl,,24000.00,1565912.29
22/01/2023,UPI/DR/2519435095/SANTOSH KUMAR/CNRB0226879/santosh300@paytm,7800.00,,1558112.29
22/01/2023,UPI/DR/59759779/ARUN SHARMA/CNRB0226879/arun792@okhdfc,120.00,,1557992.29
23/01/2023,UPI/DR/463488551322/AYESHA KHAN/CNRB0226879/ayesha562@ybl,999.00,,1556993.29
23/01/2023,CASH DEPOSIT/BRANCH COUNTER/MALLESWARAM BENGALURU,,2500.00,1559493.29
23/01/2023,NEFT/121191984457/SHAHID KHAN/CNRB0226879/94554318078324,249.00,,1559244.29
23/01/2023,CASH DEPOSIT/BRANCH COUNTER/MALLESWARAM BENGALURU,,1200.00,1560444.29
23/01/2023,ATM/WDL/50772510/HDFC ATM KORAMANGALA,49.00,,1560395.29
24/01/2023,UPI/DR/541007893106/GEETA DEVI/CNRB0226879/geeta257@okhdfc,249.00,,1560146.29
24/01/2023,UPI/CR/1527676501/LAKSHMI VENKAT/CNRB0226879/lakshmi745@paytm,,2500.00,1562646.29
25/01/2023,NEFT/27006634/CHANDAN SHARMA/CNRB0226879/02052727447524,,32000.00,1594646.29
25/01/2023,UPI/DR/31584246/KIRAN REDDY/CNRB0226879/kiran861@oksbi,999.00,,1593647.29
25/01/2023,UPI/DR/404691736298/MEENA IYER/CNRB0226879/meena856@okhdfc,850.00,,1592797.29
26/01/2023,CASH DEPOSIT/BRANCH COUNTER/MALLESWARAM BENGALURU,,11200.00,1603997.29
26/01/2023,NEFT/743708940204/VIKRAM NAIR/CNRB0226879/73984769590012,249.00,,1603748.29
26/01/2023,NEFT/527938617852/SNEHA PATIL/CNRB0226879/91839378969328,49.00,,1603699.29
26/01/2023,IMPS/P2P/125773474424/SNEHA PATIL/9676142577,,11200.00,1614899.29
27/01/2023,UPI/CR/5963247302/SNEHA PATIL/CNRB0226879/sneha528@okaxis,,4800.00,1619699.29
27/01/2023,UPI/DR/7907710968/NIKHIL GUPTA/CNRB0226879/nikhil433@okaxis,3499.00,,1616200.29
27/01/2023,UPI/DR/9325401125/SUSHMA RAO/CNRB0226879/sushma920@paytm,79.00,,1616121.29
28/01/2023,UPI/DR/110709985364/DEEPA NAIR/CNRB0226879/deepa152@oksbi,850.00,,1615271.29
28/01/2023,UPI/DR/32750375/SHAHID KHAN/CNRB0226879/shahid159@paytm,999.00,,1614272.29
28/01/2023,NEFT/700540597299/VENKAT RAO/CNRB0226879/40815268521049,,18500.00,1632772.29
28/01/2023,IMPS/P2P/6560657907/SUNITA DEVI/9290635014,,18500.00,1651272.29
28/01/2023,UPI/CR/984650004569/ARJUN MEHTA/CNRB0226879/arjun15@okhdfc,,32000.00,1683272.29
28/01/2023,UPI/DR/5452740887/ANAND KUMAR/CNRB0226879/anand282@ybl,5200.00,,1678072.29
28/01/2023,UPI/DR/219053637282/SUNIL YADAV/CNRB0226879/sunil810@okaxis,7800.00,,1670272.29
30/01/2023,UPI/DR/122013238583/BABU LAL/CNRB0226879/babu843@okhdfc,7800.00,,1662472.29
30/01/2023,CHQ NO 128452 CLEARING,699.00,,1661773.29
31/01/2023,UPI/DR/7126402303/NAVEEN KUMAR/CNRB0226879/naveen982@paytm,79.00,,1661694.29
31/01/2023,UPI/DR/939846204084/LATHA MURTHY/CNRB0226879/latha450@ybl,850.00,,1660844.29
31/01/2023,CHQ NO 986539 CLEARING,79.00,,1660765.29
01/02/2023,CASH DEPOSIT/BRANCH COUNTER/MALLESWARAM BENGALURU,,18500.00,1679265.29
01/02/2023,UPI/CR/95620592/SUNIL YADAV/CNRB0226879/sunil445@okaxis,,4800.00,1684065.29
02/02/2023,UPI/DR/380910624986/DEEPAK JOSHI/CNRB0226879/deepak780@okhdfc,1250.00,,1682815.29
02/02/2023,UPI/DR/63181620/GANESH KUMAR/CNRB0226879/ganesh732@okaxis,120.00,,1682695.29
02/02/2023,UPI/DR/11642058/NAVEEN KUMAR/CNRB0226879/naveen291@okhdfc,699.00,,1681996.29
03/02/2023,CASH DEPOSIT/BRANCH COUNTER/MALLESWARAM BENGALURU,,18500.00,1700496.29
03/02/2023,UPI/CR/972236863281/MEENA IYER/CNRB0226879/meena581@ybl,,7600.00,1708096.29
03/02/2023,UPI/DR/060116280345/ANAND KUMAR/CNRB0226879/anand949@paytm,1250.00,,1706846.29
03/02/2023,UPI/DR/028605453821/ARUN SHARMA/CNRB0226879/arun584@ybl,699.00,,1706147.29
03/02/2023,IMPS/P2P/96040556/HARISH MENON/9849726740,,24000.00,1730147.29
04/02/2023,ATM/WDL/7034662684/SBI ATM JAYANAGAR BLR,310.00,,1729837.29
04/02/2023,ATM/WDL/0969541306/SBI ATM JAYANAGAR BLR,310.00,,1729527.29
05/02/2023,UPI/CR/9672785771/RESHMA KHAN/CNRB0226879/reshma291@ybl,,11200.00,1740727.29
06/02/2023,UPI/DR/7356656768/RAMESH PILLAI/CNRB0226879/ramesh972@oksbi,999.00,,1739728.29
07/02/2023,NEFT/6305496260/FARHAN KHAN/CNRB0226879/06630284346179,7800.00,,1731928.29
07/02/2023,NEFT/53298463/RANJIT SINGH/CNRB0226879/92735000746663,,1200.00,1733128.29
07/02/2023,NEFT/9052706112/SUNIL YADAV/CNRB0226879/11810771668423,2380.00,,1730748.29
08/02/2023,UPI/CR/451446595285/ARCHANA PILLAI/CNRB0226879/archana369@oksbi,,4800.00,1735548.29
09/02/2023,NEFT/42442631/SUSHMA RAO/CNRB0226879/74276874136539,7800.00,,1727748.29
10/02/2023,UPI/CR/08798336/RAHUL SINGH/CNRB0226879/rahul155@oksbi,,11200.00,1738948.29
10/02/2023,NEFT/17033078/CHANDAN SHARMA/CNRB0226879/33596718567481,,7600.00,1746548.29
10/02/2023,UPI/CR/44808956/SHAHID KHAN/CNRB0226879/shahid337@okaxis,,4800.00,1751348.29
11/02/2023,NEFT/60568963/RAVI KUMAR SHARMA/CNRB0226879/59223609734615,1680.00,,1749668.29
11/02/2023,ATM/WDL/6754571633/HDFC ATM KORAMANGALA,850.00,,1748818.29
11/02/2023,NEFT/4141531285/GOPAL VERMA/CNRB0226879/84138744837350,850.00,,1747968.29
13/02/2023,UPI/CR/37563501/DEEPAK JOSHI/CNRB0226879/deepak892@okaxis,,11200.00,1759168.29
13/02/2023,UPI/DR/3352163876/RAMESH PILLAI/CNRB0226879/ramesh323@ybl,7800.00,,1751368.29
14/02/2023,NEFT/51109087/POOJA SHARMA/CNRB0226879/22289233838576,,850.00,1752218.29
15/02/2023,ATM/WDL/707431412810/HDFC ATM KORAMANGALA,999.00,,1751219.29
15/02/2023,CHQ NO 182556 CLEARING,3499.00,,1747720.29
15/02/2023,NEFT/12718118/RESHMA KHAN/CNRB0226879/87036093159653,,2500.00,1750220.29
16/02/2023,NEFT/667732290852/AYESHA KHAN/CNRB0226879/96478523601587,999.00,,1749221.29
16/02/2023,CHQ NO 263309 CLEARING,699.00,,1748522.29
17/02/2023,NEFT/67792806/SANTOSH KUMAR/CNRB0226879/67941203678883,,7600.00,1756122.29
17/02/2023,IMPS/P2P/769037937320/RAMESH PILLAI/9409376673,,1200.00,1757322.29
17/02/2023,ATM/WDL/9601554737/SBI ATM JAYANAGAR BLR,120.00,,1757202.29
17/02/2023,ATM/WDL/00513143/HDFC ATM KORAMANGALA,49.00,,1757153.29
17/02/2023,CASH DEPOSIT/BRANCH COUNTER/MALLESWARAM BENGALURU,,850.00,1758003.29
18/02/2023,ATM/WDL/490013978059/CANARA ATM MYSURU,5200.00,,1752803.29
18/02/2023,ATM/WDL/45199297/CANARA ATM MYSURU,999.00,,1751804.29
19/02/2023,UPI/DR/999775574183/SNEHA PATIL/CNRB0226879/sneha532@okaxis,7800.00,,1744004.29
20/02/2023,CHQ NO 990300 CLEARING,49.00,,1743955.29
21/02/2023,UPI/DR/7612195582/USHA RANI/CNRB0226879/usha741@ybl,249.00,,1743706.29
21/02/2023,ATM/WDL/229768077567/HDFC ATM KORAMANGALA,999.00,,1742707.29
21/02/2023,UPI/DR/937901374688/PRIYA NAIR/CNRB0226879/priya40@okhdfc,49.00,,1742658.29
22/02/2023,ATM/WDL/569137322182/CANARA ATM MYSURU,1250.00,,1741408.29
22/02/2023,UPI/DR/596155535106/RAJENDRA PRASAD/CNRB0226879/rajendra141@ybl,1250.00,,1740158.29
22/02/2023,NEFT/884869175636/SUNITA DEVI/CNRB0226879/16732564569074,249.00,,1739909.29
22/02/2023,UPI/CR/3851611627/GOPAL VERMA/CNRB0226879/gopal704@paytm,,4800.00,1744709.29
22/02/2023,UPI/DR/27705724/MOHAN DAS/CNRB0226879/mohan832@oksbi,3499.00,,1741210.29
23/02/2023,NEFT/0435928929/LATHA MURTHY/CNRB0226879/63355648445742,3499.00,,1737711.29
23/02/2023,CASH DEPOSIT/BRANCH COUNTER/MALLESWARAM BENGALURU,,24000.00,1761711.29
23/02/2023,NEFT/567381618931/KAVERI MENON/CNRB0226879/19017242202336,,850.00,1762561.29
24/02/2023,NEFT/8073919081/SAVITHA DEVI/CNRB0226879/41398152400969,79.00,,1762482.29
24/02/2023,UPI/DR/612660633241/MEENA IYER/CNRB0226879/meena429@okaxis,49.00,,1762433.29
25/02/2023,NEFT/582677498080/USHA RANI/CNRB0226879/22686829849903,,18500.00,1780933.29
25/02/2023,UPI/DR/8940376862/SUSHMA RAO/CNRB0226879/sushma824@paytm,999.00,,1779934.29
25/02/2023,NEFT/5398365857/KIRAN REDDY/CNRB0226879/43691548110312,79.00,,1779855.29
25/02/2023,CHQ NO 934927 CLEARING,79.00,,1779776.29
25/02/2023,UPI/DR/422782722940/SHAHID KHAN/CNRB0226879/shahid646@ybl,2380.00,,1777396.29
26/02/2023,UPI/DR/4993447400/NILESH KULKARNI/CNRB0226879/nilesh917@paytm,1680.00,,1775716.29
27/02/2023,UPI/DR/7643648082/DEEPAK JOSHI/CNRB0226879/deepak419@okhdfc,2380.00,,1773336.29
27/02/2023,UPI/DR/0603111232/KAVYA REDDY/CNRB0226879/kavya821@ybl,3499.00,,1769837.29
28/02/2023,CHQ NO 614096 CLEARING,449.00,,1769388.29
28/02/2023,UPI/DR/304345282029/SURESH NAIR/CNRB0226879/suresh424@paytm,999.00,,1768389.29
28/02/2023,UPI/CR/6550744208/SUNITA DEVI/CNRB0226879/sunita61@okaxis,,18500.00,1786889.29
28/02/2023,CASH DEPOSIT/BRANCH COUNTER/MALLESWARAM BENGALURU,,7600.00,1794489.29
01/03/2023,ATM/WDL/071046721732/HDFC ATM KORAMANGALA,2380.00,,1792109.29
01/03/2023,ATM/WDL/481180430451/SBI ATM JAYANAGAR BLR,5200.00,,1786909.29
01/03/2023,UPI/DR/317387053723/SURESH NAIR/CNRB0226879/suresh187@paytm,249.00,,1786660.29
02/03/2023,NEFT/544596271927/VENKAT RAO/CNRB0226879/20961769359831,,11200.00,1797860.29
02/03/2023,NEFT/64981085/REKHA PILLAI/CNRB0226879/59285891280667,,32000.00,1829860.29
02/03/2023,UPI/DR/759906931962/FAILED/TimeOut/Padma Rao,5000.00,,1829860.29
03/03/2023,UPI/DR/46181134/NIKHIL GUPTA/CNRB0226879/nikhil696@ybl,310.00,,1829550.29
03/03/2023,NEFT/3450416380/PRAKASH RAO/CNRB0226879/12497313770777,2380.00,,1827170.29
04/03/2023,UPI/DR/89805634/NILESH KULKARNI/CNRB0226879/nilesh173@paytm,449.00,,1826721.29
04/03/2023,NEFT/56359505/FARHAN KHAN/CNRB0226879/80043879676929,79.00,,1826642.29
04/03/2023,CHQ NO 864353 CLEARING,3499.00,,1823143.29
04/03/2023,UPI/DR/5265863466/MOHAMMED IRFAN/CNRB0226879/mohammed531@okaxis,449.00,,1822694.29
05/03/2023,NEFT/9493385756/FARHAN KHAN/CNRB0226879/08025712452526,,2500.00,1825194.29
05/03/2023,IMPS/P2P/86720134/ARJUN MEHTA/9858935624,,32000.00,1857194.29
06/03/2023,NEFT/5686631729/NAVEEN KUMAR/CNRB0226879/45488818740693,49.00,,1857145.29
07/03/2023,UPI/DR/3390345970/RAJESH VERMA/CNRB0226879/rajesh171@oksbi,449.00,,1856696.29
07/03/2023,CHQ NO 312570 CLEARING,310.00,,1856386.29
07/03/2023,UPI/CR/39722819/VIKRAM NAIR/CNRB0226879/vikram490@okhdfc,,18500.00,1874886.29
07/03/2023,UPI/CR/97886856/DEEPA NAIR/CNRB0226879/deepa29@okhdfc,,850.00,1875736.29
07/03/2023,CASH DEPOSIT/BRANCH COUNTER/MALLESWARAM BENGALURU,,24000.00,1899736.29
08/03/2023,CASH DEPOSIT/BRANCH COUNTER/MALLESWARAM BENGALURU,,24000.00,1923736.29
09/03/2023,NEFT/052999866797/SURESH NAIR/CNRB0226879/49865431657708,,32000.00,1955736.29
10/03/2023,UPI/DR/706118714265/SUNITA DEVI/CNRB0226879/sunita968@okhdfc,49.00,,1955687.29
10/03/2023,UPI/DR/9829955744/MOHAN DAS/CNRB0226879/mohan175@ybl,850.00,,1954837.29
11/03/2023,UPI/DR/408322746487/TARA SINGH/CNRB0226879/tara97@paytm,2380.00,,1952457.29
11/03/2023,IMPS/P2P/7772986770/PRAKASH RAO/9892273587,,11200.00,1963657.29
11/03/2023,CASH DEPOSIT/BRANCH COUNTER/MALLESWARAM BENGALURU,,11200.00,1974857.29
12/03/2023,UPI/DR/47479265/POOJA SHARMA/CNRB0226879/pooja480@oksbi,310.00,,1974547.29
12/03/2023,UPI/CR/0170630005/PREETHI IYER/CNRB0226879/preethi379@okaxis,,7600.00,1982147.29
12/03/2023,UPI/DR/36328639/MOHAN DAS/CNRB0226879/mohan864@ybl,2380.00,,1979767.29
13/03/2023,CHQ NO 538178 CLEARING,2380.00,,1977387.29
13/03/2023,IMPS/P2P/576774652967/USHA RANI/9671501646,,4800.00,1982187.29
13/03/2023,UPI/CR/5200131140/ANAND KUMAR/CNRB0226879/anand836@oksbi,,11200.00,1993387.29
14/03/2023,UPI/CR/638693880222/PADMA RAO/CNRB0226879/padma801@okaxis,,500.00,1993887.29
14/03/2023,NEFT/42461837/HARISH MENON/CNRB0226879/10422560081707,699.00,,1993188.29
15/03/2023,UPI/DR/230957309982/ARCHANA PILLAI/CNRB0226879/archana847@ybl,999.00,,1992189.29
16/03/2023,UPI/DR/28176109/RANJIT SINGH/CNRB0226879/ranjit946@paytm,2380.00,,1989809.29
17/03/2023,UPI/DR/638884597515/ANITHA KRISHNAN/CNRB0226879/anitha399@paytm,1250.00,,1988559.29
17/03/2023,CHQ NO 035403 CLEARING,2380.00,,1986179.29
17/03/2023,NEFT/3144256202/BABU LAL/CNRB0226879/45872005228798,249.00,,1985930.29
17/03/2023,CHQ NO 612479 CLEARING,120.00,,1985810.29
18/03/2023,UPI/DR/384098592021/NIKHIL GUPTA/CNRB0226879/nikhil176@ybl,1680.00,,1984130.29
19/03/2023,UPI/CR/02438230/LALITHA DEVI/CNRB0226879/lalitha852@okaxis,,11200.00,1995330.29
19/03/2023,ATM/WDL/3332304404/SBI ATM JAYANAGAR BLR,310.00,,1995020.29
19/03/2023,UPI/DR/01841336/SAVITHA DEVI/CNRB0226879/savitha258@oksbi,999.00,,1994021.29
20/03/2023,UPI/DR/98040931/MEERA PILLAI/CNRB0226879/meera156@paytm,850.00,,1993171.29
20/03/2023,UPI/DR/304520316321/CHANDAN SHARMA/CNRB0226879/chandan401@oksbi,1680.00,,1991491.29
20/03/2023,UPI/DR/07268818/PREETHI IYER/CNRB0226879/preethi317@okaxis,310.00,,1991181.29
20/03/2023,ATM/WDL/149477612856/HDFC ATM KORAMANGALA,1250.00,,1989931.29
21/03/2023,UPI/DR/3881718375/IMRAN KHAN/CNRB0226879/imran248@oksbi,449.00,,1989482.29
21/03/2023,CASH DEPOSIT/BRANCH COUNTER/MALLESWARAM BENGALURU,,850.00,1990332.29
21/03/2023,ATM/WDL/93182398/SBI ATM JAYANAGAR BLR,699.00,,1989633.29
22/03/2023,CHQ NO 884238 CLEARING,49.00,,1989584.29
22/03/2023,UPI/DR/5594344367/KAVERI MENON/CNRB0226879/kaveri276@oksbi,449.00,,1989135.29
22/03/2023,CHQ NO 836504 CLEARING,850.00,,1988285.29
23/03/2023,NEFT/973093213160/NADIA HUSSAIN/CNRB0226879/24059449225936,3499.00,,1984786.29
23/03/2023,CASH DEPOSIT/BRANCH COUNTER/MALLESWARAM BENGALURU,,18500.00,2003286.29
23/03/2023,ATM/WDL/673195828424/CANARA ATM MYSURU,2380.00,,2000906.29
24/03/2023,NEFT/7276631669/SURESH NAIR/CNRB0226879/15433392131791,5200.00,,1995706.29
24/03/2023,UPI/DR/92094432/ADITYA KUMAR/CNRB0226879/aditya621@okaxis,7800.00,,1987906.29
24/03/2023,UPI/CR/31206361/IMRAN KHAN/CNRB0226879/imran56@ybl,,11200.00,1999106.29
24/03/2023,CHQ NO 400818 CLEARING,3499.00,,1995607.29
24/03/2023,NEFT/3862177624/ANAND KUMAR/CNRB0226879/61740761034455,,24000.00,2019607.29
25/03/2023,UPI/DR/14330222/KAVITHA RAO/CNRB0226879/kavitha259@ybl,7800.00,,2011807.29
26/03/2023,NEFT/177123186370/KARTHIK MENON/CNRB0226879/64967438872450,7800.00,,2004007.29
26/03/2023,NEFT/95875368/PREETHI IYER/CNRB0226879/94294421077105,79.00,,2003928.29
27/03/2023,UPI/DR/49574370/SMITHA PILLAI/CNRB0226879/smitha55@okaxis,310.00,,2003618.29
28/03/2023,NEFT/96968758/TARA SINGH/CNRB0226879/06319608550743,,4800.00,2008418.29
28/03/2023,UPI/DR/060997022061/SNEHA PATIL/CNRB0226879/sneha716@paytm,3499.00,,2004919.29
29/03/2023,UPI/CR/919901685798/SUNITA DEVI/CNRB0226879/sunita801@okaxis,,32000.00,2036919.29
29/03/2023,NEFT/7521956926/PADMA RAO/CNRB0226879/29024623754145,249.00,,2036670.29
29/03/2023,NEFT/08720067/POOJA SHARMA/CNRB0226879/36347717133589,,1200.00,2037870.29
30/03/2023,CASH DEPOSIT/BRANCH COUNTER/MALLESWARAM BENGALURU,,24000.00,2061870.29
30/03/2023,UPI/CR/556999043842/FARHAN KHAN/CNRB0226879/farhan715@okhdfc,,2500.00,2064370.29
30/03/2023,NEFT/85487864/NIKHIL GUPTA/CNRB0226879/93625891253891,449.00,,2063921.29
31/03/2023,CASH DEPOSIT/BRANCH COUNTER/MALLESWARAM BENGALURU,,7600.00,2071521.29
01/04/2023,UPI/DR/1842704621/PRIYA NAIR/CNRB0226879/priya123@okhdfc,850.00,,2070671.29
01/04/2023,UPI/DR/20203581/BABU LAL/CNRB0226879/babu205@ybl,699.00,,2069972.29
01/04/2023,UPI/DR/146732320980/ARJUN MEHTA/CNRB0226879/arjun722@paytm,2380.00,,2067592.29
01/04/2023,CASH DEPOSIT/BRANCH COUNTER/MALLESWARAM BENGALURU,,500.00,2068092.29
01/04/2023,NEFT/3084271134/PRIYA NAIR/CNRB0226879/92198874048958,,7600.00,2075692.29
01/04/2023,NEFT/4515575082/MALLIKA DAS/CNRB0226879/29440193862238,3499.00,,2072193.29
01/04/2023,CHQ NO 010418 CLEARING,1680.00,,2070513.29
01/04/2023,CHQ NO 683740 CLEARING,3499.00,,2067014.29
02/04/2023,UPI/DR/7052647198/BINDHU NAIR/CNRB0226879/bindhu98@ybl,699.00,,2066315.29
02/04/2023,NEFT/2624513608/KARTHIK MENON/CNRB0226879/97399993918139,,11200.00,2077515.29
02/04/2023,ATM/WDL/314591960398/HDFC ATM KORAMANGALA,449.00,,2077066.29
02/04/2023,NEFT/412799988493/KAVERI MENON/CNRB0226879/92605714338762,2380.00,,2074686.29
02/04/2023,CASH DEPOSIT/BRANCH COUNTER/MALLESWARAM BENGALURU,,2500.00,2077186.29
03/04/2023,NEFT/761851690286/RAJESH VERMA/CNRB0226879/72239457473333,,2500.00,2079686.29
03/04/2023,UPI/DR/1896492493/MOHAMMED IRFAN/CNRB0226879/mohammed75@okhdfc,7800.00,,2071886.29
03/04/2023,ATM/WDL/728888953199/SBI ATM JAYANAGAR BLR,1680.00,,2070206.29
03/04/2023,UPI/DR/9305391213/DIVYA MENON/CNRB0226879/divya997@okaxis,79.00,,2070127.29
03/04/2023,NEFT/11074475/SUSHMA RAO/CNRB0226879/42205235880904,,4800.00,2074927.29
04/04/2023,UPI/DR/24032514/VINAY PATIL/CNRB0226879/vinay17@ybl,79.00,,2074848.29
05/04/2023,UPI/CR/9659647794/VENKAT RAO/CNRB0226879/venkat755@ybl,,500.00,2075348.29
05/04/2023,NEFT/2201291155/SAVITHA DEVI/CNRB0226879/85620164809797,449.00,,2074899.29
05/04/2023,UPI/DR/3325488709/GANESH KUMAR/CNRB0226879/ganesh425@okhdfc,7800.00,,2067099.29
05/04/2023,UPI/DR/574766597229/KARTHIK MENON/CNRB0226879/karthik538@ybl,120.00,,2066979.29
05/04/2023,CASH DEPOSIT/BRANCH COUNTER/MALLESWARAM BENGALURU,,500.00,2067479.29
06/04/2023,UPI/DR/8180733195/MOHAN DAS/CNRB0226879/mohan347@okhdfc,249.00,,2067230.29
06/04/2023,CASH DEPOSIT/BRANCH COUNTER/MALLESWARAM BENGALURU,,2500.00,2069730.29
06/04/2023,ATM/WDL/201990156754/SBI ATM JAYANAGAR BLR,699.00,,2069031.29
06/04/2023,NEFT/263703133470/SNEHA PATIL/CNRB0226879/56960573851689,,850.00,2069881.29
07/04/2023,CHQ NO 376896 CLEARING,2380.00,,2067501.29
07/04/2023,CHQ NO 039722 CLEARING,1680.00,,2065821.29
07/04/2023,NEFT/197653153097/IMRAN KHAN/CNRB0226879/53939009225268,,2500.00,2068321.29
07/04/2023,NEFT/13823304/KIRAN REDDY/CNRB0226879/83343610241362,699.00,,2067622.29
08/04/2023,NEFT/3434679219/RAJENDRA PRASAD/CNRB0226879/73949832375943,249.00,,2067373.29
08/04/2023,UPI/DR/95605816/FATIMA SHEIKH/CNRB0226879/fatima979@ybl,120.00,,2067253.29
09/04/2023,CASH DEPOSIT/BRANCH COUNTER/MALLESWARAM BENGALURU,,2500.00,2069753.29
09/04/2023,IMPS/P2P/08245265/ARUN SHARMA/9913390141,,850.00,2070603.29
10/04/2023,UPI/DR/966322314807/MEERA PILLAI/CNRB0226879/meera524@okaxis,449.00,,2070154.29
10/04/2023,UPI/DR/62655852/DEEPAK JOSHI/CNRB0226879/deepak441@paytm,120.00,,2070034.29
10/04/2023,UPI/DR/8402260211/LALITHA DEVI/CNRB0226879/lalitha958@ybl,699.00,,2069335.29
12/04/2023,UPI/DR/3844475176/RANJIT SINGH/CNRB0226879/ranjit737@paytm,999.00,,2068336.29
13/04/2023,NEFT/095606410352/DEEPAK JOSHI/CNRB0226879/43051171345528,,2500.00,2070836.29
13/04/2023,UPI/DR/335389396412/RAHUL SINGH/CNRB0226879/rahul662@okaxis,3499.00,,2067337.29
13/04/2023,UPI/DR/589777368959/MOHAMMED IRFAN/CNRB0226879/mohammed692@okaxis,2380.00,,2064957.29
13/04/2023,CHQ NO 642462 CLEARING,5200.00,,2059757.29
14/04/2023,CHQ NO 663414 CLEARING,7800.00,,2051957.29
14/04/2023,NEFT/707002647397/NADIA HUSSAIN/CNRB0226879/87820815549177,,11200.00,2063157.29
14/04/2023,ATM/WDL/9183229460/SBI ATM JAYANAGAR BLR,310.00,,2062847.29
14/04/2023,UPI/CR/98174663/SMITHA PILLAI/CNRB0226879/smitha719@oksbi,,7600.00,2070447.29
15/04/2023,UPI/DR/365408331548/LALITHA DEVI/CNRB0226879/lalitha479@okhdfc,999.00,,2069448.29
15/04/2023,UPI/CR/962623233915/GOPAL VERMA/CNRB0226879/gopal212@oksbi,,4800.00,2074248.29
15/04/2023,NEFT/4996324690/SHEELA DEVI/CNRB0226879/78678553106116,,500.00,2074748.29
15/04/2023,CASH DEPOSIT/BRANCH COUNTER/MALLESWARAM BENGALURU,,4800.00,2079548.29
16/04/2023,ATM/WDL/216579418557/SBI ATM JAYANAGAR BLR,7800.00,,2071748.29
16/04/2023,ATM/WDL/2891296163/CANARA ATM MYSURU,7800.00,,2063948.29
16/04/2023,CHQ NO 588688 CLEARING,1680.00,,2062268.29
17/04/2023,ATM/WDL/12182587/HDFC ATM KORAMANGALA,999.00,,2061269.29
18/04/2023,UPI/CR/5822637933/PRAKASH RAO/CNRB0226879/prakash228@paytm,,1200.00,2062469.29
18/04/2023,UPI/DR/6939195857/ARCHANA PILLAI/CNRB0226879/archana89@paytm,449.00,,2062020.29
18/04/2023,NEFT/1815193864/IMRAN KHAN/CNRB0226879/43028168346659,49.00,,2061971.29
18/04/2023,CHQ NO 625690 CLEARING,2380.00,,2059591.29
18/04/2023,NEFT/257104881855/NIKHIL GUPTA/CNRB0226879/80548559924284,1250.00,,2058341.29
19/04/2023,NEFT/22571572/AYESHA KHAN/CNRB0226879/46238739263398,,2500.00,2060841.29
19/04/2023,UPI/DR/41096614/TARA SINGH/CNRB0226879/tara668@okhdfc,5200.00,,2055641.29
19/04/2023,ATM/WDL/0526393091/CANARA ATM MYSURU,79.00,,2055562.29
20/04/2023,NEFT/4060214101/GANESH KUMAR/CNRB0226879/58289700744528,1250.00,,2054312.29
21/04/2023,NEFT/0456128439/MOHAN DAS/CNRB0226879/69324392023879,,2500.00,2056812.29
21/04/2023,UPI/DR/9441107899/ARJUN MEHTA/CNRB0226879/arjun531@paytm,7800.00,,2049012.29
21/04/2023,UPI/DR/783925737472/MEERA PILLAI/CNRB0226879/meera557@oksbi,3499.00,,2045513.29
21/04/2023,CHQ NO 575588 CLEARING,120.00,,2045393.29
22/04/2023,UPI/DR/6497927432/SUNIL YADAV/CNRB0226879/sunil681@okhdfc,310.00,,2045083.29
22/04/2023,CASH DEPOSIT/BRANCH COUNTER/MALLESWARAM BENGALURU,,2500.00,2047583.29
23/04/2023,CHQ NO 357088 CLEARING,79.00,,2047504.29
23/04/2023,UPI/DR/162161483521/SURESH NAIR/CNRB0226879/suresh928@ybl,49.00,,2047455.29
23/04/2023,UPI/DR/666696130374/PRIYA NAIR/CNRB0226879/priya504@paytm,850.00,,2046605.29
23/04/2023,NEFT/6580311885/SUNIL YADAV/CNRB0226879/00419351908001,2380.00,,2044225.29
24/04/2023,CASH DEPOSIT/BRANCH COUNTER/MALLESWARAM BENGALURU,,7600.00,2051825.29
25/04/2023,UPI/DR/33710022/DIVYA MENON/CNRB0226879/divya911@oksbi,1680.00,,2050145.29
25/04/2023,CASH DEPOSIT/BRANCH COUNTER/MALLESWARAM BENGALURU,,1200.00,2051345.29
25/04/2023,ATM/WDL/27007436/CANARA ATM MYSURU,5200.00,,2046145.29
25/04/2023,NEFT/801147468598/LATHA MURTHY/CNRB0226879/39883517258607,,24000.00,2070145.29
26/04/2023,UPI/DR/5579077019/USHA RANI/CNRB0226879/usha627@oksbi,2380.00,,2067765.29
26/04/2023,IMPS/P2P/5142279327/KIRAN REDDY/8020936053,,500.00,2068265.29
26/04/2023,CASH DEPOSIT/BRANCH COUNTER/MALLESWARAM BENGALURU,,1200.00,2069465.29
27/04/2023,ATM/WDL/56007126/SBI ATM JAYANAGAR BLR,699.00,,2068766.29
27/04/2023,NEFT/8163565201/SHEELA DEVI/CNRB0226879/51179118625309,,11200.00,2079966.29
27/04/2023,UPI/DR/931616893718/IMRAN KHAN/CNRB0226879/imran109@paytm,49.00,,2079917.29
27/04/2023,UPI/DR/142216078993/TANVI RAO/CNRB0226879/tanvi407@okaxis,7800.00,,2072117.29
27/04/2023,NEFT/287303440840/DEEPAK JOSHI/CNRB0226879/80935516385864,,4800.00,2076917.29
28/04/2023,UPI/DR/181278305158/FATIMA SHEIKH/CNRB0226879/fatima335@okaxis,1250.00,,2075667.29
28/04/2023,NEFT/0100765982/GOPAL VERMA/CNRB0226879/15537512847022,1680.00,,2073987.29
29/04/2023,UPI/CR/7401450782/PRAKASH RAO/CNRB0226879/prakash740@oksbi,,7600.00,2081587.29
29/04/2023,UPI/DR/74290662/FARHAN KHAN/CNRB0226879/farhan334@okhdfc,7800.00,,2073787.29
29/04/2023,UPI/DR/00182780/FARHAN KHAN/CNRB0226879/farhan483@okaxis,120.00,,2073667.29
30/04/2023,CASH DEPOSIT/BRANCH COUNTER/MALLESWARAM BENGALURU,,7600.00,2081267.29
30/04/2023,CASH DEPOSIT/BRANCH COUNTER/MALLESWARAM BENGALURU,,7600.00,2088867.29
01/05/2023,UPI/DR/515326972320/FARHAN KHAN/CNRB0226879/farhan778@oksbi,1250.00,,2087617.29
01/05/2023,IMPS/P2P/666834994188/SURESH BABU/7421547123,,18500.00,2106117.29
01/05/2023,UPI/DR/39090420/RAMESH PILLAI/CNRB0226879/ramesh651@oksbi,1680.00,,2104437.29
01/05/2023,UPI/DR/24545717/KIRAN REDDY/CNRB0226879/kiran224@okaxis,1250.00,,2103187.29
02/05/2023,ATM/WDL/3572128538/CANARA ATM MYSURU,850.00,,2102337.29
02/05/2023,UPI/DR/183337153993/PRAKASH RAO/CNRB0226879/prakash357@okaxis,120.00,,2102217.29
02/05/2023,UPI/DR/514319276587/TANVI RAO/CNRB0226879/tanvi110@paytm,79.00,,2102138.29
03/05/2023,UPI/DR/046723083931/ARJUN MEHTA/CNRB0226879/arjun349@paytm,1250.00,,2100888.29
04/05/2023,ATM/WDL/61156462/HDFC ATM KORAMANGALA,49.00,,2100839.29
04/05/2023,UPI/DR/3549568153/SMITHA PILLAI/CNRB0226879/smitha325@paytm,1250.00,,2099589.29
04/05/2023,UPI/DR/88254310/SURESH NAIR/CNRB0226879/suresh994@ybl,249.00,,2099340.29
04/05/2023,NEFT/78546055/RAMESH PILLAI/CNRB0226879/83358971455344,7800.00,,2091540.29
05/05/2023,IMPS/P2P/45676757/SUSHMA RAO/9312812853,,850.00,2092390.29
05/05/2023,UPI/DR/94535486/DIVYA MENON/CNRB0226879/divya102@paytm,1680.00,,2090710.29
05/05/2023,CASH DEPOSIT/BRANCH COUNTER/MALLESWARAM BENGALURU,,500.00,2091210.29
05/05/2023,CHQ NO 561050 CLEARING,850.00,,2090360.29
06/05/2023,UPI/DR/09971687/SUNITA DEVI/CNRB0226879/sunita175@ybl,5200.00,,2085160.29
06/05/2023,UPI/DR/095664063029/DIVYA MENON/CNRB0226879/divya899@okhdfc,49.00,,2085111.29
06/05/2023,UPI/DR/61225751/GEETA DEVI/CNRB0226879/geeta942@okhdfc,120.00,,2084991.29
06/05/2023,CASH DEPOSIT/BRANCH COUNTER/MALLESWARAM BENGALURU,,850.00,2085841.29
07/05/2023,NEFT/05694261/ANAND KUMAR/CNRB0226879/49591870212579,999.00,,2084842.29
07/05/2023,IMPS/P2P/8752030997/LATHA MURTHY/9424023294,,32000.00,2116842.29
07/05/2023,UPI/DR/6331764196/RESHMA KHAN/CNRB0226879/reshma705@paytm,249.00,,2116593.29
07/05/2023,UPI/DR/6841520513/LAKSHMI VENKAT/CNRB0226879/lakshmi797@paytm,7800.00,,2108793.29
07/05/2023,UPI/DR/172073548242/HARISH MENON/CNRB0226879/harish426@okhdfc,999.00,,2107794.29
08/05/2023,IMPS/P2P/811319468013/ARUN SHARMA/7600215590,,32000.00,2139794.29
09/05/2023,UPI/CR/4126567976/MALLIKA DAS/CNRB0226879/mallika572@okaxis,,2500.00,2142294.29
10/05/2023,UPI/DR/3034226947/KARTHIK MENON/CNRB0226879/karthik310@okhdfc,1250.00,,2141044.29
10/05/2023,IMPS/P2P/097500188060/KARTHIK MENON/9374594403,,7600.00,2148644.29
10/05/2023,UPI/DR/960416203554/MOHAN DAS/CNRB0226879/mohan936@okaxis,120.00,,2148524.29
10/05/2023,CHQ NO 561830 CLEARING,2380.00,,2146144.29
11/05/2023,IMPS/P2P/5424627029/NADIA HUSSAIN/9235910606,,850.00,2146994.29
11/05/2023,CHQ NO 944094 CLEARING,5200.00,,2141794.29
11/05/2023,UPI/DR/22967091/SAVITHA DEVI/CNRB0226879/savitha487@ybl,7800.00,,2133994.29
11/05/2023,UPI/DR/15047367/VENKAT RAO/CNRB0226879/venkat344@oksbi,120.00,,2133874.29
12/05/2023,CHQ NO 019867 CLEARING,249.00,,2133625.29
12/05/2023,CHQ NO 724865 CLEARING,79.00,,2133546.29
12/05/2023,UPI/DR/53189987/SHAHID KHAN/CNRB0226879/shahid474@okaxis,310.00,,2133236.29
13/05/2023,UPI/DR/95250397/KARTHIK MENON/CNRB0226879/karthik798@paytm,3499.00,,2129737.29
14/05/2023,NEFT/2947548671/MOHAMMED IRFAN/CNRB0226879/09269867027326,,7600.00,2137337.29
14/05/2023,CHQ NO 161034 CLEARING,850.00,,2136487.29
15/05/2023,NEFT/3120077210/SUNITA DEVI/CNRB0226879/17037752033973,,500.00,2136987.29
18/05/2023,UPI/DR/735724574136/SUNIL YADAV/CNRB0226879/sunil928@okaxis,1680.00,,2135307.29
19/05/2023,UPI/DR/2195168533/PADMA RAO/CNRB0226879/padma178@oksbi,2380.00,,2132927.29
19/05/2023,NEFT/9509389586/SURESH NAIR/CNRB0226879/70856029531865,,850.00,2133777.29
19/05/2023,ATM/WDL/846552350064/HDFC ATM KORAMANGALA,310.00,,2133467.29
21/05/2023,UPI/DR/28713047/GOPAL VERMA/CNRB0226879/gopal293@paytm,7800.00,,2125667.29
21/05/2023,CASH DEPOSIT/BRANCH COUNTER/MALLESWARAM BENGALURU,,2500.00,2128167.29
22/05/2023,CASH DEPOSIT/BRANCH COUNTER/MALLESWARAM BENGALURU,,1200.00,2129367.29
22/05/2023,NEFT/1032214498/TANVI RAO/CNRB0226879/27562234404525,699.00,,2128668.29
22/05/2023,ATM/WDL/019358460837/CANARA ATM MYSURU,449.00,,2128219.29
22/05/2023,ATM/WDL/3450364897/HDFC ATM KORAMANGALA,699.00,,2127520.29
23/05/2023,UPI/CR/742521303067/FARHAN KHAN/CNRB0226879/farhan562@paytm,,7600.00,2135120.29
23/05/2023,NEFT/30880078/LALITHA DEVI/CNRB0226879/23715575911259,,24000.00,2159120.29
24/05/2023,UPI/DR/523886145457/ANITHA KRISHNAN/CNRB0226879/anitha906@oksbi,5200.00,,2153920.29
24/05/2023,UPI/DR/7985728425/SUNIL YADAV/CNRB0226879/sunil267@paytm,850.00,,2153070.29
24/05/2023,NEFT/0373508219/KAVERI MENON/CNRB0226879/24985791663705,,18500.00,2171570.29
24/05/2023,UPI/CR/997375514265/FARHAN KHAN/CNRB0226879/farhan271@oksbi,,32000.00,2203570.29
24/05/2023,UPI/DR/06261854/KAVITHA RAO/CNRB0226879/kavitha357@okaxis,1680.00,,2201890.29
25/05/2023,ATM/WDL/7638713061/HDFC ATM KORAMANGALA,449.00,,2201441.29
25/05/2023,UPI/DR/526273523473/FARHAN KHAN/CNRB0226879/farhan158@paytm,2380.00,,2199061.29
25/05/2023,UPI/DR/17130033/ANITHA KRISHNAN/CNRB0226879/anitha708@ybl,5200.00,,2193861.29
25/05/2023,ATM/WDL/919304580764/CANARA ATM MYSURU,7800.00,,2186061.29
26/05/2023,UPI/DR/5652867194/FARHAN KHAN/CNRB0226879/farhan348@paytm,449.00,,2185612.29
26/05/2023,IMPS/P2P/056501012232/FARHAN KHAN/8736044839,,24000.00,2209612.29
26/05/2023,UPI/DR/85151101/POOJA SHARMA/CNRB0226879/pooja26@ybl,850.00,,2208762.29
26/05/2023,CHQ NO 442425 CLEARING,2380.00,,2206382.29
26/05/2023,UPI/CR/5051406633/NAVEEN KUMAR/CNRB0226879/naveen195@okhdfc,,32000.00,2238382.29
27/05/2023,IMPS/P2P/16996452/PRAKASH RAO/7635763485,,24000.00,2262382.29
28/05/2023,UPI/DR/32678630/TANVI RAO/CNRB0226879/tanvi182@okaxis,79.00,,2262303.29
28/05/2023,CHQ NO 621190 CLEARING,1680.00,,2260623.29
28/05/2023,UPI/DR/10641722/ANAND KUMAR/CNRB0226879/anand935@okaxis,999.00,,2259624.29
28/05/2023,CASH DEPOSIT/BRANCH COUNTER/MALLESWARAM BENGALURU,,2500.00,2262124.29
29/05/2023,NEFT/4692713181/HARISH MENON/CNRB0226879/09141054509443,3499.00,,2258625.29
29/05/2023,UPI/DR/14810872/ARCHANA PILLAI/CNRB0226879/archana118@okhdfc,2380.00,,2256245.29
29/05/2023,IMPS/P2P/364873922579/GANESH KUMAR/8730808424,,500.00,2256745.29
30/05/2023,NEFT/8030548825/SUSHMA RAO/CNRB0226879/59310486223005,249.00,,2256496.29
31/05/2023,UPI/CR/3791060237/RESHMA KHAN/CNRB0226879/reshma277@oksbi,,18500.00,2274996.29
31/05/2023,UPI/DR/8925572092/BABU LAL/CNRB0226879/babu579@paytm,1250.00,,2273746.29
31/05/2023,NEFT/0948462914/ADITYA KUMAR/CNRB0226879/22083724730604,,18500.00,2292246.29
31/05/2023,ATM/WDL/017692726355/CANARA ATM MYSURU,850.00,,2291396.29
31/05/2023,UPI/DR/17103988/VINAY PATIL/CNRB0226879/vinay407@okhdfc,2380.00,,2289016.29
31/05/2023,CHQ NO 587627 CLEARING,7800.00,,2281216.29
01/06/2023,CASH DEPOSIT/BRANCH COUNTER/MALLESWARAM BENGALURU,,11200.00,2292416.29
03/06/2023,UPI/DR/18323145/SUNIL YADAV/CNRB0226879/sunil307@paytm,850.00,,2291566.29
03/06/2023,UPI/DR/5285864211/ARUN SHARMA/CNRB0226879/arun85@okaxis,850.00,,2290716.29
03/06/2023,CASH DEPOSIT/BRANCH COUNTER/MALLESWARAM BENGALURU,,4800.00,2295516.29
05/06/2023,UPI/DR/3314659775/DEEPA NAIR/CNRB0226879/deepa541@paytm,2380.00,,2293136.29
05/06/2023,CHQ NO 681868 CLEARING,3499.00,,2289637.29
06/06/2023,CHQ NO 284657 CLEARING,1250.00,,2288387.29
06/06/2023,UPI/DR/5722049308/RAHUL SINGH/CNRB0226879/rahul861@ybl,699.00,,2287688.29
06/06/2023,CASH DEPOSIT/BRANCH COUNTER/MALLESWARAM BENGALURU,,18500.00,2306188.29
07/06/2023,UPI/CR/0535771537/LALITHA DEVI/CNRB0226879/lalitha887@oksbi,,2500.00,2308688.29
07/06/2023,CASH DEPOSIT/BRANCH COUNTER/MALLESWARAM BENGALURU,,11200.00,2319888.29
07/06/2023,UPI/DR/0553132321/MALLIKA DAS/CNRB0226879/mallika466@okhdfc,850.00,,2319038.29
08/06/2023,UPI/DR/9410861697/LALITHA DEVI/CNRB0226879/lalitha597@ybl,1680.00,,2317358.29
10/06/2023,NEFT/18752671/REKHA PILLAI/CNRB0226879/74510110280374,3499.00,,2313859.29
11/06/2023,CASH DEPOSIT/BRANCH COUNTER/MALLESWARAM BENGALURU,,32000.00,2345859.29
11/06/2023,CHQ NO 399216 CLEARING,120.00,,2345739.29
12/06/2023,UPI/DR/21105622/LAKSHMI VENKAT/CNRB0226879/lakshmi918@okhdfc,79.00,,2345660.29
13/06/2023,NEFT/95610844/MALLIKA DAS/CNRB0226879/87052095766339,310.00,,2345350.29
13/06/2023,CASH DEPOSIT/BRANCH COUNTER/MALLESWARAM BENGALURU,,500.00,2345850.29
13/06/2023,UPI/DR/10108149/VENKAT RAO/CNRB0226879/venkat690@paytm,49.00,,2345801.29
13/06/2023,CHQ NO 905457 CLEARING,449.00,,2345352.29
13/06/2023,UPI/CR/289281090026/SANTOSH KUMAR/CNRB0226879/santosh51@ybl,,850.00,2346202.29
14/06/2023,ATM/WDL/254510062588/HDFC ATM KORAMANGALA,1250.00,,2344952.29
14/06/2023,NEFT/59056343/TARA SINGH/CNRB0226879/17842650170328,,18500.00,2363452.29
14/06/2023,UPI/DR/023358209443/ROHIT SHARMA/CNRB0226879/rohit516@paytm,1680.00,,2361772.29
15/06/2023,ATM/WDL/93432930/HDFC ATM KORAMANGALA,7800.00,,2353972.29
15/06/2023,CASH DEPOSIT/BRANCH COUNTER/MALLESWARAM BENGALURU,,4800.00,2358772.29
16/06/2023,ATM/WDL/18774819/SBI ATM JAYANAGAR BLR,3499.00,,2355273.29
16/06/2023,UPI/DR/94731712/HARISH MENON/CNRB0226879/harish996@paytm,310.00,,2354963.29
17/06/2023,NEFT/5310517652/RAJESH VERMA/CNRB0226879/44590521200530,,500.00,2355463.29
17/06/2023,UPI/DR/1252103964/POOJA SHARMA/CNRB0226879/pooja943@ybl,249.00,,2355214.29
18/06/2023,NEFT/9034489994/PADMA RAO/CNRB0226879/37299986810713,,2500.00,2357714.29
18/06/2023,UPI/DR/0127649963/SUNITA DEVI/CNRB0226879/sunita656@paytm,7800.00,,2349914.29
18/06/2023,UPI/CR/41538655/DEEPA NAIR/CNRB0226879/deepa713@okhdfc,,24000.00,2373914.29
19/06/2023,UPI/CR/470468126546/ADITYA KUMAR/CNRB0226879/aditya488@oksbi,,1200.00,2375114.29
19/06/2023,ATM/WDL/68790195/CANARA ATM MYSURU,3499.00,,2371615.29
19/06/2023,CASH DEPOSIT/BRANCH COUNTER/MALLESWARAM BENGALURU,,2500.00,2374115.29
20/06/2023,IMPS/P2P/994242697467/MOHAN DAS/8889883942,,24000.00,2398115.29
20/06/2023,UPI/DR/5765061288/CHANDAN SHARMA/CNRB0226879/chandan759@paytm,699.00,,2397416.29
21/06/2023,NEFT/999935382819/VIKRAM NAIR/CNRB0226879/09645705771812,,500.00,2397916.29
21/06/2023,CASH DEPOSIT/BRANCH COUNTER/MALLESWARAM BENGALURU,,2500.00,2400416.29
21/06/2023,IMPS/P2P/772581300962/SURESH BABU/9801906541,,1200.00,2401616.29
22/06/2023,UPI/DR/31681249/KAVERI MENON/CNRB0226879/kaveri743@okaxis,7800.00,,2393816.29
22/06/2023,UPI/DR/899756034137/LATHA MURTHY/CNRB0226879/latha551@paytm,2380.00,,2391436.29
22/06/2023,UPI/CR/781296377893/MEERA PILLAI/CNRB0226879/meera63@ybl,,32000.00,2423436.29
22/06/2023,NEFT/0767705838/TARA SINGH/CNRB0226879/05905923220358,1680.00,,2421756.29
22/06/2023,UPI/CR/451855756238/POOJA SHARMA/CNRB0226879/pooja544@paytm,,32000.00,2453756.29
23/06/2023,CHQ NO 821905 CLEARING,2380.00,,2451376.29
24/06/2023,CHQ NO 421479 CLEARING,449.00,,2450927.29
24/06/2023,CASH DEPOSIT/BRANCH COUNTER/MALLESWARAM BENGALURU,,500.00,2451427.29
25/06/2023,UPI/DR/8461936417/DIVYA MENON/CNRB0226879/divya590@paytm,449.00,,2450978.29
25/06/2023,UPI/DR/643577526277/REKHA PILLAI/CNRB0226879/rekha140@paytm,249.00,,2450729.29
25/06/2023,NEFT/942959060138/RAJESH VERMA/CNRB0226879/97280998566216,,32000.00,2482729.29
26/06/2023,UPI/DR/224019492670/GANESH KUMAR/CNRB0226879/ganesh258@okaxis,120.00,,2482609.29
27/06/2023,UPI/DR/305664198729/MEENA IYER/CNRB0226879/meena463@oksbi,5200.00,,2477409.29
27/06/2023,UPI/CR/667174275540/PRAKASH RAO/CNRB0226879/prakash487@paytm,,2500.00,2479909.29
28/06/2023,UPI/DR/190146124850/ANITHA KRISHNAN/CNRB0226879/anitha127@ybl,5200.00,,2474709.29
29/06/2023,UPI/DR/66383177/SANJANA HEGDE/CNRB0226879/sanjana531@paytm,2380.00,,2472329.29
29/06/2023,CHQ NO 935511 CLEARING,449.00,,2471880.29
30/06/2023,UPI/DR/339113251043/RANJIT SINGH/CNRB0226879/ranjit250@paytm,850.00,,2471030.29
30/06/2023,NEFT/805675343894/NILESH KULKARNI/CNRB0226879/10560180814840,,32000.00,2503030.29
30/06/2023,ATM/WDL/131996739567/CANARA ATM MYSURU,3499.00,,2499531.29
30/06/2023,UPI/CR/256751035980/KAVYA REDDY/CNRB0226879/kavya525@paytm,,32000.00,2531531.29
30/06/2023,NEFT/01292131/SURESH BABU/CNRB0226879/95705631492186,,7600.00,2539131.29
01/07/2023,ATM/WDL/254199727345/CANARA ATM MYSURU,699.00,,2538432.29
01/07/2023,UPI/DR/72600665/DEEPA NAIR/CNRB0226879/deepa281@okhdfc,2380.00,,2536052.29
01/07/2023,NEFT/823547960311/SANTOSH KUMAR/CNRB0226879/20937622226904,79.00,,2535973.29
01/07/2023,ATM/WDL/21743469/CANARA ATM MYSURU,1680.00,,2534293.29
02/07/2023,CHQ NO 376177 CLEARING,7800.00,,2526493.29
02/07/2023,IMPS/P2P/528041771034/PADMA RAO/9069863496,,500.00,2526993.29
02/07/2023,NEFT/9299168593/BABU LAL/CNRB0226879/43387635282155,,11200.00,2538193.29
02/07/2023,NEFT/9457532392/MEENA IYER/CNRB0226879/55946937067728,1250.00,,2536943.29
03/07/2023,CHQ NO 467232 CLEARING,699.00,,2536244.29
03/07/2023,CASH DEPOSIT/BRANCH COUNTER/MALLESWARAM BENGALURU,,18500.00,2554744.29
03/07/2023,UPI/DR/1421150038/TARA SINGH/CNRB0226879/tara508@okaxis,120.00,,2554624.29
03/07/2023,UPI/CR/446540425788/SURESH BABU/CNRB0226879/suresh787@okhdfc,,32000.00,2586624.29
04/07/2023,UPI/CR/7118211880/KAVYA REDDY/CNRB0226879/kavya809@okaxis,,32000.00,2618624.29
05/07/2023,CASH DEPOSIT/BRANCH COUNTER/MALLESWARAM BENGALURU,,500.00,2619124.29
05/07/2023,UPI/DR/754210341176/POOJA SHARMA/CNRB0226879/pooja868@okhdfc,49.00,,2619075.29
05/07/2023,UPI/DR/4302845066/CHANDAN SHARMA/CNRB0226879/chandan648@ybl,49.00,,2619026.29
06/07/2023,NEFT/0433616853/SANJANA HEGDE/CNRB0226879/03637561629164,,500.00,2619526.29
06/07/2023,UPI/CR/0742587737/FATIMA SHEIKH/CNRB0226879/fatima417@okaxis,,32000.00,2651526.29
07/07/2023,NEFT/6466707751/FARHAN KHAN/CNRB0226879/91644302027347,249.00,,2651277.29
07/07/2023,NEFT/025442103037/GEETA DEVI/CNRB0226879/33054033564276,310.00,,2650967.29
07/07/2023,UPI/CR/396560046679/ADITYA KUMAR/CNRB0226879/aditya835@okhdfc,,11200.00,2662167.29
07/07/2023,NEFT/2737547585/MOHAMMED IRFAN/CNRB0226879/20745551223379,850.00,,2661317.29
08/07/2023,ATM/WDL/5518088653/SBI ATM JAYANAGAR BLR,999.00,,2660318.29
08/07/2023,NEFT/07197356/ARJUN MEHTA/CNRB0226879/73609111855334,1250.00,,2659068.29
08/07/2023,ATM/WDL/068104161437/CANARA ATM MYSURU,7800.00,,2651268.29
09/07/2023,ATM/WDL/2504157367/SBI ATM JAYANAGAR BLR,850.00,,2650418.29
10/07/2023,UPI/DR/56912796/RAHUL SINGH/CNRB0226879/rahul643@oksbi,7800.00,,2642618.29
10/07/2023,ATM/WDL/902339656361/CANARA ATM MYSURU,7800.00,,2634818.29
10/07/2023,CHQ NO 073135 CLEARING,120.00,,2634698.29
11/07/2023,IMPS/P2P/1154163653/RAHUL SINGH/7602065272,,1200.00,2635898.29
11/07/2023,UPI/CR/8528281996/RESHMA KHAN/CNRB0226879/reshma852@ybl,,850.00,2636748.29
12/07/2023,NEFT/21636169/GEETA DEVI/CNRB0226879/06672271093691,2380.00,,2634368.29
13/07/2023,CHQ NO 729730 CLEARING,999.00,,2633369.29
13/07/2023,NEFT/1606549391/SUNIL YADAV/CNRB0226879/14962998739743,,1200.00,2634569.29
14/07/2023,UPI/DR/469164067522/IMRAN KHAN/CNRB0226879/imran606@oksbi,999.00,,2633570.29
14/07/2023,ATM/WDL/250786288214/SBI ATM JAYANAGAR BLR,999.00,,2632571.29
15/07/2023,UPI/DR/844615080201/MOHAN DAS/CNRB0226879/mohan709@okaxis,2380.00,,2630191.29
15/07/2023,UPI/DR/44646400/KAVITHA RAO/CNRB0226879/kavitha309@ybl,120.00,,2630071.29
16/07/2023,NEFT/609846413444/PREETHI IYER/CNRB0226879/37682485939127,,850.00,2630921.29
16/07/2023,UPI/DR/534146710359/SHAHID KHAN/CNRB0226879/shahid67@oksbi,699.00,,2630222.29
16/07/2023,NEFT/652078881180/KARTHIK MENON/CNRB0226879/04188302774846,,7600.00,2637822.29
16/07/2023,UPI/DR/66613066/SANJANA HEGDE/CNRB0226879/sanjana526@okhdfc,310.00,,2637512.29
17/07/2023,UPI/DR/34323569/NADIA HUSSAIN/CNRB0226879/nadia31@okhdfc,999.00,,2636513.29
17/07/2023,ATM/WDL/74220583/HDFC ATM KORAMANGALA,699.00,,2635814.29
17/07/2023,NEFT/428393926757/VINAY PATIL/CNRB0226879/81516499963512,5200.00,,2630614.29
17/07/2023,UPI/DR/8366299813/NILESH KULKARNI/CNRB0226879/nilesh302@paytm,310.00,,2630304.29
18/07/2023,NEFT/95114512/SUSHMA RAO/CNRB0226879/51490484346753,,2500.00,2632804.29
18/07/2023,IMPS/P2P/14054246/SURESH NAIR/8838881499,,1200.00,2634004.29
19/07/2023,UPI/DR/823985945670/KIRAN REDDY/CNRB0226879/kiran823@paytm,1680.00,,2632324.29
19/07/2023,UPI/DR/04324379/PREETHI IYER/CNRB0226879/preethi524@okhdfc,999.00,,2631325.29
19/07/2023,CHQ NO 659799 CLEARING,79.00,,2631246.29
20/07/2023,NEFT/44446942/SUNIL YADAV/CNRB0226879/14970002819298,,32000.00,2663246.29
20/07/2023,ATM/WDL/1911214023/HDFC ATM KORAMANGALA,249.00,,2662997.29
20/07/2023,CHQ NO 987280 CLEARING,1250.00,,2661747.29
20/07/2023,CASH DEPOSIT/BRANCH COUNTER/MALLESWARAM BENGALURU,,24000.00,2685747.29
20/07/2023,NEFT/3192592698/PRIYA NAIR/CNRB0226879/79414382892716,5200.00,,2680547.29
22/07/2023,UPI/CR/69147486/SUNIL YADAV/CNRB0226879/sunil314@okaxis,,850.00,2681397.29
22/07/2023,CASH DEPOSIT/BRANCH COUNTER/MALLESWARAM BENGALURU,,11200.00,2692597.29
22/07/2023,CASH DEPOSIT/BRANCH COUNTER/MALLESWARAM BENGALURU,,500.00,2693097.29
22/07/2023,NEFT/5927043766/KAVERI MENON/CNRB0226879/28033761422766,,2500.00,2695597.29
23/07/2023,CHQ NO 196675 CLEARING,699.00,,2694898.29
24/07/2023,CASH DEPOSIT/BRANCH COUNTER/MALLESWARAM BENGALURU,,24000.00,2718898.29
24/07/2023,UPI/CR/90355039/DEEPAK JOSHI/CNRB0226879/deepak799@ybl,,7600.00,2726498.29
25/07/2023,UPI/DR/618809004066/DIVYA MENON/CNRB0226879/divya427@oksbi,1680.00,,2724818.29
25/07/2023,CHQ NO 625290 CLEARING,7800.00,,2717018.29
25/07/2023,UPI/DR/87081493/NAVEEN KUMAR/CNRB0226879/naveen244@okhdfc,850.00,,2716168.29
25/07/2023,UPI/DR/18070627/PRIYA NAIR/CNRB0226879/priya136@oksbi,79.00,,2716089.29
25/07/2023,UPI/DR/354491633568/RAJESH VERMA/CNRB0226879/rajesh543@okhdfc,120.00,,2715969.29
26/07/2023,IMPS/P2P/5820330761/RAVI KUMAR SHARMA/8478203580,,4800.00,2720769.29
27/07/2023,UPI/DR/288899507587/SAVITHA DEVI/CNRB0226879/savitha43@okaxis,120.00,,2720649.29
27/07/2023,UPI/DR/94039341/RAMESH GOWDA/CNRB0226879/ramesh977@okhdfc,699.00,,2719950.29
28/07/2023,UPI/DR/04561349/RAMESH PILLAI/CNRB0226879/ramesh636@okhdfc,310.00,,2719640.29
28/07/2023,UPI/DR/76275957/ANAND KUMAR/CNRB0226879/anand594@ybl,999.00,,2718641.29
28/07/2023,NEFT/459586327113/MOHAMMED IRFAN/CNRB0226879/98785683470285,249.00,,2718392.29
28/07/2023,ATM/WDL/290397906819/HDFC ATM KORAMANGALA,49.00,,2718343.29
29/07/2023,ATM/WDL/142724618148/HDFC ATM KORAMANGALA,449.00,,2717894.29
29/07/2023,CHQ NO 460699 CLEARING,249.00,,2717645.29
30/07/2023,ATM/WDL/112476814777/SBI ATM JAYANAGAR BLR,1680.00,,2715965.29
30/07/2023,CHQ NO 699287 CLEARING,7800.00,,2708165.29
30/07/2023,CASH DEPOSIT/BRANCH COUNTER/MALLESWARAM BENGALURU,,4800.00,2712965.29
30/07/2023,UPI/CR/47232713/KAVITHA RAO/CNRB0226879/kavitha676@paytm,,4800.00,2717765.29
30/07/2023,UPI/DR/349731276486/GOPAL VERMA/CNRB0226879/gopal739@okhdfc,449.00,,2717316.29
31/07/2023,NEFT/696887174328/REKHA PILLAI/CNRB0226879/74255693106394,120.00,,2717196.29
31/07/2023,UPI/DR/8133089609/VENKAT RAO/CNRB0226879/venkat718@ybl,3499.00,,2713697.29
31/07/2023,ATM/WDL/263334555778/HDFC ATM KORAMANGALA,699.00,,2712998.29
01/08/2023,UPI/DR/051793121733/MOHAN DAS/CNRB0226879/mohan973@okaxis,310.00,,2712688.29
01/08/2023,NEFT/8290505250/SURESH NAIR/CNRB0226879/01290205681075,249.00,,2712439.29
02/08/2023,UPI/DR/78074305/POOJA SHARMA/CNRB0226879/pooja307@paytm,1680.00,,2710759.29
02/08/2023,NEFT/497005171310/USHA RANI/CNRB0226879/05724354907813,2380.00,,2708379.29
02/08/2023,UPI/DR/0318320416/PRIYA NAIR/CNRB0226879/priya168@oksbi,310.00,,2708069.29
03/08/2023,UPI/DR/0128679902/FATIMA SHEIKH/CNRB0226879/fatima884@ybl,699.00,,2707370.29
05/08/2023,CASH DEPOSIT/BRANCH COUNTER/MALLESWARAM BENGALURU,,32000.00,2739370.29
05/08/2023,NEFT/427563689621/REKHA PILLAI/CNRB0226879/55429030382427,,500.00,2739870.29
05/08/2023,CHQ NO 789991 CLEARING,850.00,,2739020.29
05/08/2023,NEFT/33721510/BINDHU NAIR/CNRB0226879/26937556086819,,850.00,2739870.29
06/08/2023,ATM/WDL/79442538/HDFC ATM KORAMANGALA,1680.00,,2738190.29
06/08/2023,ATM/WDL/88775697/SBI ATM JAYANAGAR BLR,699.00,,2737491.29
07/08/2023,UPI/DR/710643413457/ANAND KUMAR/CNRB0226879/anand98@ybl,79.00,,2737412.29
07/08/2023,ATM/WDL/38056397/HDFC ATM KORAMANGALA,850.00,,2736562.29
08/08/2023,NEFT/056102853548/NIKHIL GUPTA/CNRB0226879/61967433055362,,850.00,2737412.29
09/08/2023,CASH DEPOSIT/BRANCH COUNTER/MALLESWARAM BENGALURU,,4800.00,2742212.29
09/08/2023,ATM/WDL/4723906582/SBI ATM JAYANAGAR BLR,49.00,,2742163.29
10/08/2023,NEFT/9298993608/DEEPAK JOSHI/CNRB0226879/89169703096875,,4800.00,2746963.29
11/08/2023,IMPS/P2P/329077691421/FARHAN KHAN/7039442543,,32000.00,2778963.29
12/08/2023,UPI/DR/4959127964/FARHAN KHAN/CNRB0226879/farhan504@oksbi,3499.00,,2775464.29
13/08/2023,IMPS/P2P/125777745398/MOHAN DAS/9057148389,,24000.00,2799464.29
13/08/2023,IMPS/P2P/3400014627/NILESH KULKARNI/8118359644,,850.00,2800314.29
14/08/2023,ATM/WDL/0128740409/SBI ATM JAYANAGAR BLR,3499.00,,2796815.29
14/08/2023,CHQ NO 670826 CLEARING,2380.00,,2794435.29
14/08/2023,NEFT/6288478474/DIVYA MENON/CNRB0226879/19431265218249,,24000.00,2818435.29
15/08/2023,CASH DEPOSIT/BRANCH COUNTER/MALLESWARAM BENGALURU,,11200.00,2829635.29
15/08/2023,UPI/DR/99060110/RAVI KUMAR SHARMA/CNRB0226879/ravi49@paytm,249.00,,2829386.29
15/08/2023,UPI/DR/20811249/KAVYA REDDY/CNRB0226879/kavya493@okaxis,1680.00,,2827706.29
15/08/2023,NEFT/45760143/ARCHANA PILLAI/CNRB0226879/84573307252682,,500.00,2828206.29
16/08/2023,UPI/DR/077156642802/SUNITA DEVI/CNRB0226879/sunita379@oksbi,310.00,,2827896.29
16/08/2023,UPI/DR/629056657807/MEENA IYER/CNRB0226879/meena19@okhdfc,49.00,,2827847.29
16/08/2023,CHQ NO 565661 CLEARING,7800.00,,2820047.29
16/08/2023,UPI/DR/66628351/SANTOSH KUMAR/CNRB0226879/santosh831@okhdfc,1680.00,,2818367.29
17/08/2023,NEFT/609079986477/AYESHA KHAN/CNRB0226879/29118052110873,79.00,,2818288.29
17/08/2023,IMPS/P2P/906869206059/HARISH MENON/7423944637,,7600.00,2825888.29
17/08/2023,CHQ NO 549130 CLEARING,7800.00,,2818088.29
18/08/2023,NEFT/4227026996/SANJANA HEGDE/CNRB0226879/14195950479112,,850.00,2818938.29
19/08/2023,UPI/DR/12938537/RESHMA KHAN/CNRB0226879/reshma657@oksbi,2380.00,,2816558.29
19/08/2023,UPI/CR/784826070660/LAKSHMI VENKAT/CNRB0226879/lakshmi137@okhdfc,,24000.00,2840558.29
20/08/2023,CHQ NO 012679 CLEARING,449.00,,2840109.29
21/08/2023,CASH DEPOSIT/BRANCH COUNTER/MALLESWARAM BENGALURU,,7600.00,2847709.29
21/08/2023,UPI/DR/11725849/GEETA DEVI/CNRB0226879/geeta420@okaxis,310.00,,2847399.29
21/08/2023,NEFT/355021655477/ADITYA KUMAR/CNRB0226879/70265217136002,,1200.00,2848599.29
21/08/2023,UPI/DR/23066046/MOHAMMED IRFAN/CNRB0226879/mohammed696@okaxis,699.00,,2847900.29
21/08/2023,NEFT/4305440916/SUNITA DEVI/CNRB0226879/95243494920246,,2500.00,2850400.29
21/08/2023,UPI/CR/86375128/MEERA PILLAI/CNRB0226879/meera568@oksbi,,2500.00,2852900.29
21/08/2023,ATM/WDL/091986138250/HDFC ATM KORAMANGALA,7800.00,,2845100.29
21/08/2023,UPI/DR/261931998802/SUNIL YADAV/CNRB0226879/sunil809@ybl,999.00,,2844101.29
22/08/2023,UPI/DR/69675272/KIRAN REDDY/CNRB0226879/kiran480@ybl,3499.00,,2840602.29
22/08/2023,CASH DEPOSIT/BRANCH COUNTER/MALLESWARAM BENGALURU,,24000.00,2864602.29
22/08/2023,UPI/DR/142803142533/LATHA MURTHY/CNRB0226879/latha226@ybl,120.00,,2864482.29
24/08/2023,ATM/WDL/20865914/HDFC ATM KORAMANGALA,1680.00,,2862802.29
24/08/2023,CHQ NO 257159 CLEARING,3499.00,,2859303.29
24/08/2023,CASH DEPOSIT/BRANCH COUNTER/MALLESWARAM BENGALURU,,1200.00,2860503.29
24/08/2023,CHQ NO 618604 CLEARING,120.00,,2860383.29
25/08/2023,NEFT/010154541207/SUNITA DEVI/CNRB0226879/52172182486600,249.00,,2860134.29
25/08/2023,UPI/DR/39121090/KIRAN REDDY/CNRB0226879/kiran33@okhdfc,1680.00,,2858454.29
25/08/2023,NEFT/565682542716/PRIYA NAIR/CNRB0226879/62257619416450,,18500.00,2876954.29
25/08/2023,NEFT/091674025628/NILESH KULKARNI/CNRB0226879/60079693618507,449.00,,2876505.29
25/08/2023,CASH DEPOSIT/BRANCH COUNTER/MALLESWARAM BENGALURU,,32000.00,2908505.29
25/08/2023,NEFT/4479096854/KIRAN REDDY/CNRB0226879/61592682570981,,2500.00,2911005.29
26/08/2023,UPI/DR/93674852/VENKAT RAO/CNRB0226879/venkat388@okhdfc,699.00,,2910306.29
26/08/2023,CHQ NO 222828 CLEARING,79.00,,2910227.29
26/08/2023,ATM/WDL/14514807/SBI ATM JAYANAGAR BLR,5200.00,,2905027.29
27/08/2023,NEFT/51986700/RAVI KUMAR SHARMA/CNRB0226879/38070240972994,120.00,,2904907.29
27/08/2023,UPI/DR/5964723147/SHAHID KHAN/CNRB0226879/shahid162@ybl,850.00,,2904057.29
28/08/2023,NEFT/99171514/DEEPA NAIR/CNRB0226879/77002207373789,5200.00,,2898857.29
28/08/2023,UPI/CR/657727276392/PRIYA NAIR/CNRB0226879/priya434@ybl,,7600.00,2906457.29
28/08/2023,NEFT/57487827/RANJIT SINGH/CNRB0226879/75669602223212,2380.00,,2904077.29
28/08/2023,CHQ NO 514797 CLEARING,249.00,,2903828.29
29/08/2023,NEFT/97289959/PRAKASH RAO/CNRB0226879/65984347613333,,4800.00,2908628.29
30/08/2023,UPI/CR/871446309796/SNEHA PATIL/CNRB0226879/sneha475@ybl,,7600.00,2916228.29
30/08/2023,NEFT/757414521852/LATHA MURTHY/CNRB0226879/89689843036255,,18500.00,2934728.29
30/08/2023,NEFT/716596427390/LALITHA DEVI/CNRB0226879/48373637673561,999.00,,2933729.29
31/08/2023,NEFT/029979657567/KAVITHA RAO/CNRB0226879/94391386829736,999.00,,2932730.29
31/08/2023,UPI/CR/0875469151/PADMA RAO/CNRB0226879/padma316@okhdfc,,18500.00,2951230.29
31/08/2023,CHQ NO 458880 CLEARING,1250.00,,2949980.29
02/09/2023,UPI/CR/142405854466/NIKHIL GUPTA/CNRB0226879/nikhil908@okaxis,,500.00,2950480.29
02/09/2023,NEFT/182301046846/RAMESH PILLAI/CNRB0226879/13854009512019,3499.00,,2946981.29
02/09/2023,NEFT/27920183/ARUN SHARMA/CNRB0226879/59598258197909,249.00,,2946732.29
02/09/2023,UPI/DR/63673091/REKHA PILLAI/CNRB0226879/rekha711@ybl,1680.00,,2945052.29
02/09/2023,NEFT/043502045107/ARUN SHARMA/CNRB0226879/68474534259101,3499.00,,2941553.29
02/09/2023,IMPS/P2P/790023570432/LATHA MURTHY/7148487672,,2500.00,2944053.29
02/09/2023,NEFT/0843654653/LALITHA DEVI/CNRB0226879/44508513207216,,18500.00,2962553.29
03/09/2023,NEFT/79824092/SMITHA PILLAI/CNRB0226879/08922343247595,2380.00,,2960173.29
04/09/2023,IMPS/P2P/25244417/SURESH BABU/7866625235,,18500.00,2978673.29
04/09/2023,UPI/CR/7240276659/MEERA PILLAI/CNRB0226879/meera294@okaxis,,1200.00,2979873.29
04/09/2023,ATM/WDL/93862613/SBI ATM JAYANAGAR BLR,1680.00,,2978193.29
04/09/2023,NEFT/2225335933/RANJIT SINGH/CNRB0226879/30594098930284,,7600.00,2985793.29
05/09/2023,NEFT/56391598/VENKAT RAO/CNRB0226879/52650872212611,,11200.00,2996993.29
06/09/2023,CHQ NO 508216 CLEARING,79.00,,2996914.29
06/09/2023,CASH DEPOSIT/BRANCH COUNTER/MALLESWARAM BENGALURU,,500.00,2997414.29
06/09/2023,NEFT/4883628506/VIKRAM NAIR/CNRB0226879/63130640577114,,7600.00,3005014.29
07/09/2023,CASH DEPOSIT/BRANCH COUNTER/MALLESWARAM BENGALURU,,7600.00,3012614.29
07/09/2023,ATM/WDL/95003800/CANARA ATM MYSURU,1250.00,,3011364.29
08/09/2023,IMPS/P2P/6495379702/ARUN SHARMA/7364924463,,2500.00,3013864.29
08/09/2023,NEFT/48724783/VINAY PATIL/CNRB0226879/49785111555684,2380.00,,3011484.29
09/09/2023,ATM/WDL/2586749415/SBI ATM JAYANAGAR BLR,79.00,,3011405.29
09/09/2023,NEFT/38926526/DEEPA NAIR/CNRB0226879/79906662583222,310.00,,3011095.29
09/09/2023,CHQ NO 239789 CLEARING,699.00,,3010396.29
09/09/2023,UPI/CR/580735848498/GEETA DEVI/CNRB0226879/geeta664@okhdfc,,11200.00,3021596.29
10/09/2023,UPI/CR/252815994720/VINAY PATIL/CNRB0226879/vinay842@okaxis,,11200.00,3032796.29
10/09/2023,CHQ NO 470910 CLEARING,850.00,,3031946.29
11/09/2023,ATM/WDL/501244411405/CANARA ATM MYSURU,249.00,,3031697.29
11/09/2023,UPI/DR/9448773174/LAKSHMI VENKAT/CNRB0226879/lakshmi922@oksbi,249.00,,3031448.29
11/09/2023,UPI/DR/72551189/MALLIKA DAS/CNRB0226879/mallika945@okhdfc,310.00,,3031138.29
12/09/2023,UPI/DR/76933904/ARUN SHARMA/CNRB0226879/arun560@okhdfc,249.00,,3030889.29
12/09/2023,CASH DEPOSIT/BRANCH COUNTER/MALLESWARAM BENGALURU,,11200.00,3042089.29
12/09/2023,UPI/CR/459301584578/SUNIL YADAV/CNRB0226879/sunil724@ybl,,32000.00,3074089.29
12/09/2023,UPI/DR/3820435248/SUSHMA RAO/CNRB0226879/sushma563@ybl,699.00,,3073390.29
12/09/2023,UPI/DR/349253210285/MALLIKA DAS/CNRB0226879/mallika704@ybl,249.00,,3073141.29
12/09/2023,UPI/CR/2765892057/RAMESH PILLAI/CNRB0226879/ramesh708@oksbi,,1200.00,3074341.29
13/09/2023,IMPS/P2P/0814721944/NILESH KULKARNI/7794430729,,850.00,3075191.29
13/09/2023,CHQ NO 749932 CLEARING,1250.00,,3073941.29
13/09/2023,CHQ NO 211237 CLEARING,249.00,,3073692.29
14/09/2023,UPI/DR/99997302/MOHAN DAS/CNRB0226879/mohan542@ybl,79.00,,3073613.29
14/09/2023,CHQ NO 189284 CLEARING,7800.00,,3065813.29
15/09/2023,NEFT/602762404151/VIKRAM NAIR/CNRB0226879/84495769872215,3499.00,,3062314.29
15/09/2023,UPI/DR/5700072293/MALLIKA DAS/CNRB0226879/mallika979@ybl,449.00,,3061865.29
16/09/2023,NEFT/292519803454/KAVYA REDDY/CNRB0226879/57504045086837,310.00,,3061555.29
16/09/2023,UPI/CR/305184804499/CHANDAN SHARMA/CNRB0226879/chandan597@okaxis,,500.00,3062055.29
16/09/2023,NEFT/060065528603/LALITHA DEVI/CNRB0226879/19498536155377,,32000.00,3094055.29
17/09/2023,UPI/CR/6223988666/SURESH NAIR/CNRB0226879/suresh790@okaxis,,32000.00,3126055.29
18/09/2023,CASH DEPOSIT/BRANCH COUNTER/MALLESWARAM BENGALURU,,11200.00,3137255.29
18/09/2023,NEFT/164874248230/SURESH BABU/CNRB0226879/46127819757365,,7600.00,3144855.29
18/09/2023,CASH DEPOSIT/BRANCH COUNTER/MALLESWARAM BENGALURU,,32000.00,3176855.29
19/09/2023,UPI/CR/2800125702/MOHAMMED IRFAN/CNRB0226879/mohammed780@oksbi,,500.00,3177355.29
20/09/2023,UPI/DR/6111616578/TANVI RAO/CNRB0226879/tanvi514@okhdfc,249.00,,3177106.29
20/09/2023,UPI/DR/78632212/DIVYA MENON/CNRB0226879/divya466@paytm,249.00,,3176857.29
21/09/2023,UPI/DR/3580589910/MEENA IYER/CNRB0226879/meena890@paytm,249.00,,3176608.29
21/09/2023,UPI/DR/46958622/SUNITA DEVI/CNRB0226879/sunita900@okaxis,449.00,,3176159.29
21/09/2023,NEFT/76791146/SURESH NAIR/CNRB0226879/25941655372200,2380.00,,3173779.29
21/09/2023,UPI/DR/20908639/RAHUL SINGH/CNRB0226879/rahul262@paytm,79.00,,3173700.29
21/09/2023,CASH DEPOSIT/BRANCH COUNTER/MALLESWARAM BENGALURU,,850.00,3174550.29
21/09/2023,UPI/DR/510221763717/SAVITHA DEVI/CNRB0226879/savitha770@okaxis,49.00,,3174501.29
21/09/2023,UPI/DR/767629593516/CHANDAN SHARMA/CNRB0226879/chandan313@okhdfc,120.00,,3174381.29
22/09/2023,NEFT/805852070097/ARUN SHARMA/CNRB0226879/45366507004464,249.00,,3174132.29
22/09/2023,ATM/WDL/08097856/HDFC ATM KORAMANGALA,1250.00,,3172882.29
22/09/2023,IMPS/P2P/999485285075/DEEPAK JOSHI/8545274688,,18500.00,3191382.29
22/09/2023,CHQ NO 595642 CLEARING,49.00,,3191333.29
23/09/2023,ATM/WDL/986387559393/SBI ATM JAYANAGAR BLR,5200.00,,3186133.29
23/09/2023,UPI/DR/82287419/KAVITHA RAO/CNRB0226879/kavitha667@oksbi,249.00,,3185884.29
23/09/2023,IMPS/P2P/9785355206/TARA SINGH/8156778902,,32000.00,3217884.29
23/09/2023,UPI/CR/00051029/HARISH MENON/CNRB0226879/harish603@oksbi,,18500.00,3236384.29
23/09/2023,IMPS/P2P/34476164/DEEPAK JOSHI/7121883307,,2500.00,3238884.29
24/09/2023,UPI/DR/852732894065/RAHUL SINGH/CNRB0226879/rahul405@okaxis,249.00,,3238635.29
24/09/2023,UPI/DR/4324083243/KIRAN REDDY/CNRB0226879/kiran977@oksbi,249.00,,3238386.29
25/09/2023,CASH DEPOSIT/BRANCH COUNTER/MALLESWARAM BENGALURU,,32000.00,3270386.29
26/09/2023,UPI/DR/7764415286/IMRAN KHAN/CNRB0226879/imran155@paytm,310.00,,3270076.29
26/09/2023,CASH DEPOSIT/BRANCH COUNTER/MALLESWARAM BENGALURU,,2500.00,3272576.29
26/09/2023,IMPS/P2P/772188599564/MOHAMMED IRFAN/9945208772,,18500.00,3291076.29
26/09/2023,CASH DEPOSIT/BRANCH COUNTER/MALLESWARAM BENGALURU,,18500.00,3309576.29
26/09/2023,UPI/DR/03617471/RAMESH PILLAI/CNRB0226879/ramesh178@okaxis,49.00,,3309527.29
26/09/2023,NEFT/7431617988/RAJESH VERMA/CNRB0226879/41439547458399,699.00,,3308828.29
26/09/2023,UPI/CR/06397766/KAVERI MENON/CNRB0226879/kaveri708@okaxis,,11200.00,3320028.29
27/09/2023,UPI/DR/82351710/ANAND KUMAR/CNRB0226879/anand134@ybl,5200.00,,3314828.29
27/09/2023,IMPS/P2P/93969484/KIRAN REDDY/9519094978,,850.00,3315678.29
27/09/2023,CHQ NO 023986 CLEARING,120.00,,3315558.29
27/09/2023,IMPS/P2P/50477662/KAVITHA RAO/8291906565,,7600.00,3323158.29
28/09/2023,UPI/DR/3689799091/SHEELA DEVI/CNRB0226879/sheela91@ybl,850.00,,3322308.29
28/09/2023,UPI/CR/603149431172/REKHA PILLAI/CNRB0226879/rekha685@ybl,,24000.00,3346308.29
28/09/2023,IMPS/P2P/6157936444/PRAKASH RAO/9095723855,,32000.00,3378308.29
28/09/2023,UPI/DR/472449991549/FAILED/TimeOut/Ganesh Kumar,500.00,,3378308.29
29/09/2023,ATM/WDL/9529562825/HDFC ATM KORAMANGALA,1680.00,,3376628.29
29/09/2023,NEFT/3433749927/ROHIT SHARMA/CNRB0226879/39644695575390,249.00,,3376379.29
29/09/2023,UPI/CR/41360917/RESHMA KHAN/CNRB0226879/reshma226@oksbi,,7600.00,3383979.29
29/09/2023,UPI/CR/9152395134/SANTOSH KUMAR/CNRB0226879/santosh715@okhdfc,,11200.00,3395179.29
29/09/2023,CASH DEPOSIT/BRANCH COUNTER/MALLESWARAM BENGALURU,,18500.00,3413679.29
30/09/2023,UPI/CR/1630348352/ARJUN MEHTA/CNRB0226879/arjun689@okhdfc,,2500.00,3416179.29
30/09/2023,CASH DEPOSIT/BRANCH COUNTER/MALLESWARAM BENGALURU,,500.00,3416679.29
30/09/2023,CHQ NO 099718 CLEARING,310.00,,3416369.29
01/10/2023,UPI/DR/49928797/SURESH BABU/CNRB0226879/suresh403@okhdfc,249.00,,3416120.29
02/10/2023,UPI/DR/36762118/SNEHA PATIL/CNRB0226879/sneha152@oksbi,1680.00,,3414440.29
02/10/2023,UPI/CR/658182663374/HARISH MENON/CNRB0226879/harish516@oksbi,,11200.00,3425640.29
02/10/2023,NEFT/76849267/FATIMA SHEIKH/CNRB0226879/03869149705040,3499.00,,3422141.29
03/10/2023,UPI/DR/8748156004/MEERA PILLAI/CNRB0226879/meera283@okaxis,2380.00,,3419761.29
03/10/2023,NEFT/03802557/RAHUL SINGH/CNRB0226879/51442043606431,,4800.00,3424561.29
03/10/2023,NEFT/64712056/RESHMA KHAN/CNRB0226879/25147199750501,2380.00,,3422181.29
03/10/2023,UPI/CR/8074303533/MOHAN DAS/CNRB0226879/mohan600@paytm,,2500.00,3424681.29
04/10/2023,UPI/DR/016345163295/RANJIT SINGH/CNRB0226879/ranjit937@oksbi,49.00,,3424632.29
04/10/2023,NEFT/2871295335/GOPAL VERMA/CNRB0226879/06624019283337,699.00,,3423933.29
04/10/2023,UPI/DR/29023927/KAVERI MENON/CNRB0226879/kaveri172@okaxis,1250.00,,3422683.29
05/10/2023,UPI/DR/0306267189/ROHIT SHARMA/CNRB0226879/rohit674@okaxis,1680.00,,3421003.29
05/10/2023,ATM/WDL/4602269493/SBI ATM JAYANAGAR BLR,699.00,,3420304.29
05/10/2023,NEFT/844855201328/KIRAN REDDY/CNRB0226879/22212799422099,,2500.00,3422804.29
05/10/2023,NEFT/8084958877/ANITHA KRISHNAN/CNRB0226879/58463886834070,,18500.00,3441304.29
05/10/2023,CHQ NO 841780 CLEARING,449.00,,3440855.29
06/10/2023,CHQ NO 266219 CLEARING,310.00,,3440545.29
06/10/2023,UPI/DR/18997763/KAVITHA RAO/CNRB0226879/kavitha618@ybl,699.00,,3439846.29
06/10/2023,UPI/DR/82094875/SANTOSH KUMAR/CNRB0226879/santosh732@okhdfc,1680.00,,3438166.29
06/10/2023,ATM/WDL/56329873/SBI ATM JAYANAGAR BLR,699.00,,3437467.29
06/10/2023,UPI/DR/64904948/SURESH NAIR/CNRB0226879/suresh931@paytm,120.00,,3437347.29
07/10/2023,CASH DEPOSIT/BRANCH COUNTER/MALLESWARAM BENGALURU,,24000.00,3461347.29
07/10/2023,CHQ NO 901362 CLEARING,49.00,,3461298.29
07/10/2023,ATM/WDL/7100104942/CANARA ATM MYSURU,5200.00,,3456098.29
08/10/2023,UPI/DR/0271195676/KARTHIK MENON/CNRB0226879/karthik918@paytm,850.00,,3455248.29
08/10/2023,CHQ NO 794389 CLEARING,1250.00,,3453998.29
09/10/2023,UPI/CR/04085982/ROHIT SHARMA/CNRB0226879/rohit104@paytm,,500.00,3454498.29
09/10/2023,CHQ NO 912697 CLEARING,79.00,,3454419.29
10/10/2023,NEFT/48249664/PREETHI IYER/CNRB0226879/09454710766904,49.00,,3454370.29
10/10/2023,CHQ NO 284004 CLEARING,120.00,,3454250.29
10/10/2023,UPI/CR/74690203/PRAKASH RAO/CNRB0226879/prakash171@paytm,,24000.00,3478250.29
10/10/2023,CASH DEPOSIT/BRANCH COUNTER/MALLESWARAM BENGALURU,,32000.00,3510250.29
10/10/2023,NEFT/4339533875/MALLIKA DAS/CNRB0226879/40161046255567,,18500.00,3528750.29
11/10/2023,NEFT/3847852038/IMRAN KHAN/CNRB0226879/10488592518327,49.00,,3528701.29
11/10/2023,UPI/DR/36592162/DEEPA NAIR/CNRB0226879/deepa575@okaxis,850.00,,3527851.29
11/10/2023,NEFT/89371966/SURESH NAIR/CNRB0226879/86331160267643,1250.00,,3526601.29
11/10/2023,IMPS/P2P/201926613858/SUSHMA RAO/8855462377,,1200.00,3527801.29
11/10/2023,UPI/DR/951269523627/NADIA HUSSAIN/CNRB0226879/nadia940@paytm,7800.00,,3520001.29
12/10/2023,UPI/DR/3855509086/PADMA RAO/CNRB0226879/padma498@okhdfc,120.00,,3519881.29
12/10/2023,IMPS/P2P/126879307829/SNEHA PATIL/7702228525,,7600.00,3527481.29
13/10/2023,UPI/DR/443476036532/SUNITA DEVI/CNRB0226879/sunita323@okaxis,699.00,,3526782.29
13/10/2023,ATM/WDL/86524137/HDFC ATM KORAMANGALA,3499.00,,3523283.29
13/10/2023,CHQ NO 102246 CLEARING,49.00,,3523234.29
14/10/2023,IMPS/P2P/6982435659/RAMESH PILLAI/7278477832,,32000.00,3555234.29
14/10/2023,CHQ NO 269203 CLEARING,5200.00,,3550034.29
15/10/2023,UPI/DR/104743535761/SANTOSH KUMAR/CNRB0226879/santosh168@ybl,7800.00,,3542234.29
15/10/2023,UPI/CR/402915467290/PREETHI IYER/CNRB0226879/preethi302@paytm,,32000.00,3574234.29
16/10/2023,NEFT/2082170275/REKHA PILLAI/CNRB0226879/54954371364730,120.00,,3574114.29
16/10/2023,CHQ NO 141588 CLEARING,2380.00,,3571734.29
17/10/2023,IMPS/P2P/38410611/RAMESH PILLAI/9029589521,,850.00,3572584.29
18/10/2023,CASH DEPOSIT/BRANCH COUNTER/MALLESWARAM BENGALURU,,850.00,3573434.29
18/10/2023,UPI/CR/3281922997/SAVITHA DEVI/CNRB0226879/savitha83@okhdfc,,2500.00,3575934.29
18/10/2023,IMPS/P2P/6644497965/RAMESH GOWDA/8500930305,,32000.00,3607934.29
18/10/2023,ATM/WDL/1481856211/HDFC ATM KORAMANGALA,310.00,,3607624.29
18/10/2023,CASH DEPOSIT/BRANCH COUNTER/MALLESWARAM BENGALURU,,18500.00,3626124.29
19/10/2023,NEFT/43546303/RAVI KUMAR SHARMA/CNRB0226879/23188984032478,,2500.00,3628624.29
19/10/2023,IMPS/P2P/064259995818/KAVITHA RAO/8536235347,,24000.00,3652624.29
20/10/2023,UPI/CR/08127742/RANJIT SINGH/CNRB0226879/ranjit621@ybl,,1200.00,3653824.29
20/10/2023,NEFT/87921161/SUNITA DEVI/CNRB0226879/16701907333403,,850.00,3654674.29
20/10/2023,UPI/DR/311031010834/PRIYA NAIR/CNRB0226879/priya971@okhdfc,49.00,,3654625.29
21/10/2023,ATM/WDL/096516582374/CANARA ATM MYSURU,850.00,,3653775.29
21/10/2023,NEFT/4840242301/PRAKASH RAO/CNRB0226879/72772732648548,1250.00,,3652525.29
22/10/2023,UPI/DR/87793488/KAVYA REDDY/CNRB0226879/kavya128@okaxis,850.00,,3651675.29
22/10/2023,IMPS/P2P/9837204701/BABU LAL/8860059921,,24000.00,3675675.29
22/10/2023,UPI/DR/82257876/MEERA PILLAI/CNRB0226879/meera739@ybl,7800.00,,3667875.29
23/10/2023,IMPS/P2P/01237423/SAVITHA DEVI/8356194316,,2500.00,3670375.29
23/10/2023,UPI/DR/620937049671/NIKHIL GUPTA/CNRB0226879/nikhil95@okhdfc,2380.00,,3667995.29
23/10/2023,ATM/WDL/8640912488/SBI ATM JAYANAGAR BLR,3499.00,,3664496.29
23/10/2023,CASH DEPOSIT/BRANCH COUNTER/MALLESWARAM BENGALURU,,24000.00,3688496.29
23/10/2023,UPI/DR/5879861981/NAVEEN KUMAR/CNRB0226879/naveen186@oksbi,3499.00,,3684997.29
24/10/2023,IMPS/P2P/13726575/SHAHID KHAN/9914140779,,11200.00,3696197.29
24/10/2023,NEFT/17561043/NADIA HUSSAIN/CNRB0226879/10771601812480,3499.00,,3692698.29
24/10/2023,ATM/WDL/24477773/SBI ATM JAYANAGAR BLR,120.00,,3692578.29
24/10/2023,UPI/DR/388417482042/BINDHU NAIR/CNRB0226879/bindhu708@okaxis,999.00,,3691579.29
24/10/2023,UPI/DR/660444452000/PRIYA NAIR/CNRB0226879/priya451@okaxis,249.00,,3691330.29
25/10/2023,CHQ NO 028463 CLEARING,699.00,,3690631.29
25/10/2023,ATM/WDL/1613196074/CANARA ATM MYSURU,1250.00,,3689381.29
25/10/2023,UPI/DR/914537050075/RAHUL SINGH/CNRB0226879/rahul297@oksbi,2380.00,,3687001.29
25/10/2023,CHQ NO 507791 CLEARING,999.00,,3686002.29
26/10/2023,NEFT/1909196810/LATHA MURTHY/CNRB0226879/46709581492808,,850.00,3686852.29
26/10/2023,NEFT/02879407/SHAHID KHAN/CNRB0226879/54498402389579,249.00,,3686603.29
26/10/2023,IMPS/P2P/526475352710/KAVITHA RAO/8648619021,,1200.00,3687803.29
27/10/2023,CHQ NO 573567 CLEARING,5200.00,,3682603.29
28/10/2023,UPI/CR/375827899731/SANTOSH KUMAR/CNRB0226879/santosh230@oksbi,,4800.00,3687403.29
29/10/2023,IMPS/P2P/51093179/ANAND KUMAR/8120221105,,4800.00,3692203.29
29/10/2023,UPI/DR/2960745125/AYESHA KHAN/CNRB0226879/ayesha881@okhdfc,49.00,,3692154.29
29/10/2023,UPI/DR/95617404/PREETHI IYER/CNRB0226879/preethi141@okhdfc,310.00,,3691844.29
30/10/2023,CASH DEPOSIT/BRANCH COUNTER/MALLESWARAM BENGALURU,,7600.00,3699444.29
30/10/2023,CASH DEPOSIT/BRANCH COUNTER/MALLESWARAM BENGALURU,,850.00,3700294.29
31/10/2023,UPI/DR/9019925045/SUNIL YADAV/CNRB0226879/sunil920@okaxis,49.00,,3700245.29
31/10/2023,NEFT/64617247/SUNITA DEVI/CNRB0226879/85828797561521,7800.00,,3692445.29
01/11/2023,NEFT/1071482859/SUSHMA RAO/CNRB0226879/51671174207913,,11200.00,3703645.29
01/11/2023,UPI/DR/4755624997/LALITHA DEVI/CNRB0226879/lalitha505@okaxis,999.00,,3702646.29
01/11/2023,UPI/DR/8947526245/KIRAN REDDY/CNRB0226879/kiran255@paytm,449.00,,3702197.29
02/11/2023,UPI/CR/2829919081/PRIYA NAIR/CNRB0226879/priya931@okaxis,,24000.00,3726197.29
03/11/2023,UPI/DR/65435396/ARCHANA PILLAI/CNRB0226879/archana14@paytm,1680.00,,3724517.29
03/11/2023,UPI/DR/2739837154/GOPAL VERMA/CNRB0226879/gopal724@ybl,449.00,,3724068.29
03/11/2023,UPI/CR/315922451891/RAJENDRA PRASAD/CNRB0226879/rajendra516@ybl,,850.00,3724918.29
04/11/2023,UPI/DR/444415276040/FATIMA SHEIKH/CNRB0226879/fatima30@ybl,2380.00,,3722538.29
04/11/2023,CHQ NO 242255 CLEARING,249.00,,3722289.29
04/11/2023,UPI/DR/9182489038/PREETHI IYER/CNRB0226879/preethi728@okhdfc,2380.00,,3719909.29
05/11/2023,NEFT/445191689140/ANAND KUMAR/CNRB0226879/19273046357428,,18500.00,3738409.29
06/11/2023,UPI/DR/258734155400/DEEPAK JOSHI/CNRB0226879/deepak278@paytm,120.00,,3738289.29
06/11/2023,UPI/CR/6763484037/PRAKASH RAO/CNRB0226879/prakash810@paytm,,32000.00,3770289.29
06/11/2023,UPI/DR/80368524/AYESHA KHAN/CNRB0226879/ayesha21@okaxis,249.00,,3770040.29
07/11/2023,ATM/WDL/6348761585/HDFC ATM KORAMANGALA,5200.00,,3764840.29
07/11/2023,IMPS/P2P/81870360/SHEELA DEVI/8678535312,,850.00,3765690.29
08/11/2023,UPI/DR/28201583/ARCHANA PILLAI/CNRB0226879/archana210@okaxis,850.00,,3764840.29
09/11/2023,UPI/CR/955388759559/BINDHU NAIR/CNRB0226879/bindhu419@ybl,,850.00,3765690.29
09/11/2023,NEFT/1057194224/ARUN SHARMA/CNRB0226879/21167384257231,5200.00,,3760490.29
09/11/2023,CHQ NO 715238 CLEARING,3499.00,,3756991.29
09/11/2023,UPI/CR/649502841190/FATIMA SHEIKH/CNRB0226879/fatima905@oksbi,,24000.00,3780991.29
09/11/2023,ATM/WDL/82951611/HDFC ATM KORAMANGALA,79.00,,3780912.29
10/11/2023,UPI/CR/8288047339/PADMA RAO/CNRB0226879/padma60@ybl,,32000.00,3812912.29
11/11/2023,CHQ NO 100477 CLEARING,79.00,,3812833.29
11/11/2023,CHQ NO 604898 CLEARING,7800.00,,3805033.29
11/11/2023,NEFT/684409857589/PRIYA NAIR/CNRB0226879/95288436587278,999.00,,3804034.29
11/11/2023,UPI/CR/04107344/PRIYA NAIR/CNRB0226879/priya628@paytm,,18500.00,3822534.29
11/11/2023,UPI/CR/7886912322/PREETHI IYER/CNRB0226879/preethi157@okaxis,,500.00,3823034.29
12/11/2023,NEFT/08342306/GEETA DEVI/CNRB0226879/42642101822313,,11200.00,3834234.29
13/11/2023,IMPS/P2P/22479672/RAJESH VERMA/9458448665,,18500.00,3852734.29
13/11/2023,CASH DEPOSIT/BRANCH COUNTER/MALLESWARAM BENGALURU,,500.00,3853234.29
13/11/2023,NEFT/341351145479/KAVERI MENON/CNRB0226879/41639214130065,,1200.00,3854434.29
15/11/2023,UPI/DR/8373175238/PRIYA NAIR/CNRB0226879/priya176@ybl,999.00,,3853435.29
15/11/2023,UPI/DR/89980093/KAVITHA RAO/CNRB0226879/kavitha619@oksbi,1680.00,,3851755.29
15/11/2023,IMPS/P2P/21021345/LATHA MURTHY/8838210962,,1200.00,3852955.29
15/11/2023,UPI/CR/4102894743/MEERA PILLAI/CNRB0226879/meera240@okaxis,,24000.00,3876955.29
16/11/2023,NEFT/4352047730/HARISH MENON/CNRB0226879/13955374973478,,1200.00,3878155.29
16/11/2023,UPI/DR/72364869/KARTHIK MENON/CNRB0226879/karthik692@okaxis,1680.00,,3876475.29
16/11/2023,CHQ NO 477238 CLEARING,120.00,,3876355.29
16/11/2023,NEFT/0267168938/BINDHU NAIR/CNRB0226879/44231717541533,,11200.00,3887555.29
16/11/2023,NEFT/433815638742/MALLIKA DAS/CNRB0226879/89609720054367,310.00,,3887245.29
16/11/2023,CHQ NO 476398 CLEARING,999.00,,3886246.29
17/11/2023,UPI/DR/300022751303/MOHAN DAS/CNRB0226879/mohan533@ybl,449.00,,3885797.29
17/11/2023,UPI/DR/114086650078/DEEPAK JOSHI/CNRB0226879/deepak218@okaxis,120.00,,3885677.29
17/11/2023,CHQ NO 823633 CLEARING,2380.00,,3883297.29
18/11/2023,UPI/DR/965076603388/TARA SINGH/CNRB0226879/tara880@oksbi,249.00,,3883048.29
18/11/2023,NEFT/465462017822/VINAY PATIL/CNRB0226879/79140237803729,49.00,,3882999.29
18/11/2023,UPI/DR/5201774762/NAVEEN KUMAR/CNRB0226879/naveen829@ybl,699.00,,3882300.29
18/11/2023,UPI/CR/239605483304/GANESH KUMAR/CNRB0226879/ganesh618@paytm,,11200.00,3893500.29
18/11/2023,NEFT/718087866741/MEENA IYER/CNRB0226879/60151690359697,,32000.00,3925500.29
18/11/2023,NEFT/94073912/DEEPAK JOSHI/CNRB0226879/82276387438357,,4800.00,3930300.29
18/11/2023,CASH DEPOSIT/BRANCH COUNTER/MALLESWARAM BENGALURU,,32000.00,3962300.29
19/11/2023,NEFT/026041796212/SHAHID KHAN/CNRB0226879/97160948319497,,32000.00,3994300.29
19/11/2023,IMPS/P2P/922666030085/SHAHID KHAN/9643064774,,11200.00,4005500.29
20/11/2023,UPI/DR/61915474/TARA SINGH/CNRB0226879/tara777@paytm,49.00,,4005451.29
20/11/2023,CASH DEPOSIT/BRANCH COUNTER/MALLESWARAM BENGALURU,,500.00,4005951.29
20/11/2023,NEFT/73176760/RAHUL SINGH/CNRB0226879/52648547636778,1250.00,,4004701.29
20/11/2023,UPI/CR/09999099/RAHUL SINGH/CNRB0226879/rahul13@paytm,,4800.00,4009501.29
20/11/2023,UPI/DR/28060527/ANITHA KRISHNAN/CNRB0226879/anitha68@okaxis,2380.00,,4007121.29
21/11/2023,ATM/WDL/37664616/CANARA ATM MYSURU,49.00,,4007072.29
22/11/2023,UPI/DR/32849141/RAJENDRA PRASAD/CNRB0226879/rajendra768@okhdfc,49.00,,4007023.29
24/11/2023,NEFT/025468043962/BABU LAL/CNRB0226879/24807153989039,,18500.00,4025523.29
26/11/2023,CHQ NO 966708 CLEARING,1250.00,,4024273.29
26/11/2023,CASH DEPOSIT/BRANCH COUNTER/MALLESWARAM BENGALURU,,24000.00,4048273.29
27/11/2023,UPI/DR/155644104043/SURESH BABU/CNRB0226879/suresh604@okaxis,850.00,,4047423.29
27/11/2023,NEFT/741896801067/KIRAN REDDY/CNRB0226879/73430886407998,7800.00,,4039623.29
27/11/2023,ATM/WDL/847324753178/HDFC ATM KORAMANGALA,699.00,,4038924.29
28/11/2023,CHQ NO 558234 CLEARING,249.00,,4038675.29
29/11/2023,CHQ NO 467080 CLEARING,850.00,,4037825.29
30/11/2023,IMPS/P2P/7396959297/IMRAN KHAN/7177651326,,11200.00,4049025.29
01/12/2023,NEFT/762574293602/FATIMA SHEIKH/CNRB0226879/45501726712316,699.00,,4048326.29
02/12/2023,NEFT/14443262/GOPAL VERMA/CNRB0226879/27626746786479,,500.00,4048826.29
02/12/2023,UPI/DR/41703534/NADIA HUSSAIN/CNRB0226879/nadia316@okaxis,850.00,,4047976.29
02/12/2023,UPI/DR/9334833290/MOHAMMED IRFAN/CNRB0226879/mohammed180@okhdfc,850.00,,4047126.29
02/12/2023,UPI/DR/5537438353/ARJUN MEHTA/CNRB0226879/arjun173@okaxis,699.00,,4046427.29
02/12/2023,NEFT/702347808983/TANVI RAO/CNRB0226879/27143967944239,,18500.00,4064927.29
02/12/2023,IMPS/P2P/96303117/RESHMA KHAN/7228045900,,4800.00,4069727.29
03/12/2023,UPI/DR/3378246087/RAJESH VERMA/CNRB0226879/rajesh752@oksbi,49.00,,4069678.29
03/12/2023,IMPS/P2P/613139436037/RAMESH PILLAI/9109308109,,7600.00,4077278.29
04/12/2023,IMPS/P2P/59558878/PREETHI IYER/7503408246,,500.00,4077778.29
04/12/2023,UPI/DR/0176189472/SHAHID KHAN/CNRB0226879/shahid169@ybl,249.00,,4077529.29
05/12/2023,UPI/DR/4502744016/LALITHA DEVI/CNRB0226879/lalitha822@okaxis,449.00,,4077080.29
05/12/2023,CHQ NO 588168 CLEARING,7800.00,,4069280.29
05/12/2023,ATM/WDL/4107926420/CANARA ATM MYSURU,310.00,,4068970.29
05/12/2023,UPI/DR/85191566/USHA RANI/CNRB0226879/usha728@okaxis,850.00,,4068120.29
05/12/2023,ATM/WDL/6555176745/HDFC ATM KORAMANGALA,5200.00,,4062920.29
06/12/2023,ATM/WDL/22415419/HDFC ATM KORAMANGALA,449.00,,4062471.29
06/12/2023,CASH DEPOSIT/BRANCH COUNTER/MALLESWARAM BENGALURU,,2500.00,4064971.29
06/12/2023,NEFT/34606237/ANITHA KRISHNAN/CNRB0226879/43139258885191,1250.00,,4063721.29
07/12/2023,UPI/CR/49392061/SAVITHA DEVI/CNRB0226879/savitha370@okhdfc,,2500.00,4066221.29
07/12/2023,UPI/DR/1186163906/SURESH NAIR/CNRB0226879/suresh223@oksbi,3499.00,,4062722.29
08/12/2023,UPI/DR/93378040/LATHA MURTHY/CNRB0226879/latha835@okaxis,5200.00,,4057522.29
08/12/2023,UPI/DR/1490564837/KARTHIK MENON/CNRB0226879/karthik894@paytm,850.00,,4056672.29
09/12/2023,CHQ NO 241530 CLEARING,449.00,,4056223.29
10/12/2023,CASH DEPOSIT/BRANCH COUNTER/MALLESWARAM BENGALURU,,500.00,4056723.29
10/12/2023,UPI/DR/935699083131/ANAND KUMAR/CNRB0226879/anand109@oksbi,3499.00,,4053224.29
11/12/2023,NEFT/52481544/ROHIT SHARMA/CNRB0226879/92523994675256,,18500.00,4071724.29
11/12/2023,NEFT/67317773/ANITHA KRISHNAN/CNRB0226879/52034949052593,120.00,,4071604.29
11/12/2023,ATM/WDL/5233626059/HDFC ATM KORAMANGALA,310.00,,4071294.29
11/12/2023,UPI/CR/09956624/DEEPA NAIR/CNRB0226879/deepa513@ybl,,18500.00,4089794.29
12/12/2023,UPI/DR/5763530077/DEEPA NAIR/CNRB0226879/deepa898@okhdfc,249.00,,4089545.29
12/12/2023,CASH DEPOSIT/BRANCH COUNTER/MALLESWARAM BENGALURU,,2500.00,4092045.29
12/12/2023,IMPS/P2P/73998774/RANJIT SINGH/8511649566,,2500.00,4094545.29
12/12/2023,NEFT/7430446917/PADMA RAO/CNRB0226879/52767237049776,249.00,,4094296.29
13/12/2023,CHQ NO 077864 CLEARING,850.00,,4093446.29
13/12/2023,NEFT/67997728/DIVYA MENON/CNRB0226879/38214482534084,,11200.00,4104646.29
13/12/2023,CHQ NO 063242 CLEARING,5200.00,,4099446.29
13/12/2023,UPI/DR/28206636/DEEPAK JOSHI/CNRB0226879/deepak309@okhdfc,449.00,,4098997.29
13/12/2023,CASH DEPOSIT/BRANCH COUNTER/MALLESWARAM BENGALURU,,11200.00,4110197.29
14/12/2023,UPI/DR/207229541862/RAMESH GOWDA/CNRB0226879/ramesh580@oksbi,49.00,,4110148.29
14/12/2023,NEFT/52956728/MOHAMMED IRFAN/CNRB0226879/46011592392276,,32000.00,4142148.29
15/12/2023,UPI/CR/72306022/ANAND KUMAR/CNRB0226879/anand829@oksbi,,500.00,4142648.29
15/12/2023,NEFT/32742135/HARISH MENON/CNRB0226879/53767465114738,,1200.00,4143848.29
15/12/2023,NEFT/83115746/SHAHID KHAN/CNRB0226879/57935671746333,249.00,,4143599.29
15/12/2023,UPI/DR/4927000220/MOHAN DAS/CNRB0226879/mohan358@okhdfc,999.00,,4142600.29
16/12/2023,UPI/DR/80624892/GANESH KUMAR/CNRB0226879/ganesh560@paytm,1250.00,,4141350.29
16/12/2023,UPI/DR/19468399/FATIMA SHEIKH/CNRB0226879/fatima301@paytm,449.00,,4140901.29
16/12/2023,UPI/CR/255281062255/IMRAN KHAN/CNRB0226879/imran712@paytm,,11200.00,4152101.29
17/12/2023,NEFT/91619976/VINAY PATIL/CNRB0226879/29972555806918,310.00,,4151791.29
17/12/2023,ATM/WDL/1008952724/SBI ATM JAYANAGAR BLR,310.00,,4151481.29
17/12/2023,NEFT/5820922663/BINDHU NAIR/CNRB0226879/65490698349716,249.00,,4151232.29
17/12/2023,CHQ NO 606727 CLEARING,2380.00,,4148852.29
18/12/2023,UPI/CR/8254594852/PRAKASH RAO/CNRB0226879/prakash961@ybl,,24000.00,4172852.29
18/12/2023,ATM/WDL/83245166/HDFC ATM KORAMANGALA,7800.00,,4165052.29
18/12/2023,CASH DEPOSIT/BRANCH COUNTER/MALLESWARAM BENGALURU,,24000.00,4189052.29
18/12/2023,IMPS/P2P/0844847563/GEETA DEVI/8231342496,,11200.00,4200252.29
18/12/2023,CASH DEPOSIT/BRANCH COUNTER/MALLESWARAM BENGALURU,,850.00,4201102.29
18/12/2023,IMPS/P2P/4153934347/PRIYA NAIR/7331250744,,1200.00,4202302.29
19/12/2023,UPI/DR/227632655279/DIVYA MENON/CNRB0226879/divya17@okaxis,3499.00,,4198803.29
19/12/2023,UPI/DR/495892147503/IMRAN KHAN/CNRB0226879/imran339@okaxis,49.00,,4198754.29
19/12/2023,UPI/DR/489438430292/NADIA HUSSAIN/CNRB0226879/nadia459@okhdfc,449.00,,4198305.29
20/12/2023,ATM/WDL/79698825/HDFC ATM KORAMANGALA,49.00,,4198256.29
20/12/2023,UPI/DR/13105663/RESHMA KHAN/CNRB0226879/reshma810@okhdfc,449.00,,4197807.29
20/12/2023,NEFT/19003825/SNEHA PATIL/CNRB0226879/61144277386345,,18500.00,4216307.29
20/12/2023,CASH DEPOSIT/BRANCH COUNTER/MALLESWARAM BENGALURU,,18500.00,4234807.29
20/12/2023,CASH DEPOSIT/BRANCH COUNTER/MALLESWARAM BENGALURU,,1200.00,4236007.29
21/12/2023,NEFT/238358293077/SUSHMA RAO/CNRB0226879/81931260376203,,1200.00,4237207.29
21/12/2023,UPI/DR/366638307579/BABU LAL/CNRB0226879/babu383@ybl,1680.00,,4235527.29
22/12/2023,IMPS/P2P/21269919/LATHA MURTHY/7168041269,,11200.00,4246727.29
22/12/2023,UPI/DR/77743582/NILESH KULKARNI/CNRB0226879/nilesh975@okaxis,249.00,,4246478.29
22/12/2023,ATM/WDL/0933448803/HDFC ATM KORAMANGALA,449.00,,4246029.29
22/12/2023,CASH DEPOSIT/BRANCH COUNTER/MALLESWARAM BENGALURU,,2500.00,4248529.29
22/12/2023,ATM/WDL/1401218843/HDFC ATM KORAMANGALA,310.00,,4248219.29
23/12/2023,UPI/CR/38699788/ADITYA KUMAR/CNRB0226879/aditya63@okhdfc,,1200.00,4249419.29
23/12/2023,UPI/DR/8564164053/RESHMA KHAN/CNRB0226879/reshma476@oksbi,310.00,,4249109.29
23/12/2023,UPI/DR/28160323/MOHAMMED IRFAN/CNRB0226879/mohammed980@ybl,449.00,,4248660.29
23/12/2023,CHQ NO 514548 CLEARING,249.00,,4248411.29
24/12/2023,UPI/CR/5071945401/NADIA HUSSAIN/CNRB0226879/nadia652@oksbi,,1200.00,4249611.29
25/12/2023,ATM/WDL/35585836/CANARA ATM MYSURU,249.00,,4249362.29
25/12/2023,UPI/DR/501850214208/KARTHIK MENON/CNRB0226879/karthik596@okaxis,5200.00,,4244162.29
25/12/2023,UPI/DR/7376103888/SHAHID KHAN/CNRB0226879/shahid838@ybl,1250.00,,4242912.29
26/12/2023,CASH DEPOSIT/BRANCH COUNTER/MALLESWARAM BENGALURU,,7600.00,4250512.29
26/12/2023,CASH DEPOSIT/BRANCH COUNTER/MALLESWARAM BENGALURU,,24000.00,4274512.29
26/12/2023,UPI/CR/6639861244/BABU LAL/CNRB0226879/babu730@okaxis,,500.00,4275012.29
27/12/2023,UPI/DR/45770946/USHA RANI/CNRB0226879/usha371@okaxis,3499.00,,4271513.29
27/12/2023,CHQ NO 663368 CLEARING,999.00,,4270514.29
27/12/2023,UPI/DR/425049795487/POOJA SHARMA/CNRB0226879/pooja219@okhdfc,120.00,,4270394.29
28/12/2023,IMPS/P2P/2316290155/SAVITHA DEVI/8867596340,,32000.00,4302394.29
28/12/2023,UPI/DR/2712484997/SUNITA DEVI/CNRB0226879/sunita479@okhdfc,79.00,,4302315.29
28/12/2023,IMPS/P2P/9380963418/DEEPAK JOSHI/8320497238,,24000.00,4326315.29
28/12/2023,ATM/WDL/80685279/HDFC ATM KORAMANGALA,310.00,,4326005.29
28/12/2023,NEFT/8597882423/ARJUN MEHTA/CNRB0226879/73503452588929,,4800.00,4330805.29
28/12/2023,UPI/DR/60003585/NAVEEN KUMAR/CNRB0226879/naveen874@paytm,3499.00,,4327306.29
29/12/2023,UPI/DR/2046337969/ANAND KUMAR/CNRB0226879/anand441@ybl,249.00,,4327057.29
29/12/2023,UPI/DR/0669199031/HARISH MENON/CNRB0226879/harish538@paytm,249.00,,4326808.29
29/12/2023,CASH DEPOSIT/BRANCH COUNTER/MALLESWARAM BENGALURU,,24000.00,4350808.29
30/12/2023,CHQ NO 108752 CLEARING,120.00,,4350688.29
30/12/2023,UPI/DR/20929192/LATHA MURTHY/CNRB0226879/latha761@okhdfc,310.00,,4350378.29
30/12/2023,UPI/CR/46372371/ANAND KUMAR/CNRB0226879/anand659@ybl,,500.00,4350878.29
31/12/2023,UPI/DR/276681892926/SUSHMA RAO/CNRB0226879/sushma159@paytm,850.00,,4350028.29
31/12/2023,UPI/DR/4337276741/SUNIL YADAV/CNRB0226879/sunil505@paytm,1680.00,,4348348.29
01/01/2024,UPI/DR/2737251969/CHANDAN SHARMA/CNRB0226879/chandan534@oksbi,850.00,,4347498.29
02/01/2024,CASH DEPOSIT/BRANCH COUNTER/MALLESWARAM BENGALURU,,850.00,4348348.29
02/01/2024,ATM/WDL/6192828303/HDFC ATM KORAMANGALA,310.00,,4348038.29
03/01/2024,NEFT/499874109851/KARTHIK MENON/CNRB0226879/34002735201784,1680.00,,4346358.29
04/01/2024,ATM/WDL/9485313142/CANARA ATM MYSURU,7800.00,,4338558.29
05/01/2024,UPI/DR/86921492/LATHA MURTHY/CNRB0226879/latha632@oksbi,49.00,,4338509.29
05/01/2024,UPI/DR/947136012203/KAVYA REDDY/CNRB0226879/kavya807@okhdfc,449.00,,4338060.29
05/01/2024,UPI/DR/84649243/LALITHA DEVI/CNRB0226879/lalitha455@oksbi,7800.00,,4330260.29
06/01/2024,IMPS/P2P/75685420/GOPAL VERMA/9112451151,,11200.00,4341460.29
06/01/2024,CHQ NO 889764 CLEARING,850.00,,4340610.29
06/01/2024,ATM/WDL/6519749083/SBI ATM JAYANAGAR BLR,699.00,,4339911.29
06/01/2024,UPI/CR/6695820287/ARJUN MEHTA/CNRB0226879/arjun223@okaxis,,2500.00,4342411.29
06/01/2024,UPI/DR/989277021484/LALITHA DEVI/CNRB0226879/lalitha819@okaxis,3499.00,,4338912.29
07/01/2024,NEFT/865749409040/SANJANA HEGDE/CNRB0226879/86911519982858,850.00,,4338062.29
07/01/2024,UPI/DR/84051870/VIKRAM NAIR/CNRB0226879/vikram901@oksbi,310.00,,4337752.29
08/01/2024,UPI/DR/299324107118/MOHAMMED IRFAN/CNRB0226879/mohammed956@ybl,3499.00,,4334253.29
08/01/2024,UPI/CR/34366062/NADIA HUSSAIN/CNRB0226879/nadia385@paytm,,18500.00,4352753.29
08/01/2024,IMPS/P2P/133470004966/VINAY PATIL/7425076402,,18500.00,4371253.29
10/01/2024,NEFT/621356181999/TANVI RAO/CNRB0226879/40131348269408,,32000.00,4403253.29
10/01/2024,NEFT/6046172840/MEENA IYER/CNRB0226879/42716025731593,5200.00,,4398053.29
10/01/2024,CHQ NO 584840 CLEARING,999.00,,4397054.29
12/01/2024,NEFT/71595850/SUNIL YADAV/CNRB0226879/89760869035544,1680.00,,4395374.29
12/01/2024,UPI/CR/000894439301/CHANDAN SHARMA/CNRB0226879/chandan277@paytm,,7600.00,4402974.29
12/01/2024,UPI/DR/977323499385/FARHAN KHAN/CNRB0226879/farhan739@okhdfc,120.00,,4402854.29
13/01/2024,ATM/WDL/752346953055/CANARA ATM MYSURU,120.00,,4402734.29
13/01/2024,NEFT/612588998993/ADITYA KUMAR/CNRB0226879/30680280321641,249.00,,4402485.29
13/01/2024,UPI/DR/1231780811/KAVERI MENON/CNRB0226879/kaveri123@paytm,7800.00,,4394685.29
13/01/2024,CHQ NO 100873 CLEARING,2380.00,,4392305.29
13/01/2024,IMPS/P2P/173824090811/SURESH BABU/7927071865,,24000.00,4416305.29
14/01/2024,NEFT/49173633/NILESH KULKARNI/CNRB0226879/68832776166613,,24000.00,4440305.29
15/01/2024,UPI/DR/846137858989/ANITHA KRISHNAN/CNRB0226879/anitha225@ybl,1250.00,,4439055.29
16/01/2024,NEFT/570338056756/SUSHMA RAO/CNRB0226879/61776591456216,,2500.00,4441555.29
17/01/2024,ATM/WDL/876724953629/CANARA ATM MYSURU,1680.00,,4439875.29
17/01/2024,UPI/DR/358555860212/RANJIT SINGH/CNRB0226879/ranjit81@ybl,850.00,,4439025.29
17/01/2024,UPI/DR/336413469917/VINAY PATIL/CNRB0226879/vinay362@okhdfc,1680.00,,4437345.29
17/01/2024,UPI/CR/604829942819/KAVERI MENON/CNRB0226879/kaveri604@oksbi,,500.00,4437845.29
18/01/2024,NEFT/8292676755/MEENA IYER/CNRB0226879/59358137265046,,2500.00,4440345.29
18/01/2024,ATM/WDL/09581339/CANARA ATM MYSURU,49.00,,4440296.29
19/01/2024,ATM/WDL/22017968/CANARA ATM MYSURU,49.00,,4440247.29
19/01/2024,ATM/WDL/95311520/SBI ATM JAYANAGAR BLR,449.00,,4439798.29
20/01/2024,UPI/DR/35900830/RAJESH VERMA/CNRB0226879/rajesh571@paytm,1250.00,,4438548.29
20/01/2024,UPI/CR/9815924777/MALLIKA DAS/CNRB0226879/mallika180@oksbi,,500.00,4439048.29
21/01/2024,ATM/WDL/15326624/HDFC ATM KORAMANGALA,3499.00,,4435549.29
21/01/2024,UPI/DR/639958660818/MALLIKA DAS/CNRB0226879/mallika882@paytm,2380.00,,4433169.29
22/01/2024,ATM/WDL/4767180269/CANARA ATM MYSURU,7800.00,,4425369.29
22/01/2024,ATM/WDL/176529368423/SBI ATM JAYANAGAR BLR,2380.00,,4422989.29
22/01/2024,UPI/DR/715435149184/VINAY PATIL/CNRB0226879/vinay955@paytm,449.00,,4422540.29
22/01/2024,UPI/DR/34057528/SANJANA HEGDE/CNRB0226879/sanjana964@ybl,850.00,,4421690.29
23/01/2024,UPI/DR/323922962806/REKHA PILLAI/CNRB0226879/rekha416@okhdfc,120.00,,4421570.29
23/01/2024,UPI/DR/59841288/RAMESH PILLAI/CNRB0226879/ramesh308@okhdfc,120.00,,4421450.29
23/01/2024,ATM/WDL/3826484233/HDFC ATM KORAMANGALA,1680.00,,4419770.29
23/01/2024,IMPS/P2P/83422142/SUNIL YADAV/7028514961,,850.00,4420620.29
24/01/2024,ATM/WDL/16738100/HDFC ATM KORAMANGALA,1250.00,,4419370.29
24/01/2024,IMPS/P2P/0727850006/PADMA RAO/8138113599,,18500.00,4437870.29
24/01/2024,ATM/WDL/106628573947/SBI ATM JAYANAGAR BLR,7800.00,,4430070.29
25/01/2024,IMPS/P2P/83381389/FARHAN KHAN/9086003580,,24000.00,4454070.29
25/01/2024,IMPS/P2P/65171350/RAJENDRA PRASAD/8715873965,,24000.00,4478070.29
25/01/2024,UPI/DR/1205854186/KARTHIK MENON/CNRB0226879/karthik267@ybl,1680.00,,4476390.29
26/01/2024,NEFT/9480974864/NIKHIL GUPTA/CNRB0226879/19351071589987,,1200.00,4477590.29
26/01/2024,CHQ NO 297377 CLEARING,49.00,,4477541.29
26/01/2024,UPI/DR/298976754528/PREETHI IYER/CNRB0226879/preethi746@ybl,1680.00,,4475861.29
27/01/2024,ATM/WDL/1996604871/CANARA ATM MYSURU,310.00,,4475551.29
27/01/2024,CHQ NO 791564 CLEARING,5200.00,,4470351.29
27/01/2024,UPI/DR/02795436/VIKRAM NAIR/CNRB0226879/vikram183@oksbi,310.00,,4470041.29
27/01/2024,CASH DEPOSIT/BRANCH COUNTER/MALLESWARAM BENGALURU,,500.00,4470541.29
27/01/2024,IMPS/P2P/22032625/ANITHA KRISHNAN/8058980677,,7600.00,4478141.29
28/01/2024,IMPS/P2P/0042372664/MEENA IYER/8090680172,,850.00,4478991.29
29/01/2024,UPI/CR/841319455868/MOHAMMED IRFAN/CNRB0226879/mohammed915@okaxis,,18500.00,4497491.29
30/01/2024,UPI/CR/903545424332/FATIMA SHEIKH/CNRB0226879/fatima119@oksbi,,11200.00,4508691.29
30/01/2024,NEFT/636357705919/VENKAT RAO/CNRB0226879/42328719643734,,4800.00,4513491.29
30/01/2024,NEFT/76424139/CHANDAN SHARMA/CNRB0226879/30131407140996,,4800.00,4518291.29
30/01/2024,UPI/DR/51154940/ROHIT SHARMA/CNRB0226879/rohit357@paytm,2380.00,,4515911.29
31/01/2024,UPI/CR/052589084922/TANVI RAO/CNRB0226879/tanvi36@paytm,,850.00,4516761.29
31/01/2024,CHQ NO 785232 CLEARING,120.00,,4516641.29
31/01/2024,NEFT/7026950164/RAMESH PILLAI/CNRB0226879/51475856710117,1680.00,,4514961.29
01/02/2024,NEFT/6150576587/ARUN SHARMA/CNRB0226879/42029802497514,,500.00,4515461.29
01/02/2024,NEFT/1661275486/TANVI RAO/CNRB0226879/80305917567958,310.00,,4515151.29
02/02/2024,NEFT/016084741857/ROHIT SHARMA/CNRB0226879/10990929593159,49.00,,4515102.29
03/02/2024,ATM/WDL/9210145761/CANARA ATM MYSURU,120.00,,4514982.29
03/02/2024,UPI/DR/59261666/VIKRAM NAIR/CNRB0226879/vikram732@okhdfc,2380.00,,4512602.29
04/02/2024,UPI/CR/4030235516/GANESH KUMAR/CNRB0226879/ganesh591@ybl,,2500.00,4515102.29
04/02/2024,NEFT/5734207989/SNEHA PATIL/CNRB0226879/03629660582676,,4800.00,4519902.29
04/02/2024,CASH DEPOSIT/BRANCH COUNTER/MALLESWARAM BENGALURU,,18500.00,4538402.29
05/02/2024,NEFT/056798719634/ARUN SHARMA/CNRB0226879/60162825618483,310.00,,4538092.29
05/02/2024,UPI/DR/7673560452/TARA SINGH/CNRB0226879/tara395@ybl,999.00,,4537093.29
05/02/2024,CHQ NO 296507 CLEARING,249.00,,4536844.29
05/02/2024,UPI/DR/66556268/MOHAMMED IRFAN/CNRB0226879/mohammed190@oksbi,449.00,,4536395.29
06/02/2024,NEFT/541929919164/REKHA PILLAI/CNRB0226879/19887314451559,,18500.00,4554895.29
06/02/2024,IMPS/P2P/0102964822/SHEELA DEVI/8232011862,,500.00,4555395.29
06/02/2024,UPI/DR/313295535906/KAVYA REDDY/CNRB0226879/kavya996@paytm,699.00,,4554696.29
06/02/2024,NEFT/425268440942/RAJENDRA PRASAD/CNRB0226879/92844644056770,79.00,,4554617.29
06/02/2024,UPI/DR/0634679169/SHAHID KHAN/CNRB0226879/shahid813@okaxis,1250.00,,4553367.29
07/02/2024,ATM/WDL/2058211087/SBI ATM JAYANAGAR BLR,7800.00,,4545567.29
07/02/2024,UPI/CR/982579571915/KARTHIK MENON/CNRB0226879/karthik268@okaxis,,1200.00,4546767.29
07/02/2024,NEFT/326138472489/DEEPAK JOSHI/CNRB0226879/41078652279730,,7600.00,4554367.29
09/02/2024,UPI/DR/93674316/ROHIT SHARMA/CNRB0226879/rohit152@paytm,7800.00,,4546567.29
09/02/2024,CHQ NO 392147 CLEARING,1250.00,,4545317.29
10/02/2024,NEFT/5469049750/RAHUL SINGH/CNRB0226879/93982838923195,,32000.00,4577317.29
10/02/2024,ATM/WDL/21056752/HDFC ATM KORAMANGALA,1250.00,,4576067.29
10/02/2024,NEFT/551382860897/SNEHA PATIL/CNRB0226879/36798520976123,1250.00,,4574817.29
11/02/2024,UPI/CR/1206378304/HARISH MENON/CNRB0226879/harish186@oksbi,,1200.00,4576017.29
11/02/2024,CHQ NO 598418 CLEARING,449.00,,4575568.29
11/02/2024,CHQ NO 971364 CLEARING,3499.00,,4572069.29
11/02/2024,UPI/DR/67987143/DIVYA MENON/CNRB0226879/divya554@ybl,850.00,,4571219.29
12/02/2024,UPI/CR/264622546141/SUNITA DEVI/CNRB0226879/sunita984@paytm,,18500.00,4589719.29
12/02/2024,NEFT/8289827805/DIVYA MENON/CNRB0226879/74769577006307,,2500.00,4592219.29
13/02/2024,UPI/DR/7250154572/SUNITA DEVI/CNRB0226879/sunita627@okhdfc,310.00,,4591909.29
13/02/2024,ATM/WDL/0048534577/SBI ATM JAYANAGAR BLR,999.00,,4590910.29
14/02/2024,UPI/CR/419648290229/ARJUN MEHTA/CNRB0226879/arjun122@oksbi,,850.00,4591760.29
14/02/2024,NEFT/446577444628/SUSHMA RAO/CNRB0226879/80683740233134,,2500.00,4594260.29
14/02/2024,IMPS/P2P/742776633758/LATHA MURTHY/7128580898,,2500.00,4596760.29
14/02/2024,ATM/WDL/2004341953/CANARA ATM MYSURU,1680.00,,4595080.29
15/02/2024,NEFT/449956093305/PADMA RAO/CNRB0226879/34838611018323,,18500.00,4613580.29
15/02/2024,CASH DEPOSIT/BRANCH COUNTER/MALLESWARAM BENGALURU,,500.00,4614080.29
15/02/2024,CHQ NO 529460 CLEARING,249.00,,4613831.29
16/02/2024,ATM/WDL/902850272314/SBI ATM JAYANAGAR BLR,3499.00,,4610332.29
16/02/2024,NEFT/6655792242/FATIMA SHEIKH/CNRB0226879/99170871231078,5200.00,,4605132.29
16/02/2024,NEFT/1858229545/LALITHA DEVI/CNRB0226879/33399519635637,,18500.00,4623632.29
16/02/2024,NEFT/388767772157/MOHAN DAS/CNRB0226879/87861719816179,,4800.00,4628432.29
17/02/2024,NEFT/3702520757/ROHIT SHARMA/CNRB0226879/59990266108204,249.00,,4628183.29
17/02/2024,NEFT/2292646376/SAVITHA DEVI/CNRB0226879/55544130496164,3499.00,,4624684.29
18/02/2024,CASH DEPOSIT/BRANCH COUNTER/MALLESWARAM BENGALURU,,7600.00,4632284.29
18/02/2024,CHQ NO 874347 CLEARING,2380.00,,4629904.29
18/02/2024,IMPS/P2P/4464023339/TARA SINGH/7548324547,,4800.00,4634704.29
18/02/2024,UPI/DR/141281362544/NILESH KULKARNI/CNRB0226879/nilesh255@okaxis,5200.00,,4629504.29
19/02/2024,UPI/CR/946237421565/SNEHA PATIL/CNRB0226879/sneha257@paytm,,1200.00,4630704.29
19/02/2024,CASH DEPOSIT/BRANCH COUNTER/MALLESWARAM BENGALURU,,7600.00,4638304.29
19/02/2024,NEFT/2726933505/SHAHID KHAN/CNRB0226879/28361858197833,1680.00,,4636624.29
20/02/2024,CHQ NO 711499 CLEARING,699.00,,4635925.29
20/02/2024,NEFT/53933424/SNEHA PATIL/CNRB0226879/33304007827551,1250.00,,4634675.29
20/02/2024,NEFT/5085759194/VENKAT RAO/CNRB0226879/81051262610556,,18500.00,4653175.29
20/02/2024,IMPS/P2P/35648715/RAMESH GOWDA/8547192537,,7600.00,4660775.29
20/02/2024,CASH DEPOSIT/BRANCH COUNTER/MALLESWARAM BENGALURU,,11200.00,4671975.29
21/02/2024,ATM/WDL/532721423827/SBI ATM JAYANAGAR BLR,249.00,,4671726.29
22/02/2024,IMPS/P2P/232786551461/KAVERI MENON/7044596470,,7600.00,4679326.29
23/02/2024,UPI/DR/9480173508/DIVYA MENON/CNRB0226879/divya482@okhdfc,1250.00,,4678076.29
23/02/2024,UPI/DR/98547332/SAVITHA DEVI/CNRB0226879/savitha806@okaxis,449.00,,4677627.29
24/02/2024,ATM/WDL/409325285487/SBI ATM JAYANAGAR BLR,3499.00,,4674128.29
24/02/2024,UPI/DR/527059235258/SAVITHA DEVI/CNRB0226879/savitha939@oksbi,7800.00,,4666328.29
24/02/2024,NEFT/88031916/SHAHID KHAN/CNRB0226879/65640816169585,,2500.00,4668828.29
24/02/2024,CASH DEPOSIT/BRANCH COUNTER/MALLESWARAM BENGALURU,,1200.00,4670028.29
25/02/2024,UPI/DR/6575874604/SHAHID KHAN/CNRB0226879/shahid958@okhdfc,999.00,,4669029.29
25/02/2024,UPI/DR/370288437025/HARISH MENON/CNRB0226879/harish611@okhdfc,2380.00,,4666649.29
25/02/2024,CHQ NO 259113 CLEARING,7800.00,,4658849.29
25/02/2024,UPI/DR/7451639054/POOJA SHARMA/CNRB0226879/pooja995@okaxis,79.00,,4658770.29
25/02/2024,UPI/DR/49371562/SHAHID KHAN/CNRB0226879/shahid381@okhdfc,699.00,,4658071.29
26/02/2024,UPI/DR/5190643836/NAVEEN KUMAR/CNRB0226879/naveen610@paytm,3499.00,,4654572.29
26/02/2024,CASH DEPOSIT/BRANCH COUNTER/MALLESWARAM BENGALURU,,18500.00,4673072.29
26/02/2024,ATM/WDL/6701044689/SBI ATM JAYANAGAR BLR,1250.00,,4671822.29
27/02/2024,NEFT/8370472129/ARUN SHARMA/CNRB0226879/56230799007477,,7600.00,4679422.29
27/02/2024,UPI/DR/0016049897/DEEPAK JOSHI/CNRB0226879/deepak451@okaxis,310.00,,4679112.29
27/02/2024,IMPS/P2P/879684824505/ANITHA KRISHNAN/8790868824,,18500.00,4697612.29
28/02/2024,UPI/DR/3778347716/RAVI KUMAR SHARMA/CNRB0226879/ravi737@okhdfc,49.00,,4697563.29
28/02/2024,UPI/DR/16919745/TANVI RAO/CNRB0226879/tanvi109@paytm,249.00,,4697314.29
28/02/2024,CHQ NO 251608 CLEARING,1250.00,,4696064.29
29/02/2024,CASH DEPOSIT/BRANCH COUNTER/MALLESWARAM BENGALURU,,18500.00,4714564.29
29/02/2024,UPI/DR/79974303/ANAND KUMAR/CNRB0226879/anand518@okhdfc,1250.00,,4713314.29
29/02/2024,ATM/WDL/53441809/SBI ATM JAYANAGAR BLR,1680.00,,4711634.29
01/03/2024,UPI/CR/963294613670/DEEPA NAIR/CNRB0226879/deepa905@ybl,,18500.00,4730134.29
01/03/2024,UPI/DR/86827324/PRAKASH RAO/CNRB0226879/prakash591@oksbi,5200.00,,4724934.29
01/03/2024,NEFT/621608778843/NIKHIL GUPTA/CNRB0226879/58355500367605,,2500.00,4727434.29
01/03/2024,ATM/WDL/48869395/SBI ATM JAYANAGAR BLR,999.00,,4726435.29
01/03/2024,ATM/WDL/54833978/CANARA ATM MYSURU,310.00,,4726125.29
02/03/2024,UPI/DR/8609288504/HARISH MENON/CNRB0226879/harish20@okaxis,1250.00,,4724875.29
02/03/2024,UPI/CR/9861167669/LAKSHMI VENKAT/CNRB0226879/lakshmi59@ybl,,500.00,4725375.29
02/03/2024,UPI/DR/06092734/BABU LAL/CNRB0226879/babu566@okhdfc,310.00,,4725065.29
03/03/2024,CASH DEPOSIT/BRANCH COUNTER/MALLESWARAM BENGALURU,,2500.00,4727565.29
03/03/2024,UPI/CR/680108279791/SUSHMA RAO/CNRB0226879/sushma397@okhdfc,,32000.00,4759565.29
04/03/2024,ATM/WDL/15967963/SBI ATM JAYANAGAR BLR,3499.00,,4756066.29
04/03/2024,NEFT/419437305870/VENKAT RAO/CNRB0226879/38655387778926,,850.00,4756916.29
05/03/2024,ATM/WDL/997415140112/CANARA ATM MYSURU,249.00,,4756667.29
05/03/2024,CASH DEPOSIT/BRANCH COUNTER/MALLESWARAM BENGALURU,,850.00,4757517.29
06/03/2024,NEFT/590393475701/ARJUN MEHTA/CNRB0226879/76839400078331,,11200.00,4768717.29
06/03/2024,IMPS/P2P/22903124/NIKHIL GUPTA/9860472499,,24000.00,4792717.29
06/03/2024,NEFT/344603640102/SANTOSH KUMAR/CNRB0226879/67589153773266,1250.00,,4791467.29
06/03/2024,CASH DEPOSIT/BRANCH COUNTER/MALLESWARAM BENGALURU,,1200.00,4792667.29
07/03/2024,UPI/DR/588270483380/ROHIT SHARMA/CNRB0226879/rohit987@ybl,5200.00,,4787467.29
07/03/2024,CASH DEPOSIT/BRANCH COUNTER/MALLESWARAM BENGALURU,,2500.00,4789967.29
08/03/2024,UPI/DR/669078231134/LATHA MURTHY/CNRB0226879/latha171@okaxis,79.00,,4789888.29
08/03/2024,UPI/DR/6440694091/DEEPAK JOSHI/CNRB0226879/deepak978@ybl,699.00,,4789189.29
08/03/2024,UPI/DR/929664256961/KARTHIK MENON/CNRB0226879/karthik959@okhdfc,249.00,,4788940.29
08/03/2024,CHQ NO 611792 CLEARING,449.00,,4788491.29
10/03/2024,UPI/DR/6588707321/SNEHA PATIL/CNRB0226879/sneha560@paytm,5200.00,,4783291.29
10/03/2024,CASH DEPOSIT/BRANCH COUNTER/MALLESWARAM BENGALURU,,500.00,4783791.29
11/03/2024,UPI/CR/716947573489/PREETHI IYER/CNRB0226879/preethi526@oksbi,,32000.00,4815791.29
11/03/2024,UPI/DR/26542920/TANVI RAO/CNRB0226879/tanvi816@ybl,3499.00,,4812292.29
12/03/2024,NEFT/8180866992/AYESHA KHAN/CNRB0226879/28685498511159,699.00,,4811593.29
12/03/2024,NEFT/8308160547/GOPAL VERMA/CNRB0226879/29739466748279,,7600.00,4819193.29
12/03/2024,UPI/DR/2903490005/AYESHA KHAN/CNRB0226879/ayesha975@okhdfc,5200.00,,4813993.29
12/03/2024,UPI/DR/163058472774/ANAND KUMAR/CNRB0226879/anand845@okhdfc,249.00,,4813744.29
13/03/2024,ATM/WDL/69773943/SBI ATM JAYANAGAR BLR,249.00,,4813495.29
14/03/2024,CASH DEPOSIT/BRANCH COUNTER/MALLESWARAM BENGALURU,,32000.00,4845495.29
14/03/2024,NEFT/350353600152/PRIYA NAIR/CNRB0226879/70606026223108,1680.00,,4843815.29
14/03/2024,IMPS/P2P/581005778025/SUSHMA RAO/9392970182,,24000.00,4867815.29
14/03/2024,CASH DEPOSIT/BRANCH COUNTER/MALLESWARAM BENGALURU,,850.00,4868665.29
15/03/2024,UPI/DR/5449565711/SHEELA DEVI/CNRB0226879/sheela298@okhdfc,249.00,,4868416.29
15/03/2024,CHQ NO 057176 CLEARING,310.00,,4868106.29
15/03/2024,CHQ NO 226421 CLEARING,449.00,,4867657.29
16/03/2024,CASH DEPOSIT/BRANCH COUNTER/MALLESWARAM BENGALURU,,1200.00,4868857.29
16/03/2024,UPI/DR/1750499702/VIKRAM NAIR/CNRB0226879/vikram664@okhdfc,7800.00,,4861057.29
16/03/2024,UPI/DR/900525394114/RAVI KUMAR SHARMA/CNRB0226879/ravi164@oksbi,7800.00,,4853257.29
16/03/2024,UPI/DR/062638506487/SURESH BABU/CNRB0226879/suresh255@oksbi,120.00,,4853137.29
17/03/2024,UPI/DR/47718773/SMITHA PILLAI/CNRB0226879/smitha509@okaxis,699.00,,4852438.29
17/03/2024,ATM/WDL/14607612/SBI ATM JAYANAGAR BLR,1250.00,,4851188.29
17/03/2024,UPI/DR/836690539652/DEEPA NAIR/CNRB0226879/deepa395@okaxis,850.00,,4850338.29
18/03/2024,UPI/DR/84235325/VINAY PATIL/CNRB0226879/vinay870@okaxis,850.00,,4849488.29
18/03/2024,UPI/DR/43927044/MEENA IYER/CNRB0226879/meena886@oksbi,2380.00,,4847108.29
19/03/2024,NEFT/70107092/PRIYA NAIR/CNRB0226879/28376786335039,,18500.00,4865608.29
19/03/2024,ATM/WDL/4021285563/SBI ATM JAYANAGAR BLR,449.00,,4865159.29
20/03/2024,ATM/WDL/920034186387/CANARA ATM MYSURU,3499.00,,4861660.29
20/03/2024,ATM/WDL/561815056474/SBI ATM JAYANAGAR BLR,449.00,,4861211.29
20/03/2024,UPI/DR/9848291898/MOHAMMED IRFAN/CNRB0226879/mohammed900@okaxis,1250.00,,4859961.29
21/03/2024,CASH DEPOSIT/BRANCH COUNTER/MALLESWARAM BENGALURU,,1200.00,4861161.29
21/03/2024,UPI/DR/398201062636/ROHIT SHARMA/CNRB0226879/rohit765@paytm,310.00,,4860851.29
21/03/2024,NEFT/52889657/RAMESH GOWDA/CNRB0226879/24646746670208,2380.00,,4858471.29
22/03/2024,NEFT/1051871101/KARTHIK MENON/CNRB0226879/35491108166117,449.00,,4858022.29
22/03/2024,UPI/DR/343843535781/BINDHU NAIR/CNRB0226879/bindhu871@okhdfc,1680.00,,4856342.29
23/03/2024,ATM/WDL/367235251361/HDFC ATM KORAMANGALA,5200.00,,4851142.29
23/03/2024,UPI/DR/950444001887/ADITYA KUMAR/CNRB0226879/aditya257@paytm,999.00,,4850143.29
23/03/2024,CASH DEPOSIT/BRANCH COUNTER/MALLESWARAM BENGALURU,,18500.00,4868643.29
23/03/2024,UPI/DR/920778655850/NAVEEN KUMAR/CNRB0226879/naveen419@oksbi,49.00,,4868594.29
23/03/2024,NEFT/1266220561/USHA RANI/CNRB0226879/83964059241497,,24000.00,4892594.29
23/03/2024,NEFT/469463383273/FARHAN KHAN/CNRB0226879/13165954870595,2380.00,,4890214.29
24/03/2024,UPI/DR/366650208414/PRIYA NAIR/CNRB0226879/priya476@okaxis,1250.00,,4888964.29
24/03/2024,UPI/DR/121148595217/SANJANA HEGDE/CNRB0226879/sanjana398@oksbi,699.00,,4888265.29
24/03/2024,CASH DEPOSIT/BRANCH COUNTER/MALLESWARAM BENGALURU,,1200.00,4889465.29
24/03/2024,UPI/DR/048884176593/DIVYA MENON/CNRB0226879/divya441@ybl,5200.00,,4884265.29
24/03/2024,NEFT/732917611201/SUNIL YADAV/CNRB0226879/64036173762348,,500.00,4884765.29
25/03/2024,UPI/DR/13478453/SHEELA DEVI/CNRB0226879/sheela667@ybl,449.00,,4884316.29
25/03/2024,UPI/DR/327115355898/GEETA DEVI/CNRB0226879/geeta261@okhdfc,120.00,,4884196.29
25/03/2024,UPI/CR/5432212599/DEEPAK JOSHI/CNRB0226879/deepak148@paytm,,4800.00,4888996.29
25/03/2024,UPI/DR/47275793/RAMESH PILLAI/CNRB0226879/ramesh673@okhdfc,310.00,,4888686.29
26/03/2024,NEFT/276336821062/DIVYA MENON/CNRB0226879/69651637697521,,11200.00,4899886.29
26/03/2024,ATM/WDL/4990599963/SBI ATM JAYANAGAR BLR,5200.00,,4894686.29
26/03/2024,UPI/DR/90523702/GEETA DEVI/CNRB0226879/geeta36@okaxis,699.00,,4893987.29
26/03/2024,CASH DEPOSIT/BRANCH COUNTER/MALLESWARAM BENGALURU,,18500.00,4912487.29
27/03/2024,IMPS/P2P/97341218/VIKRAM NAIR/7377744764,,24000.00,4936487.29
27/03/2024,NEFT/41458277/RANJIT SINGH/CNRB0226879/37109798693535,,32000.00,4968487.29
27/03/2024,NEFT/9037931853/ANAND KUMAR/CNRB0226879/70838724917233,249.00,,4968238.29
27/03/2024,UPI/DR/545443684611/RAMESH GOWDA/CNRB0226879/ramesh748@okhdfc,1680.00,,4966558.29
28/03/2024,NEFT/8257104506/TARA SINGH/CNRB0226879/64603989216189,2380.00,,4964178.29
28/03/2024,NEFT/96229806/SHEELA DEVI/CNRB0226879/63717943084145,,1200.00,4965378.29
28/03/2024,UPI/DR/00590032/KAVITHA RAO/CNRB0226879/kavitha236@ybl,249.00,,4965129.29
28/03/2024,IMPS/P2P/15137254/PREETHI IYER/8827720088,,7600.00,4972729.29
29/03/2024,ATM/WDL/2643396680/CANARA ATM MYSURU,120.00,,4972609.29
31/03/2024,UPI/DR/83286932/SHEELA DEVI/CNRB0226879/sheela599@ybl,7800.00,,4964809.29
31/03/2024,UPI/DR/4606664721/USHA RANI/CNRB0226879/usha355@paytm,1250.00,,4963559.29
01/04/2024,UPI/DR/0351110120/ROHIT SHARMA/CNRB0226879/rohit192@ybl,120.00,,4963439.29
02/04/2024,ATM/WDL/240003652832/CANARA ATM MYSURU,3499.00,,4959940.29
02/04/2024,UPI/DR/3562008461/VINAY PATIL/CNRB0226879/vinay532@oksbi,310.00,,4959630.29
02/04/2024,UPI/DR/47744634/ADITYA KUMAR/CNRB0226879/aditya130@oksbi,2380.00,,4957250.29
02/04/2024,ATM/WDL/1186706818/HDFC ATM KORAMANGALA,1250.00,,4956000.29
03/04/2024,NEFT/032620759280/SNEHA PATIL/CNRB0226879/79010069518602,,2500.00,4958500.29
03/04/2024,NEFT/683018521958/SNEHA PATIL/CNRB0226879/54460434574669,249.00,,4958251.29
03/04/2024,UPI/DR/8169701922/SUSHMA RAO/CNRB0226879/sushma701@okaxis,5200.00,,4953051.29
04/04/2024,ATM/WDL/4953071645/HDFC ATM KORAMANGALA,3499.00,,4949552.29
04/04/2024,ATM/WDL/141736464089/CANARA ATM MYSURU,249.00,,4949303.29
04/04/2024,UPI/DR/093496509127/RAMESH GOWDA/CNRB0226879/ramesh532@okaxis,449.00,,4948854.29
04/04/2024,NEFT/564626624772/GEETA DEVI/CNRB0226879/07695710845863,,32000.00,4980854.29
05/04/2024,CASH DEPOSIT/BRANCH COUNTER/MALLESWARAM BENGALURU,,4800.00,4985654.29
05/04/2024,IMPS/P2P/33771959/VINAY PATIL/9368636891,,32000.00,5017654.29
05/04/2024,NEFT/0428336266/POOJA SHARMA/CNRB0226879/32138593980795,2380.00,,5015274.29
06/04/2024,UPI/DR/43390402/ANAND KUMAR/CNRB0226879/anand408@oksbi,79.00,,5015195.29
06/04/2024,CHQ NO 006562 CLEARING,79.00,,5015116.29
06/04/2024,IMPS/P2P/79714000/GOPAL VERMA/7789361700,,2500.00,5017616.29
07/04/2024,UPI/DR/6867749037/ADITYA KUMAR/CNRB0226879/aditya33@oksbi,249.00,,5017367.29
07/04/2024,IMPS/P2P/130460022847/RAMESH GOWDA/7133055092,,500.00,5017867.29
07/04/2024,IMPS/P2P/523106254959/SANJANA HEGDE/9213760181,,7600.00,5025467.29
07/04/2024,NEFT/366890456236/ARUN SHARMA/CNRB0226879/43272266770311,,24000.00,5049467.29
08/04/2024,CASH DEPOSIT/BRANCH COUNTER/MALLESWARAM BENGALURU,,850.00,5050317.29
08/04/2024,NEFT/13311135/MEENA IYER/CNRB0226879/50739258550210,5200.00,,5045117.29
08/04/2024,UPI/DR/12955282/PRAKASH RAO/CNRB0226879/prakash113@paytm,999.00,,5044118.29
09/04/2024,NEFT/6117530419/ARJUN MEHTA/CNRB0226879/92681409561273,79.00,,5044039.29
09/04/2024,UPI/DR/99565594/NIKHIL GUPTA/CNRB0226879/nikhil471@paytm,999.00,,5043040.29
09/04/2024,UPI/DR/65247547/LATHA MURTHY/CNRB0226879/latha783@paytm,310.00,,5042730.29
10/04/2024,UPI/DR/019598962917/ANAND KUMAR/CNRB0226879/anand624@okaxis,310.00,,5042420.29
10/04/2024,CASH DEPOSIT/BRANCH COUNTER/MALLESWARAM BENGALURU,,850.00,5043270.29
10/04/2024,NEFT/020030351457/SURESH BABU/CNRB0226879/20058011736058,,24000.00,5067270.29
10/04/2024,CASH DEPOSIT/BRANCH COUNTER/MALLESWARAM BENGALURU,,11200.00,5078470.29
10/04/2024,CASH DEPOSIT/BRANCH COUNTER/MALLESWARAM BENGALURU,,11200.00,5089670.29
11/04/2024,UPI/DR/598288842313/ANITHA KRISHNAN/CNRB0226879/anitha700@okaxis,249.00,,5089421.29
11/04/2024,UPI/CR/6057206588/DIVYA MENON/CNRB0226879/divya187@ybl,,850.00,5090271.29
11/04/2024,CASH DEPOSIT/BRANCH COUNTER/MALLESWARAM BENGALURU,,7600.00,5097871.29
11/04/2024,UPI/CR/92977024/PADMA RAO/CNRB0226879/padma654@okaxis,,4800.00,5102671.29
11/04/2024,NEFT/94156684/BINDHU NAIR/CNRB0226879/83742148877295,850.00,,5101821.29
11/04/2024,UPI/DR/4214494710/TANVI RAO/CNRB0226879/tanvi29@okhdfc,5200.00,,5096621.29
11/04/2024,UPI/CR/000669588653/MEENA IYER/CNRB0226879/meena590@paytm,,500.00,5097121.29
13/04/2024,UPI/CR/398086470155/ARCHANA PILLAI/CNRB0226879/archana688@paytm,,7600.00,5104721.29
13/04/2024,NEFT/10438600/USHA RANI/CNRB0226879/09732775244627,,24000.00,5128721.29
13/04/2024,NEFT/90239561/BINDHU NAIR/CNRB0226879/04720780845581,1250.00,,5127471.29
14/04/2024,CASH DEPOSIT/BRANCH COUNTER/MALLESWARAM BENGALURU,,4800.00,5132271.29
14/04/2024,UPI/CR/81812752/ARJUN MEHTA/CNRB0226879/arjun356@oksbi,,11200.00,5143471.29
14/04/2024,UPI/DR/54739916/VENKAT RAO/CNRB0226879/venkat542@oksbi,999.00,,5142472.29
14/04/2024,CASH DEPOSIT/BRANCH COUNTER/MALLESWARAM BENGALURU,,500.00,5142972.29
14/04/2024,UPI/DR/03769295/LALITHA DEVI/CNRB0226879/lalitha126@ybl,120.00,,5142852.29
14/04/2024,IMPS/P2P/90961155/PRAKASH RAO/7209342717,,2500.00,5145352.29
14/04/2024,NEFT/27869534/ANITHA KRISHNAN/CNRB0226879/55126298195554,,24000.00,5169352.29
15/04/2024,UPI/CR/955630382728/MEENA IYER/CNRB0226879/meena903@oksbi,,1200.00,5170552.29
15/04/2024,IMPS/P2P/7315636273/DEEPAK JOSHI/8429408219,,1200.00,5171752.29
15/04/2024,NEFT/17207529/NILESH KULKARNI/CNRB0226879/69888430666511,,4800.00,5176552.29
15/04/2024,UPI/DR/66735558/SANTOSH KUMAR/CNRB0226879/santosh728@okaxis,7800.00,,5168752.29
16/04/2024,NEFT/8564539626/SUNITA DEVI/CNRB0226879/57539907813703,3499.00,,5165253.29
16/04/2024,NEFT/895194565088/RAJENDRA PRASAD/CNRB0226879/45645062683386,,18500.00,5183753.29
16/04/2024,UPI/DR/4755237740/VIKRAM NAIR/CNRB0226879/vikram545@okaxis,1250.00,,5182503.29
16/04/2024,NEFT/321835975298/VINAY PATIL/CNRB0226879/28236447667499,120.00,,5182383.29
16/04/2024,CASH DEPOSIT/BRANCH COUNTER/MALLESWARAM BENGALURU,,18500.00,5200883.29
17/04/2024,CASH DEPOSIT/BRANCH COUNTER/MALLESWARAM BENGALURU,,1200.00,5202083.29
17/04/2024,CASH DEPOSIT/BRANCH COUNTER/MALLESWARAM BENGALURU,,32000.00,5234083.29
18/04/2024,UPI/DR/0664131936/VENKAT RAO/CNRB0226879/venkat199@ybl,5200.00,,5228883.29
18/04/2024,ATM/WDL/990197027394/SBI ATM JAYANAGAR BLR,310.00,,5228573.29
18/04/2024,IMPS/P2P/6974571875/NAVEEN KUMAR/9469481871,,24000.00,5252573.29
19/04/2024,UPI/DR/04315565/BINDHU NAIR/CNRB0226879/bindhu865@paytm,79.00,,5252494.29
19/04/2024,UPI/DR/550394808711/PADMA RAO/CNRB0226879/padma606@okaxis,249.00,,5252245.29
19/04/2024,UPI/DR/1588100296/NADIA HUSSAIN/CNRB0226879/nadia569@ybl,1680.00,,5250565.29
20/04/2024,NEFT/7081980799/KARTHIK MENON/CNRB0226879/25786478332974,1250.00,,5249315.29
20/04/2024,CHQ NO 694814 CLEARING,999.00,,5248316.29
20/04/2024,IMPS/P2P/127945927633/KAVYA REDDY/7403747034,,11200.00,5259516.29
20/04/2024,UPI/CR/1197272025/PADMA RAO/CNRB0226879/padma730@paytm,,11200.00,5270716.29
21/04/2024,UPI/DR/23213172/MALLIKA DAS/CNRB0226879/mallika492@ybl,79.00,,5270637.29
21/04/2024,NEFT/641425726371/MOHAMMED IRFAN/CNRB0226879/22966550133653,,850.00,5271487.29
21/04/2024,IMPS/P2P/0420083758/SURESH BABU/7733456239,,850.00,5272337.29
22/04/2024,CHQ NO 519673 CLEARING,310.00,,5272027.29
23/04/2024,CHQ NO 122362 CLEARING,3499.00,,5268528.29
23/04/2024,UPI/DR/791226679937/KAVYA REDDY/CNRB0226879/kavya510@ybl,2380.00,,5266148.29
24/04/2024,UPI/DR/94485069/MEERA PILLAI/CNRB0226879/meera927@okaxis,79.00,,5266069.29
25/04/2024,CHQ NO 452952 CLEARING,2380.00,,5263689.29
25/04/2024,CHQ NO 950973 CLEARING,7800.00,,5255889.29
25/04/2024,ATM/WDL/822494892465/HDFC ATM KORAMANGALA,999.00,,5254890.29
26/04/2024,ATM/WDL/33781290/HDFC ATM KORAMANGALA,310.00,,5254580.29
26/04/2024,CHQ NO 578678 CLEARING,7800.00,,5246780.29
26/04/2024,ATM/WDL/936024827578/CANARA ATM MYSURU,310.00,,5246470.29
26/04/2024,ATM/WDL/94167444/SBI ATM JAYANAGAR BLR,249.00,,5246221.29
26/04/2024,NEFT/2175215595/TANVI RAO/CNRB0226879/64807059822997,,24000.00,5270221.29
27/04/2024,CASH DEPOSIT/BRANCH COUNTER/MALLESWARAM BENGALURU,,2500.00,5272721.29
27/04/2024,ATM/WDL/1984443355/SBI ATM JAYANAGAR BLR,449.00,,5272272.29
27/04/2024,NEFT/9194982885/REKHA PILLAI/CNRB0226879/91527425310462,2380.00,,5269892.29
27/04/2024,IMPS/P2P/2096921643/RAJENDRA PRASAD/9433017493,,4800.00,5274692.29
28/04/2024,CHQ NO 776914 CLEARING,249.00,,5274443.29
28/04/2024,NEFT/925289911038/SHEELA DEVI/CNRB0226879/91223093582819,999.00,,5273444.29
29/04/2024,CHQ NO 489168 CLEARING,5200.00,,5268244.29
30/04/2024,UPI/DR/09094843/NADIA HUSSAIN/CNRB0226879/nadia679@oksbi,5200.00,,5263044.29
01/05/2024,UPI/DR/7987432414/GOPAL VERMA/CNRB0226879/gopal979@ybl,120.00,,5262924.29
02/05/2024,UPI/CR/9173621555/LATHA MURTHY/CNRB0226879/latha419@okhdfc,,2500.00,5265424.29
02/05/2024,CASH DEPOSIT/BRANCH COUNTER/MALLESWARAM BENGALURU,,32000.00,5297424.29
02/05/2024,NEFT/61371758/MOHAN DAS/CNRB0226879/23825112091271,5200.00,,5292224.29
02/05/2024,UPI/DR/3997273947/NIKHIL GUPTA/CNRB0226879/nikhil107@oksbi,310.00,,5291914.29
02/05/2024,UPI/DR/703681497536/MALLIKA DAS/CNRB0226879/mallika333@okaxis,999.00,,5290915.29
05/05/2024,UPI/CR/39153710/KAVERI MENON/CNRB0226879/kaveri139@okaxis,,7600.00,5298515.29
06/05/2024,CASH DEPOSIT/BRANCH COUNTER/MALLESWARAM BENGALURU,,24000.00,5322515.29
06/05/2024,CASH DEPOSIT/BRANCH COUNTER/MALLESWARAM BENGALURU,,18500.00,5341015.29
06/05/2024,UPI/CR/14209918/KAVYA REDDY/CNRB0226879/kavya592@oksbi,,2500.00,5343515.29
08/05/2024,UPI/DR/2700557688/MEERA PILLAI/CNRB0226879/meera120@ybl,7800.00,,5335715.29
08/05/2024,UPI/DR/14449113/SUNITA DEVI/CNRB0226879/sunita80@okhdfc,2380.00,,5333335.29
08/05/2024,CHQ NO 811032 CLEARING,699.00,,5332636.29
08/05/2024,NEFT/8993648890/BINDHU NAIR/CNRB0226879/89617092859207,999.00,,5331637.29
08/05/2024,CASH DEPOSIT/BRANCH COUNTER/MALLESWARAM BENGALURU,,18500.00,5350137.29
09/05/2024,CHQ NO 685987 CLEARING,3499.00,,5346638.29
09/05/2024,NEFT/19017852/KARTHIK MENON/CNRB0226879/01605383836202,2380.00,,5344258.29
09/05/2024,NEFT/630351709248/USHA RANI/CNRB0226879/85517827633070,120.00,,5344138.29
09/05/2024,ATM/WDL/18763350/SBI ATM JAYANAGAR BLR,999.00,,5343139.29
09/05/2024,IMPS/P2P/6972844358/SHEELA DEVI/7331204407,,4800.00,5347939.29
10/05/2024,ATM/WDL/475535196901/HDFC ATM KORAMANGALA,49.00,,5347890.29
10/05/2024,UPI/DR/52705271/DEEPA NAIR/CNRB0226879/deepa235@ybl,850.00,,5347040.29
10/05/2024,CASH DEPOSIT/BRANCH COUNTER/MALLESWARAM BENGALURU,,4800.00,5351840.29
10/05/2024,UPI/CR/603061807691/NADIA HUSSAIN/CNRB0226879/nadia857@okaxis,,500.00,5352340.29
10/05/2024,ATM/WDL/715286172564/CANARA ATM MYSURU,699.00,,5351641.29
11/05/2024,NEFT/9174861690/SANJANA HEGDE/CNRB0226879/45381834477381,,4800.00,5356441.29
11/05/2024,UPI/DR/3454437790/HARISH MENON/CNRB0226879/harish118@okhdfc,249.00,,5356192.29
11/05/2024,IMPS/P2P/55893147/PADMA RAO/8665416635,,32000.00,5388192.29
11/05/2024,NEFT/6660324946/GANESH KUMAR/CNRB0226879/34396779456682,1250.00,,5386942.29
11/05/2024,NEFT/0266346361/ANITHA KRISHNAN/CNRB0226879/65363859047592,79.00,,5386863.29
11/05/2024,UPI/DR/30027447/RAVI KUMAR SHARMA/CNRB0226879/ravi825@okhdfc,999.00,,5385864.29
12/05/2024,UPI/DR/215260707621/SURESH NAIR/CNRB0226879/suresh330@okaxis,120.00,,5385744.29
12/05/2024,CASH DEPOSIT/BRANCH COUNTER/MALLESWARAM BENGALURU,,850.00,5386594.29
13/05/2024,CHQ NO 085872 CLEARING,7800.00,,5378794.29
13/05/2024,CASH DEPOSIT/BRANCH COUNTER/MALLESWARAM BENGALURU,,11200.00,5389994.29
14/05/2024,NEFT/571449011848/SANTOSH KUMAR/CNRB0226879/19023078369762,,850.00,5390844.29
14/05/2024,ATM/WDL/67019674/HDFC ATM KORAMANGALA,49.00,,5390795.29
14/05/2024,NEFT/2997684674/REKHA PILLAI/CNRB0226879/40296517499995,850.00,,5389945.29
15/05/2024,UPI/CR/942908867155/RAJESH VERMA/CNRB0226879/rajesh519@paytm,,850.00,5390795.29
15/05/2024,CHQ NO 506904 CLEARING,1680.00,,5389115.29
15/05/2024,UPI/DR/770951499417/RANJIT SINGH/CNRB0226879/ranjit781@okaxis,850.00,,5388265.29
15/05/2024,CHQ NO 957964 CLEARING,120.00,,5388145.29
15/05/2024,CHQ NO 873530 CLEARING,120.00,,5388025.29
15/05/2024,ATM/WDL/665163281967/SBI ATM JAYANAGAR BLR,120.00,,5387905.29
16/05/2024,UPI/DR/80797146/AYESHA KHAN/CNRB0226879/ayesha979@paytm,850.00,,5387055.29
17/05/2024,UPI/DR/428922184516/RANJIT SINGH/CNRB0226879/ranjit784@okaxis,699.00,,5386356.29
17/05/2024,CASH DEPOSIT/BRANCH COUNTER/MALLESWARAM BENGALURU,,850.00,5387206.29
17/05/2024,UPI/DR/929464155215/MOHAMMED IRFAN/CNRB0226879/mohammed471@okaxis,2380.00,,5384826.29
17/05/2024,NEFT/04843025/SURESH BABU/CNRB0226879/44277874419691,,18500.00,5403326.29
18/05/2024,NEFT/530929866056/RAMESH PILLAI/CNRB0226879/45893096073964,1250.00,,5402076.29
18/05/2024,CHQ NO 966106 CLEARING,2380.00,,5399696.29
18/05/2024,UPI/CR/877636506060/NAVEEN KUMAR/CNRB0226879/naveen482@ybl,,18500.00,5418196.29
19/05/2024,CHQ NO 913830 CLEARING,7800.00,,5410396.29
19/05/2024,NEFT/056481813518/SAVITHA DEVI/CNRB0226879/10431507824268,249.00,,5410147.29
19/05/2024,CHQ NO 976085 CLEARING,5200.00,,5404947.29
20/05/2024,NEFT/251756262238/FARHAN KHAN,18500.00,,5386447.29
21/05/2024,UPI/CR/20872023/SUNIL YADAV/CNRB0226879/sunil463@paytm,,24000.00,5410447.29
21/05/2024,UPI/DR/8302379206/GANESH KUMAR/CNRB0226879/ganesh706@paytm,49.00,,5410398.29
21/05/2024,UPI/DR/798098334743/GEETA DEVI/CNRB0226879/geeta236@okhdfc,5200.00,,5405198.29
21/05/2024,NEFT/46389620/REKHA PILLAI/CNRB0226879/00199397458959,120.00,,5405078.29
22/05/2024,UPI/DR/3887439200/NADIA HUSSAIN/CNRB0226879/nadia161@okaxis,449.00,,5404629.29
22/05/2024,NEFT/018695903740/SUSHMA RAO/CNRB0226879/61261856842341,249.00,,5404380.29
23/05/2024,REVERSAL-NEFT/PENDING_REV_05998616,,18500.00,5422880.29
23/05/2024,UPI/DR/4852385102/REKHA PILLAI/CNRB0226879/rekha604@ybl,999.00,,5421881.29
23/05/2024,NEFT/587503132262/FARHAN KHAN/CNRB0226879/44683018837811,,1200.00,5423081.29
24/05/2024,NEFT/6157750474/RAJENDRA PRASAD/CNRB0226879/09939453901305,,850.00,5423931.29
24/05/2024,ATM/WDL/427149720357/CANARA ATM MYSURU,79.00,,5423852.29
24/05/2024,UPI/DR/7377455582/ANAND KUMAR/CNRB0226879/anand451@oksbi,7800.00,,5416052.29
25/05/2024,UPI/CR/6468651898/HARISH MENON/CNRB0226879/harish828@oksbi,,1200.00,5417252.29
25/05/2024,CHQ NO 485021 CLEARING,850.00,,5416402.29
26/05/2024,NEFT/1518723017/DEEPAK JOSHI/CNRB0226879/53087251473773,,2500.00,5418902.29
26/05/2024,ATM/WDL/3167986232/SBI ATM JAYANAGAR BLR,1680.00,,5417222.29
26/05/2024,UPI/DR/418911474132/MALLIKA DAS/CNRB0226879/mallika852@oksbi,449.00,,5416773.29
26/05/2024,IMPS/P2P/9367570975/MOHAN DAS/8110176151,,2500.00,5419273.29
27/05/2024,UPI/CR/46270940/USHA RANI/CNRB0226879/usha28@paytm,,32000.00,5451273.29
27/05/2024,ATM/WDL/419823179074/HDFC ATM KORAMANGALA,5200.00,,5446073.29
27/05/2024,CHQ NO 581121 CLEARING,1680.00,,5444393.29
27/05/2024,UPI/CR/4501806704/SUNITA DEVI/CNRB0226879/sunita95@paytm,,32000.00,5476393.29
28/05/2024,NEFT/96423004/ARJUN MEHTA/CNRB0226879/89521190653219,,500.00,5476893.29
28/05/2024,UPI/CR/133600114992/DEEPAK JOSHI/CNRB0226879/deepak289@okaxis,,32000.00,5508893.29
29/05/2024,IMPS/P2P/66263033/TARA SINGH/9357291950,,4800.00,5513693.29
29/05/2024,NEFT/81570498/SURESH BABU/CNRB0226879/31901951266732,249.00,,5513444.29
30/05/2024,ATM/WDL/252443613656/SBI ATM JAYANAGAR BLR,699.00,,5512745.29
31/05/2024,UPI/DR/948620084358/DIVYA MENON/CNRB0226879/divya872@okaxis,7800.00,,5504945.29
31/05/2024,IMPS/P2P/919742182722/ARCHANA PILLAI/9491099530,,32000.00,5536945.29
31/05/2024,NEFT/082627512555/REKHA PILLAI/CNRB0226879/73051199337731,49.00,,5536896.29
31/05/2024,CHQ NO 760489 CLEARING,699.00,,5536197.29
01/06/2024,CASH DEPOSIT/BRANCH COUNTER/MALLESWARAM BENGALURU,,11200.00,5547397.29
01/06/2024,UPI/DR/013375457985/SURESH BABU/CNRB0226879/suresh49@paytm,999.00,,5546398.29
02/06/2024,UPI/CR/2729293830/RAJESH VERMA/CNRB0226879/rajesh466@ybl,,11200.00,5557598.29
02/06/2024,NEFT/58692428/SNEHA PATIL/CNRB0226879/27938879975737,850.00,,5556748.29
03/06/2024,UPI/DR/3355100227/GEETA DEVI/CNRB0226879/geeta651@okhdfc,310.00,,5556438.29
03/06/2024,ATM/WDL/91875840/CANARA ATM MYSURU,1680.00,,5554758.29
03/06/2024,IMPS/P2P/761286135651/KAVERI MENON/9876346026,,850.00,5555608.29
04/06/2024,UPI/CR/318076041802/MALLIKA DAS/CNRB0226879/mallika382@oksbi,,4800.00,5560408.29
05/06/2024,UPI/DR/318276080978/NAVEEN KUMAR/CNRB0226879/naveen883@ybl,999.00,,5559409.29
05/06/2024,IMPS/P2P/078600679382/SMITHA PILLAI/8017778655,,2500.00,5561909.29
05/06/2024,UPI/CR/45124433/RAHUL SINGH/CNRB0226879/rahul492@okaxis,,850.00,5562759.29
05/06/2024,UPI/DR/40935149/TARA SINGH/CNRB0226879/tara495@okaxis,1250.00,,5561509.29
05/06/2024,CHQ NO 778532 CLEARING,449.00,,5561060.29
06/06/2024,UPI/DR/8547567942/LAKSHMI VENKAT/CNRB0226879/lakshmi41@oksbi,1250.00,,5559810.29
06/06/2024,IMPS/P2P/36587046/ARCHANA PILLAI/8469021520,,2500.00,5562310.29
06/06/2024,IMPS/P2P/6426768589/NAVEEN KUMAR/7227471067,,4800.00,5567110.29
06/06/2024,IMPS/P2P/355631577399/RAJENDRA PRASAD/7295888905,,32000.00,5599110.29
06/06/2024,UPI/DR/08605058/LAKSHMI VENKAT/CNRB0226879/lakshmi41@paytm,120.00,,5598990.29
07/06/2024,UPI/DR/15673261/MOHAMMED IRFAN/CNRB0226879/mohammed681@ybl,1250.00,,5597740.29
07/06/2024,NEFT/208343110309/DEEPAK JOSHI/CNRB0226879/08821136609422,1250.00,,5596490.29
08/06/2024,UPI/DR/701025330758/VENKAT RAO/CNRB0226879/venkat255@okhdfc,49.00,,5596441.29
08/06/2024,UPI/CR/5970196343/PADMA RAO/CNRB0226879/padma186@ybl,,11200.00,5607641.29
08/06/2024,CASH DEPOSIT/BRANCH COUNTER/MALLESWARAM BENGALURU,,850.00,5608491.29
08/06/2024,UPI/DR/6606572284/ARUN SHARMA/CNRB0226879/arun786@paytm,7800.00,,5600691.29
08/06/2024,CHQ NO 327755 CLEARING,120.00,,5600571.29
09/06/2024,UPI/DR/69978768/RAHUL SINGH/CNRB0226879/rahul610@oksbi,49.00,,5600522.29
09/06/2024,CHQ NO 666694 CLEARING,7800.00,,5592722.29
09/06/2024,CASH DEPOSIT/BRANCH COUNTER/MALLESWARAM BENGALURU,,32000.00,5624722.29
09/06/2024,CHQ NO 952098 CLEARING,49.00,,5624673.29
10/06/2024,UPI/DR/7311004329/BINDHU NAIR/CNRB0226879/bindhu619@okhdfc,7800.00,,5616873.29
10/06/2024,UPI/DR/1017019399/TANVI RAO/CNRB0226879/tanvi30@okhdfc,49.00,,5616824.29
10/06/2024,CHQ NO 342574 CLEARING,2380.00,,5614444.29
11/06/2024,ATM/WDL/5224190363/SBI ATM JAYANAGAR BLR,49.00,,5614395.29
11/06/2024,IMPS/P2P/981210757573/MEERA PILLAI/9916207591,,11200.00,5625595.29
11/06/2024,NEFT/59482823/KARTHIK MENON/CNRB0226879/43335884682254,850.00,,5624745.29
14/06/2024,UPI/CR/360192953080/NIKHIL GUPTA/CNRB0226879/nikhil451@paytm,,7600.00,5632345.29
14/06/2024,IMPS/P2P/623842977915/DIVYA MENON/7599188693,,1200.00,5633545.29
14/06/2024,CHQ NO 721536 CLEARING,5200.00,,5628345.29
15/06/2024,IMPS/P2P/39273153/ADITYA KUMAR/8799420911,,850.00,5629195.29
15/06/2024,UPI/DR/47182289/SUNIL YADAV/CNRB0226879/sunil689@oksbi,7800.00,,5621395.29
15/06/2024,UPI/CR/669117919964/KAVITHA RAO/CNRB0226879/kavitha361@okaxis,,500.00,5621895.29
16/06/2024,UPI/CR/9907007833/ANITHA KRISHNAN/CNRB0226879/anitha21@okhdfc,,7600.00,5629495.29
16/06/2024,UPI/DR/6783403181/PADMA RAO/CNRB0226879/padma216@paytm,120.00,,5629375.29
16/06/2024,UPI/DR/270259330309/MALLIKA DAS/CNRB0226879/mallika503@ybl,449.00,,5628926.29
16/06/2024,NEFT/542637169873/GEETA DEVI/CNRB0226879/93519484373073,,11200.00,5640126.29
17/06/2024,CHQ NO 974022 CLEARING,850.00,,5639276.29
18/06/2024,NEFT/7728541484/GANESH KUMAR/CNRB0226879/73085345265884,5200.00,,5634076.29
18/06/2024,IMPS/P2P/6545329417/GANESH KUMAR/8234867344,,850.00,5634926.29
19/06/2024,UPI/DR/3247100443/PRAKASH RAO/CNRB0226879/prakash180@paytm,249.00,,5634677.29
19/06/2024,CASH DEPOSIT/BRANCH COUNTER/MALLESWARAM BENGALURU,,4800.00,5639477.29
20/06/2024,CASH DEPOSIT/BRANCH COUNTER/MALLESWARAM BENGALURU,,24000.00,5663477.29
21/06/2024,NEFT/975158545326/MALLIKA DAS/CNRB0226879/80101697066577,120.00,,5663357.29
21/06/2024,UPI/CR/46000586/LAKSHMI VENKAT/CNRB0226879/lakshmi497@paytm,,7600.00,5670957.29
21/06/2024,UPI/DR/296171807071/KAVYA REDDY/CNRB0226879/kavya507@paytm,449.00,,5670508.29
22/06/2024,UPI/DR/2864388918/RANJIT SINGH/CNRB0226879/ranjit979@oksbi,5200.00,,5665308.29
22/06/2024,IMPS/P2P/06886053/NADIA HUSSAIN/8262243462,,500.00,5665808.29
23/06/2024,UPI/DR/28731080/MOHAMMED IRFAN/CNRB0226879/mohammed808@oksbi,449.00,,5665359.29
23/06/2024,ATM/WDL/156247689534/HDFC ATM KORAMANGALA,310.00,,5665049.29
25/06/2024,UPI/CR/33244764/USHA RANI/CNRB0226879/usha572@okaxis,,24000.00,5689049.29
25/06/2024,UPI/DR/552864371764/ARJUN MEHTA/CNRB0226879/arjun632@okhdfc,120.00,,5688929.29
25/06/2024,UPI/DR/702833195977/NILESH KULKARNI/CNRB0226879/nilesh278@okhdfc,850.00,,5688079.29
25/06/2024,NEFT/841158487376/PADMA RAO/CNRB0226879/95087886933616,,11200.00,5699279.29
25/06/2024,UPI/DR/95198714/SHAHID KHAN/CNRB0226879/shahid36@oksbi,1680.00,,5697599.29
25/06/2024,IMPS/P2P/2148609886/KARTHIK MENON/7054856448,,1200.00,5698799.29
26/06/2024,ATM/WDL/768583237794/CANARA ATM MYSURU,1250.00,,5697549.29
26/06/2024,UPI/DR/4458698631/KAVYA REDDY/CNRB0226879/kavya484@paytm,49.00,,5697500.29
27/06/2024,NEFT/311465434256/MEERA PILLAI/CNRB0226879/93888293499601,,500.00,5698000.29
27/06/2024,ATM/WDL/995233146160/SBI ATM JAYANAGAR BLR,1250.00,,5696750.29
28/06/2024,ATM/WDL/838690401312/CANARA ATM MYSURU,699.00,,5696051.29
28/06/2024,CASH DEPOSIT/BRANCH COUNTER/MALLESWARAM BENGALURU,,18500.00,5714551.29
30/06/2024,NEFT/50952294/HARISH MENON/CNRB0226879/76769341411836,699.00,,5713852.29
30/06/2024,UPI/DR/3803439993/RANJIT SINGH/CNRB0226879/ranjit395@ybl,310.00,,5713542.29
