Tran Date,Value Date,Transaction Particulars,Chq No,Debit,Credit,Balance
02/08/2022,03/08/2022,UPI/DR/7061441041/SUNITA DEVI/UTIB0760586/sunita440@paytm,TXN0267614,850.00,,108837.35
02/08/2022,02/08/2022,UPI/DR/36599772/HARISH MENON/UTIB0760586/harish594@oksbi,TXN0267615,1680.00,,107157.35
03/08/2022,03/08/2022,UPI/DR/6280477714/MOHAN DAS/UTIB0760586/mohan11@paytm,TXN0267616,7800.00,,99357.35
03/08/2022,03/08/2022,CHQ NO 725368 CLEARING,TXN0267617,1250.00,,98107.35
03/08/2022,03/08/2022,UPI/DR/4706391742/SUSHMA RAO/UTIB0760586/sushma687@ybl,TXN0267618,49.00,,98058.35
03/08/2022,04/08/2022,NEFT/88936729/VENKAT RAO/UTIB0760586/44594895719860,TXN0267619,79.00,,97979.35
03/08/2022,03/08/2022,UPI/DR/2383149744/PADMA RAO/UTIB0760586/padma27@paytm,TXN0267620,120.00,,97859.35
04/08/2022,04/08/2022,UPI/DR/5906799252/ARCHANA PILLAI/UTIB0760586/archana599@paytm,TXN0267621,3499.00,,94360.35
04/08/2022,04/08/2022,NEFT/3887260834/ANAND KUMAR/UTIB0760586/74092983017891,TXN0267622,310.00,,94050.35
04/08/2022,04/08/2022,CASH DEPOSIT/BRANCH COUNTER/MYSURU MAIN,TXN0267623,,7600.00,101650.35
05/08/2022,06/08/2022,UPI/DR/9413778878/ANAND KUMAR/UTIB0760586/anand518@okaxis,TXN0267624,79.00,,101571.35
05/08/2022,05/08/2022,UPI/CR/4666776538/SAVITHA DEVI/UTIB0760586/savitha652@okaxis,TXN0267625,,18500.00,120071.35
05/08/2022,05/08/2022,UPI/CR/312795156340/SHEELA DEVI/UTIB0760586/sheela345@ybl,TXN0267626,,24000.00,144071.35
06/08/2022,06/08/2022,CASH DEPOSIT/BRANCH COUNTER/MYSURU MAIN,TXN0267627,,1200.00,145271.35
06/08/2022,06/08/2022,IMPS/P2P/1841478008/ARJUN MEHTA/8250322867,TXN0267628,,4800.00,150071.35
06/08/2022,06/08/2022,ATM/WDL/79912803/HDFC ATM KORAMANGALA,TXN0267629,310.00,,149761.35
07/08/2022,08/08/2022,CHQ NO 774893 CLEARING,TXN0267630,449.00,,149312.35
07/08/2022,07/08/2022,UPI/DR/84376595/NILESH KULKARNI/UTIB0760586/nilesh166@paytm,TXN0267631,1250.00,,148062.35
07/08/2022,07/08/2022,ATM/WDL/210313859729/SBI ATM JAYANAGAR BLR,TXN0267632,7800.00,,140262.35
07/08/2022,07/08/2022,UPI/DR/01531474/KARTHIK MENON/UTIB0760586/karthik503@okaxis,TXN0267633,1680.00,,138582.35
07/08/2022,07/08/2022,UPI/DR/83900653/RAJENDRA PRASAD/UTIB0760586/rajendra139@okaxis,TXN0267634,310.00,,138272.35
09/08/2022,10/08/2022,UPI/DR/30546605/CHANDAN SHARMA/UTIB0760586/chandan419@okaxis,TXN0267635,120.00,,138152.35
09/08/2022,09/08/2022,NEFT/535542482932/NADIA HUSSAIN/UTIB0760586/82397842517855,TXN0267636,79.00,,138073.35
09/08/2022,09/08/2022,NEFT/61411358/SANTOSH KUMAR/UTIB0760586/02746893576537,TXN0267637,,850.00,138923.35
09/08/2022,09/08/2022,UPI/CR/047629516632/CHANDAN SHARMA/UTIB0760586/chandan173@ybl,TXN0267638,,32000.00,170923.35
10/08/2022,10/08/2022,CHQ NO 725003 CLEARING,TXN0267639,3499.00,,167424.35
10/08/2022,10/08/2022,NEFT/14811500/BINDHU NAIR/UTIB0760586/87235693244484,TXN0267640,249.00,,167175.35
11/08/2022,11/08/2022,NEFT/906685438299/KAVITHA RAO/UTIB0760586/88538874313240,TXN0267641,1250.00,,165925.35
11/08/2022,12/08/2022,CHQ NO 354316 CLEARING,TXN0267642,310.00,,165615.35
11/08/2022,12/08/2022,UPI/DR/41157548/PREETHI IYER/UTIB0760586/preethi680@ybl,TXN0267643,310.00,,165305.35
12/08/2022,12/08/2022,UPI/DR/9783240727/KAVITHA RAO/UTIB0760586/kavitha628@okaxis,TXN0267644,2380.00,,162925.35
13/08/2022,14/08/2022,CASH DEPOSIT/BRANCH COUNTER/MYSURU MAIN,TXN0267645,,850.00,163775.35
13/08/2022,13/08/2022,NEFT/4775428408/ANITHA KRISHNAN/UTIB0760586/29184752885115,TXN0267646,,1200.00,164975.35
13/08/2022,13/08/2022,ATM/WDL/121022841581/CANARA ATM MYSURU,TXN0267647,1250.00,,163725.35
13/08/2022,14/08/2022,CHQ NO 747705 CLEARING,TXN0267648,449.00,,163276.35
13/08/2022,13/08/2022,UPI/CR/4442018062/RAHUL SINGH/UTIB0760586/rahul927@okaxis,TXN0267649,,1200.00,164476.35
13/08/2022,13/08/2022,CHQ NO 161205 CLEARING,TXN0267650,7800.00,,156676.35
15/08/2022,15/08/2022,CASH DEPOSIT/BRANCH COUNTER/MYSURU MAIN,TXN0267651,,24000.00,180676.35
15/08/2022,15/08/2022,CASH DEPOSIT/BRANCH COUNTER/MYSURU MAIN,TXN0267652,,7600.00,188276.35
16/08/2022,16/08/2022,UPI/CR/74898555/MOHAMMED IRFAN/UTIB0760586/mohammed917@okaxis,TXN0267653,,32000.00,220276.35
16/08/2022,16/08/2022,UPI/DR/066502885023/LALITHA DEVI/UTIB0760586/lalitha137@okhdfc,TXN0267654,310.00,,219966.35
16/08/2022,16/08/2022,IMPS/P2P/59330142/NAVEEN KUMAR/7691420977,TXN0267655,,2500.00,222466.35
16/08/2022,17/08/2022,NEFT/7290959534/PREETHI IYER/UTIB0760586/60170095025645,TXN0267656,,24000.00,246466.35
17/08/2022,18/08/2022,NEFT/7696204877/NIKHIL GUPTA/UTIB0760586/12582045895080,TXN0267657,,1200.00,247666.35
17/08/2022,17/08/2022,NEFT/9595340031/SUNIL YADAV/UTIB0760586/68825889078531,TXN0267658,,2500.00,250166.35
17/08/2022,18/08/2022,CASH DEPOSIT/BRANCH COUNTER/MYSURU MAIN,TXN0267659,,7600.00,257766.35
17/08/2022,17/08/2022,UPI/CR/81920418/SUSHMA RAO/UTIB0760586/sushma717@oksbi,TXN0267660,,1200.00,258966.35
18/08/2022,19/08/2022,IMPS/P2P/0978292633/ROHIT SHARMA/9594487519,TXN0267661,,24000.00,282966.35
18/08/2022,18/08/2022,UPI/DR/62790801/MOHAMMED IRFAN/UTIB0760586/mohammed873@oksbi,TXN0267662,49.00,,282917.35
18/08/2022,19/08/2022,UPI/DR/33429404/ANITHA KRISHNAN/UTIB0760586/anitha921@ybl,TXN0267663,2380.00,,280537.35
18/08/2022,18/08/2022,CHQ NO 302851 CLEARING,TXN0267664,1680.00,,278857.35
19/08/2022,19/08/2022,NEFT/390362524583/SUNITA DEVI/UTIB0760586/77378645175783,TXN0267665,3499.00,,275358.35
19/08/2022,20/08/2022,UPI/DR/02536641/RANJIT SINGH/UTIB0760586/ranjit86@oksbi,TXN0267666,49.00,,275309.35
19/08/2022,20/08/2022,IMPS/P2P/045366113394/ARJUN MEHTA/7765118566,TXN0267667,,11200.00,286509.35
20/08/2022,20/08/2022,CHQ NO 338466 CLEARING,TXN0267668,249.00,,286260.35
21/08/2022,21/08/2022,UPI/DR/3284091807/AYESHA KHAN/UTIB0760586/ayesha545@ybl,TXN0267669,699.00,,285561.35
21/08/2022,22/08/2022,UPI/DR/17816567/SUNITA DEVI/UTIB0760586/sunita971@paytm,TXN0267670,2380.00,,283181.35
21/08/2022,21/08/2022,NEFT/114500443580/LATHA MURTHY/UTIB0760586/05260876667950,TXN0267671,449.00,,282732.35
21/08/2022,21/08/2022,NEFT/5962453015/SHEELA DEVI/UTIB0760586/80004998343564,TXN0267672,,24000.00,306732.35
21/08/2022,21/08/2022,UPI/CR/0872967914/CHANDAN SHARMA/UTIB0760586/chandan663@okaxis,TXN0267673,,11200.00,317932.35
22/08/2022,23/08/2022,UPI/DR/2110196720/SAVITHA DEVI/UTIB0760586/savitha716@paytm,TXN0267674,3499.00,,314433.35
22/08/2022,23/08/2022,CHQ NO 925088 CLEARING,TXN0267675,1680.00,,312753.35
22/08/2022,22/08/2022,UPI/CR/11181321/ANAND KUMAR/UTIB0760586/anand243@ybl,TXN0267676,,4800.00,317553.35
22/08/2022,22/08/2022,UPI/DR/44322561/SUNITA DEVI/UTIB0760586/sunita685@ybl,TXN0267677,1250.00,,316303.35
23/08/2022,23/08/2022,IMPS/P2P/4209521104/TARA SINGH/9591671956,TXN0267678,,1200.00,317503.35
23/08/2022,24/08/2022,UPI/CR/382044847670/PRAKASH RAO/UTIB0760586/prakash766@okhdfc,TXN0267679,,1200.00,318703.35
23/08/2022,23/08/2022,CASH DEPOSIT/BRANCH COUNTER/MYSURU MAIN,TXN0267680,,850.00,319553.35
24/08/2022,24/08/2022,ATM/WDL/71479414/HDFC ATM KORAMANGALA,TXN0267681,310.00,,319243.35
24/08/2022,24/08/2022,UPI/DR/056626369919/DEEPAK JOSHI/UTIB0760586/deepak997@oksbi,TXN0267682,850.00,,318393.35
24/08/2022,24/08/2022,NEFT/1677674326/ARCHANA PILLAI/UTIB0760586/77405625994283,TXN0267683,249.00,,318144.35
24/08/2022,25/08/2022,UPI/CR/1093984168/RAJESH VERMA/UTIB0760586/rajesh365@okaxis,TXN0267684,,18500.00,336644.35
24/08/2022,24/08/2022,ATM/WDL/323636105410/HDFC ATM KORAMANGALA,TXN0267685,999.00,,335645.35
25/08/2022,25/08/2022,CHQ NO 523347 CLEARING,TXN0267686,5200.00,,330445.35
25/08/2022,26/08/2022,UPI/CR/00018508/GANESH KUMAR/UTIB0760586/ganesh559@okhdfc,TXN0267687,,7600.00,338045.35
25/08/2022,26/08/2022,NEFT/88563037/LAKSHMI VENKAT/UTIB0760586/04897097167097,TXN0267688,,2500.00,340545.35
25/08/2022,25/08/2022,NEFT/75780620/FATIMA SHEIKH/UTIB0760586/46858836126851,TXN0267689,999.00,,339546.35
25/08/2022,25/08/2022,UPI/DR/07745092/SUNIL YADAV/UTIB0760586/sunil670@paytm,TXN0267690,999.00,,338547.35
26/08/2022,27/08/2022,UPI/CR/82583597/ARCHANA PILLAI/UTIB0760586/archana473@oksbi,TXN0267691,,32000.00,370547.35
26/08/2022,26/08/2022,NEFT/09075354/KIRAN REDDY/UTIB0760586/49458454069657,TXN0267692,120.00,,370427.35
26/08/2022,26/08/2022,UPI/DR/666118274933/SHAHID KHAN/UTIB0760586/shahid959@oksbi,TXN0267693,3499.00,,366928.35
26/08/2022,27/08/2022,CASH DEPOSIT/BRANCH COUNTER/MYSURU MAIN,TXN0267694,,500.00,367428.35
26/08/2022,27/08/2022,CHQ NO 449372 CLEARING,TXN0267695,49.00,,367379.35
26/08/2022,26/08/2022,UPI/CR/6963715692/SANJANA HEGDE/UTIB0760586/sanjana634@oksbi,TXN0267696,,1200.00,368579.35
27/08/2022,28/08/2022,UPI/DR/559296539549/DEEPAK JOSHI/UTIB0760586/deepak481@ybl,TXN0267697,2380.00,,366199.35
28/08/2022,28/08/2022,UPI/DR/771710211487/MALLIKA DAS/UTIB0760586/mallika250@oksbi,TXN0267698,850.00,,365349.35
28/08/2022,28/08/2022,UPI/DR/70468190/SUNIL YADAV/UTIB0760586/sunil352@oksbi,TXN0267699,310.00,,365039.35
28/08/2022,28/08/2022,CASH DEPOSIT/BRANCH COUNTER/MYSURU MAIN,TXN0267700,,18500.00,383539.35
29/08/2022,29/08/2022,CHQ NO 001772 CLEARING,TXN0267701,1680.00,,381859.35
29/08/2022,29/08/2022,UPI/DR/3780108022/SUNIL YADAV/UTIB0760586/sunil838@oksbi,TXN0267702,249.00,,381610.35
29/08/2022,30/08/2022,UPI/CR/3898244278/SUNITA DEVI/UTIB0760586/sunita622@oksbi,TXN0267703,,2500.00,384110.35
29/08/2022,29/08/2022,UPI/DR/60981165/PADMA RAO/UTIB0760586/padma183@paytm,TXN0267704,310.00,,383800.35
30/08/2022,30/08/2022,UPI/DR/30480832/RAJENDRA PRASAD/UTIB0760586/rajendra641@paytm,TXN0267705,3499.00,,380301.35
30/08/2022,31/08/2022,NEFT/9170605180/SHAHID KHAN/UTIB0760586/99648172732306,TXN0267706,,11200.00,391501.35
31/08/2022,01/09/2022,ATM/WDL/6328737328/SBI ATM JAYANAGAR BLR,TXN0267707,850.00,,390651.35
31/08/2022,31/08/2022,UPI/DR/1977220979/NAVEEN KUMAR/UTIB0760586/naveen698@oksbi,TXN0267708,49.00,,390602.35
31/08/2022,01/09/2022,CHQ NO 961783 CLEARING,TXN0267709,999.00,,389603.35
01/09/2022,01/09/2022,NEFT/792497671994/BINDHU NAIR/UTIB0760586/26785326542070,TXN0267710,,7600.00,397203.35
01/09/2022,01/09/2022,CASH DEPOSIT/BRANCH COUNTER/MYSURU MAIN,TXN0267711,,18500.00,415703.35
01/09/2022,01/09/2022,UPI/DR/0815576907/DEEPA NAIR/UTIB0760586/deepa131@oksbi,TXN0267712,850.00,,414853.35
01/09/2022,02/09/2022,NEFT/1865634193/SUNIL YADAV/UTIB0760586/99672270378429,TXN0267713,,7600.00,422453.35
02/09/2022,02/09/2022,UPI/DR/732076041841/KIRAN REDDY/UTIB0760586/kiran807@okhdfc,TXN0267714,1250.00,,421203.35
02/09/2022,02/09/2022,ATM/WDL/8064884273/SBI ATM JAYANAGAR BLR,TXN0267715,999.00,,420204.35
03/09/2022,03/09/2022,UPI/CR/311094665916/NIKHIL GUPTA/UTIB0760586/nikhil808@okhdfc,TXN0267716,,850.00,421054.35
03/09/2022,03/09/2022,NEFT/5801647669/SANTOSH KUMAR/UTIB0760586/96205064274730,TXN0267717,,2500.00,423554.35
03/09/2022,03/09/2022,ATM/WDL/061539686168/CANARA ATM MYSURU,TXN0267718,1250.00,,422304.35
04/09/2022,04/09/2022,NEFT/5684718864/NAVEEN KUMAR/UTIB0760586/70862543274277,TXN0267719,850.00,,421454.35
04/09/2022,04/09/2022,UPI/CR/629775160404/GEETA DEVI/UTIB0760586/geeta54@oksbi,TXN0267720,,500.00,421954.35
04/09/2022,04/09/2022,CHQ NO 269426 CLEARING,TXN0267721,850.00,,421104.35
04/09/2022,04/09/2022,ATM/WDL/884357658094/SBI ATM JAYANAGAR BLR,TXN0267722,120.00,,420984.35
05/09/2022,05/09/2022,UPI/CR/835475543214/GEETA DEVI/UTIB0760586/geeta388@okaxis,TXN0267723,,850.00,421834.35
05/09/2022,06/09/2022,CHQ NO 564777 CLEARING,TXN0267724,449.00,,421385.35
05/09/2022,06/09/2022,CHQ NO 074426 CLEARING,TXN0267725,850.00,,420535.35
05/09/2022,05/09/2022,UPI/DR/402352057973/NADIA HUSSAIN/UTIB0760586/nadia702@paytm,TXN0267726,699.00,,419836.35
05/09/2022,05/09/2022,UPI/DR/484868487877/PREETHI IYER/UTIB0760586/preethi18@paytm,TXN0267727,5200.00,,414636.35
06/09/2022,06/09/2022,CASH DEPOSIT/BRANCH COUNTER/MYSURU MAIN,TXN0267728,,500.00,415136.35
07/09/2022,07/09/2022,CASH DEPOSIT/BRANCH COUNTER/MYSURU MAIN,TXN0267729,,24000.00,439136.35
07/09/2022,08/09/2022,ATM/WDL/49266418/SBI ATM JAYANAGAR BLR,TXN0267730,120.00,,439016.35
07/09/2022,08/09/2022,UPI/DR/0863295716/LATHA MURTHY/UTIB0760586/latha665@paytm,TXN0267731,699.00,,438317.35
07/09/2022,07/09/2022,IMPS/P2P/8391384520/MEENA IYER/9191476025,TXN0267732,,4800.00,443117.35
07/09/2022,07/09/2022,IMPS/P2P/492945708576/KIRAN REDDY/9516032138,TXN0267733,,18500.00,461617.35
07/09/2022,07/09/2022,ATM/WDL/10393776/SBI ATM JAYANAGAR BLR,TXN0267734,999.00,,460618.35
07/09/2022,08/09/2022,ATM/WDL/70453209/SBI ATM JAYANAGAR BLR,TXN0267735,49.00,,460569.35
07/09/2022,07/09/2022,UPI/DR/3392790044/KARTHIK MENON/UTIB0760586/karthik676@okhdfc,TXN0267736,3499.00,,457070.35
08/09/2022,08/09/2022,ATM/WDL/756116458491/HDFC ATM KORAMANGALA,TXN0267737,449.00,,456621.35
08/09/2022,08/09/2022,NEFT/898631557418/SAVITHA DEVI,TXN0267738,1200.00,,455421.35
09/09/2022,09/09/2022,UPI/DR/67414921/ROHIT SHARMA/UTIB0760586/rohit621@ybl,TXN0267739,999.00,,454422.35
09/09/2022,09/09/2022,UPI/DR/502502059108/MEENA IYER/UTIB0760586/meena92@paytm,TXN0267740,249.00,,454173.35
09/09/2022,09/09/2022,REVERSAL-NEFT/PENDING_REV_34890291,TXN0267741,,1200.00,455373.35
10/09/2022,10/09/2022,IMPS/P2P/7082863892/FARHAN KHAN/8029836813,TXN0267742,,11200.00,466573.35
10/09/2022,11/09/2022,CASH DEPOSIT/BRANCH COUNTER/MYSURU MAIN,TXN0267743,,32000.00,498573.35
11/09/2022,12/09/2022,CHQ NO 020508 CLEARING,TXN0267744,49.00,,498524.35
11/09/2022,11/09/2022,UPI/DR/0237881395/LALITHA DEVI/UTIB0760586/lalitha170@okaxis,TXN0267745,79.00,,498445.35
11/09/2022,12/09/2022,UPI/DR/74568987/SUSHMA RAO/UTIB0760586/sushma799@paytm,TXN0267746,310.00,,498135.35
11/09/2022,12/09/2022,UPI/DR/086849504443/ADITYA KUMAR/UTIB0760586/aditya917@paytm,TXN0267747,120.00,,498015.35
12/09/2022,12/09/2022,CHQ NO 864392 CLEARING,TXN0267748,999.00,,497016.35
12/09/2022,13/09/2022,NEFT/5618958261/NAVEEN KUMAR/UTIB0760586/77648552944752,TXN0267749,,850.00,497866.35
13/09/2022,13/09/2022,ATM/WDL/37619082/SBI ATM JAYANAGAR BLR,TXN0267750,249.00,,497617.35
13/09/2022,13/09/2022,ATM/WDL/644510029098/CANARA ATM MYSURU,TXN0267751,2380.00,,495237.35
14/09/2022,14/09/2022,CASH DEPOSIT/BRANCH COUNTER/MYSURU MAIN,TXN0267752,,18500.00,513737.35
14/09/2022,15/09/2022,UPI/CR/99352877/USHA RANI/UTIB0760586/usha166@okhdfc,TXN0267753,,18500.00,532237.35
14/09/2022,15/09/2022,CASH DEPOSIT/BRANCH COUNTER/MYSURU MAIN,TXN0267754,,32000.00,564237.35
14/09/2022,14/09/2022,NEFT/9494789387/SURESH NAIR/UTIB0760586/21530256157307,TXN0267755,310.00,,563927.35
15/09/2022,15/09/2022,IMPS/P2P/24303104/KAVITHA RAO/7754562030,TXN0267756,,18500.00,582427.35
15/09/2022,15/09/2022,ATM/WDL/424827877079/CANARA ATM MYSURU,TXN0267757,120.00,,582307.35
16/09/2022,16/09/2022,UPI/DR/20540821/NAVEEN KUMAR/UTIB0760586/naveen961@paytm,TXN0267758,1680.00,,580627.35
16/09/2022,17/09/2022,NEFT/138733690466/SAVITHA DEVI/UTIB0760586/52243551688240,TXN0267759,,32000.00,612627.35
16/09/2022,16/09/2022,CASH DEPOSIT/BRANCH COUNTER/MYSURU MAIN,TXN0267760,,24000.00,636627.35
17/09/2022,17/09/2022,NEFT/5556561322/FARHAN KHAN/UTIB0760586/87328509976569,TXN0267761,,500.00,637127.35
17/09/2022,18/09/2022,NEFT/644336019371/LAKSHMI VENKAT/UTIB0760586/84133340874837,TXN0267762,,24000.00,661127.35
17/09/2022,17/09/2022,IMPS/P2P/34404098/ARCHANA PILLAI/7029957217,TXN0267763,,4800.00,665927.35
17/09/2022,17/09/2022,UPI/DR/72539433/RANJIT SINGH/UTIB0760586/ranjit458@paytm,TXN0267764,850.00,,665077.35
18/09/2022,19/09/2022,ATM/WDL/1291564953/HDFC ATM KORAMANGALA,TXN0267765,699.00,,664378.35
18/09/2022,18/09/2022,UPI/DR/83912632/SANTOSH KUMAR/UTIB0760586/santosh802@okaxis,TXN0267766,79.00,,664299.35
18/09/2022,18/09/2022,UPI/DR/4719578417/LATHA MURTHY/UTIB0760586/latha850@okaxis,TXN0267767,449.00,,663850.35
18/09/2022,18/09/2022,UPI/DR/23765246/SURESH NAIR/UTIB0760586/suresh451@okhdfc,TXN0267768,120.00,,663730.35
18/09/2022,18/09/2022,ATM/WDL/515062482113/SBI ATM JAYANAGAR BLR,TXN0267769,699.00,,663031.35
19/09/2022,20/09/2022,UPI/DR/14979663/ARCHANA PILLAI/UTIB0760586/archana514@oksbi,TXN0267770,850.00,,662181.35
20/09/2022,21/09/2022,UPI/DR/24942885/VIKRAM NAIR/UTIB0760586/vikram102@okaxis,TXN0267771,49.00,,662132.35
20/09/2022,20/09/2022,IMPS/P2P/448758373744/RAMESH GOWDA/9675725728,TXN0267772,,4800.00,666932.35
20/09/2022,20/09/2022,CASH DEPOSIT/BRANCH COUNTER/MYSURU MAIN,TXN0267773,,7600.00,674532.35
21/09/2022,21/09/2022,NEFT/2680847422/SHEELA DEVI/UTIB0760586/90341316843625,TXN0267774,699.00,,673833.35
22/09/2022,22/09/2022,UPI/DR/20829434/VINAY PATIL/UTIB0760586/vinay667@okaxis,TXN0267775,5200.00,,668633.35
23/09/2022,23/09/2022,ATM/WDL/555833895899/CANARA ATM MYSURU,TXN0267776,3499.00,,665134.35
24/09/2022,24/09/2022,CASH DEPOSIT/BRANCH COUNTER/MYSURU MAIN,TXN0267777,,7600.00,672734.35
24/09/2022,24/09/2022,UPI/DR/023048046089/LATHA MURTHY/UTIB0760586/latha154@okhdfc,TXN0267778,310.00,,672424.35
24/09/2022,24/09/2022,NEFT/9254840211/SURESH NAIR/UTIB0760586/16892958063260,TXN0267779,,24000.00,696424.35
24/09/2022,24/09/2022,UPI/DR/79028732/VINAY PATIL/UTIB0760586/vinay282@okaxis,TXN0267780,449.00,,695975.35
24/09/2022,24/09/2022,UPI/DR/381993068735/LALITHA DEVI/UTIB0760586/lalitha822@okaxis,TXN0267781,7800.00,,688175.35
24/09/2022,24/09/2022,UPI/CR/95069895/MEERA PILLAI/UTIB0760586/meera926@oksbi,TXN0267782,,18500.00,706675.35
25/09/2022,25/09/2022,CASH DEPOSIT/BRANCH COUNTER/MYSURU MAIN,TXN0267783,,4800.00,711475.35
25/09/2022,25/09/2022,CASH DEPOSIT/BRANCH COUNTER/MYSURU MAIN,TXN0267784,,500.00,711975.35
25/09/2022,25/09/2022,NEFT/555802907289/HARISH MENON/UTIB0760586/73606623203816,TXN0267785,,18500.00,730475.35
25/09/2022,26/09/2022,CASH DEPOSIT/BRANCH COUNTER/MYSURU MAIN,TXN0267786,,7600.00,738075.35
25/09/2022,25/09/2022,CASH DEPOSIT/BRANCH COUNTER/MYSURU MAIN,TXN0267787,,4800.00,742875.35
26/09/2022,27/09/2022,CASH DEPOSIT/BRANCH COUNTER/MYSURU MAIN,TXN0267788,,11200.00,754075.35
26/09/2022,26/09/2022,UPI/DR/5123940464/GOPAL VERMA/UTIB0760586/gopal730@oksbi,TXN0267789,79.00,,753996.35
27/09/2022,27/09/2022,CHQ NO 401061 CLEARING,TXN0267790,1250.00,,752746.35
27/09/2022,27/09/2022,NEFT/29726073/SUNIL YADAV/UTIB0760586/98732783762474,TXN0267791,,32000.00,784746.35
27/09/2022,28/09/2022,UPI/DR/8947815429/PADMA RAO/UTIB0760586/padma279@oksbi,TXN0267792,49.00,,784697.35
27/09/2022,28/09/2022,NEFT/1489359520/NAVEEN KUMAR/UTIB0760586/74568698530236,TXN0267793,,7600.00,792297.35
28/09/2022,29/09/2022,NEFT/1210703434/SHAHID KHAN/UTIB0760586/26704503532990,TXN0267794,7800.00,,784497.35
28/09/2022,28/09/2022,ATM/WDL/3153422278/CANARA ATM MYSURU,TXN0267795,7800.00,,776697.35
29/09/2022,29/09/2022,UPI/CR/43761475/SANTOSH KUMAR/UTIB0760586/santosh108@okhdfc,TXN0267796,,18500.00,795197.35
29/09/2022,30/09/2022,NEFT/5975918546/GANESH KUMAR/UTIB0760586/58553505211938,TXN0267797,449.00,,794748.35
29/09/2022,29/09/2022,UPI/DR/81402117/NAVEEN KUMAR/UTIB0760586/naveen158@paytm,TXN0267798,49.00,,794699.35
29/09/2022,30/09/2022,UPI/DR/94708278/AYESHA KHAN/UTIB0760586/ayesha691@okhdfc,TXN0267799,3499.00,,791200.35
30/09/2022,30/09/2022,UPI/CR/070252957924/RESHMA KHAN/UTIB0760586/reshma69@ybl,TXN0267800,,11200.00,802400.35
30/09/2022,30/09/2022,UPI/DR/85711263/BINDHU NAIR/UTIB0760586/bindhu106@oksbi,TXN0267801,7800.00,,794600.35
01/10/2022,01/10/2022,UPI/DR/753567930136/MEERA PILLAI/UTIB0760586/meera735@okaxis,TXN0267802,1680.00,,792920.35
01/10/2022,02/10/2022,CHQ NO 100221 CLEARING,TXN0267803,7800.00,,785120.35
01/10/2022,01/10/2022,UPI/DR/00250550/USHA RANI/UTIB0760586/usha401@okaxis,TXN0267804,49.00,,785071.35
01/10/2022,01/10/2022,NEFT/6344888400/NILESH KULKARNI/UTIB0760586/28098720199521,TXN0267805,449.00,,784622.35
02/10/2022,02/10/2022,UPI/CR/6848419237/PRAKASH RAO/UTIB0760586/prakash862@okhdfc,TXN0267806,,7600.00,792222.35
02/10/2022,02/10/2022,NEFT/728630094888/SNEHA PATIL/UTIB0760586/94315015408591,TXN0267807,7800.00,,784422.35
02/10/2022,03/10/2022,NEFT/730596865228/NILESH KULKARNI/UTIB0760586/25065736257422,TXN0267808,3499.00,,780923.35
02/10/2022,03/10/2022,UPI/DR/32607466/MEENA IYER/UTIB0760586/meena557@ybl,TXN0267809,249.00,,780674.35
02/10/2022,02/10/2022,ATM/WDL/4399596833/CANARA ATM MYSURU,TXN0267810,79.00,,780595.35
03/10/2022,04/10/2022,NEFT/00035845/GOPAL VERMA/UTIB0760586/49040732300305,TXN0267811,1680.00,,778915.35
03/10/2022,04/10/2022,UPI/DR/32333772/ARUN SHARMA/UTIB0760586/arun272@okaxis,TXN0267812,850.00,,778065.35
03/10/2022,03/10/2022,CASH DEPOSIT/BRANCH COUNTER/MYSURU MAIN,TXN0267813,,24000.00,802065.35
03/10/2022,04/10/2022,NEFT/475368866764/SANTOSH KUMAR/UTIB0760586/43612118005016,TXN0267814,,18500.00,820565.35
04/10/2022,04/10/2022,UPI/DR/79082307/MEENA IYER/UTIB0760586/meena420@okaxis,TXN0267815,249.00,,820316.35
04/10/2022,04/10/2022,UPI/DR/811469832264/ARUN SHARMA/UTIB0760586/arun847@oksbi,TXN0267816,1680.00,,818636.35
04/10/2022,04/10/2022,CHQ NO 708761 CLEARING,TXN0267817,7800.00,,810836.35
05/10/2022,05/10/2022,CASH DEPOSIT/BRANCH COUNTER/MYSURU MAIN,TXN0267818,,32000.00,842836.35
05/10/2022,05/10/2022,UPI/DR/0241551025/DIVYA MENON/UTIB0760586/divya212@ybl,TXN0267819,449.00,,842387.35
06/10/2022,06/10/2022,NEFT/0326648345/ARCHANA PILLAI/UTIB0760586/23647299587130,TXN0267820,7800.00,,834587.35
06/10/2022,07/10/2022,UPI/DR/6919437257/RAJENDRA PRASAD/UTIB0760586/rajendra337@okhdfc,TXN0267821,249.00,,834338.35
07/10/2022,07/10/2022,CASH DEPOSIT/BRANCH COUNTER/MYSURU MAIN,TXN0267822,,18500.00,852838.35
07/10/2022,07/10/2022,IMPS/P2P/15498722/PREETHI IYER/7098209358,TXN0267823,,32000.00,884838.35
07/10/2022,07/10/2022,CASH DEPOSIT/BRANCH COUNTER/MYSURU MAIN,TXN0267824,,1200.00,886038.35
07/10/2022,07/10/2022,NEFT/30862059/KAVERI MENON/UTIB0760586/18971516223905,TXN0267825,449.00,,885589.35
07/10/2022,07/10/2022,NEFT/028396659266/ARCHANA PILLAI/UTIB0760586/45047302726873,TXN0267826,699.00,,884890.35
08/10/2022,09/10/2022,UPI/CR/0509100355/KAVYA REDDY/UTIB0760586/kavya347@okhdfc,TXN0267827,,1200.00,886090.35
08/10/2022,08/10/2022,CHQ NO 767177 CLEARING,TXN0267828,1680.00,,884410.35
09/10/2022,09/10/2022,UPI/DR/563204469266/RAVI KUMAR SHARMA/UTIB0760586/ravi703@ybl,TXN0267829,999.00,,883411.35
09/10/2022,10/10/2022,CASH DEPOSIT/BRANCH COUNTER/MYSURU MAIN,TXN0267830,,2500.00,885911.35
09/10/2022,09/10/2022,IMPS/P2P/0644678137/SANJANA HEGDE/8357463959,TXN0267831,,32000.00,917911.35
09/10/2022,09/10/2022,CASH DEPOSIT/BRANCH COUNTER/MYSURU MAIN,TXN0267832,,850.00,918761.35
10/10/2022,10/10/2022,UPI/CR/20499436/REKHA PILLAI/UTIB0760586/rekha884@okaxis,TXN0267833,,850.00,919611.35
10/10/2022,10/10/2022,ATM/WDL/67479403/HDFC ATM KORAMANGALA,TXN0267834,120.00,,919491.35
10/10/2022,11/10/2022,UPI/CR/0029678511/NILESH KULKARNI/UTIB0760586/nilesh111@oksbi,TXN0267835,,2500.00,921991.35
10/10/2022,10/10/2022,UPI/DR/0534825686/MEENA IYER/UTIB0760586/meena34@ybl,TXN0267836,2380.00,,919611.35
11/10/2022,12/10/2022,NEFT/591168644136/ANAND KUMAR/UTIB0760586/68582708878225,TXN0267837,,500.00,920111.35
11/10/2022,11/10/2022,CHQ NO 336588 CLEARING,TXN0267838,699.00,,919412.35
12/10/2022,12/10/2022,UPI/DR/22772012/SUSHMA RAO/UTIB0760586/sushma517@ybl,TXN0267839,1250.00,,918162.35
12/10/2022,12/10/2022,UPI/CR/30381510/RAJENDRA PRASAD/UTIB0760586/rajendra941@paytm,TXN0267840,,500.00,918662.35
13/10/2022,14/10/2022,UPI/DR/1562122894/MOHAMMED IRFAN/UTIB0760586/mohammed721@ybl,TXN0267841,449.00,,918213.35
13/10/2022,13/10/2022,UPI/DR/4270029631/SURESH BABU/UTIB0760586/suresh969@ybl,TXN0267842,1680.00,,916533.35
14/10/2022,14/10/2022,UPI/DR/041029173314/KAVERI MENON/UTIB0760586/kaveri757@ybl,TXN0267843,79.00,,916454.35
14/10/2022,14/10/2022,IMPS/P2P/76893246/SUNIL YADAV/9894698595,TXN0267844,,32000.00,948454.35
15/10/2022,15/10/2022,IMPS/P2P/68354590/KIRAN REDDY/9788463811,TXN0267845,,500.00,948954.35
16/10/2022,16/10/2022,UPI/DR/01188077/IMRAN KHAN/UTIB0760586/imran635@okhdfc,TXN0267846,850.00,,948104.35
16/10/2022,16/10/2022,UPI/DR/590216331607/RAJENDRA PRASAD/UTIB0760586/rajendra170@okhdfc,TXN0267847,79.00,,948025.35
16/10/2022,17/10/2022,ATM/WDL/43349684/SBI ATM JAYANAGAR BLR,TXN0267848,449.00,,947576.35
16/10/2022,16/10/2022,UPI/CR/04585223/DEEPAK JOSHI/UTIB0760586/deepak523@okhdfc,TXN0267849,,4800.00,952376.35
17/10/2022,17/10/2022,UPI/DR/1860904879/PRIYA NAIR/UTIB0760586/priya76@paytm,TXN0267850,1250.00,,951126.35
17/10/2022,17/10/2022,IMPS/P2P/98055132/ARJUN MEHTA/7121028730,TXN0267851,,2500.00,953626.35
17/10/2022,17/10/2022,UPI/CR/88299519/SURESH BABU/UTIB0760586/suresh838@okhdfc,TXN0267852,,500.00,954126.35
18/10/2022,18/10/2022,CASH DEPOSIT/BRANCH COUNTER/MYSURU MAIN,TXN0267853,,500.00,954626.35
18/10/2022,18/10/2022,NEFT/6879447357/ROHIT SHARMA/UTIB0760586/00746761261792,TXN0267854,850.00,,953776.35
18/10/2022,18/10/2022,UPI/DR/75545770/RAJESH VERMA/UTIB0760586/rajesh492@oksbi,TXN0267855,3499.00,,950277.35
18/10/2022,18/10/2022,CASH DEPOSIT/BRANCH COUNTER/MYSURU MAIN,TXN0267856,,24000.00,974277.35
19/10/2022,19/10/2022,IMPS/P2P/340176594026/RAHUL SINGH/7026551854,TXN0267857,,850.00,975127.35
19/10/2022,20/10/2022,IMPS/P2P/5003269518/GEETA DEVI/8869038338,TXN0267858,,4800.00,979927.35
19/10/2022,19/10/2022,UPI/DR/8772220304/MOHAN DAS/UTIB0760586/mohan952@ybl,TXN0267859,3499.00,,976428.35
20/10/2022,20/10/2022,CASH DEPOSIT/BRANCH COUNTER/MYSURU MAIN,TXN0267860,,1200.00,977628.35
20/10/2022,20/10/2022,UPI/DR/0636758184/SUSHMA RAO/UTIB0760586/sushma867@paytm,TXN0267861,999.00,,976629.35
20/10/2022,20/10/2022,NEFT/8222583639/RESHMA KHAN/UTIB0760586/06070376038662,TXN0267862,,32000.00,1008629.35
21/10/2022,22/10/2022,NEFT/53680337/VIKRAM NAIR/UTIB0760586/80491884143268,TXN0267863,,11200.00,1019829.35
21/10/2022,21/10/2022,UPI/DR/455401975103/RESHMA KHAN/UTIB0760586/reshma790@oksbi,TXN0267864,5200.00,,1014629.35
21/10/2022,21/10/2022,UPI/DR/738536451032/TANVI RAO/UTIB0760586/tanvi89@ybl,TXN0267865,850.00,,1013779.35
21/10/2022,21/10/2022,IMPS/P2P/663490696373/KIRAN REDDY/8268531969,TXN0267866,,32000.00,1045779.35
23/10/2022,23/10/2022,UPI/DR/75647297/BABU LAL/UTIB0760586/babu771@okaxis,TXN0267867,249.00,,1045530.35
23/10/2022,23/10/2022,UPI/CR/83127983/USHA RANI/UTIB0760586/usha618@oksbi,TXN0267868,,18500.00,1064030.35
23/10/2022,24/10/2022,UPI/DR/2342506985/IMRAN KHAN/UTIB0760586/imran324@paytm,TXN0267869,5200.00,,1058830.35
25/10/2022,25/10/2022,UPI/DR/7501186220/ANITHA KRISHNAN/UTIB0760586/anitha38@paytm,TXN0267870,310.00,,1058520.35
25/10/2022,25/10/2022,NEFT/6996021214/ADITYA KUMAR/UTIB0760586/80167614716692,TXN0267871,249.00,,1058271.35
25/10/2022,25/10/2022,NEFT/2960343228/KIRAN REDDY/UTIB0760586/85462667919151,TXN0267872,5200.00,,1053071.35
25/10/2022,25/10/2022,UPI/DR/1900074433/KAVYA REDDY/UTIB0760586/kavya11@ybl,TXN0267873,999.00,,1052072.35
26/10/2022,26/10/2022,CHQ NO 867502 CLEARING,TXN0267874,850.00,,1051222.35
26/10/2022,26/10/2022,UPI/DR/38161358/PRAKASH RAO/UTIB0760586/prakash844@paytm,TXN0267875,1680.00,,1049542.35
26/10/2022,27/10/2022,CHQ NO 458701 CLEARING,TXN0267876,79.00,,1049463.35
27/10/2022,27/10/2022,ATM/WDL/67446372/CANARA ATM MYSURU,TXN0267877,449.00,,1049014.35
27/10/2022,28/10/2022,CHQ NO 490684 CLEARING,TXN0267878,699.00,,1048315.35
27/10/2022,27/10/2022,UPI/DR/0776848555/USHA RANI/UTIB0760586/usha879@paytm,TXN0267879,449.00,,1047866.35
27/10/2022,27/10/2022,NEFT/84370105/MALLIKA DAS/UTIB0760586/78954051107611,TXN0267880,449.00,,1047417.35
27/10/2022,27/10/2022,ATM/WDL/0287446382/HDFC ATM KORAMANGALA,TXN0267881,120.00,,1047297.35
28/10/2022,28/10/2022,UPI/CR/724418305087/MEERA PILLAI/UTIB0760586/meera636@okaxis,TXN0267882,,18500.00,1065797.35
28/10/2022,29/10/2022,ATM/WDL/321693604170/HDFC ATM KORAMANGALA,TXN0267883,79.00,,1065718.35
28/10/2022,28/10/2022,UPI/CR/8034190214/SANTOSH KUMAR/UTIB0760586/santosh894@okhdfc,TXN0267884,,11200.00,1076918.35
28/10/2022,28/10/2022,NEFT/1290722126/GOPAL VERMA/UTIB0760586/13109249741877,TXN0267885,449.00,,1076469.35
29/10/2022,29/10/2022,UPI/DR/79848550/ARUN SHARMA/UTIB0760586/arun324@okhdfc,TXN0267886,999.00,,1075470.35
30/10/2022,31/10/2022,UPI/DR/3743906726/KIRAN REDDY/UTIB0760586/kiran157@ybl,TXN0267887,699.00,,1074771.35
30/10/2022,30/10/2022,NEFT/42698031/NILESH KULKARNI/UTIB0760586/33818054608332,TXN0267888,5200.00,,1069571.35
30/10/2022,30/10/2022,UPI/CR/75796564/SUNITA DEVI/UTIB0760586/sunita124@ybl,TXN0267889,,1200.00,1070771.35
31/10/2022,01/11/2022,UPI/DR/8380016176/PRAKASH RAO/UTIB0760586/prakash111@oksbi,TXN0267890,249.00,,1070522.35
01/11/2022,01/11/2022,NEFT/23451893/KAVITHA RAO/UTIB0760586/95484403952300,TXN0267891,1680.00,,1068842.35
01/11/2022,01/11/2022,CASH DEPOSIT/BRANCH COUNTER/MYSURU MAIN,TXN0267892,,18500.00,1087342.35
01/11/2022,01/11/2022,CASH DEPOSIT/BRANCH COUNTER/MYSURU MAIN,TXN0267893,,18500.00,1105842.35
02/11/2022,03/11/2022,IMPS/P2P/0217888658/PRIYA NAIR/9532247694,TXN0267894,,500.00,1106342.35
02/11/2022,02/11/2022,IMPS/P2P/814137690758/KAVERI MENON/9802741413,TXN0267895,,500.00,1106842.35
02/11/2022,02/11/2022,UPI/DR/448164094476/RAVI KUMAR SHARMA/UTIB0760586/ravi291@paytm,TXN0267896,449.00,,1106393.35
02/11/2022,02/11/2022,UPI/DR/84330905/ARJUN MEHTA/UTIB0760586/arjun369@oksbi,TXN0267897,79.00,,1106314.35
02/11/2022,03/11/2022,ATM/WDL/7717672973/HDFC ATM KORAMANGALA,TXN0267898,7800.00,,1098514.35
02/11/2022,03/11/2022,ATM/WDL/242306001366/CANARA ATM MYSURU,TXN0267899,49.00,,1098465.35
03/11/2022,03/11/2022,ATM/WDL/0503306951/HDFC ATM KORAMANGALA,TXN0267900,2380.00,,1096085.35
03/11/2022,03/11/2022,IMPS/P2P/0673985112/PREETHI IYER/7787180413,TXN0267901,,4800.00,1100885.35
03/11/2022,03/11/2022,CASH DEPOSIT/BRANCH COUNTER/MYSURU MAIN,TXN0267902,,18500.00,1119385.35
03/11/2022,03/11/2022,CHQ NO 707151 CLEARING,TXN0267903,5200.00,,1114185.35
04/11/2022,04/11/2022,IMPS/P2P/6391954194/RAMESH PILLAI/9152309037,TXN0267904,,1200.00,1115385.35
04/11/2022,04/11/2022,NEFT/390062280495/ANAND KUMAR/UTIB0760586/17857532670589,TXN0267905,449.00,,1114936.35
04/11/2022,04/11/2022,NEFT/24901560/FARHAN KHAN/UTIB0760586/10373344239552,TXN0267906,,32000.00,1146936.35
04/11/2022,04/11/2022,UPI/DR/56252701/BINDHU NAIR/UTIB0760586/bindhu768@ybl,TXN0267907,1250.00,,1145686.35
04/11/2022,05/11/2022,CASH DEPOSIT/BRANCH COUNTER/MYSURU MAIN,TXN0267908,,1200.00,1146886.35
05/11/2022,06/11/2022,CASH DEPOSIT/BRANCH COUNTER/MYSURU MAIN,TXN0267909,,500.00,1147386.35
06/11/2022,06/11/2022,UPI/DR/757142877077/PREETHI IYER/UTIB0760586/preethi795@okhdfc,TXN0267910,1250.00,,1146136.35
06/11/2022,06/11/2022,UPI/DR/6211224834/FATIMA SHEIKH/UTIB0760586/fatima433@oksbi,TXN0267911,2380.00,,1143756.35
06/11/2022,06/11/2022,UPI/DR/1770408966/ARCHANA PILLAI/UTIB0760586/archana828@ybl,TXN0267912,449.00,,1143307.35
06/11/2022,07/11/2022,NEFT/79330366/SMITHA PILLAI/UTIB0760586/64002796258831,TXN0267913,,500.00,1143807.35
06/11/2022,06/11/2022,CASH DEPOSIT/BRANCH COUNTER/MYSURU MAIN,TXN0267914,,32000.00,1175807.35
08/11/2022,09/11/2022,ATM/WDL/0586726845/HDFC ATM KORAMANGALA,TXN0267915,850.00,,1174957.35
08/11/2022,09/11/2022,NEFT/06669386/PRIYA NAIR/UTIB0760586/56024369542266,TXN0267916,2380.00,,1172577.35
09/11/2022,09/11/2022,UPI/DR/87923705/RAHUL SINGH/UTIB0760586/rahul491@ybl,TXN0267917,850.00,,1171727.35
10/11/2022,11/11/2022,UPI/DR/73464585/TARA SINGH/UTIB0760586/tara546@okhdfc,TXN0267918,2380.00,,1169347.35
10/11/2022,11/11/2022,NEFT/79470578/KIRAN REDDY/UTIB0760586/43564449884520,TXN0267919,2380.00,,1166967.35
10/11/2022,11/11/2022,IMPS/P2P/224542492935/LATHA MURTHY/7142461409,TXN0267920,,32000.00,1198967.35
10/11/2022,10/11/2022,UPI/CR/43365876/MOHAMMED IRFAN/UTIB0760586/mohammed199@okhdfc,TXN0267921,,2500.00,1201467.35
11/11/2022,11/11/2022,UPI/DR/9360263454/RAHUL SINGH/UTIB0760586/rahul54@paytm,TXN0267922,310.00,,1201157.35
11/11/2022,11/11/2022,CHQ NO 601500 CLEARING,TXN0267923,1680.00,,1199477.35
12/11/2022,12/11/2022,UPI/CR/935904992089/DEEPA NAIR/UTIB0760586/deepa211@paytm,TXN0267924,,2500.00,1201977.35
12/11/2022,12/11/2022,UPI/CR/3079581079/GOPAL VERMA/UTIB0760586/gopal393@paytm,TXN0267925,,500.00,1202477.35
12/11/2022,12/11/2022,UPI/DR/716080719658/VENKAT RAO/UTIB0760586/venkat445@okhdfc,TXN0267926,699.00,,1201778.35
12/11/2022,12/11/2022,NEFT/016166689906/SANJANA HEGDE/UTIB0760586/22192332644919,TXN0267927,,32000.00,1233778.35
12/11/2022,12/11/2022,NEFT/0182140051/ADITYA KUMAR/UTIB0760586/52351265804430,TXN0267928,,500.00,1234278.35
13/11/2022,13/11/2022,UPI/DR/27668117/RAHUL SINGH/UTIB0760586/rahul473@okhdfc,TXN0267929,850.00,,1233428.35
13/11/2022,13/11/2022,UPI/DR/05088333/CHANDAN SHARMA/UTIB0760586/chandan99@oksbi,TXN0267930,120.00,,1233308.35
13/11/2022,14/11/2022,CHQ NO 057567 CLEARING,TXN0267931,2380.00,,1230928.35
14/11/2022,14/11/2022,UPI/DR/76567246/LATHA MURTHY/UTIB0760586/latha636@okhdfc,TXN0267932,999.00,,1229929.35
14/11/2022,14/11/2022,UPI/DR/7538188156/SANJANA HEGDE/UTIB0760586/sanjana665@paytm,TXN0267933,49.00,,1229880.35
15/11/2022,16/11/2022,NEFT/2262949105/FARHAN KHAN/UTIB0760586/83777348197483,TXN0267934,,11200.00,1241080.35
16/11/2022,16/11/2022,UPI/DR/9801757997/FARHAN KHAN/UTIB0760586/farhan168@ybl,TXN0267935,49.00,,1241031.35
16/11/2022,16/11/2022,UPI/DR/1443446006/ARJUN MEHTA/UTIB0760586/arjun415@okaxis,TXN0267936,120.00,,1240911.35
17/11/2022,17/11/2022,IMPS/P2P/7751422648/RAJENDRA PRASAD/9008257205,TXN0267937,,7600.00,1248511.35
17/11/2022,17/11/2022,NEFT/20074708/RAMESH PILLAI/UTIB0760586/92365115235898,TXN0267938,999.00,,1247512.35
17/11/2022,17/11/2022,UPI/CR/514115126126/CHANDAN SHARMA/UTIB0760586/chandan376@okhdfc,TXN0267939,,18500.00,1266012.35
17/11/2022,17/11/2022,ATM/WDL/931236287676/HDFC ATM KORAMANGALA,TXN0267940,7800.00,,1258212.35
18/11/2022,18/11/2022,UPI/CR/044228568718/FARHAN KHAN/UTIB0760586/farhan212@okaxis,TXN0267941,,4800.00,1263012.35
18/11/2022,18/11/2022,CHQ NO 372828 CLEARING,TXN0267942,1680.00,,1261332.35
19/11/2022,19/11/2022,NEFT/23112282/GOPAL VERMA/UTIB0760586/07299266402219,TXN0267943,,1200.00,1262532.35
19/11/2022,19/11/2022,UPI/CR/152220673086/RAJESH VERMA/UTIB0760586/rajesh552@ybl,TXN0267944,,4800.00,1267332.35
19/11/2022,19/11/2022,CASH DEPOSIT/BRANCH COUNTER/MYSURU MAIN,TXN0267945,,7600.00,1274932.35
20/11/2022,21/11/2022,UPI/DR/370000530498/PRAKASH RAO/UTIB0760586/prakash885@okaxis,TXN0267946,7800.00,,1267132.35
20/11/2022,21/11/2022,UPI/CR/27754905/PADMA RAO/UTIB0760586/padma508@okhdfc,TXN0267947,,18500.00,1285632.35
20/11/2022,20/11/2022,IMPS/P2P/6908393741/LAKSHMI VENKAT/7134199972,TXN0267948,,500.00,1286132.35
21/11/2022,22/11/2022,IMPS/P2P/4074079460/FATIMA SHEIKH/9620110847,TXN0267949,,1200.00,1287332.35
22/11/2022,22/11/2022,NEFT/5177692323/FARHAN KHAN/UTIB0760586/20539832784370,TXN0267950,449.00,,1286883.35
25/11/2022,25/11/2022,IMPS/P2P/6527778736/KAVERI MENON/7664891946,TXN0267951,,1200.00,1288083.35
25/11/2022,25/11/2022,UPI/DR/8087409993/SMITHA PILLAI/UTIB0760586/smitha476@okhdfc,TXN0267952,79.00,,1288004.35
25/11/2022,25/11/2022,ATM/WDL/60433102/CANARA ATM MYSURU,TXN0267953,1250.00,,1286754.35
25/11/2022,25/11/2022,UPI/DR/5409509514/PREETHI IYER/UTIB0760586/preethi485@okhdfc,TXN0267954,3499.00,,1283255.35
26/11/2022,26/11/2022,CHQ NO 150849 CLEARING,TXN0267955,2380.00,,1280875.35
26/11/2022,27/11/2022,CHQ NO 349363 CLEARING,TXN0267956,79.00,,1280796.35
27/11/2022,27/11/2022,UPI/CR/44464032/SHAHID KHAN/UTIB0760586/shahid315@ybl,TXN0267957,,18500.00,1299296.35
27/11/2022,27/11/2022,CHQ NO 318160 CLEARING,TXN0267958,699.00,,1298597.35
27/11/2022,27/11/2022,ATM/WDL/741190941845/CANARA ATM MYSURU,TXN0267959,79.00,,1298518.35
27/11/2022,27/11/2022,UPI/DR/7552569607/USHA RANI/UTIB0760586/usha127@okhdfc,TXN0267960,449.00,,1298069.35
27/11/2022,27/11/2022,NEFT/4365263442/KAVITHA RAO/UTIB0760586/45435408196254,TXN0267961,,7600.00,1305669.35
27/11/2022,28/11/2022,NEFT/37596087/SANJANA HEGDE/UTIB0760586/05080182478693,TXN0267962,1250.00,,1304419.35
28/11/2022,28/11/2022,UPI/CR/094793994024/SHAHID KHAN/UTIB0760586/shahid857@ybl,TXN0267963,,500.00,1304919.35
28/11/2022,28/11/2022,ATM/WDL/67288465/SBI ATM JAYANAGAR BLR,TXN0267964,999.00,,1303920.35
28/11/2022,28/11/2022,UPI/CR/701546484567/BINDHU NAIR/UTIB0760586/bindhu946@ybl,TXN0267965,,18500.00,1322420.35
29/11/2022,29/11/2022,UPI/DR/398630558920/SANTOSH KUMAR/UTIB0760586/santosh653@okhdfc,TXN0267966,49.00,,1322371.35
30/11/2022,30/11/2022,UPI/DR/143406732711/SAVITHA DEVI/UTIB0760586/savitha667@paytm,TXN0267967,1250.00,,1321121.35
01/12/2022,01/12/2022,NEFT/7302954988/DEEPA NAIR/UTIB0760586/42034935183431,TXN0267968,1680.00,,1319441.35
01/12/2022,01/12/2022,NEFT/6556952454/RANJIT SINGH/UTIB0760586/42119150008046,TXN0267969,310.00,,1319131.35
01/12/2022,02/12/2022,UPI/DR/30454740/KAVYA REDDY/UTIB0760586/kavya788@okaxis,TXN0267970,850.00,,1318281.35
01/12/2022,01/12/2022,CHQ NO 999828 CLEARING,TXN0267971,49.00,,1318232.35
02/12/2022,02/12/2022,CASH DEPOSIT/BRANCH COUNTER/MYSURU MAIN,TXN0267972,,18500.00,1336732.35
02/12/2022,02/12/2022,NEFT/776380650933/DEEPAK JOSHI/UTIB0760586/85411965858261,TXN0267973,,850.00,1337582.35
02/12/2022,03/12/2022,CASH DEPOSIT/BRANCH COUNTER/MYSURU MAIN,TXN0267974,,2500.00,1340082.35
02/12/2022,02/12/2022,IMPS/P2P/5901646715/KARTHIK MENON/7480768609,TXN0267975,,18500.00,1358582.35
03/12/2022,03/12/2022,CHQ NO 329337 CLEARING,TXN0267976,310.00,,1358272.35
04/12/2022,04/12/2022,IMPS/P2P/1083676540/ARJUN MEHTA/9416971444,TXN0267977,,500.00,1358772.35
04/12/2022,04/12/2022,UPI/DR/022086424611/RAMESH PILLAI/UTIB0760586/ramesh724@okaxis,TXN0267978,1250.00,,1357522.35
04/12/2022,05/12/2022,UPI/DR/1720858801/VENKAT RAO/UTIB0760586/venkat964@oksbi,TXN0267979,2380.00,,1355142.35
04/12/2022,05/12/2022,UPI/CR/552088528703/KAVYA REDDY/UTIB0760586/kavya245@oksbi,TXN0267980,,11200.00,1366342.35
05/12/2022,05/12/2022,CASH DEPOSIT/BRANCH COUNTER/MYSURU MAIN,TXN0267981,,18500.00,1384842.35
05/12/2022,06/12/2022,UPI/CR/449061161447/FARHAN KHAN/UTIB0760586/farhan791@okaxis,TXN0267982,,32000.00,1416842.35
07/12/2022,07/12/2022,CHQ NO 727496 CLEARING,TXN0267983,3499.00,,1413343.35
07/12/2022,07/12/2022,NEFT/72250044/BINDHU NAIR/UTIB0760586/93007587072064,TXN0267984,,32000.00,1445343.35
08/12/2022,08/12/2022,NEFT/052454939467/MOHAMMED IRFAN/UTIB0760586/18006443237550,TXN0267985,,500.00,1445843.35
09/12/2022,09/12/2022,UPI/CR/9920076295/DIVYA MENON/UTIB0760586/divya332@oksbi,TXN0267986,,1200.00,1447043.35
09/12/2022,09/12/2022,ATM/WDL/13492257/CANARA ATM MYSURU,TXN0267987,1680.00,,1445363.35
09/12/2022,09/12/2022,UPI/DR/19016993/MEERA PILLAI/UTIB0760586/meera505@ybl,TXN0267988,249.00,,1445114.35
10/12/2022,10/12/2022,IMPS/P2P/205212798379/VENKAT RAO/7862331489,TXN0267989,,2500.00,1447614.35
10/12/2022,10/12/2022,NEFT/0434156926/SNEHA PATIL/UTIB0760586/05931620232498,TXN0267990,79.00,,1447535.35
10/12/2022,10/12/2022,UPI/DR/53630306/RESHMA KHAN/UTIB0760586/reshma863@ybl,TXN0267991,699.00,,1446836.35
11/12/2022,12/12/2022,IMPS/P2P/9495014819/MALLIKA DAS/7108516661,TXN0267992,,1200.00,1448036.35
11/12/2022,12/12/2022,IMPS/P2P/724576759122/MEENA IYER/9127240025,TXN0267993,,32000.00,1480036.35
11/12/2022,11/12/2022,CHQ NO 055945 CLEARING,TXN0267994,79.00,,1479957.35
12/12/2022,12/12/2022,UPI/DR/55817721/KAVITHA RAO/UTIB0760586/kavitha344@ybl,TXN0267995,3499.00,,1476458.35
12/12/2022,12/12/2022,IMPS/P2P/6020543024/ANAND KUMAR/9806084193,TXN0267996,,32000.00,1508458.35
12/12/2022,13/12/2022,NEFT/0805411765/LATHA MURTHY/UTIB0760586/32121111907561,TXN0267997,49.00,,1508409.35
13/12/2022,13/12/2022,UPI/CR/90957393/MEENA IYER/UTIB0760586/meena586@okaxis,TXN0267998,,2500.00,1510909.35
13/12/2022,13/12/2022,ATM/WDL/323783925529/SBI ATM JAYANAGAR BLR,TXN0267999,249.00,,1510660.35
14/12/2022,14/12/2022,UPI/DR/8300782460/PRAKASH RAO/UTIB0760586/prakash855@okhdfc,TXN0268000,699.00,,1509961.35
14/12/2022,14/12/2022,NEFT/18045405/RAJESH VERMA/UTIB0760586/17713147492274,TXN0268001,,4800.00,1514761.35
15/12/2022,15/12/2022,UPI/CR/79731869/KAVITHA RAO/UTIB0760586/kavitha88@okaxis,TXN0268002,,850.00,1515611.35
15/12/2022,15/12/2022,ATM/WDL/4583823592/SBI ATM JAYANAGAR BLR,TXN0268003,249.00,,1515362.35
16/12/2022,16/12/2022,NEFT/6359778741/USHA RANI/UTIB0760586/83929196322048,TXN0268004,,2500.00,1517862.35
16/12/2022,17/12/2022,UPI/DR/5210350415/GEETA DEVI/UTIB0760586/geeta896@okhdfc,TXN0268005,49.00,,1517813.35
17/12/2022,18/12/2022,NEFT/74848505/SUSHMA RAO/UTIB0760586/09798346876178,TXN0268006,699.00,,1517114.35
17/12/2022,18/12/2022,UPI/DR/98154728/RANJIT SINGH/UTIB0760586/ranjit845@oksbi,TXN0268007,1680.00,,1515434.35
18/12/2022,19/12/2022,CASH DEPOSIT/BRANCH COUNTER/MYSURU MAIN,TXN0268008,,24000.00,1539434.35
18/12/2022,18/12/2022,NEFT/75140105/RAJENDRA PRASAD/UTIB0760586/11798676444257,TXN0268009,,32000.00,1571434.35
18/12/2022,18/12/2022,UPI/DR/268968346924/ADITYA KUMAR/UTIB0760586/aditya120@okaxis,TXN0268010,5200.00,,1566234.35
19/12/2022,19/12/2022,NEFT/585802947642/TARA SINGH/UTIB0760586/13589720344373,TXN0268011,,500.00,1566734.35
19/12/2022,19/12/2022,UPI/DR/173518940630/SANTOSH KUMAR/UTIB0760586/santosh110@oksbi,TXN0268012,699.00,,1566035.35
19/12/2022,20/12/2022,IMPS/P2P/2719474578/FARHAN KHAN/7687345095,TXN0268013,,7600.00,1573635.35
19/12/2022,19/12/2022,NEFT/2985168030/VINAY PATIL/UTIB0760586/02734274365274,TXN0268014,1680.00,,1571955.35
20/12/2022,21/12/2022,UPI/DR/00848958/VINAY PATIL/UTIB0760586/vinay490@okaxis,TXN0268015,310.00,,1571645.35
20/12/2022,21/12/2022,UPI/CR/022426901335/MOHAMMED IRFAN/UTIB0760586/mohammed981@okhdfc,TXN0268016,,1200.00,1572845.35
20/12/2022,21/12/2022,UPI/DR/252063707179/SHEELA DEVI/UTIB0760586/sheela394@oksbi,TXN0268017,49.00,,1572796.35
20/12/2022,20/12/2022,CASH DEPOSIT/BRANCH COUNTER/MYSURU MAIN,TXN0268018,,32000.00,1604796.35
20/12/2022,20/12/2022,UPI/CR/355141417810/ANITHA KRISHNAN/UTIB0760586/anitha593@okaxis,TXN0268019,,7600.00,1612396.35
20/12/2022,20/12/2022,UPI/CR/7505962004/ARCHANA PILLAI/UTIB0760586/archana331@ybl,TXN0268020,,4800.00,1617196.35
21/12/2022,21/12/2022,NEFT/45004529/TANVI RAO/UTIB0760586/41607855257392,TXN0268021,,4800.00,1621996.35
21/12/2022,21/12/2022,UPI/CR/296506065670/PRAKASH RAO/UTIB0760586/prakash437@ybl,TXN0268022,,24000.00,1645996.35
21/12/2022,21/12/2022,ATM/WDL/2365673300/CANARA ATM MYSURU,TXN0268023,7800.00,,1638196.35
21/12/2022,21/12/2022,IMPS/P2P/598618937738/IMRAN KHAN/8775152144,TXN0268024,,7600.00,1645796.35
22/12/2022,22/12/2022,NEFT/7786413711/VINAY PATIL/UTIB0760586/87736736376096,TXN0268025,310.00,,1645486.35
22/12/2022,23/12/2022,UPI/DR/72331790/LALITHA DEVI/UTIB0760586/lalitha823@ybl,TXN0268026,699.00,,1644787.35
22/12/2022,22/12/2022,CHQ NO 379973 CLEARING,TXN0268027,5200.00,,1639587.35
22/12/2022,22/12/2022,NEFT/178655999974/AYESHA KHAN/UTIB0760586/18478749112757,TXN0268028,3499.00,,1636088.35
23/12/2022,23/12/2022,CHQ NO 220202 CLEARING,TXN0268029,999.00,,1635089.35
23/12/2022,23/12/2022,IMPS/P2P/2278673915/ADITYA KUMAR/8089486590,TXN0268030,,2500.00,1637589.35
23/12/2022,23/12/2022,IMPS/P2P/879723468940/MOHAN DAS/8195186818,TXN0268031,,18500.00,1656089.35
23/12/2022,23/12/2022,CASH DEPOSIT/BRANCH COUNTER/MYSURU MAIN,TXN0268032,,24000.00,1680089.35
24/12/2022,25/12/2022,ATM/WDL/025494737502/HDFC ATM KORAMANGALA,TXN0268033,249.00,,1679840.35
24/12/2022,25/12/2022,UPI/DR/22078151/AYESHA KHAN/UTIB0760586/ayesha236@ybl,TXN0268034,249.00,,1679591.35
24/12/2022,24/12/2022,UPI/DR/834434608650/LALITHA DEVI/UTIB0760586/lalitha32@okhdfc,TXN0268035,5200.00,,1674391.35
24/12/2022,24/12/2022,UPI/DR/1097849810/RAMESH GOWDA/UTIB0760586/ramesh907@oksbi,TXN0268036,120.00,,1674271.35
24/12/2022,25/12/2022,ATM/WDL/959099897656/CANARA ATM MYSURU,TXN0268037,5200.00,,1669071.35
24/12/2022,24/12/2022,UPI/DR/929671113688/MEERA PILLAI/UTIB0760586/meera642@okhdfc,TXN0268038,49.00,,1669022.35
24/12/2022,24/12/2022,UPI/DR/449810097473/PREETHI IYER/UTIB0760586/preethi399@paytm,TXN0268039,7800.00,,1661222.35
25/12/2022,26/12/2022,IMPS/P2P/880248019084/BINDHU NAIR/8641101805,TXN0268040,,2500.00,1663722.35
25/12/2022,25/12/2022,UPI/DR/9761869005/SUSHMA RAO/UTIB0760586/sushma843@paytm,TXN0268041,1680.00,,1662042.35
25/12/2022,25/12/2022,UPI/CR/8980863165/CHANDAN SHARMA/UTIB0760586/chandan952@paytm,TXN0268042,,4800.00,1666842.35
25/12/2022,25/12/2022,NEFT/021229888651/RAMESH GOWDA/UTIB0760586/92161833203373,TXN0268043,1680.00,,1665162.35
26/12/2022,26/12/2022,IMPS/P2P/231157785339/ARJUN MEHTA/7299700275,TXN0268044,,24000.00,1689162.35
26/12/2022,26/12/2022,NEFT/28831536/ARUN SHARMA/UTIB0760586/76884663640778,TXN0268045,,1200.00,1690362.35
26/12/2022,27/12/2022,CASH DEPOSIT/BRANCH COUNTER/MYSURU MAIN,TXN0268046,,4800.00,1695162.35
27/12/2022,28/12/2022,CHQ NO 969636 CLEARING,TXN0268047,999.00,,1694163.35
27/12/2022,27/12/2022,NEFT/49363692/MEENA IYER/UTIB0760586/50486256735345,TXN0268048,5200.00,,1688963.35
27/12/2022,27/12/2022,CHQ NO 471720 CLEARING,TXN0268049,249.00,,1688714.35
28/12/2022,28/12/2022,NEFT/374030256131/PRAKASH RAO/UTIB0760586/98407663044922,TXN0268050,2380.00,,1686334.35
28/12/2022,28/12/2022,UPI/DR/590370142140/ARJUN MEHTA/UTIB0760586/arjun819@okaxis,TXN0268051,2380.00,,1683954.35
28/12/2022,28/12/2022,IMPS/P2P/473009127670/ANITHA KRISHNAN/8843237296,TXN0268052,,850.00,1684804.35
29/12/2022,30/12/2022,ATM/WDL/28428011/HDFC ATM KORAMANGALA,TXN0268053,249.00,,1684555.35
30/12/2022,31/12/2022,UPI/CR/55236080/RAHUL SINGH/UTIB0760586/rahul854@paytm,TXN0268054,,500.00,1685055.35
31/12/2022,31/12/2022,CASH DEPOSIT/BRANCH COUNTER/MYSURU MAIN,TXN0268055,,7600.00,1692655.35
01/01/2023,01/01/2023,CHQ NO 944732 CLEARING,TXN0268056,699.00,,1691956.35
01/01/2023,02/01/2023,UPI/DR/96597496/SANTOSH KUMAR/UTIB0760586/santosh349@okaxis,TXN0268057,310.00,,1691646.35
01/01/2023,01/01/2023,ATM/WDL/815553293202/SBI ATM JAYANAGAR BLR,TXN0268058,2380.00,,1689266.35
01/01/2023,02/01/2023,CASH DEPOSIT/BRANCH COUNTER/MYSURU MAIN,TXN0268059,,1200.00,1690466.35
02/01/2023,02/01/2023,ATM/WDL/7221813989/SBI ATM JAYANAGAR BLR,TXN0268060,1250.00,,1689216.35
02/01/2023,03/01/2023,IMPS/P2P/3529884783/RAHUL SINGH/9614153996,TXN0268061,,24000.00,1713216.35
03/01/2023,03/01/2023,IMPS/P2P/74832830/USHA RANI/8364621903,TXN0268062,,7600.00,1720816.35
03/01/2023,03/01/2023,UPI/DR/6424944421/PRAKASH RAO/UTIB0760586/prakash581@okhdfc,TXN0268063,850.00,,1719966.35
03/01/2023,03/01/2023,CASH DEPOSIT/BRANCH COUNTER/MYSURU MAIN,TXN0268064,,850.00,1720816.35
03/01/2023,04/01/2023,UPI/DR/42210702/RANJIT SINGH/UTIB0760586/ranjit143@okaxis,TXN0268065,79.00,,1720737.35
03/01/2023,03/01/2023,NEFT/900927250540/LALITHA DEVI/UTIB0760586/77068348866382,TXN0268066,120.00,,1720617.35
04/01/2023,05/01/2023,CASH DEPOSIT/BRANCH COUNTER/MYSURU MAIN,TXN0268067,,1200.00,1721817.35
04/01/2023,05/01/2023,CHQ NO 314507 CLEARING,TXN0268068,5200.00,,1716617.35
04/01/2023,05/01/2023,UPI/DR/1880461588/DEEPAK JOSHI/UTIB0760586/deepak881@okhdfc,TXN0268069,699.00,,1715918.35
04/01/2023,04/01/2023,NEFT/1253485742/VINAY PATIL/UTIB0760586/95318297603959,TXN0268070,249.00,,1715669.35
05/01/2023,05/01/2023,NEFT/2329008754/DEEPA NAIR/UTIB0760586/81506843451880,TXN0268071,5200.00,,1710469.35
05/01/2023,06/01/2023,CHQ NO 545824 CLEARING,TXN0268072,699.00,,1709770.35
05/01/2023,05/01/2023,CASH DEPOSIT/BRANCH COUNTER/MYSURU MAIN,TXN0268073,,850.00,1710620.35
05/01/2023,05/01/2023,UPI/DR/51359737/DEEPA NAIR/UTIB0760586/deepa278@okhdfc,TXN0268074,5200.00,,1705420.35
05/01/2023,06/01/2023,UPI/DR/37900840/GANESH KUMAR/UTIB0760586/ganesh25@okhdfc,TXN0268075,449.00,,1704971.35
05/01/2023,05/01/2023,NEFT/0806117327/LAKSHMI VENKAT/UTIB0760586/76419654685053,TXN0268076,,2500.00,1707471.35
06/01/2023,06/01/2023,UPI/DR/0857353084/GEETA DEVI/UTIB0760586/geeta120@oksbi,TXN0268077,999.00,,1706472.35
06/01/2023,07/01/2023,NEFT/87872351/SAVITHA DEVI/UTIB0760586/83826428794510,TXN0268078,850.00,,1705622.35
06/01/2023,06/01/2023,NEFT/8578834170/PREETHI IYER/UTIB0760586/39543372868435,TXN0268079,49.00,,1705573.35
06/01/2023,07/01/2023,CASH DEPOSIT/BRANCH COUNTER/MYSURU MAIN,TXN0268080,,7600.00,1713173.35
07/01/2023,07/01/2023,UPI/DR/2679988211/RAVI KUMAR SHARMA/UTIB0760586/ravi934@ybl,TXN0268081,2380.00,,1710793.35
08/01/2023,08/01/2023,ATM/WDL/03032597/CANARA ATM MYSURU,TXN0268082,5200.00,,1705593.35
08/01/2023,08/01/2023,NEFT/603554855259/SANJANA HEGDE/UTIB0760586/42247076968724,TXN0268083,,18500.00,1724093.35
08/01/2023,08/01/2023,CASH DEPOSIT/BRANCH COUNTER/MYSURU MAIN,TXN0268084,,4800.00,1728893.35
08/01/2023,08/01/2023,UPI/DR/41110793/KARTHIK MENON/UTIB0760586/karthik783@okaxis,TXN0268085,120.00,,1728773.35
09/01/2023,09/01/2023,UPI/DR/983644144391/KAVERI MENON/UTIB0760586/kaveri632@okhdfc,TXN0268086,699.00,,1728074.35
09/01/2023,09/01/2023,CHQ NO 797938 CLEARING,TXN0268087,850.00,,1727224.35
09/01/2023,09/01/2023,NEFT/773537166367/LAKSHMI VENKAT/UTIB0760586/34494615713168,TXN0268088,,1200.00,1728424.35
09/01/2023,09/01/2023,NEFT/5239468107/GOPAL VERMA/UTIB0760586/16677181832926,TXN0268089,3499.00,,1724925.35
10/01/2023,10/01/2023,ATM/WDL/0668375436/HDFC ATM KORAMANGALA,TXN0268090,120.00,,1724805.35
10/01/2023,10/01/2023,UPI/DR/30635512/NAVEEN KUMAR/UTIB0760586/naveen985@paytm,TXN0268091,310.00,,1724495.35
11/01/2023,11/01/2023,UPI/CR/353119888692/PRAKASH RAO/UTIB0760586/prakash592@paytm,TXN0268092,,7600.00,1732095.35
11/01/2023,11/01/2023,UPI/CR/29108794/BINDHU NAIR/UTIB0760586/bindhu553@oksbi,TXN0268093,,1200.00,1733295.35
12/01/2023,12/01/2023,NEFT/323845390304/ANITHA KRISHNAN/UTIB0760586/93151184885330,TXN0268094,1250.00,,1732045.35
13/01/2023,13/01/2023,UPI/DR/502985770822/SNEHA PATIL/UTIB0760586/sneha642@oksbi,TXN0268095,2380.00,,1729665.35
13/01/2023,13/01/2023,UPI/CR/5925280097/GEETA DEVI/UTIB0760586/geeta752@paytm,TXN0268096,,24000.00,1753665.35
13/01/2023,13/01/2023,UPI/DR/90101570/SMITHA PILLAI/UTIB0760586/smitha343@oksbi,TXN0268097,850.00,,1752815.35
13/01/2023,13/01/2023,CHQ NO 403310 CLEARING,TXN0268098,3499.00,,1749316.35
13/01/2023,13/01/2023,UPI/DR/61930400/REKHA PILLAI/UTIB0760586/rekha458@ybl,TXN0268099,2380.00,,1746936.35
14/01/2023,14/01/2023,UPI/DR/328172168741/DIVYA MENON/UTIB0760586/divya39@oksbi,TXN0268100,850.00,,1746086.35
15/01/2023,15/01/2023,ATM/WDL/218338951124/CANARA ATM MYSURU,TXN0268101,310.00,,1745776.35
15/01/2023,15/01/2023,IMPS/P2P/9145636048/LATHA MURTHY/7113215370,TXN0268102,,4800.00,1750576.35
16/01/2023,16/01/2023,CHQ NO 904479 CLEARING,TXN0268103,1250.00,,1749326.35
16/01/2023,17/01/2023,CASH DEPOSIT/BRANCH COUNTER/MYSURU MAIN,TXN0268104,,18500.00,1767826.35
16/01/2023,16/01/2023,IMPS/P2P/654032844418/MOHAMMED IRFAN/8302085644,TXN0268105,,4800.00,1772626.35
16/01/2023,16/01/2023,NEFT/452823072445/DEEPA NAIR/UTIB0760586/03301753799463,TXN0268106,,500.00,1773126.35
17/01/2023,17/01/2023,CHQ NO 161373 CLEARING,TXN0268107,2380.00,,1770746.35
17/01/2023,17/01/2023,UPI/DR/6795833806/SMITHA PILLAI/UTIB0760586/smitha125@okaxis,TXN0268108,699.00,,1770047.35
17/01/2023,17/01/2023,CHQ NO 962118 CLEARING,TXN0268109,1680.00,,1768367.35
18/01/2023,18/01/2023,CASH DEPOSIT/BRANCH COUNTER/MYSURU MAIN,TXN0268110,,24000.00,1792367.35
18/01/2023,18/01/2023,UPI/DR/29244965/RANJIT SINGH/UTIB0760586/ranjit668@ybl,TXN0268111,999.00,,1791368.35
18/01/2023,18/01/2023,CHQ NO 983947 CLEARING,TXN0268112,1250.00,,1790118.35
19/01/2023,19/01/2023,CHQ NO 730778 CLEARING,TXN0268113,999.00,,1789119.35
19/01/2023,19/01/2023,NEFT/19133108/KAVERI MENON/UTIB0760586/15850592342333,TXN0268114,999.00,,1788120.35
19/01/2023,19/01/2023,UPI/DR/806106374487/MEERA PILLAI/UTIB0760586/meera839@ybl,TXN0268115,5200.00,,1782920.35
20/01/2023,21/01/2023,UPI/DR/0520879697/GOPAL VERMA/UTIB0760586/gopal482@oksbi,TXN0268116,850.00,,1782070.35
20/01/2023,20/01/2023,UPI/DR/54099724/RESHMA KHAN/UTIB0760586/reshma455@okhdfc,TXN0268117,49.00,,1782021.35
21/01/2023,21/01/2023,UPI/DR/32398530/SUNIL YADAV/UTIB0760586/sunil455@paytm,TXN0268118,850.00,,1781171.35
22/01/2023,22/01/2023,NEFT/573122301118/KIRAN REDDY/UTIB0760586/19565100394805,TXN0268119,,500.00,1781671.35
22/01/2023,22/01/2023,NEFT/959293314251/HARISH MENON/UTIB0760586/02914257735851,TXN0268120,999.00,,1780672.35
22/01/2023,22/01/2023,UPI/DR/023167278361/TANVI RAO/UTIB0760586/tanvi527@okhdfc,TXN0268121,1250.00,,1779422.35
22/01/2023,23/01/2023,NEFT/566978130424/SHEELA DEVI/UTIB0760586/57523970868384,TXN0268122,7800.00,,1771622.35
22/01/2023,23/01/2023,ATM/WDL/79556092/CANARA ATM MYSURU,TXN0268123,120.00,,1771502.35
22/01/2023,22/01/2023,NEFT/27855473/SANTOSH KUMAR/UTIB0760586/35585946093043,TXN0268124,1680.00,,1769822.35
23/01/2023,23/01/2023,UPI/DR/51435245/SNEHA PATIL/UTIB0760586/sneha358@okhdfc,TXN0268125,699.00,,1769123.35
23/01/2023,24/01/2023,UPI/DR/9710520127/SNEHA PATIL/UTIB0760586/sneha694@oksbi,TXN0268126,120.00,,1769003.35
23/01/2023,23/01/2023,CHQ NO 753635 CLEARING,TXN0268127,999.00,,1768004.35
23/01/2023,23/01/2023,UPI/DR/121529068775/FAILED/TimeOut/Ramesh Pillai,TXN0268128,1200.00,,1768004.35
24/01/2023,25/01/2023,ATM/WDL/77719751/CANARA ATM MYSURU,TXN0268129,449.00,,1767555.35
24/01/2023,25/01/2023,UPI/CR/199797146645/MALLIKA DAS/UTIB0760586/mallika815@okhdfc,TXN0268130,,24000.00,1791555.35
25/01/2023,26/01/2023,CHQ NO 278142 CLEARING,TXN0268131,249.00,,1791306.35
25/01/2023,25/01/2023,NEFT/6390499755/RANJIT SINGH/UTIB0760586/74185041006080,TXN0268132,850.00,,1790456.35
26/01/2023,26/01/2023,UPI/DR/664899987704/MOHAN DAS/UTIB0760586/mohan911@paytm,TXN0268133,1250.00,,1789206.35
26/01/2023,27/01/2023,UPI/DR/4252077844/SURESH NAIR/UTIB0760586/suresh332@paytm,TXN0268134,2380.00,,1786826.35
26/01/2023,26/01/2023,NEFT/0042893698/ARJUN MEHTA/UTIB0760586/91241860632045,TXN0268135,,500.00,1787326.35
26/01/2023,27/01/2023,UPI/CR/80227277/LATHA MURTHY/UTIB0760586/latha572@paytm,TXN0268136,,850.00,1788176.35
27/01/2023,27/01/2023,UPI/DR/0931240551/SUNIL YADAV/UTIB0760586/sunil398@ybl,TXN0268137,850.00,,1787326.35
27/01/2023,27/01/2023,IMPS/P2P/1823367030/RESHMA KHAN/9985451474,TXN0268138,,500.00,1787826.35
27/01/2023,27/01/2023,ATM/WDL/1142692911/CANARA ATM MYSURU,TXN0268139,249.00,,1787577.35
27/01/2023,27/01/2023,IMPS/P2P/133809061231/DEEPAK JOSHI/8020147474,TXN0268140,,18500.00,1806077.35
29/01/2023,30/01/2023,CHQ NO 767868 CLEARING,TXN0268141,999.00,,1805078.35
29/01/2023,29/01/2023,NEFT/4677173000/KAVITHA RAO/UTIB0760586/84427074236988,TXN0268142,,11200.00,1816278.35
29/01/2023,29/01/2023,UPI/DR/7809226957/TARA SINGH/UTIB0760586/tara469@paytm,TXN0268143,449.00,,1815829.35
29/01/2023,29/01/2023,NEFT/02500936/CHANDAN SHARMA/UTIB0760586/17814472011576,TXN0268144,2380.00,,1813449.35
29/01/2023,29/01/2023,ATM/WDL/20044929/CANARA ATM MYSURU,TXN0268145,699.00,,1812750.35
31/01/2023,31/01/2023,CHQ NO 191492 CLEARING,TXN0268146,3499.00,,1809251.35
31/01/2023,31/01/2023,UPI/DR/04253922/LALITHA DEVI/UTIB0760586/lalitha568@paytm,TXN0268147,3499.00,,1805752.35
01/02/2023,01/02/2023,CHQ NO 922022 CLEARING,TXN0268148,2380.00,,1803372.35
01/02/2023,01/02/2023,NEFT/7058152032/PRIYA NAIR/UTIB0760586/37879500691363,TXN0268149,449.00,,1802923.35
01/02/2023,02/02/2023,UPI/DR/8785717642/SMITHA PILLAI/UTIB0760586/smitha747@ybl,TXN0268150,310.00,,1802613.35
01/02/2023,01/02/2023,UPI/DR/65287948/MEERA PILLAI/UTIB0760586/meera270@paytm,TXN0268151,1250.00,,1801363.35
02/02/2023,02/02/2023,UPI/CR/99207935/SHAHID KHAN/UTIB0760586/shahid176@ybl,TXN0268152,,500.00,1801863.35
02/02/2023,02/02/2023,CHQ NO 383142 CLEARING,TXN0268153,49.00,,1801814.35
02/02/2023,02/02/2023,ATM/WDL/2670438669/CANARA ATM MYSURU,TXN0268154,850.00,,1800964.35
02/02/2023,02/02/2023,CASH DEPOSIT/BRANCH COUNTER/MYSURU MAIN,TXN0268155,,4800.00,1805764.35
03/02/2023,03/02/2023,NEFT/087331199960/VIKRAM NAIR/UTIB0760586/77308908777445,TXN0268156,,18500.00,1824264.35
04/02/2023,04/02/2023,NEFT/28834500/RAJENDRA PRASAD/UTIB0760586/08295012411731,TXN0268157,249.00,,1824015.35
04/02/2023,04/02/2023,UPI/DR/0967228924/DIVYA MENON/UTIB0760586/divya360@ybl,TXN0268158,7800.00,,1816215.35
04/02/2023,04/02/2023,CASH DEPOSIT/BRANCH COUNTER/MYSURU MAIN,TXN0268159,,24000.00,1840215.35
05/02/2023,05/02/2023,ATM/WDL/998060964983/SBI ATM JAYANAGAR BLR,TXN0268160,449.00,,1839766.35
05/02/2023,05/02/2023,UPI/DR/6147112365/PRIYA NAIR/UTIB0760586/priya91@okhdfc,TXN0268161,120.00,,1839646.35
06/02/2023,07/02/2023,NEFT/36878876/RAJENDRA PRASAD/UTIB0760586/19136934099225,TXN0268162,,500.00,1840146.35
06/02/2023,07/02/2023,NEFT/98447081/ARUN SHARMA/UTIB0760586/08837378897233,TXN0268163,,4800.00,1844946.35
06/02/2023,06/02/2023,NEFT/115174708789/TANVI RAO/UTIB0760586/48334145377366,TXN0268164,120.00,,1844826.35
06/02/2023,06/02/2023,CHQ NO 169249 CLEARING,TXN0268165,79.00,,1844747.35
06/02/2023,06/02/2023,UPI/DR/48445555/HARISH MENON/UTIB0760586/harish536@paytm,TXN0268166,1680.00,,1843067.35
06/02/2023,06/02/2023,UPI/DR/63787939/KARTHIK MENON/UTIB0760586/karthik128@ybl,TXN0268167,7800.00,,1835267.35
07/02/2023,07/02/2023,NEFT/8897940086/PADMA RAO/UTIB0760586/13889328400914,TXN0268168,699.00,,1834568.35
07/02/2023,07/02/2023,CASH DEPOSIT/BRANCH COUNTER/MYSURU MAIN,TXN0268169,,11200.00,1845768.35
07/02/2023,08/02/2023,UPI/DR/713564076003/PREETHI IYER/UTIB0760586/preethi206@oksbi,TXN0268170,120.00,,1845648.35
08/02/2023,08/02/2023,UPI/DR/593078205323/SAVITHA DEVI/UTIB0760586/savitha628@okhdfc,TXN0268171,5200.00,,1840448.35
08/02/2023,08/02/2023,NEFT/827958455131/SAVITHA DEVI/UTIB0760586/56230147458671,TXN0268172,1680.00,,1838768.35
08/02/2023,08/02/2023,UPI/DR/82762517/FATIMA SHEIKH/UTIB0760586/fatima854@ybl,TXN0268173,120.00,,1838648.35
08/02/2023,09/02/2023,UPI/DR/670814757305/VINAY PATIL/UTIB0760586/vinay232@paytm,TXN0268174,79.00,,1838569.35
08/02/2023,09/02/2023,UPI/DR/712329509186/SURESH BABU/UTIB0760586/suresh495@oksbi,TXN0268175,5200.00,,1833369.35
09/02/2023,09/02/2023,IMPS/P2P/2045609632/LAKSHMI VENKAT/8071578901,TXN0268176,,24000.00,1857369.35
09/02/2023,09/02/2023,UPI/DR/91539046/SNEHA PATIL/UTIB0760586/sneha303@ybl,TXN0268177,79.00,,1857290.35
09/02/2023,09/02/2023,IMPS/P2P/20688398/SURESH BABU/7181899177,TXN0268178,,4800.00,1862090.35
10/02/2023,10/02/2023,CASH DEPOSIT/BRANCH COUNTER/MYSURU MAIN,TXN0268179,,1200.00,1863290.35
10/02/2023,10/02/2023,NEFT/246559823064/SHAHID KHAN/UTIB0760586/99383605846824,TXN0268180,,850.00,1864140.35
10/02/2023,10/02/2023,UPI/DR/3158450708/MEENA IYER/UTIB0760586/meena419@okaxis,TXN0268181,1250.00,,1862890.35
11/02/2023,11/02/2023,UPI/DR/343744715206/GEETA DEVI/UTIB0760586/geeta652@ybl,TXN0268182,449.00,,1862441.35
12/02/2023,12/02/2023,NEFT/72008273/ANAND KUMAR/UTIB0760586/49466167738424,TXN0268183,79.00,,1862362.35
12/02/2023,13/02/2023,UPI/DR/19997525/REKHA PILLAI/UTIB0760586/rekha602@ybl,TXN0268184,49.00,,1862313.35
12/02/2023,12/02/2023,NEFT/388171155353/KAVERI MENON/UTIB0760586/44787112200069,TXN0268185,120.00,,1862193.35
13/02/2023,13/02/2023,ATM/WDL/882895510847/HDFC ATM KORAMANGALA,TXN0268186,5200.00,,1856993.35
13/02/2023,13/02/2023,UPI/DR/470789456307/SURESH BABU/UTIB0760586/suresh419@paytm,TXN0268187,5200.00,,1851793.35
13/02/2023,13/02/2023,CHQ NO 094010 CLEARING,TXN0268188,850.00,,1850943.35
13/02/2023,14/02/2023,NEFT/09187819/KAVYA REDDY/UTIB0760586/45531254721274,TXN0268189,7800.00,,1843143.35
14/02/2023,14/02/2023,UPI/DR/13909109/ROHIT SHARMA/UTIB0760586/rohit367@ybl,TXN0268190,449.00,,1842694.35
14/02/2023,14/02/2023,UPI/DR/810973299285/RANJIT SINGH/UTIB0760586/ranjit516@ybl,TXN0268191,1250.00,,1841444.35
14/02/2023,14/02/2023,UPI/DR/8283819992/ANAND KUMAR/UTIB0760586/anand927@okaxis,TXN0268192,7800.00,,1833644.35
14/02/2023,14/02/2023,CHQ NO 200372 CLEARING,TXN0268193,1250.00,,1832394.35
16/02/2023,16/02/2023,CHQ NO 126242 CLEARING,TXN0268194,120.00,,1832274.35
16/02/2023,16/02/2023,UPI/CR/990497939282/GEETA DEVI/UTIB0760586/geeta491@okhdfc,TXN0268195,,11200.00,1843474.35
16/02/2023,17/02/2023,UPI/DR/264008549535/FAILED/TimeOut/Shahid Khan,TXN0268196,9500.00,,1843474.35
16/02/2023,16/02/2023,NEFT/09183045/SANTOSH KUMAR/UTIB0760586/77874164768985,TXN0268197,,4800.00,1848274.35
17/02/2023,17/02/2023,UPI/DR/61566263/PRIYA NAIR/UTIB0760586/priya694@paytm,TXN0268198,2380.00,,1845894.35
17/02/2023,17/02/2023,UPI/DR/65557475/GEETA DEVI/UTIB0760586/geeta778@oksbi,TXN0268199,49.00,,1845845.35
17/02/2023,17/02/2023,UPI/DR/21892756/BINDHU NAIR/UTIB0760586/bindhu725@okhdfc,TXN0268200,120.00,,1845725.35
17/02/2023,17/02/2023,ATM/WDL/92064971/CANARA ATM MYSURU,TXN0268201,850.00,,1844875.35
17/02/2023,18/02/2023,CHQ NO 934347 CLEARING,TXN0268202,1680.00,,1843195.35
17/02/2023,17/02/2023,UPI/DR/3750812879/IMRAN KHAN/UTIB0760586/imran490@okaxis,TXN0268203,999.00,,1842196.35
18/02/2023,18/02/2023,ATM/WDL/5031962556/SBI ATM JAYANAGAR BLR,TXN0268204,850.00,,1841346.35
18/02/2023,18/02/2023,ATM/WDL/110664772434/HDFC ATM KORAMANGALA,TXN0268205,5200.00,,1836146.35
19/02/2023,19/02/2023,UPI/CR/38879201/SUNITA DEVI/UTIB0760586/sunita919@oksbi,TXN0268206,,11200.00,1847346.35
19/02/2023,19/02/2023,NEFT/6894061642/BABU LAL/UTIB0760586/79134930376109,TXN0268207,3499.00,,1843847.35
19/02/2023,20/02/2023,UPI/CR/7140186711/SUNITA DEVI/UTIB0760586/sunita535@okaxis,TXN0268208,,7600.00,1851447.35
19/02/2023,19/02/2023,IMPS/P2P/679049854754/POOJA SHARMA/7323392801,TXN0268209,,500.00,1851947.35
19/02/2023,19/02/2023,NEFT/29065051/ADITYA KUMAR/UTIB0760586/71311621313673,TXN0268210,,850.00,1852797.35
19/02/2023,20/02/2023,CASH DEPOSIT/BRANCH COUNTER/MYSURU MAIN,TXN0268211,,1200.00,1853997.35
19/02/2023,19/02/2023,UPI/DR/8126363507/PREETHI IYER/UTIB0760586/preethi480@ybl,TXN0268212,79.00,,1853918.35
20/02/2023,21/02/2023,UPI/DR/6842542876/RANJIT SINGH/UTIB0760586/ranjit204@oksbi,TXN0268213,7800.00,,1846118.35
20/02/2023,20/02/2023,ATM/WDL/10972322/CANARA ATM MYSURU,TXN0268214,249.00,,1845869.35
20/02/2023,20/02/2023,NEFT/16854135/NAVEEN KUMAR/UTIB0760586/27467481270683,TXN0268215,,850.00,1846719.35
20/02/2023,20/02/2023,UPI/CR/1538067303/RAJESH VERMA/UTIB0760586/rajesh63@oksbi,TXN0268216,,7600.00,1854319.35
20/02/2023,21/02/2023,NEFT/8136402781/RAHUL SINGH/UTIB0760586/13893611377760,TXN0268217,,1200.00,1855519.35
20/02/2023,20/02/2023,UPI/DR/26286090/ARJUN MEHTA/UTIB0760586/arjun599@okaxis,TXN0268218,999.00,,1854520.35
20/02/2023,21/02/2023,NEFT/12981147/MEERA PILLAI/UTIB0760586/06036774962149,TXN0268219,,850.00,1855370.35
21/02/2023,22/02/2023,UPI/DR/70781681/AYESHA KHAN/UTIB0760586/ayesha355@okhdfc,TXN0268220,249.00,,1855121.35
21/02/2023,21/02/2023,CHQ NO 527882 CLEARING,TXN0268221,79.00,,1855042.35
21/02/2023,21/02/2023,UPI/DR/2648609499/SMITHA PILLAI/UTIB0760586/smitha137@paytm,TXN0268222,49.00,,1854993.35
22/02/2023,23/02/2023,ATM/WDL/5401466133/SBI ATM JAYANAGAR BLR,TXN0268223,49.00,,1854944.35
22/02/2023,23/02/2023,ATM/WDL/29933960/SBI ATM JAYANAGAR BLR,TXN0268224,999.00,,1853945.35
24/02/2023,24/02/2023,CASH DEPOSIT/BRANCH COUNTER/MYSURU MAIN,TXN0268225,,4800.00,1858745.35
24/02/2023,24/02/2023,UPI/CR/1195364847/DEEPA NAIR/UTIB0760586/deepa548@paytm,TXN0268226,,4800.00,1863545.35
24/02/2023,25/02/2023,ATM/WDL/4254649384/SBI ATM JAYANAGAR BLR,TXN0268227,3499.00,,1860046.35
24/02/2023,25/02/2023,UPI/DR/312108244452/ANAND KUMAR/UTIB0760586/anand393@okaxis,TXN0268228,2380.00,,1857666.35
25/02/2023,25/02/2023,IMPS/P2P/6856517171/RAMESH GOWDA/8853055169,TXN0268229,,2500.00,1860166.35
26/02/2023,26/02/2023,CHQ NO 192491 CLEARING,TXN0268230,850.00,,1859316.35
26/02/2023,26/02/2023,UPI/CR/7621357616/PREETHI IYER/UTIB0760586/preethi683@okhdfc,TXN0268231,,24000.00,1883316.35
26/02/2023,27/02/2023,ATM/WDL/43533982/HDFC ATM KORAMANGALA,TXN0268232,999.00,,1882317.35
26/02/2023,26/02/2023,NEFT/72833640/MEERA PILLAI/UTIB0760586/89949844885832,TXN0268233,,500.00,1882817.35
27/02/2023,27/02/2023,UPI/DR/617492932744/MEENA IYER/UTIB0760586/meena947@oksbi,TXN0268234,49.00,,1882768.35
27/02/2023,28/02/2023,IMPS/P2P/6581247153/PADMA RAO/7049864762,TXN0268235,,850.00,1883618.35
27/02/2023,27/02/2023,NEFT/59652376/LAKSHMI VENKAT/UTIB0760586/46588140029947,TXN0268236,,18500.00,1902118.35
27/02/2023,28/02/2023,NEFT/26532088/ANAND KUMAR/UTIB0760586/61334262376071,TXN0268237,49.00,,1902069.35
28/02/2023,28/02/2023,UPI/DR/48867464/HARISH MENON/UTIB0760586/harish144@paytm,TXN0268238,999.00,,1901070.35
28/02/2023,28/02/2023,NEFT/8255491419/GOPAL VERMA/UTIB0760586/97263582362254,TXN0268239,,32000.00,1933070.35
28/02/2023,28/02/2023,CASH DEPOSIT/BRANCH COUNTER/MYSURU MAIN,TXN0268240,,1200.00,1934270.35
01/03/2023,01/03/2023,UPI/DR/796928156114/RAVI KUMAR SHARMA/UTIB0760586/ravi500@okaxis,TXN0268241,850.00,,1933420.35
01/03/2023,02/03/2023,UPI/CR/62674307/REKHA PILLAI/UTIB0760586/rekha264@oksbi,TXN0268242,,4800.00,1938220.35
02/03/2023,02/03/2023,UPI/DR/856730733019/PRAKASH RAO/UTIB0760586/prakash620@okhdfc,TXN0268243,2380.00,,1935840.35
02/03/2023,02/03/2023,UPI/DR/13262054/LALITHA DEVI/UTIB0760586/lalitha510@oksbi,TXN0268244,449.00,,1935391.35
03/03/2023,04/03/2023,UPI/DR/99434387/DEEPA NAIR/UTIB0760586/deepa988@paytm,TXN0268245,49.00,,1935342.35
04/03/2023,05/03/2023,NEFT/920975549694/NADIA HUSSAIN/UTIB0760586/10102955653648,TXN0268246,,4800.00,1940142.35
04/03/2023,04/03/2023,UPI/CR/109113001482/LALITHA DEVI/UTIB0760586/lalitha948@ybl,TXN0268247,,4800.00,1944942.35
04/03/2023,04/03/2023,UPI/DR/60815993/FARHAN KHAN/UTIB0760586/farhan633@okhdfc,TXN0268248,699.00,,1944243.35
04/03/2023,04/03/2023,NEFT/943814315390/RAJENDRA PRASAD/UTIB0760586/93277053922707,TXN0268249,999.00,,1943244.35
04/03/2023,05/03/2023,NEFT/3651594245/MEERA PILLAI/UTIB0760586/64693826196028,TXN0268250,1250.00,,1941994.35
04/03/2023,05/03/2023,UPI/CR/14394775/DEEPAK JOSHI/UTIB0760586/deepak845@ybl,TXN0268251,,1200.00,1943194.35
04/03/2023,04/03/2023,UPI/DR/228753129430/ARCHANA PILLAI/UTIB0760586/archana207@okhdfc,TXN0268252,310.00,,1942884.35
04/03/2023,05/03/2023,CASH DEPOSIT/BRANCH COUNTER/MYSURU MAIN,TXN0268253,,11200.00,1954084.35
05/03/2023,05/03/2023,IMPS/P2P/190838972309/ARCHANA PILLAI/7580699161,TXN0268254,,7600.00,1961684.35
06/03/2023,07/03/2023,CHQ NO 341809 CLEARING,TXN0268255,850.00,,1960834.35
06/03/2023,07/03/2023,UPI/CR/974897463492/PRAKASH RAO/UTIB0760586/prakash265@paytm,TXN0268256,,4800.00,1965634.35
06/03/2023,06/03/2023,CHQ NO 090851 CLEARING,TXN0268257,49.00,,1965585.35
07/03/2023,07/03/2023,UPI/CR/308278977375/LAKSHMI VENKAT/UTIB0760586/lakshmi34@oksbi,TXN0268258,,2500.00,1968085.35
07/03/2023,07/03/2023,IMPS/P2P/5887220329/MALLIKA DAS/9847122415,TXN0268259,,4800.00,1972885.35
07/03/2023,07/03/2023,CHQ NO 748781 CLEARING,TXN0268260,79.00,,1972806.35
07/03/2023,07/03/2023,NEFT/3736489690/LAKSHMI VENKAT/UTIB0760586/10901915457445,TXN0268261,,24000.00,1996806.35
08/03/2023,08/03/2023,IMPS/P2P/9237951364/TARA SINGH/8181548369,TXN0268262,,2500.00,1999306.35
08/03/2023,08/03/2023,CHQ NO 289669 CLEARING,TXN0268263,79.00,,1999227.35
08/03/2023,09/03/2023,ATM/WDL/0711430432/HDFC ATM KORAMANGALA,TXN0268264,2380.00,,1996847.35
08/03/2023,08/03/2023,UPI/CR/16175885/ROHIT SHARMA/UTIB0760586/rohit140@ybl,TXN0268265,,11200.00,2008047.35
09/03/2023,09/03/2023,NEFT/66220252/ARJUN MEHTA/UTIB0760586/17171282028839,TXN0268266,,7600.00,2015647.35
09/03/2023,09/03/2023,UPI/DR/4211767360/USHA RANI/UTIB0760586/usha827@paytm,TXN0268267,120.00,,2015527.35
09/03/2023,09/03/2023,UPI/DR/29587412/BINDHU NAIR/UTIB0760586/bindhu779@oksbi,TXN0268268,699.00,,2014828.35
09/03/2023,09/03/2023,UPI/DR/721579294568/PADMA RAO/UTIB0760586/padma538@oksbi,TXN0268269,999.00,,2013829.35
09/03/2023,09/03/2023,UPI/DR/27031425/SHEELA DEVI/UTIB0760586/sheela675@okhdfc,TXN0268270,120.00,,2013709.35
10/03/2023,10/03/2023,NEFT/906304219899/ANAND KUMAR/UTIB0760586/28095967489341,TXN0268271,310.00,,2013399.35
10/03/2023,10/03/2023,NEFT/9593028821/IMRAN KHAN/UTIB0760586/66901730875776,TXN0268272,3499.00,,2009900.35
11/03/2023,11/03/2023,UPI/CR/80418520/MOHAN DAS/UTIB0760586/mohan333@okaxis,TXN0268273,,2500.00,2012400.35
11/03/2023,11/03/2023,UPI/DR/088559076657/NAVEEN KUMAR/UTIB0760586/naveen590@okhdfc,TXN0268274,999.00,,2011401.35
11/03/2023,12/03/2023,UPI/DR/237098158705/GANESH KUMAR/UTIB0760586/ganesh482@okaxis,TXN0268275,310.00,,2011091.35
11/03/2023,11/03/2023,UPI/DR/4732808785/REKHA PILLAI/UTIB0760586/rekha267@okhdfc,TXN0268276,2380.00,,2008711.35
12/03/2023,12/03/2023,UPI/CR/674260064883/RAJENDRA PRASAD/UTIB0760586/rajendra692@paytm,TXN0268277,,11200.00,2019911.35
12/03/2023,12/03/2023,UPI/CR/612427095264/ROHIT SHARMA/UTIB0760586/rohit173@oksbi,TXN0268278,,4800.00,2024711.35
12/03/2023,13/03/2023,UPI/DR/5093734252/SURESH NAIR/UTIB0760586/suresh447@okaxis,TXN0268279,999.00,,2023712.35
12/03/2023,12/03/2023,CASH DEPOSIT/BRANCH COUNTER/MYSURU MAIN,TXN0268280,,11200.00,2034912.35
13/03/2023,13/03/2023,UPI/CR/232931071379/ANITHA KRISHNAN/UTIB0760586/anitha565@okaxis,TXN0268281,,18500.00,2053412.35
13/03/2023,13/03/2023,UPI/DR/42429684/KAVITHA RAO/UTIB0760586/kavitha720@paytm,TXN0268282,449.00,,2052963.35
14/03/2023,14/03/2023,UPI/DR/5198940325/POOJA SHARMA/UTIB0760586/pooja526@paytm,TXN0268283,999.00,,2051964.35
14/03/2023,14/03/2023,UPI/DR/3593116983/FATIMA SHEIKH/UTIB0760586/fatima121@ybl,TXN0268284,120.00,,2051844.35
15/03/2023,15/03/2023,UPI/DR/633440232138/PADMA RAO/UTIB0760586/padma102@okaxis,TXN0268285,699.00,,2051145.35
15/03/2023,15/03/2023,CASH DEPOSIT/BRANCH COUNTER/MYSURU MAIN,TXN0268286,,850.00,2051995.35
16/03/2023,16/03/2023,UPI/CR/54740820/BABU LAL/UTIB0760586/babu250@ybl,TXN0268287,,11200.00,2063195.35
16/03/2023,16/03/2023,CASH DEPOSIT/BRANCH COUNTER/MYSURU MAIN,TXN0268288,,1200.00,2064395.35
16/03/2023,16/03/2023,UPI/DR/80316023/KIRAN REDDY/UTIB0760586/kiran462@okaxis,TXN0268289,999.00,,2063396.35
16/03/2023,16/03/2023,CASH DEPOSIT/BRANCH COUNTER/MYSURU MAIN,TXN0268290,,18500.00,2081896.35
16/03/2023,16/03/2023,NEFT/69507867/ARUN SHARMA/UTIB0760586/79547023372469,TXN0268291,5200.00,,2076696.35
16/03/2023,16/03/2023,UPI/DR/6035219291/ROHIT SHARMA/UTIB0760586/rohit848@okhdfc,TXN0268292,999.00,,2075697.35
17/03/2023,17/03/2023,UPI/DR/728461525376/SUNITA DEVI/UTIB0760586/sunita959@oksbi,TXN0268293,49.00,,2075648.35
18/03/2023,18/03/2023,UPI/DR/81860138/POOJA SHARMA/UTIB0760586/pooja152@okhdfc,TXN0268294,449.00,,2075199.35
18/03/2023,18/03/2023,IMPS/P2P/4031906465/ROHIT SHARMA/9881644760,TXN0268295,,11200.00,2086399.35
18/03/2023,19/03/2023,CASH DEPOSIT/BRANCH COUNTER/MYSURU MAIN,TXN0268296,,2500.00,2088899.35
18/03/2023,18/03/2023,NEFT/0607601450/KARTHIK MENON/UTIB0760586/86981482330797,TXN0268297,5200.00,,2083699.35
20/03/2023,21/03/2023,UPI/DR/212471794530/SURESH NAIR/UTIB0760586/suresh536@paytm,TXN0268298,850.00,,2082849.35
21/03/2023,21/03/2023,UPI/DR/3276919854/AYESHA KHAN/UTIB0760586/ayesha312@paytm,TXN0268299,5200.00,,2077649.35
22/03/2023,22/03/2023,IMPS/P2P/6335328526/SURESH BABU/9506462961,TXN0268300,,4800.00,2082449.35
22/03/2023,22/03/2023,UPI/DR/0719593881/SHAHID KHAN/UTIB0760586/shahid783@okaxis,TXN0268301,3499.00,,2078950.35
22/03/2023,22/03/2023,CHQ NO 017846 CLEARING,TXN0268302,7800.00,,2071150.35
22/03/2023,22/03/2023,NEFT/5862803683/FARHAN KHAN/UTIB0760586/29097454460994,TXN0268303,,500.00,2071650.35
23/03/2023,23/03/2023,ATM/WDL/5802189219/SBI ATM JAYANAGAR BLR,TXN0268304,5200.00,,2066450.35
23/03/2023,23/03/2023,UPI/DR/5357299002/LATHA MURTHY/UTIB0760586/latha962@okaxis,TXN0268305,5200.00,,2061250.35
24/03/2023,24/03/2023,CHQ NO 235860 CLEARING,TXN0268306,310.00,,2060940.35
24/03/2023,24/03/2023,CHQ NO 880690 CLEARING,TXN0268307,49.00,,2060891.35
25/03/2023,26/03/2023,UPI/DR/0145216367/SMITHA PILLAI/UTIB0760586/smitha567@okaxis,TXN0268308,7800.00,,2053091.35
25/03/2023,25/03/2023,NEFT/4769694449/LATHA MURTHY/UTIB0760586/20183364651765,TXN0268309,,18500.00,2071591.35
26/03/2023,27/03/2023,CASH DEPOSIT/BRANCH COUNTER/MYSURU MAIN,TXN0268310,,7600.00,2079191.35
26/03/2023,26/03/2023,CASH DEPOSIT/BRANCH COUNTER/MYSURU MAIN,TXN0268311,,2500.00,2081691.35
26/03/2023,26/03/2023,ATM/WDL/8265893608/HDFC ATM KORAMANGALA,TXN0268312,49.00,,2081642.35
27/03/2023,28/03/2023,NEFT/66779477/TANVI RAO/UTIB0760586/72860218069652,TXN0268313,5200.00,,2076442.35
27/03/2023,27/03/2023,UPI/CR/79876467/ARJUN MEHTA/UTIB0760586/arjun812@oksbi,TXN0268314,,2500.00,2078942.35
27/03/2023,27/03/2023,NEFT/639033142090/KIRAN REDDY/UTIB0760586/73688156357359,TXN0268315,,2500.00,2081442.35
27/03/2023,28/03/2023,NEFT/7633959753/RAHUL SINGH/UTIB0760586/53460184215391,TXN0268316,1680.00,,2079762.35
28/03/2023,28/03/2023,IMPS/P2P/106107106490/PREETHI IYER/8821518091,TXN0268317,,11200.00,2090962.35
28/03/2023,28/03/2023,NEFT/3438268710/SHAHID KHAN/UTIB0760586/59659730735564,TXN0268318,699.00,,2090263.35
29/03/2023,30/03/2023,UPI/DR/7851086362/SNEHA PATIL/UTIB0760586/sneha174@okaxis,TXN0268319,1250.00,,2089013.35
29/03/2023,29/03/2023,CASH DEPOSIT/BRANCH COUNTER/MYSURU MAIN,TXN0268320,,18500.00,2107513.35
30/03/2023,30/03/2023,ATM/WDL/896598074474/CANARA ATM MYSURU,TXN0268321,3499.00,,2104014.35
30/03/2023,31/03/2023,CHQ NO 206206 CLEARING,TXN0268322,1250.00,,2102764.35
30/03/2023,31/03/2023,UPI/CR/225663717752/HARISH MENON/UTIB0760586/harish661@okhdfc,TXN0268323,,500.00,2103264.35
31/03/2023,31/03/2023,ATM/WDL/4984730616/SBI ATM JAYANAGAR BLR,TXN0268324,449.00,,2102815.35
31/03/2023,31/03/2023,NEFT/76489793/IMRAN KHAN/UTIB0760586/83751868600785,TXN0268325,310.00,,2102505.35
31/03/2023,31/03/2023,NEFT/7497259174/ADITYA KUMAR/UTIB0760586/17021115098702,TXN0268326,,4800.00,2107305.35
01/04/2023,01/04/2023,CASH DEPOSIT/BRANCH COUNTER/MYSURU MAIN,TXN0268327,,4800.00,2112105.35
01/04/2023,01/04/2023,UPI/DR/2171814644/DEEPA NAIR/UTIB0760586/deepa899@paytm,TXN0268328,3499.00,,2108606.35
01/04/2023,01/04/2023,CHQ NO 740304 CLEARING,TXN0268329,449.00,,2108157.35
02/04/2023,02/04/2023,CASH DEPOSIT/BRANCH COUNTER/MYSURU MAIN,TXN0268330,,4800.00,2112957.35
03/04/2023,03/04/2023,UPI/DR/357746466537/FATIMA SHEIKH/UTIB0760586/fatima596@ybl,TXN0268331,7800.00,,2105157.35
04/04/2023,05/04/2023,NEFT/756815734254/SUNITA DEVI/UTIB0760586/69395484897601,TXN0268332,,7600.00,2112757.35
04/04/2023,04/04/2023,ATM/WDL/153565853724/SBI ATM JAYANAGAR BLR,TXN0268333,79.00,,2112678.35
05/04/2023,05/04/2023,NEFT/668184020345/REKHA PILLAI/UTIB0760586/92146347968749,TXN0268334,,500.00,2113178.35
06/04/2023,06/04/2023,CASH DEPOSIT/BRANCH COUNTER/MYSURU MAIN,TXN0268335,,32000.00,2145178.35
06/04/2023,07/04/2023,UPI/DR/8254422035/KAVYA REDDY/UTIB0760586/kavya545@ybl,TXN0268336,1680.00,,2143498.35
07/04/2023,08/04/2023,UPI/DR/061750028564/SAVITHA DEVI/UTIB0760586/savitha896@okhdfc,TXN0268337,120.00,,2143378.35
07/04/2023,07/04/2023,NEFT/18252447/NIKHIL GUPTA/UTIB0760586/38572592649333,TXN0268338,,24000.00,2167378.35
07/04/2023,08/04/2023,ATM/WDL/266212606719/CANARA ATM MYSURU,TXN0268339,1680.00,,2165698.35
07/04/2023,07/04/2023,CASH DEPOSIT/BRANCH COUNTER/MYSURU MAIN,TXN0268340,,24000.00,2189698.35
07/04/2023,07/04/2023,NEFT/905253187263/RANJIT SINGH/UTIB0760586/63797792415914,TXN0268341,310.00,,2189388.35
08/04/2023,08/04/2023,IMPS/P2P/41389789/RAJESH VERMA/7853854426,TXN0268342,,850.00,2190238.35
08/04/2023,08/04/2023,CASH DEPOSIT/BRANCH COUNTER/MYSURU MAIN,TXN0268343,,2500.00,2192738.35
08/04/2023,08/04/2023,ATM/WDL/17914273/HDFC ATM KORAMANGALA,TXN0268344,699.00,,2192039.35
08/04/2023,08/04/2023,CASH DEPOSIT/BRANCH COUNTER/MYSURU MAIN,TXN0268345,,1200.00,2193239.35
08/04/2023,08/04/2023,IMPS/P2P/594412276974/SUNITA DEVI/8282614628,TXN0268346,,7600.00,2200839.35
08/04/2023,08/04/2023,UPI/DR/654306550250/AYESHA KHAN/UTIB0760586/ayesha588@okhdfc,TXN0268347,850.00,,2199989.35
08/04/2023,08/04/2023,NEFT/4533037806/KAVYA REDDY/UTIB0760586/65013855352344,TXN0268348,,4800.00,2204789.35
08/04/2023,08/04/2023,IMPS/P2P/35237736/SUNIL YADAV/8253601105,TXN0268349,,4800.00,2209589.35
08/04/2023,08/04/2023,IMPS/P2P/037589491511/VINAY PATIL/9151484058,TXN0268350,,850.00,2210439.35
09/04/2023,09/04/2023,UPI/DR/90209231/ADITYA KUMAR/UTIB0760586/aditya374@okhdfc,TXN0268351,850.00,,2209589.35
09/04/2023,09/04/2023,NEFT/18238968/GEETA DEVI/UTIB0760586/57812837320701,TXN0268352,79.00,,2209510.35
09/04/2023,09/04/2023,UPI/DR/90779408/RAMESH GOWDA/UTIB0760586/ramesh158@ybl,TXN0268353,79.00,,2209431.35
09/04/2023,10/04/2023,NEFT/17086066/FATIMA SHEIKH/UTIB0760586/35909731045242,TXN0268354,,850.00,2210281.35
10/04/2023,10/04/2023,NEFT/689966469603/RAMESH PILLAI/UTIB0760586/50874496612274,TXN0268355,,1200.00,2211481.35
10/04/2023,10/04/2023,NEFT/821335240403/DEEPAK JOSHI/UTIB0760586/91439986977923,TXN0268356,,850.00,2212331.35
10/04/2023,11/04/2023,ATM/WDL/3876200693/SBI ATM JAYANAGAR BLR,TXN0268357,5200.00,,2207131.35
10/04/2023,10/04/2023,UPI/CR/5378728227/ARCHANA PILLAI/UTIB0760586/archana407@okhdfc,TXN0268358,,7600.00,2214731.35
10/04/2023,11/04/2023,IMPS/P2P/682053686524/ARCHANA PILLAI/9800954056,TXN0268359,,850.00,2215581.35
10/04/2023,10/04/2023,NEFT/650903196472/RAMESH PILLAI/UTIB0760586/93290914339490,TXN0268360,,32000.00,2247581.35
11/04/2023,11/04/2023,IMPS/P2P/8896361350/FATIMA SHEIKH/7967345764,TXN0268361,,500.00,2248081.35
11/04/2023,12/04/2023,NEFT/508942835470/KAVERI MENON/UTIB0760586/02765998613496,TXN0268362,120.00,,2247961.35
11/04/2023,11/04/2023,UPI/CR/8849345229/PADMA RAO/UTIB0760586/padma580@okaxis,TXN0268363,,500.00,2248461.35
11/04/2023,11/04/2023,ATM/WDL/4037495118/CANARA ATM MYSURU,TXN0268364,310.00,,2248151.35
11/04/2023,11/04/2023,UPI/DR/65286982/RAJENDRA PRASAD/UTIB0760586/rajendra726@paytm,TXN0268365,699.00,,2247452.35
12/04/2023,12/04/2023,UPI/DR/5895537446/SMITHA PILLAI/UTIB0760586/smitha940@okaxis,TXN0268366,7800.00,,2239652.35
12/04/2023,12/04/2023,CASH DEPOSIT/BRANCH COUNTER/MYSURU MAIN,TXN0268367,,1200.00,2240852.35
12/04/2023,13/04/2023,NEFT/27874203/LATHA MURTHY/UTIB0760586/47303669067566,TXN0268368,,4800.00,2245652.35
12/04/2023,13/04/2023,NEFT/136181008853/SHAHID KHAN/UTIB0760586/23725079440913,TXN0268369,79.00,,2245573.35
12/04/2023,12/04/2023,UPI/DR/203273511932/BINDHU NAIR/UTIB0760586/bindhu599@okhdfc,TXN0268370,249.00,,2245324.35
12/04/2023,12/04/2023,UPI/DR/22947156/GANESH KUMAR/UTIB0760586/ganesh549@okaxis,TXN0268371,49.00,,2245275.35
13/04/2023,13/04/2023,UPI/CR/92393719/NAVEEN KUMAR/UTIB0760586/naveen877@ybl,TXN0268372,,18500.00,2263775.35
13/04/2023,13/04/2023,NEFT/43382346/MOHAN DAS/UTIB0760586/16009548207740,TXN0268373,,850.00,2264625.35
13/04/2023,14/04/2023,UPI/DR/5433207168/RAJESH VERMA/UTIB0760586/rajesh609@paytm,TXN0268374,3499.00,,2261126.35
13/04/2023,14/04/2023,CHQ NO 816912 CLEARING,TXN0268375,1250.00,,2259876.35
13/04/2023,13/04/2023,NEFT/6812566324/VIKRAM NAIR/UTIB0760586/10813024420290,TXN0268376,449.00,,2259427.35
13/04/2023,14/04/2023,UPI/DR/89305089/AYESHA KHAN/UTIB0760586/ayesha236@okaxis,TXN0268377,699.00,,2258728.35
13/04/2023,14/04/2023,NEFT/2127598694/GANESH KUMAR/UTIB0760586/89604761884050,TXN0268378,2380.00,,2256348.35
14/04/2023,15/04/2023,UPI/CR/97721152/MOHAMMED IRFAN/UTIB0760586/mohammed498@ybl,TXN0268379,,32000.00,2288348.35
15/04/2023,16/04/2023,NEFT/4307939902/RESHMA KHAN/UTIB0760586/46189805621131,TXN0268380,1250.00,,2287098.35
15/04/2023,15/04/2023,UPI/CR/5183743354/GEETA DEVI/UTIB0760586/geeta501@paytm,TXN0268381,,850.00,2287948.35
15/04/2023,15/04/2023,NEFT/7567849455/ANAND KUMAR/UTIB0760586/83094382210034,TXN0268382,5200.00,,2282748.35
16/04/2023,16/04/2023,UPI/DR/8426504274/HARISH MENON/UTIB0760586/harish365@okaxis,TXN0268383,49.00,,2282699.35
16/04/2023,16/04/2023,UPI/CR/386453102459/SANJANA HEGDE/UTIB0760586/sanjana517@okhdfc,TXN0268384,,18500.00,2301199.35
18/04/2023,18/04/2023,NEFT/6562707355/SUNITA DEVI/UTIB0760586/25780969394224,TXN0268385,449.00,,2300750.35
18/04/2023,18/04/2023,CASH DEPOSIT/BRANCH COUNTER/MYSURU MAIN,TXN0268386,,4800.00,2305550.35
18/04/2023,18/04/2023,UPI/CR/76161262/KIRAN REDDY/UTIB0760586/kiran355@oksbi,TXN0268387,,7600.00,2313150.35
19/04/2023,19/04/2023,UPI/DR/6847547465/MEENA IYER/UTIB0760586/meena176@paytm,TXN0268388,449.00,,2312701.35
19/04/2023,19/04/2023,UPI/DR/676352334406/SURESH BABU/UTIB0760586/suresh398@paytm,TXN0268389,5200.00,,2307501.35
20/04/2023,20/04/2023,CASH DEPOSIT/BRANCH COUNTER/MYSURU MAIN,TXN0268390,,850.00,2308351.35
20/04/2023,21/04/2023,UPI/DR/033042514417/GANESH KUMAR/UTIB0760586/ganesh990@oksbi,TXN0268391,699.00,,2307652.35
20/04/2023,20/04/2023,NEFT/1531918003/VINAY PATIL/UTIB0760586/09635162065171,TXN0268392,1250.00,,2306402.35
20/04/2023,20/04/2023,NEFT/7619341443/GOPAL VERMA/UTIB0760586/03025651002200,TXN0268393,,32000.00,2338402.35
20/04/2023,20/04/2023,NEFT/90695146/SUNITA DEVI/UTIB0760586/31438974194832,TXN0268394,,18500.00,2356902.35
20/04/2023,21/04/2023,ATM/WDL/4009719128/CANARA ATM MYSURU,TXN0268395,999.00,,2355903.35
20/04/2023,20/04/2023,UPI/DR/5190796042/FARHAN KHAN/UTIB0760586/farhan254@ybl,TXN0268396,5200.00,,2350703.35
21/04/2023,21/04/2023,CASH DEPOSIT/BRANCH COUNTER/MYSURU MAIN,TXN0268397,,4800.00,2355503.35
21/04/2023,21/04/2023,CHQ NO 950997 CLEARING,TXN0268398,2380.00,,2353123.35
21/04/2023,21/04/2023,IMPS/P2P/08412766/KAVITHA RAO/7162983603,TXN0268399,,850.00,2353973.35
22/04/2023,22/04/2023,UPI/CR/137438287978/RAJESH VERMA/UTIB0760586/rajesh670@ybl,TXN0268400,,850.00,2354823.35
23/04/2023,24/04/2023,UPI/CR/2436980550/TARA SINGH/UTIB0760586/tara923@oksbi,TXN0268401,,1200.00,2356023.35
23/04/2023,23/04/2023,ATM/WDL/2551095352/CANARA ATM MYSURU,TXN0268402,310.00,,2355713.35
23/04/2023,23/04/2023,NEFT/7057373988/TARA SINGH/UTIB0760586/42874608361817,TXN0268403,850.00,,2354863.35
23/04/2023,23/04/2023,CASH DEPOSIT/BRANCH COUNTER/MYSURU MAIN,TXN0268404,,4800.00,2359663.35
24/04/2023,24/04/2023,UPI/CR/507795321953/SNEHA PATIL/UTIB0760586/sneha144@oksbi,TXN0268405,,7600.00,2367263.35
24/04/2023,25/04/2023,UPI/DR/89519301/POOJA SHARMA/UTIB0760586/pooja775@okhdfc,TXN0268406,1680.00,,2365583.35
24/04/2023,24/04/2023,UPI/DR/844457552702/RAMESH GOWDA/UTIB0760586/ramesh976@okhdfc,TXN0268407,2380.00,,2363203.35
25/04/2023,26/04/2023,IMPS/P2P/4739021344/PRIYA NAIR/9966554357,TXN0268408,,4800.00,2368003.35
25/04/2023,26/04/2023,UPI/DR/09706093/TANVI RAO/UTIB0760586/tanvi274@ybl,TXN0268409,1250.00,,2366753.35
26/04/2023,26/04/2023,CASH DEPOSIT/BRANCH COUNTER/MYSURU MAIN,TXN0268410,,500.00,2367253.35
26/04/2023,26/04/2023,IMPS/P2P/3425732991/PREETHI IYER/9542891661,TXN0268411,,1200.00,2368453.35
27/04/2023,28/04/2023,CHQ NO 447118 CLEARING,TXN0268412,1680.00,,2366773.35
28/04/2023,29/04/2023,UPI/DR/3233368205/RAVI KUMAR SHARMA/UTIB0760586/ravi141@ybl,TXN0268413,310.00,,2366463.35
28/04/2023,28/04/2023,CASH DEPOSIT/BRANCH COUNTER/MYSURU MAIN,TXN0268414,,24000.00,2390463.35
29/04/2023,29/04/2023,UPI/DR/74947410/MEENA IYER/UTIB0760586/meena849@okhdfc,TXN0268415,1680.00,,2388783.35
29/04/2023,29/04/2023,UPI/DR/41990053/FARHAN KHAN/UTIB0760586/farhan320@paytm,TXN0268416,310.00,,2388473.35
29/04/2023,29/04/2023,UPI/CR/9462360670/MEENA IYER/UTIB0760586/meena36@okhdfc,TXN0268417,,24000.00,2412473.35
29/04/2023,29/04/2023,CASH DEPOSIT/BRANCH COUNTER/MYSURU MAIN,TXN0268418,,24000.00,2436473.35
29/04/2023,29/04/2023,CASH DEPOSIT/BRANCH COUNTER/MYSURU MAIN,TXN0268419,,1200.00,2437673.35
29/04/2023,29/04/2023,NEFT/6684300421/ANITHA KRISHNAN/UTIB0760586/00849920113776,TXN0268420,449.00,,2437224.35
30/04/2023,30/04/2023,NEFT/923350745536/SURESH NAIR/UTIB0760586/22853193825317,TXN0268421,,32000.00,2469224.35
30/04/2023,30/04/2023,NEFT/8201755382/LATHA MURTHY/UTIB0760586/91660021411750,TXN0268422,,1200.00,2470424.35
30/04/2023,30/04/2023,UPI/DR/3445205594/SNEHA PATIL/UTIB0760586/sneha138@ybl,TXN0268423,850.00,,2469574.35
01/05/2023,02/05/2023,NEFT/65294615/BINDHU NAIR/UTIB0760586/49508269885924,TXN0268424,3499.00,,2466075.35
01/05/2023,02/05/2023,NEFT/87237098/LAKSHMI VENKAT/UTIB0760586/41428725886959,TXN0268425,,850.00,2466925.35
01/05/2023,02/05/2023,CASH DEPOSIT/BRANCH COUNTER/MYSURU MAIN,TXN0268426,,24000.00,2490925.35
01/05/2023,02/05/2023,CASH DEPOSIT/BRANCH COUNTER/MYSURU MAIN,TXN0268427,,500.00,2491425.35
01/05/2023,01/05/2023,UPI/DR/2217246013/TANVI RAO/UTIB0760586/tanvi354@ybl,TXN0268428,699.00,,2490726.35
02/05/2023,02/05/2023,NEFT/71222332/DEEPA NAIR/UTIB0760586/47076189688383,TXN0268429,79.00,,2490647.35
02/05/2023,03/05/2023,ATM/WDL/88244400/SBI ATM JAYANAGAR BLR,TXN0268430,999.00,,2489648.35
03/05/2023,04/05/2023,UPI/DR/57134468/ARJUN MEHTA/UTIB0760586/arjun567@okhdfc,TXN0268431,449.00,,2489199.35
03/05/2023,03/05/2023,CHQ NO 043440 CLEARING,TXN0268432,79.00,,2489120.35
03/05/2023,03/05/2023,UPI/DR/7886140173/SURESH NAIR/UTIB0760586/suresh998@ybl,TXN0268433,79.00,,2489041.35
04/05/2023,04/05/2023,UPI/CR/6171698138/SANTOSH KUMAR/UTIB0760586/santosh284@okaxis,TXN0268434,,32000.00,2521041.35
04/05/2023,05/05/2023,UPI/DR/8720664662/DEEPA NAIR/UTIB0760586/deepa217@ybl,TXN0268435,249.00,,2520792.35
05/05/2023,06/05/2023,CHQ NO 517366 CLEARING,TXN0268436,999.00,,2519793.35
06/05/2023,07/05/2023,UPI/DR/392346667120/ANAND KUMAR/UTIB0760586/anand788@okhdfc,TXN0268437,79.00,,2519714.35
06/05/2023,07/05/2023,UPI/CR/2020718680/KARTHIK MENON/UTIB0760586/karthik905@okaxis,TXN0268438,,1200.00,2520914.35
06/05/2023,06/05/2023,IMPS/P2P/005150108946/VENKAT RAO/8978559376,TXN0268439,,1200.00,2522114.35
06/05/2023,06/05/2023,NEFT/4213580174/ROHIT SHARMA/UTIB0760586/77781188358087,TXN0268440,249.00,,2521865.35
06/05/2023,06/05/2023,UPI/DR/36162438/GOPAL VERMA/UTIB0760586/gopal215@ybl,TXN0268441,49.00,,2521816.35
07/05/2023,07/05/2023,UPI/DR/68650140/BINDHU NAIR/UTIB0760586/bindhu576@okaxis,TXN0268442,3499.00,,2518317.35
07/05/2023,07/05/2023,ATM/WDL/3652162115/HDFC ATM KORAMANGALA,TXN0268443,310.00,,2518007.35
07/05/2023,07/05/2023,UPI/CR/39991301/PRIYA NAIR/UTIB0760586/priya931@oksbi,TXN0268444,,7600.00,2525607.35
07/05/2023,07/05/2023,CASH DEPOSIT/BRANCH COUNTER/MYSURU MAIN,TXN0268445,,32000.00,2557607.35
07/05/2023,08/05/2023,UPI/DR/048878255414/BINDHU NAIR/UTIB0760586/bindhu627@paytm,TXN0268446,3499.00,,2554108.35
07/05/2023,07/05/2023,UPI/DR/5225950413/RAJENDRA PRASAD/UTIB0760586/rajendra773@paytm,TXN0268447,999.00,,2553109.35
08/05/2023,09/05/2023,UPI/DR/832878696170/RAJENDRA PRASAD/UTIB0760586/rajendra709@oksbi,TXN0268448,249.00,,2552860.35
08/05/2023,09/05/2023,NEFT/6439084900/BINDHU NAIR/UTIB0760586/70696536107622,TXN0268449,49.00,,2552811.35
09/05/2023,10/05/2023,CASH DEPOSIT/BRANCH COUNTER/MYSURU MAIN,TXN0268450,,18500.00,2571311.35
09/05/2023,09/05/2023,UPI/DR/46729843/MEENA IYER/UTIB0760586/meena459@okaxis,TXN0268451,120.00,,2571191.35
09/05/2023,09/05/2023,ATM/WDL/4320052152/CANARA ATM MYSURU,TXN0268452,3499.00,,2567692.35
10/05/2023,10/05/2023,UPI/CR/464757268535/REKHA PILLAI/UTIB0760586/rekha449@okhdfc,TXN0268453,,24000.00,2591692.35
10/05/2023,10/05/2023,CHQ NO 868675 CLEARING,TXN0268454,2380.00,,2589312.35
11/05/2023,11/05/2023,UPI/DR/781065855262/SHAHID KHAN/UTIB0760586/shahid903@okhdfc,TXN0268455,850.00,,2588462.35
12/05/2023,12/05/2023,UPI/DR/440752464879/SMITHA PILLAI/UTIB0760586/smitha457@ybl,TXN0268456,2380.00,,2586082.35
12/05/2023,12/05/2023,NEFT/94490602/NAVEEN KUMAR/UTIB0760586/79451132948159,TXN0268457,,1200.00,2587282.35
13/05/2023,13/05/2023,CHQ NO 844567 CLEARING,TXN0268458,699.00,,2586583.35
13/05/2023,13/05/2023,IMPS/P2P/5461492703/SURESH BABU/9038159397,TXN0268459,,18500.00,2605083.35
13/05/2023,13/05/2023,IMPS/P2P/651419341154/NAVEEN KUMAR/9062920316,TXN0268460,,7600.00,2612683.35
14/05/2023,14/05/2023,NEFT/510727905971/CHANDAN SHARMA/UTIB0760586/00698729272388,TXN0268461,,11200.00,2623883.35
14/05/2023,14/05/2023,ATM/WDL/9594228121/SBI ATM JAYANAGAR BLR,TXN0268462,5200.00,,2618683.35
14/05/2023,14/05/2023,CASH DEPOSIT/BRANCH COUNTER/MYSURU MAIN,TXN0268463,,32000.00,2650683.35
15/05/2023,16/05/2023,CHQ NO 967885 CLEARING,TXN0268464,850.00,,2649833.35
16/05/2023,17/05/2023,UPI/DR/8859471915/SANTOSH KUMAR/UTIB0760586/santosh250@okaxis,TXN0268465,1250.00,,2648583.35
16/05/2023,16/05/2023,CHQ NO 074716 CLEARING,TXN0268466,2380.00,,2646203.35
17/05/2023,18/05/2023,UPI/DR/46107094/MEERA PILLAI/UTIB0760586/meera544@oksbi,TXN0268467,1250.00,,2644953.35
17/05/2023,17/05/2023,UPI/DR/813996040332/AYESHA KHAN/UTIB0760586/ayesha966@oksbi,TXN0268468,249.00,,2644704.35
17/05/2023,18/05/2023,IMPS/P2P/0601094760/VENKAT RAO/7056159453,TXN0268469,,18500.00,2663204.35
18/05/2023,19/05/2023,UPI/DR/5786875945/GEETA DEVI/UTIB0760586/geeta50@okaxis,TXN0268470,1250.00,,2661954.35
18/05/2023,19/05/2023,CASH DEPOSIT/BRANCH COUNTER/MYSURU MAIN,TXN0268471,,2500.00,2664454.35
18/05/2023,19/05/2023,NEFT/88187132/PRAKASH RAO/UTIB0760586/18525726621537,TXN0268472,1680.00,,2662774.35
19/05/2023,19/05/2023,ATM/WDL/126653737916/HDFC ATM KORAMANGALA,TXN0268473,2380.00,,2660394.35
19/05/2023,19/05/2023,UPI/DR/975611656537/NADIA HUSSAIN/UTIB0760586/nadia655@paytm,TXN0268474,850.00,,2659544.35
19/05/2023,19/05/2023,CHQ NO 225433 CLEARING,TXN0268475,449.00,,2659095.35
19/05/2023,19/05/2023,IMPS/P2P/5743207000/RANJIT SINGH/9340037950,TXN0268476,,2500.00,2661595.35
19/05/2023,19/05/2023,UPI/DR/64658286/GEETA DEVI/UTIB0760586/geeta464@oksbi,TXN0268477,310.00,,2661285.35
19/05/2023,19/05/2023,NEFT/1814390743/ARCHANA PILLAI/UTIB0760586/39502561971994,TXN0268478,,7600.00,2668885.35
20/05/2023,20/05/2023,UPI/DR/2632101262/SURESH BABU/UTIB0760586/suresh431@oksbi,TXN0268479,49.00,,2668836.35
20/05/2023,20/05/2023,NEFT/360048106482/GANESH KUMAR/UTIB0760586/35284343294721,TXN0268480,,850.00,2669686.35
20/05/2023,20/05/2023,NEFT/06343655/LAKSHMI VENKAT/UTIB0760586/70160532630070,TXN0268481,,850.00,2670536.35
21/05/2023,21/05/2023,UPI/DR/2937999692/SURESH NAIR/UTIB0760586/suresh340@paytm,TXN0268482,310.00,,2670226.35
21/05/2023,21/05/2023,IMPS/P2P/600916475530/FATIMA SHEIKH/7867596160,TXN0268483,,24000.00,2694226.35
21/05/2023,21/05/2023,IMPS/P2P/04680725/ANAND KUMAR/8326139194,TXN0268484,,500.00,2694726.35
21/05/2023,21/05/2023,UPI/DR/95188010/SANTOSH KUMAR/UTIB0760586/santosh427@okhdfc,TXN0268485,3499.00,,2691227.35
22/05/2023,22/05/2023,CASH DEPOSIT/BRANCH COUNTER/MYSURU MAIN,TXN0268486,,24000.00,2715227.35
22/05/2023,22/05/2023,CHQ NO 040043 CLEARING,TXN0268487,249.00,,2714978.35
22/05/2023,22/05/2023,NEFT/96361253/KAVITHA RAO/UTIB0760586/84259942736899,TXN0268488,,32000.00,2746978.35
23/05/2023,23/05/2023,CASH DEPOSIT/BRANCH COUNTER/MYSURU MAIN,TXN0268489,,32000.00,2778978.35
23/05/2023,23/05/2023,UPI/DR/15681118/NILESH KULKARNI/UTIB0760586/nilesh806@oksbi,TXN0268490,850.00,,2778128.35
23/05/2023,23/05/2023,UPI/DR/73826438/NIKHIL GUPTA/UTIB0760586/nikhil566@ybl,TXN0268491,7800.00,,2770328.35
23/05/2023,23/05/2023,NEFT/5042625867/PRAKASH RAO/UTIB0760586/53113269707005,TXN0268492,,850.00,2771178.35
23/05/2023,23/05/2023,UPI/DR/98682537/SANJANA HEGDE/UTIB0760586/sanjana237@ybl,TXN0268493,999.00,,2770179.35
23/05/2023,23/05/2023,ATM/WDL/42015836/SBI ATM JAYANAGAR BLR,TXN0268494,5200.00,,2764979.35
23/05/2023,23/05/2023,UPI/DR/8025907398/ANAND KUMAR/UTIB0760586/anand191@okhdfc,TXN0268495,5200.00,,2759779.35
24/05/2023,24/05/2023,UPI/DR/30515767/ARCHANA PILLAI/UTIB0760586/archana28@ybl,TXN0268496,120.00,,2759659.35
24/05/2023,24/05/2023,CHQ NO 795503 CLEARING,TXN0268497,1250.00,,2758409.35
25/05/2023,25/05/2023,UPI/CR/0823119594/RAVI KUMAR SHARMA/UTIB0760586/ravi843@oksbi,TXN0268498,,4800.00,2763209.35
25/05/2023,26/05/2023,CASH DEPOSIT/BRANCH COUNTER/MYSURU MAIN,TXN0268499,,850.00,2764059.35
26/05/2023,26/05/2023,NEFT/77457528/USHA RANI/UTIB0760586/51773593134702,TXN0268500,,24000.00,2788059.35
26/05/2023,26/05/2023,IMPS/P2P/966408149010/VIKRAM NAIR/9107623667,TXN0268501,,500.00,2788559.35
26/05/2023,27/05/2023,UPI/DR/49713557/SUNITA DEVI/UTIB0760586/sunita881@oksbi,TXN0268502,3499.00,,2785060.35
27/05/2023,28/05/2023,ATM/WDL/475279279819/CANARA ATM MYSURU,TXN0268503,49.00,,2785011.35
27/05/2023,27/05/2023,UPI/DR/02091573/SNEHA PATIL/UTIB0760586/sneha873@oksbi,TXN0268504,7800.00,,2777211.35
27/05/2023,27/05/2023,UPI/DR/48583056/ANITHA KRISHNAN/UTIB0760586/anitha808@paytm,TXN0268505,249.00,,2776962.35
27/05/2023,28/05/2023,UPI/DR/98808082/RESHMA KHAN/UTIB0760586/reshma45@ybl,TXN0268506,5200.00,,2771762.35
27/05/2023,27/05/2023,CHQ NO 014058 CLEARING,TXN0268507,49.00,,2771713.35
28/05/2023,28/05/2023,NEFT/870290738500/VIKRAM NAIR/UTIB0760586/14771995984485,TXN0268508,2380.00,,2769333.35
28/05/2023,28/05/2023,ATM/WDL/125473248632/SBI ATM JAYANAGAR BLR,TXN0268509,3499.00,,2765834.35
28/05/2023,28/05/2023,CASH DEPOSIT/BRANCH COUNTER/MYSURU MAIN,TXN0268510,,18500.00,2784334.35
30/05/2023,30/05/2023,UPI/DR/491880400364/SNEHA PATIL/UTIB0760586/sneha694@paytm,TXN0268511,5200.00,,2779134.35
30/05/2023,31/05/2023,UPI/DR/0450208867/NADIA HUSSAIN/UTIB0760586/nadia987@okhdfc,TXN0268512,249.00,,2778885.35
30/05/2023,31/05/2023,UPI/CR/02974667/KAVITHA RAO/UTIB0760586/kavitha961@paytm,TXN0268513,,18500.00,2797385.35
30/05/2023,30/05/2023,CASH DEPOSIT/BRANCH COUNTER/MYSURU MAIN,TXN0268514,,24000.00,2821385.35
31/05/2023,31/05/2023,NEFT/449413980771/SANJANA HEGDE/UTIB0760586/10575168644820,TXN0268515,249.00,,2821136.35
01/06/2023,01/06/2023,NEFT/27230053/USHA RANI/UTIB0760586/29701697103251,TXN0268516,,4800.00,2825936.35
01/06/2023,02/06/2023,NEFT/3285161815/KAVYA REDDY/UTIB0760586/86816633498828,TXN0268517,,2500.00,2828436.35
02/06/2023,02/06/2023,ATM/WDL/76133984/CANARA ATM MYSURU,TXN0268518,7800.00,,2820636.35
03/06/2023,03/06/2023,ATM/WDL/70266931/CANARA ATM MYSURU,TXN0268519,699.00,,2819937.35
03/06/2023,03/06/2023,NEFT/25469099/SAVITHA DEVI/UTIB0760586/93410800384904,TXN0268520,249.00,,2819688.35
03/06/2023,03/06/2023,UPI/CR/95776291/DEEPAK JOSHI/UTIB0760586/deepak383@oksbi,TXN0268521,,2500.00,2822188.35
03/06/2023,04/06/2023,CHQ NO 907754 CLEARING,TXN0268522,249.00,,2821939.35
03/06/2023,04/06/2023,CHQ NO 451898 CLEARING,TXN0268523,2380.00,,2819559.35
04/06/2023,04/06/2023,IMPS/P2P/881510871471/DIVYA MENON/9058505533,TXN0268524,,850.00,2820409.35
05/06/2023,06/06/2023,CASH DEPOSIT/BRANCH COUNTER/MYSURU MAIN,TXN0268525,,850.00,2821259.35
05/06/2023,05/06/2023,ATM/WDL/8234748773/SBI ATM JAYANAGAR BLR,TXN0268526,1250.00,,2820009.35
05/06/2023,05/06/2023,CHQ NO 812434 CLEARING,TXN0268527,249.00,,2819760.35
06/06/2023,06/06/2023,ATM/WDL/1901664814/SBI ATM JAYANAGAR BLR,TXN0268528,7800.00,,2811960.35
07/06/2023,07/06/2023,IMPS/P2P/95443476/SHEELA DEVI/7829603876,TXN0268529,,4800.00,2816760.35
08/06/2023,08/06/2023,CASH DEPOSIT/BRANCH COUNTER/MYSURU MAIN,TXN0268530,,500.00,2817260.35
08/06/2023,08/06/2023,IMPS/P2P/3148441105/HARISH MENON/8913660864,TXN0268531,,11200.00,2828460.35
08/06/2023,08/06/2023,UPI/CR/97122550/SURESH BABU/UTIB0760586/suresh69@oksbi,TXN0268532,,850.00,2829310.35
08/06/2023,08/06/2023,NEFT/33358843/RAMESH PILLAI/UTIB0760586/08003309016166,TXN0268533,79.00,,2829231.35
09/06/2023,10/06/2023,IMPS/P2P/11931940/PADMA RAO/8276150075,TXN0268534,,4800.00,2834031.35
09/06/2023,09/06/2023,CASH DEPOSIT/BRANCH COUNTER/MYSURU MAIN,TXN0268535,,1200.00,2835231.35
10/06/2023,11/06/2023,IMPS/P2P/7998817893/SMITHA PILLAI/8287315389,TXN0268536,,4800.00,2840031.35
11/06/2023,12/06/2023,NEFT/36250532/ARJUN MEHTA/UTIB0760586/88891325075333,TXN0268537,,7600.00,2847631.35
12/06/2023,12/06/2023,UPI/DR/264116917701/PRAKASH RAO/UTIB0760586/prakash802@okhdfc,TXN0268538,449.00,,2847182.35
12/06/2023,12/06/2023,CHQ NO 977914 CLEARING,TXN0268539,1680.00,,2845502.35
12/06/2023,13/06/2023,ATM/WDL/67634593/CANARA ATM MYSURU,TXN0268540,49.00,,2845453.35
12/06/2023,13/06/2023,CASH DEPOSIT/BRANCH COUNTER/MYSURU MAIN,TXN0268541,,850.00,2846303.35
13/06/2023,13/06/2023,IMPS/P2P/781088399346/RAVI KUMAR SHARMA/7764077328,TXN0268542,,4800.00,2851103.35
13/06/2023,13/06/2023,NEFT/844711658890/CHANDAN SHARMA/UTIB0760586/58532348483622,TXN0268543,,7600.00,2858703.35
13/06/2023,14/06/2023,CHQ NO 104888 CLEARING,TXN0268544,310.00,,2858393.35
13/06/2023,13/06/2023,CHQ NO 284210 CLEARING,TXN0268545,1250.00,,2857143.35
14/06/2023,14/06/2023,NEFT/263228362539/SHAHID KHAN/UTIB0760586/72169616798465,TXN0268546,79.00,,2857064.35
14/06/2023,14/06/2023,CASH DEPOSIT/BRANCH COUNTER/MYSURU MAIN,TXN0268547,,2500.00,2859564.35
14/06/2023,14/06/2023,NEFT/6445655311/RAJESH VERMA/UTIB0760586/48583996052083,TXN0268548,310.00,,2859254.35
14/06/2023,14/06/2023,CASH DEPOSIT/BRANCH COUNTER/MYSURU MAIN,TXN0268549,,2500.00,2861754.35
15/06/2023,15/06/2023,UPI/DR/12057886/SUNIL YADAV/UTIB0760586/sunil445@oksbi,TXN0268550,2380.00,,2859374.35
15/06/2023,15/06/2023,CHQ NO 353689 CLEARING,TXN0268551,120.00,,2859254.35
16/06/2023,17/06/2023,NEFT/22823024/USHA RANI/UTIB0760586/08233131529579,TXN0268552,1680.00,,2857574.35
16/06/2023,16/06/2023,CASH DEPOSIT/BRANCH COUNTER/MYSURU MAIN,TXN0268553,,32000.00,2889574.35
16/06/2023,17/06/2023,IMPS/P2P/280190588104/SNEHA PATIL/9258587661,TXN0268554,,24000.00,2913574.35
17/06/2023,18/06/2023,NEFT/0763892680/GEETA DEVI/UTIB0760586/37106866554558,TXN0268555,999.00,,2912575.35
17/06/2023,18/06/2023,UPI/DR/64187643/IMRAN KHAN/UTIB0760586/imran808@ybl,TXN0268556,3499.00,,2909076.35
17/06/2023,17/06/2023,UPI/CR/3565694607/SAVITHA DEVI/UTIB0760586/savitha563@okhdfc,TXN0268557,,2500.00,2911576.35
17/06/2023,18/06/2023,UPI/DR/15168028/LALITHA DEVI/UTIB0760586/lalitha385@ybl,TXN0268558,5200.00,,2906376.35
17/06/2023,17/06/2023,CHQ NO 901089 CLEARING,TXN0268559,1250.00,,2905126.35
17/06/2023,17/06/2023,NEFT/9565591001/ANAND KUMAR/UTIB0760586/21528234010077,TXN0268560,3499.00,,2901627.35
18/06/2023,18/06/2023,CASH DEPOSIT/BRANCH COUNTER/MYSURU MAIN,TXN0268561,,4800.00,2906427.35
18/06/2023,18/06/2023,NEFT/219648847247/FATIMA SHEIKH/UTIB0760586/73477723490806,TXN0268562,999.00,,2905428.35
18/06/2023,18/06/2023,IMPS/P2P/0981415805/SUSHMA RAO/8907305654,TXN0268563,,18500.00,2923928.35
18/06/2023,18/06/2023,UPI/CR/455144544604/NAVEEN KUMAR/UTIB0760586/naveen844@oksbi,TXN0268564,,2500.00,2926428.35
19/06/2023,19/06/2023,UPI/DR/52554940/FARHAN KHAN/UTIB0760586/farhan384@oksbi,TXN0268565,5200.00,,2921228.35
20/06/2023,21/06/2023,UPI/DR/71942947/PRIYA NAIR/UTIB0760586/priya779@oksbi,TXN0268566,310.00,,2920918.35
21/06/2023,21/06/2023,IMPS/P2P/44867389/BABU LAL/9644071262,TXN0268567,,4800.00,2925718.35
21/06/2023,22/06/2023,UPI/DR/2618021181/SURESH NAIR/UTIB0760586/suresh238@okhdfc,TXN0268568,7800.00,,2917918.35
23/06/2023,23/06/2023,UPI/DR/69653446/NAVEEN KUMAR/UTIB0760586/naveen713@okhdfc,TXN0268569,249.00,,2917669.35
24/06/2023,24/06/2023,NEFT/4905599321/ANAND KUMAR/UTIB0760586/06217467625180,TXN0268570,3499.00,,2914170.35
24/06/2023,24/06/2023,IMPS/P2P/7079293594/DIVYA MENON/7307737231,TXN0268571,,7600.00,2921770.35
24/06/2023,24/06/2023,UPI/CR/30222208/POOJA SHARMA/UTIB0760586/pooja541@ybl,TXN0268572,,7600.00,2929370.35
24/06/2023,24/06/2023,CHQ NO 081675 CLEARING,TXN0268573,310.00,,2929060.35
24/06/2023,24/06/2023,CASH DEPOSIT/BRANCH COUNTER/MYSURU MAIN,TXN0268574,,1200.00,2930260.35
24/06/2023,24/06/2023,IMPS/P2P/4062877613/RESHMA KHAN/8515289525,TXN0268575,,7600.00,2937860.35
25/06/2023,25/06/2023,NEFT/40124688/NADIA HUSSAIN/UTIB0760586/61390948553159,TXN0268576,3499.00,,2934361.35
25/06/2023,26/06/2023,CHQ NO 340194 CLEARING,TXN0268577,3499.00,,2930862.35
25/06/2023,26/06/2023,UPI/DR/65750555/SAVITHA DEVI/UTIB0760586/savitha276@paytm,TXN0268578,2380.00,,2928482.35
26/06/2023,26/06/2023,ATM/WDL/1941577504/CANARA ATM MYSURU,TXN0268579,249.00,,2928233.35
27/06/2023,28/06/2023,UPI/DR/523936360821/SUSHMA RAO/UTIB0760586/sushma757@oksbi,TXN0268580,5200.00,,2923033.35
27/06/2023,27/06/2023,CASH DEPOSIT/BRANCH COUNTER/MYSURU MAIN,TXN0268581,,24000.00,2947033.35
28/06/2023,28/06/2023,UPI/CR/203176935371/VIKRAM NAIR/UTIB0760586/vikram10@paytm,TXN0268582,,7600.00,2954633.35
28/06/2023,29/06/2023,CHQ NO 684869 CLEARING,TXN0268583,699.00,,2953934.35
28/06/2023,29/06/2023,NEFT/360728181645/BINDHU NAIR/UTIB0760586/05153056060439,TXN0268584,1680.00,,2952254.35
29/06/2023,30/06/2023,CASH DEPOSIT/BRANCH COUNTER/MYSURU MAIN,TXN0268585,,1200.00,2953454.35
29/06/2023,30/06/2023,NEFT/8678507649/ARCHANA PILLAI/UTIB0760586/91175180746551,TXN0268586,,1200.00,2954654.35
29/06/2023,30/06/2023,CHQ NO 622908 CLEARING,TXN0268587,7800.00,,2946854.35
30/06/2023,30/06/2023,NEFT/99470506/FARHAN KHAN/UTIB0760586/87529437390276,TXN0268588,,1200.00,2948054.35
30/06/2023,30/06/2023,UPI/CR/294516157746/RAMESH GOWDA/UTIB0760586/ramesh537@oksbi,TXN0268589,,850.00,2948904.35
30/06/2023,30/06/2023,UPI/DR/0689735064/SMITHA PILLAI/UTIB0760586/smitha305@okhdfc,TXN0268590,49.00,,2948855.35
30/06/2023,30/06/2023,UPI/CR/77813191/MEERA PILLAI/UTIB0760586/meera921@oksbi,TXN0268591,,7600.00,2956455.35
01/07/2023,01/07/2023,CASH DEPOSIT/BRANCH COUNTER/MYSURU MAIN,TXN0268592,,32000.00,2988455.35
01/07/2023,01/07/2023,IMPS/P2P/603358293759/NIKHIL GUPTA/9758701233,TXN0268593,,500.00,2988955.35
01/07/2023,01/07/2023,IMPS/P2P/644767387050/NADIA HUSSAIN/8787765921,TXN0268594,,1200.00,2990155.35
02/07/2023,02/07/2023,CHQ NO 231961 CLEARING,TXN0268595,7800.00,,2982355.35
02/07/2023,02/07/2023,CASH DEPOSIT/BRANCH COUNTER/MYSURU MAIN,TXN0268596,,1200.00,2983555.35
02/07/2023,03/07/2023,UPI/CR/93237048/RAHUL SINGH/UTIB0760586/rahul277@paytm,TXN0268597,,4800.00,2988355.35
03/07/2023,03/07/2023,UPI/DR/226522755935/ARUN SHARMA/UTIB0760586/arun938@okaxis,TXN0268598,79.00,,2988276.35
03/07/2023,04/07/2023,CASH DEPOSIT/BRANCH COUNTER/MYSURU MAIN,TXN0268599,,7600.00,2995876.35
03/07/2023,03/07/2023,NEFT/4844082564/RAJENDRA PRASAD/UTIB0760586/36353161908092,TXN0268600,699.00,,2995177.35
03/07/2023,03/07/2023,UPI/CR/83261117/TANVI RAO/UTIB0760586/tanvi228@okaxis,TXN0268601,,500.00,2995677.35
03/07/2023,03/07/2023,CASH DEPOSIT/BRANCH COUNTER/MYSURU MAIN,TXN0268602,,4800.00,3000477.35
04/07/2023,04/07/2023,NEFT/038014462940/GEETA DEVI/UTIB0760586/59123098503227,TXN0268603,,24000.00,3024477.35
05/07/2023,05/07/2023,UPI/DR/5365299787/GANESH KUMAR/UTIB0760586/ganesh660@okhdfc,TXN0268604,999.00,,3023478.35
05/07/2023,06/07/2023,ATM/WDL/99377501/CANARA ATM MYSURU,TXN0268605,1680.00,,3021798.35
06/07/2023,06/07/2023,UPI/CR/9134545964/SURESH BABU/UTIB0760586/suresh590@paytm,TXN0268606,,1200.00,3022998.35
06/07/2023,07/07/2023,UPI/DR/1474530061/SUNITA DEVI/UTIB0760586/sunita430@paytm,TXN0268607,79.00,,3022919.35
06/07/2023,07/07/2023,IMPS/P2P/55413771/ARJUN MEHTA/7075074670,TXN0268608,,7600.00,3030519.35
06/07/2023,07/07/2023,NEFT/7075511836/SHEELA DEVI/UTIB0760586/80328626704747,TXN0268609,7800.00,,3022719.35
06/07/2023,06/07/2023,CASH DEPOSIT/BRANCH COUNTER/MYSURU MAIN,TXN0268610,,2500.00,3025219.35
06/07/2023,06/07/2023,UPI/DR/1081509271/LALITHA DEVI/UTIB0760586/lalitha904@okhdfc,TXN0268611,449.00,,3024770.35
07/07/2023,07/07/2023,CHQ NO 387223 CLEARING,TXN0268612,3499.00,,3021271.35
07/07/2023,08/07/2023,UPI/CR/095150615455/SURESH NAIR/UTIB0760586/suresh511@ybl,TXN0268613,,500.00,3021771.35
08/07/2023,08/07/2023,CASH DEPOSIT/BRANCH COUNTER/MYSURU MAIN,TXN0268614,,1200.00,3022971.35
08/07/2023,08/07/2023,NEFT/6956311348/PRAKASH RAO/UTIB0760586/14104548873378,TXN0268615,249.00,,3022722.35
09/07/2023,09/07/2023,UPI/DR/8832392396/PRIYA NAIR/UTIB0760586/priya618@ybl,TXN0268616,49.00,,3022673.35
09/07/2023,09/07/2023,CHQ NO 203218 CLEARING,TXN0268617,2380.00,,3020293.35
09/07/2023,09/07/2023,IMPS/P2P/0659672644/SANTOSH KUMAR/8808128612,TXN0268618,,7600.00,3027893.35
10/07/2023,11/07/2023,CHQ NO 902828 CLEARING,TXN0268619,1680.00,,3026213.35
11/07/2023,11/07/2023,UPI/DR/53535316/PADMA RAO/UTIB0760586/padma260@okhdfc,TXN0268620,2380.00,,3023833.35
12/07/2023,12/07/2023,UPI/DR/30861361/SUNITA DEVI/UTIB0760586/sunita661@okhdfc,TXN0268621,7800.00,,3016033.35
13/07/2023,13/07/2023,CHQ NO 518919 CLEARING,TXN0268622,1250.00,,3014783.35
13/07/2023,13/07/2023,NEFT/596503932053/ARCHANA PILLAI/UTIB0760586/83450107400460,TXN0268623,1250.00,,3013533.35
14/07/2023,14/07/2023,NEFT/725364860347/MALLIKA DAS/UTIB0760586/11332605524787,TXN0268624,310.00,,3013223.35
14/07/2023,14/07/2023,NEFT/9431291100/SURESH NAIR/UTIB0760586/53039548632471,TXN0268625,1680.00,,3011543.35
14/07/2023,14/07/2023,CHQ NO 693378 CLEARING,TXN0268626,120.00,,3011423.35
14/07/2023,14/07/2023,UPI/DR/5985723536/RAJENDRA PRASAD/UTIB0760586/rajendra985@okhdfc,TXN0268627,79.00,,3011344.35
15/07/2023,15/07/2023,UPI/DR/7985808637/VIKRAM NAIR/UTIB0760586/vikram959@okhdfc,TXN0268628,120.00,,3011224.35
15/07/2023,15/07/2023,NEFT/2561360445/ARUN SHARMA/UTIB0760586/40906119371674,TXN0268629,120.00,,3011104.35
15/07/2023,15/07/2023,UPI/DR/217227978853/SAVITHA DEVI/UTIB0760586/savitha960@okhdfc,TXN0268630,3499.00,,3007605.35
16/07/2023,17/07/2023,UPI/CR/84146250/POOJA SHARMA/UTIB0760586/pooja392@oksbi,TXN0268631,,7600.00,3015205.35
16/07/2023,16/07/2023,UPI/DR/481121368061/ADITYA KUMAR/UTIB0760586/aditya539@okaxis,TXN0268632,49.00,,3015156.35
16/07/2023,17/07/2023,CHQ NO 008248 CLEARING,TXN0268633,449.00,,3014707.35
17/07/2023,17/07/2023,NEFT/47122194/RAVI KUMAR SHARMA/UTIB0760586/99959392823848,TXN0268634,1250.00,,3013457.35
17/07/2023,17/07/2023,CASH DEPOSIT/BRANCH COUNTER/MYSURU MAIN,TXN0268635,,1200.00,3014657.35
17/07/2023,17/07/2023,IMPS/P2P/71124534/RAHUL SINGH/9775672191,TXN0268636,,1200.00,3015857.35
17/07/2023,17/07/2023,UPI/DR/373551381012/GANESH KUMAR/UTIB0760586/ganesh347@paytm,TXN0268637,310.00,,3015547.35
17/07/2023,18/07/2023,CHQ NO 679476 CLEARING,TXN0268638,5200.00,,3010347.35
18/07/2023,18/07/2023,UPI/DR/04465838/RAMESH GOWDA/UTIB0760586/ramesh325@okhdfc,TXN0268639,3499.00,,3006848.35
18/07/2023,19/07/2023,UPI/DR/85959510/SUNIL YADAV/UTIB0760586/sunil889@ybl,TXN0268640,699.00,,3006149.35
18/07/2023,18/07/2023,NEFT/58652138/GOPAL VERMA/UTIB0760586/12088936209642,TXN0268641,1250.00,,3004899.35
19/07/2023,19/07/2023,CASH DEPOSIT/BRANCH COUNTER/MYSURU MAIN,TXN0268642,,2500.00,3007399.35
19/07/2023,19/07/2023,ATM/WDL/58842948/SBI ATM JAYANAGAR BLR,TXN0268643,1250.00,,3006149.35
20/07/2023,20/07/2023,UPI/DR/821359277307/MOHAN DAS/UTIB0760586/mohan227@okhdfc,TXN0268644,310.00,,3005839.35
20/07/2023,20/07/2023,NEFT/006401241797/RESHMA KHAN/UTIB0760586/10122660315610,TXN0268645,,32000.00,3037839.35
20/07/2023,20/07/2023,UPI/DR/456873940002/SNEHA PATIL/UTIB0760586/sneha812@okhdfc,TXN0268646,5200.00,,3032639.35
21/07/2023,21/07/2023,IMPS/P2P/5656556630/RAVI KUMAR SHARMA/9727006250,TXN0268647,,24000.00,3056639.35
22/07/2023,22/07/2023,ATM/WDL/00302649/CANARA ATM MYSURU,TXN0268648,850.00,,3055789.35
22/07/2023,23/07/2023,UPI/CR/990199983079/SANTOSH KUMAR/UTIB0760586/santosh254@oksbi,TXN0268649,,7600.00,3063389.35
22/07/2023,22/07/2023,ATM/WDL/7995143931/HDFC ATM KORAMANGALA,TXN0268650,449.00,,3062940.35
23/07/2023,23/07/2023,UPI/DR/18814487/BINDHU NAIR/UTIB0760586/bindhu870@paytm,TXN0268651,7800.00,,3055140.35
23/07/2023,23/07/2023,UPI/CR/118718352122/PREETHI IYER/UTIB0760586/preethi167@oksbi,TXN0268652,,32000.00,3087140.35
23/07/2023,24/07/2023,CASH DEPOSIT/BRANCH COUNTER/MYSURU MAIN,TXN0268653,,1200.00,3088340.35
23/07/2023,23/07/2023,UPI/CR/166156649870/AYESHA KHAN/UTIB0760586/ayesha58@okhdfc,TXN0268654,,4800.00,3093140.35
24/07/2023,24/07/2023,NEFT/494158202482/PRAKASH RAO/UTIB0760586/77442739685213,TXN0268655,699.00,,3092441.35
24/07/2023,24/07/2023,UPI/DR/95123844/RAJENDRA PRASAD/UTIB0760586/rajendra290@ybl,TXN0268656,49.00,,3092392.35
25/07/2023,25/07/2023,ATM/WDL/5843543558/SBI ATM JAYANAGAR BLR,TXN0268657,249.00,,3092143.35
26/07/2023,26/07/2023,NEFT/4988199677/SANTOSH KUMAR/UTIB0760586/72496307060316,TXN0268658,,24000.00,3116143.35
26/07/2023,26/07/2023,UPI/DR/913129822998/ANAND KUMAR/UTIB0760586/anand267@okaxis,TXN0268659,3499.00,,3112644.35
27/07/2023,27/07/2023,IMPS/P2P/600765397000/VENKAT RAO/8923215245,TXN0268660,,32000.00,3144644.35
27/07/2023,27/07/2023,UPI/DR/542707733493/GOPAL VERMA/UTIB0760586/gopal776@oksbi,TXN0268661,5200.00,,3139444.35
27/07/2023,27/07/2023,UPI/CR/966295065079/SMITHA PILLAI/UTIB0760586/smitha323@paytm,TXN0268662,,7600.00,3147044.35
27/07/2023,28/07/2023,UPI/DR/651720463386/HARISH MENON/UTIB0760586/harish356@ybl,TXN0268663,449.00,,3146595.35
27/07/2023,27/07/2023,IMPS/P2P/693696011874/GOPAL VERMA/8187578458,TXN0268664,,850.00,3147445.35
28/07/2023,29/07/2023,UPI/CR/414965574497/DIVYA MENON/UTIB0760586/divya134@okhdfc,TXN0268665,,4800.00,3152245.35
28/07/2023,28/07/2023,CHQ NO 150201 CLEARING,TXN0268666,999.00,,3151246.35
28/07/2023,28/07/2023,UPI/DR/355889671124/TARA SINGH/UTIB0760586/tara612@okaxis,TXN0268667,449.00,,3150797.35
28/07/2023,28/07/2023,ATM/WDL/90561758/HDFC ATM KORAMANGALA,TXN0268668,449.00,,3150348.35
28/07/2023,28/07/2023,IMPS/P2P/81572317/LAKSHMI VENKAT/7802904834,TXN0268669,,32000.00,3182348.35
29/07/2023,29/07/2023,ATM/WDL/20090872/HDFC ATM KORAMANGALA,TXN0268670,2380.00,,3179968.35
29/07/2023,29/07/2023,ATM/WDL/517221462105/CANARA ATM MYSURU,TXN0268671,310.00,,3179658.35
29/07/2023,29/07/2023,CHQ NO 864026 CLEARING,TXN0268672,5200.00,,3174458.35
31/07/2023,31/07/2023,NEFT/965657606684/AYESHA KHAN/UTIB0760586/82845680489790,TXN0268673,310.00,,3174148.35
31/07/2023,31/07/2023,IMPS/P2P/41714474/SHEELA DEVI/9590823678,TXN0268674,,7600.00,3181748.35
01/08/2023,01/08/2023,IMPS/P2P/335450451086/IMRAN KHAN/7588591137,TXN0268675,,11200.00,3192948.35
01/08/2023,01/08/2023,ATM/WDL/376219153054/CANARA ATM MYSURU,TXN0268676,850.00,,3192098.35
01/08/2023,02/08/2023,CASH DEPOSIT/BRANCH COUNTER/MYSURU MAIN,TXN0268677,,1200.00,3193298.35
02/08/2023,02/08/2023,IMPS/P2P/35395162/ANITHA KRISHNAN/7525367016,TXN0268678,,24000.00,3217298.35
02/08/2023,02/08/2023,UPI/DR/459950381077/VINAY PATIL/UTIB0760586/vinay996@oksbi,TXN0268679,1680.00,,3215618.35
03/08/2023,03/08/2023,UPI/DR/900099952589/RANJIT SINGH/UTIB0760586/ranjit411@ybl,TXN0268680,120.00,,3215498.35
03/08/2023,03/08/2023,UPI/DR/6226673284/GOPAL VERMA/UTIB0760586/gopal139@paytm,TXN0268681,79.00,,3215419.35
03/08/2023,03/08/2023,UPI/DR/1898238384/ROHIT SHARMA/UTIB0760586/rohit298@ybl,TXN0268682,249.00,,3215170.35
03/08/2023,03/08/2023,UPI/DR/5114423222/MOHAN DAS/UTIB0760586/mohan816@paytm,TXN0268683,7800.00,,3207370.35
04/08/2023,04/08/2023,CHQ NO 212998 CLEARING,TXN0268684,449.00,,3206921.35
04/08/2023,04/08/2023,CASH DEPOSIT/BRANCH COUNTER/MYSURU MAIN,TXN0268685,,7600.00,3214521.35
04/08/2023,05/08/2023,ATM/WDL/810279977783/CANARA ATM MYSURU,TXN0268686,49.00,,3214472.35
04/08/2023,04/08/2023,UPI/DR/9852203766/PRIYA NAIR/UTIB0760586/priya158@okhdfc,TXN0268687,1250.00,,3213222.35
04/08/2023,04/08/2023,CASH DEPOSIT/BRANCH COUNTER/MYSURU MAIN,TXN0268688,,11200.00,3224422.35
05/08/2023,06/08/2023,UPI/DR/00054670/SURESH BABU/UTIB0760586/suresh538@paytm,TXN0268689,2380.00,,3222042.35
05/08/2023,05/08/2023,UPI/DR/1379454168/LAKSHMI VENKAT/UTIB0760586/lakshmi337@okhdfc,TXN0268690,850.00,,3221192.35
05/08/2023,05/08/2023,ATM/WDL/823549464435/HDFC ATM KORAMANGALA,TXN0268691,3499.00,,3217693.35
05/08/2023,05/08/2023,UPI/DR/685146460160/BABU LAL/UTIB0760586/babu260@oksbi,TXN0268692,49.00,,3217644.35
05/08/2023,05/08/2023,CASH DEPOSIT/BRANCH COUNTER/MYSURU MAIN,TXN0268693,,500.00,3218144.35
05/08/2023,05/08/2023,UPI/DR/251860207144/ROHIT SHARMA/UTIB0760586/rohit664@paytm,TXN0268694,449.00,,3217695.35
06/08/2023,06/08/2023,CASH DEPOSIT/BRANCH COUNTER/MYSURU MAIN,TXN0268695,,2500.00,3220195.35
06/08/2023,06/08/2023,CASH DEPOSIT/BRANCH COUNTER/MYSURU MAIN,TXN0268696,,11200.00,3231395.35
07/08/2023,08/08/2023,UPI/DR/7701922053/ARUN SHARMA/UTIB0760586/arun210@oksbi,TXN0268697,3499.00,,3227896.35
07/08/2023,07/08/2023,ATM/WDL/5027714616/CANARA ATM MYSURU,TXN0268698,310.00,,3227586.35
08/08/2023,08/08/2023,UPI/DR/28432526/DEEPA NAIR/UTIB0760586/deepa53@paytm,TXN0268699,120.00,,3227466.35
08/08/2023,08/08/2023,NEFT/826858036240/RAHUL SINGH/UTIB0760586/40045995679545,TXN0268700,699.00,,3226767.35
08/08/2023,09/08/2023,CHQ NO 889894 CLEARING,TXN0268701,2380.00,,3224387.35
08/08/2023,09/08/2023,UPI/DR/7597595583/KAVYA REDDY/UTIB0760586/kavya980@oksbi,TXN0268702,850.00,,3223537.35
09/08/2023,10/08/2023,CASH DEPOSIT/BRANCH COUNTER/MYSURU MAIN,TXN0268703,,850.00,3224387.35
09/08/2023,09/08/2023,UPI/DR/7094489631/GANESH KUMAR/UTIB0760586/ganesh889@okhdfc,TXN0268704,49.00,,3224338.35
10/08/2023,10/08/2023,UPI/DR/07694991/MEENA IYER/UTIB0760586/meena631@ybl,TXN0268705,1250.00,,3223088.35
10/08/2023,11/08/2023,UPI/CR/006942437665/SAVITHA DEVI/UTIB0760586/savitha942@paytm,TXN0268706,,7600.00,3230688.35
10/08/2023,10/08/2023,ATM/WDL/75920546/CANARA ATM MYSURU,TXN0268707,79.00,,3230609.35
10/08/2023,10/08/2023,UPI/DR/901600048850/AYESHA KHAN/UTIB0760586/ayesha621@okaxis,TXN0268708,1680.00,,3228929.35
10/08/2023,11/08/2023,UPI/CR/703966052023/USHA RANI/UTIB0760586/usha567@paytm,TXN0268709,,32000.00,3260929.35
10/08/2023,10/08/2023,NEFT/51341179/LATHA MURTHY/UTIB0760586/04457984746759,TXN0268710,,18500.00,3279429.35
10/08/2023,10/08/2023,UPI/DR/644884964023/REKHA PILLAI/UTIB0760586/rekha713@oksbi,TXN0268711,449.00,,3278980.35
11/08/2023,11/08/2023,UPI/DR/74398415/CHANDAN SHARMA/UTIB0760586/chandan669@okaxis,TXN0268712,120.00,,3278860.35
11/08/2023,11/08/2023,UPI/CR/7804396102/KAVITHA RAO/UTIB0760586/kavitha852@okaxis,TXN0268713,,7600.00,3286460.35
11/08/2023,12/08/2023,NEFT/387167688632/PRAKASH RAO/UTIB0760586/98542397556127,TXN0268714,5200.00,,3281260.35
12/08/2023,12/08/2023,CHQ NO 654442 CLEARING,TXN0268715,999.00,,3280261.35
14/08/2023,14/08/2023,CHQ NO 571457 CLEARING,TXN0268716,120.00,,3280141.35
14/08/2023,14/08/2023,UPI/CR/08181764/BABU LAL/UTIB0760586/babu815@ybl,TXN0268717,,1200.00,3281341.35
14/08/2023,14/08/2023,UPI/DR/437004309234/GOPAL VERMA/UTIB0760586/gopal694@okhdfc,TXN0268718,3499.00,,3277842.35
15/08/2023,15/08/2023,ATM/WDL/71717557/CANARA ATM MYSURU,TXN0268719,249.00,,3277593.35
15/08/2023,15/08/2023,CASH DEPOSIT/BRANCH COUNTER/MYSURU MAIN,TXN0268720,,4800.00,3282393.35
17/08/2023,17/08/2023,CHQ NO 696008 CLEARING,TXN0268721,79.00,,3282314.35
17/08/2023,18/08/2023,IMPS/P2P/74462183/RAMESH GOWDA/8254142849,TXN0268722,,18500.00,3300814.35
17/08/2023,17/08/2023,UPI/DR/300043854310/SURESH NAIR/UTIB0760586/suresh529@okaxis,TXN0268723,449.00,,3300365.35
17/08/2023,17/08/2023,NEFT/35102719/GANESH KUMAR/UTIB0760586/27588766275405,TXN0268724,310.00,,3300055.35
17/08/2023,17/08/2023,UPI/DR/089113597171/MOHAMMED IRFAN/UTIB0760586/mohammed492@oksbi,TXN0268725,2380.00,,3297675.35
18/08/2023,18/08/2023,UPI/DR/737395867427/MOHAMMED IRFAN/UTIB0760586/mohammed810@paytm,TXN0268726,999.00,,3296676.35
19/08/2023,20/08/2023,UPI/DR/6056832398/NIKHIL GUPTA/UTIB0760586/nikhil555@paytm,TXN0268727,999.00,,3295677.35
19/08/2023,19/08/2023,CASH DEPOSIT/BRANCH COUNTER/MYSURU MAIN,TXN0268728,,2500.00,3298177.35
19/08/2023,19/08/2023,UPI/DR/95309410/DEEPA NAIR/UTIB0760586/deepa80@paytm,TXN0268729,49.00,,3298128.35
20/08/2023,20/08/2023,UPI/DR/5700079542/USHA RANI/UTIB0760586/usha417@ybl,TXN0268730,310.00,,3297818.35
20/08/2023,20/08/2023,UPI/DR/6772580799/SHEELA DEVI/UTIB0760586/sheela633@oksbi,TXN0268731,699.00,,3297119.35
20/08/2023,20/08/2023,UPI/DR/16060895/SUSHMA RAO/UTIB0760586/sushma478@okaxis,TXN0268732,5200.00,,3291919.35
20/08/2023,20/08/2023,UPI/DR/237066502218/DIVYA MENON/UTIB0760586/divya997@okaxis,TXN0268733,1250.00,,3290669.35
21/08/2023,22/08/2023,UPI/CR/08403372/RAJENDRA PRASAD/UTIB0760586/rajendra655@okhdfc,TXN0268734,,32000.00,3322669.35
21/08/2023,21/08/2023,ATM/WDL/36546866/SBI ATM JAYANAGAR BLR,TXN0268735,310.00,,3322359.35
21/08/2023,21/08/2023,UPI/DR/731672368422/VIKRAM NAIR/UTIB0760586/vikram913@oksbi,TXN0268736,49.00,,3322310.35
21/08/2023,21/08/2023,NEFT/921403187500/RANJIT SINGH/UTIB0760586/58663107162871,TXN0268737,2380.00,,3319930.35
22/08/2023,22/08/2023,ATM/WDL/094575734683/HDFC ATM KORAMANGALA,TXN0268738,699.00,,3319231.35
22/08/2023,22/08/2023,UPI/CR/51166496/REKHA PILLAI/UTIB0760586/rekha733@oksbi,TXN0268739,,24000.00,3343231.35
22/08/2023,22/08/2023,IMPS/P2P/40482720/RAVI KUMAR SHARMA/8931102230,TXN0268740,,1200.00,3344431.35
23/08/2023,24/08/2023,UPI/DR/070214573653/DEEPAK JOSHI/UTIB0760586/deepak936@okaxis,TXN0268741,2380.00,,3342051.35
24/08/2023,24/08/2023,NEFT/18646667/CHANDAN SHARMA/UTIB0760586/57622446946623,TXN0268742,,32000.00,3374051.35
24/08/2023,24/08/2023,UPI/DR/8615397785/ADITYA KUMAR/UTIB0760586/aditya47@ybl,TXN0268743,449.00,,3373602.35
24/08/2023,24/08/2023,NEFT/940205402080/BABU LAL/UTIB0760586/50388911120284,TXN0268744,79.00,,3373523.35
25/08/2023,25/08/2023,UPI/DR/26626933/TARA SINGH/UTIB0760586/tara906@okaxis,TXN0268745,7800.00,,3365723.35
25/08/2023,25/08/2023,NEFT/105233784362/RAVI KUMAR SHARMA/UTIB0760586/51250101876215,TXN0268746,,7600.00,3373323.35
25/08/2023,25/08/2023,CASH DEPOSIT/BRANCH COUNTER/MYSURU MAIN,TXN0268747,,1200.00,3374523.35
25/08/2023,25/08/2023,UPI/DR/745564016976/RAVI KUMAR SHARMA/UTIB0760586/ravi808@oksbi,TXN0268748,999.00,,3373524.35
26/08/2023,26/08/2023,NEFT/33675512/DIVYA MENON/UTIB0760586/38478924958352,TXN0268749,49.00,,3373475.35
27/08/2023,28/08/2023,CASH DEPOSIT/BRANCH COUNTER/MYSURU MAIN,TXN0268750,,500.00,3373975.35
27/08/2023,27/08/2023,UPI/DR/67245325/ARCHANA PILLAI/UTIB0760586/archana808@okaxis,TXN0268751,310.00,,3373665.35
27/08/2023,28/08/2023,NEFT/828381584209/CHANDAN SHARMA/UTIB0760586/75358136491190,TXN0268752,49.00,,3373616.35
27/08/2023,27/08/2023,UPI/DR/79740738/SHAHID KHAN/UTIB0760586/shahid515@oksbi,TXN0268753,1680.00,,3371936.35
27/08/2023,27/08/2023,UPI/DR/7526093340/GOPAL VERMA/UTIB0760586/gopal674@okaxis,TXN0268754,7800.00,,3364136.35
28/08/2023,28/08/2023,NEFT/679360920152/RAVI KUMAR SHARMA/UTIB0760586/98623169701206,TXN0268755,850.00,,3363286.35
28/08/2023,28/08/2023,CASH DEPOSIT/BRANCH COUNTER/MYSURU MAIN,TXN0268756,,11200.00,3374486.35
28/08/2023,28/08/2023,UPI/DR/369258715779/LAKSHMI VENKAT/UTIB0760586/lakshmi979@okaxis,TXN0268757,449.00,,3374037.35
28/08/2023,28/08/2023,UPI/DR/955261561913/FARHAN KHAN/UTIB0760586/farhan646@okaxis,TXN0268758,850.00,,3373187.35
28/08/2023,28/08/2023,NEFT/69026646/POOJA SHARMA/UTIB0760586/09088601790249,TXN0268759,,1200.00,3374387.35
28/08/2023,28/08/2023,UPI/DR/5820575868/BABU LAL/UTIB0760586/babu775@ybl,TXN0268760,249.00,,3374138.35
29/08/2023,29/08/2023,CHQ NO 076993 CLEARING,TXN0268761,1680.00,,3372458.35
29/08/2023,30/08/2023,UPI/DR/927742855126/ROHIT SHARMA/UTIB0760586/rohit552@okaxis,TXN0268762,5200.00,,3367258.35
29/08/2023,30/08/2023,CASH DEPOSIT/BRANCH COUNTER/MYSURU MAIN,TXN0268763,,32000.00,3399258.35
30/08/2023,30/08/2023,NEFT/504961081576/VINAY PATIL/UTIB0760586/51982500903668,TXN0268764,49.00,,3399209.35
31/08/2023,01/09/2023,UPI/DR/9720132579/MOHAN DAS/UTIB0760586/mohan796@okaxis,TXN0268765,310.00,,3398899.35
31/08/2023,01/09/2023,NEFT/6827514278/NIKHIL GUPTA/UTIB0760586/84073174767210,TXN0268766,,32000.00,3430899.35
31/08/2023,01/09/2023,IMPS/P2P/3926661564/TANVI RAO/8014215262,TXN0268767,,500.00,3431399.35
01/09/2023,02/09/2023,CASH DEPOSIT/BRANCH COUNTER/MYSURU MAIN,TXN0268768,,11200.00,3442599.35
01/09/2023,01/09/2023,CHQ NO 447165 CLEARING,TXN0268769,3499.00,,3439100.35
02/09/2023,02/09/2023,UPI/DR/173648411832/GEETA DEVI/UTIB0760586/geeta154@okhdfc,TXN0268770,49.00,,3439051.35
02/09/2023,02/09/2023,NEFT/45385453/HARISH MENON/UTIB0760586/77860777856674,TXN0268771,,24000.00,3463051.35
02/09/2023,02/09/2023,NEFT/99557047/TANVI RAO/UTIB0760586/23485114924100,TXN0268772,2380.00,,3460671.35
02/09/2023,02/09/2023,UPI/DR/4862611804/KAVERI MENON/UTIB0760586/kaveri801@oksbi,TXN0268773,249.00,,3460422.35
02/09/2023,02/09/2023,UPI/CR/4325099400/NAVEEN KUMAR/UTIB0760586/naveen624@ybl,TXN0268774,,18500.00,3478922.35
03/09/2023,04/09/2023,UPI/DR/33838925/HARISH MENON/UTIB0760586/harish449@paytm,TXN0268775,7800.00,,3471122.35
03/09/2023,03/09/2023,UPI/DR/9529221551/NIKHIL GUPTA/UTIB0760586/nikhil620@okhdfc,TXN0268776,850.00,,3470272.35
04/09/2023,05/09/2023,ATM/WDL/010599503779/SBI ATM JAYANAGAR BLR,TXN0268777,3499.00,,3466773.35
04/09/2023,04/09/2023,UPI/DR/126310648944/RESHMA KHAN/UTIB0760586/reshma974@okhdfc,TXN0268778,449.00,,3466324.35
05/09/2023,05/09/2023,ATM/WDL/0667667332/HDFC ATM KORAMANGALA,TXN0268779,1250.00,,3465074.35
05/09/2023,05/09/2023,UPI/DR/810102582064/PRIYA NAIR/UTIB0760586/priya732@okhdfc,TXN0268780,1680.00,,3463394.35
05/09/2023,05/09/2023,NEFT/337461821509/ROHIT SHARMA/UTIB0760586/87916464979609,TXN0268781,2380.00,,3461014.35
05/09/2023,05/09/2023,ATM/WDL/76943754/SBI ATM JAYANAGAR BLR,TXN0268782,79.00,,3460935.35
05/09/2023,05/09/2023,ATM/WDL/369792592793/SBI ATM JAYANAGAR BLR,TXN0268783,249.00,,3460686.35
06/09/2023,06/09/2023,CASH DEPOSIT/BRANCH COUNTER/MYSURU MAIN,TXN0268784,,500.00,3461186.35
06/09/2023,06/09/2023,CASH DEPOSIT/BRANCH COUNTER/MYSURU MAIN,TXN0268785,,18500.00,3479686.35
07/09/2023,08/09/2023,UPI/DR/8202070718/MEENA IYER/UTIB0760586/meena461@oksbi,TXN0268786,1680.00,,3478006.35
07/09/2023,07/09/2023,ATM/WDL/778020045893/CANARA ATM MYSURU,TXN0268787,79.00,,3477927.35
07/09/2023,07/09/2023,NEFT/293297347974/RESHMA KHAN/UTIB0760586/72312605345071,TXN0268788,310.00,,3477617.35
08/09/2023,08/09/2023,ATM/WDL/6556467965/CANARA ATM MYSURU,TXN0268789,49.00,,3477568.35
08/09/2023,08/09/2023,IMPS/P2P/747243897792/SHAHID KHAN/9126295567,TXN0268790,,2500.00,3480068.35
09/09/2023,09/09/2023,UPI/DR/11976974/SNEHA PATIL/UTIB0760586/sneha852@okaxis,TXN0268791,249.00,,3479819.35
09/09/2023,09/09/2023,CASH DEPOSIT/BRANCH COUNTER/MYSURU MAIN,TXN0268792,,500.00,3480319.35
09/09/2023,09/09/2023,UPI/DR/375047196662/PRAKASH RAO/UTIB0760586/prakash76@okhdfc,TXN0268793,7800.00,,3472519.35
09/09/2023,09/09/2023,CASH DEPOSIT/BRANCH COUNTER/MYSURU MAIN,TXN0268794,,18500.00,3491019.35
10/09/2023,10/09/2023,UPI/CR/6086049953/LAKSHMI VENKAT/UTIB0760586/lakshmi641@okaxis,TXN0268795,,4800.00,3495819.35
11/09/2023,11/09/2023,UPI/DR/3077424281/SMITHA PILLAI/UTIB0760586/smitha621@paytm,TXN0268796,1250.00,,3494569.35
11/09/2023,11/09/2023,UPI/DR/133799271836/FATIMA SHEIKH/UTIB0760586/fatima368@okhdfc,TXN0268797,2380.00,,3492189.35
12/09/2023,12/09/2023,CHQ NO 850367 CLEARING,TXN0268798,79.00,,3492110.35
13/09/2023,13/09/2023,NEFT/69296346/PRAKASH RAO/UTIB0760586/68120677551420,TXN0268799,999.00,,3491111.35
13/09/2023,13/09/2023,UPI/CR/93716318/ARJUN MEHTA/UTIB0760586/arjun731@okaxis,TXN0268800,,7600.00,3498711.35
13/09/2023,14/09/2023,NEFT/38512306/MEENA IYER/UTIB0760586/64800452992578,TXN0268801,,500.00,3499211.35
14/09/2023,15/09/2023,UPI/DR/26003263/RAMESH PILLAI/UTIB0760586/ramesh578@okhdfc,TXN0268802,999.00,,3498212.35
14/09/2023,14/09/2023,UPI/CR/40758663/RESHMA KHAN/UTIB0760586/reshma364@okhdfc,TXN0268803,,11200.00,3509412.35
14/09/2023,14/09/2023,UPI/DR/200042855038/DEEPAK JOSHI/UTIB0760586/deepak242@ybl,TXN0268804,310.00,,3509102.35
14/09/2023,14/09/2023,NEFT/02401154/RAVI KUMAR SHARMA/UTIB0760586/58957056428626,TXN0268805,,500.00,3509602.35
14/09/2023,15/09/2023,CASH DEPOSIT/BRANCH COUNTER/MYSURU MAIN,TXN0268806,,4800.00,3514402.35
14/09/2023,14/09/2023,UPI/DR/80428437/ROHIT SHARMA/UTIB0760586/rohit189@oksbi,TXN0268807,1250.00,,3513152.35
14/09/2023,14/09/2023,UPI/CR/445386592580/KAVERI MENON/UTIB0760586/kaveri630@ybl,TXN0268808,,500.00,3513652.35
15/09/2023,15/09/2023,UPI/CR/081643892106/LAKSHMI VENKAT/UTIB0760586/lakshmi559@paytm,TXN0268809,,500.00,3514152.35
15/09/2023,16/09/2023,UPI/DR/42474683/SNEHA PATIL/UTIB0760586/sneha329@okaxis,TXN0268810,999.00,,3513153.35
15/09/2023,15/09/2023,CHQ NO 292954 CLEARING,TXN0268811,699.00,,3512454.35
17/09/2023,17/09/2023,UPI/CR/33889511/MEERA PILLAI/UTIB0760586/meera439@paytm,TXN0268812,,24000.00,3536454.35
17/09/2023,17/09/2023,IMPS/P2P/94194586/SURESH BABU/8420521357,TXN0268813,,2500.00,3538954.35
17/09/2023,17/09/2023,UPI/DR/7446105556/ARCHANA PILLAI/UTIB0760586/archana312@oksbi,TXN0268814,449.00,,3538505.35
18/09/2023,18/09/2023,NEFT/60443453/RANJIT SINGH/UTIB0760586/00874645207375,TXN0268815,,1200.00,3539705.35
18/09/2023,19/09/2023,NEFT/521197450715/RAJENDRA PRASAD/UTIB0760586/09567192652526,TXN0268816,249.00,,3539456.35
18/09/2023,18/09/2023,IMPS/P2P/783478080481/NAVEEN KUMAR/9513136188,TXN0268817,,2500.00,3541956.35
18/09/2023,18/09/2023,ATM/WDL/0451443576/SBI ATM JAYANAGAR BLR,TXN0268818,310.00,,3541646.35
19/09/2023,19/09/2023,ATM/WDL/4454073752/SBI ATM JAYANAGAR BLR,TXN0268819,1250.00,,3540396.35
19/09/2023,19/09/2023,UPI/CR/4272560131/DEEPA NAIR/UTIB0760586/deepa970@okhdfc,TXN0268820,,7600.00,3547996.35
19/09/2023,20/09/2023,CHQ NO 568346 CLEARING,TXN0268821,449.00,,3547547.35
19/09/2023,19/09/2023,NEFT/5531453394/GEETA DEVI/UTIB0760586/92791745438921,TXN0268822,3499.00,,3544048.35
19/09/2023,19/09/2023,UPI/DR/14070627/PRIYA NAIR/UTIB0760586/priya529@oksbi,TXN0268823,49.00,,3543999.35
20/09/2023,20/09/2023,UPI/DR/6391784331/ARCHANA PILLAI/UTIB0760586/archana713@paytm,TXN0268824,999.00,,3543000.35
20/09/2023,20/09/2023,UPI/CR/3035477752/RAJESH VERMA/UTIB0760586/rajesh928@oksbi,TXN0268825,,850.00,3543850.35
20/09/2023,21/09/2023,NEFT/5033714318/ADITYA KUMAR/UTIB0760586/44868107651867,TXN0268826,1680.00,,3542170.35
20/09/2023,20/09/2023,NEFT/010366723970/TANVI RAO/UTIB0760586/82037343752113,TXN0268827,1680.00,,3540490.35
20/09/2023,21/09/2023,NEFT/995331183638/REKHA PILLAI/UTIB0760586/73035181445144,TXN0268828,310.00,,3540180.35
20/09/2023,20/09/2023,UPI/DR/648313154939/VENKAT RAO/UTIB0760586/venkat613@okaxis,TXN0268829,7800.00,,3532380.35
20/09/2023,20/09/2023,UPI/DR/8025599326/RAMESH PILLAI/UTIB0760586/ramesh870@paytm,TXN0268830,699.00,,3531681.35
21/09/2023,21/09/2023,CASH DEPOSIT/BRANCH COUNTER/MYSURU MAIN,TXN0268831,,1200.00,3532881.35
21/09/2023,21/09/2023,UPI/DR/082337633475/SUNITA DEVI/UTIB0760586/sunita185@ybl,TXN0268832,120.00,,3532761.35
21/09/2023,21/09/2023,NEFT/94301657/LALITHA DEVI/UTIB0760586/05616592598191,TXN0268833,310.00,,3532451.35
22/09/2023,23/09/2023,UPI/DR/3171463243/GEETA DEVI/UTIB0760586/geeta782@oksbi,TXN0268834,120.00,,3532331.35
22/09/2023,22/09/2023,UPI/DR/060053714836/ROHIT SHARMA/UTIB0760586/rohit92@oksbi,TXN0268835,999.00,,3531332.35
23/09/2023,24/09/2023,UPI/DR/50835807/SMITHA PILLAI/UTIB0760586/smitha607@okaxis,TXN0268836,1680.00,,3529652.35
23/09/2023,23/09/2023,IMPS/P2P/61306960/SURESH NAIR/8991665751,TXN0268837,,11200.00,3540852.35
23/09/2023,23/09/2023,UPI/CR/111739513624/VENKAT RAO/UTIB0760586/venkat382@oksbi,TXN0268838,,2500.00,3543352.35
24/09/2023,24/09/2023,IMPS/P2P/48858771/ANITHA KRISHNAN/8637189829,TXN0268839,,24000.00,3567352.35
24/09/2023,24/09/2023,UPI/CR/30782646/BABU LAL/UTIB0760586/babu936@ybl,TXN0268840,,7600.00,3574952.35
25/09/2023,26/09/2023,UPI/CR/696419562743/VIKRAM NAIR/UTIB0760586/vikram866@okaxis,TXN0268841,,500.00,3575452.35
25/09/2023,25/09/2023,UPI/DR/3602992077/POOJA SHARMA/UTIB0760586/pooja793@okaxis,TXN0268842,7800.00,,3567652.35
25/09/2023,25/09/2023,IMPS/P2P/6392626760/PRAKASH RAO/9196485882,TXN0268843,,4800.00,3572452.35
26/09/2023,26/09/2023,UPI/DR/2724132818/SAVITHA DEVI/UTIB0760586/savitha977@okaxis,TXN0268844,999.00,,3571453.35
26/09/2023,26/09/2023,IMPS/P2P/3967506769/BABU LAL/9262465941,TXN0268845,,500.00,3571953.35
26/09/2023,26/09/2023,NEFT/9664907024/KARTHIK MENON/UTIB0760586/24245241021677,TXN0268846,,500.00,3572453.35
27/09/2023,27/09/2023,NEFT/4626685597/DEEPAK JOSHI/UTIB0760586/08302036733058,TXN0268847,,7600.00,3580053.35
27/09/2023,27/09/2023,UPI/DR/186017979257/IMRAN KHAN/UTIB0760586/imran66@okhdfc,TXN0268848,999.00,,3579054.35
28/09/2023,29/09/2023,UPI/DR/67068999/SUSHMA RAO/UTIB0760586/sushma311@okhdfc,TXN0268849,2380.00,,3576674.35
28/09/2023,28/09/2023,NEFT/93909042/AYESHA KHAN/UTIB0760586/32929765858066,TXN0268850,1250.00,,3575424.35
28/09/2023,28/09/2023,UPI/CR/3341613765/NAVEEN KUMAR/UTIB0760586/naveen427@okhdfc,TXN0268851,,850.00,3576274.35
29/09/2023,29/09/2023,UPI/DR/688040581182/FATIMA SHEIKH/UTIB0760586/fatima903@okhdfc,TXN0268852,249.00,,3576025.35
30/09/2023,30/09/2023,CASH DEPOSIT/BRANCH COUNTER/MYSURU MAIN,TXN0268853,,850.00,3576875.35
01/10/2023,01/10/2023,ATM/WDL/8317544254/HDFC ATM KORAMANGALA,TXN0268854,449.00,,3576426.35
01/10/2023,02/10/2023,NEFT/4494346538/LAKSHMI VENKAT/UTIB0760586/34192935436031,TXN0268855,,500.00,3576926.35
01/10/2023,01/10/2023,UPI/DR/11272825/DIVYA MENON/UTIB0760586/divya970@okaxis,TXN0268856,49.00,,3576877.35
02/10/2023,02/10/2023,ATM/WDL/7550269959/SBI ATM JAYANAGAR BLR,TXN0268857,699.00,,3576178.35
02/10/2023,02/10/2023,UPI/DR/25932955/PREETHI IYER/UTIB0760586/preethi720@ybl,TXN0268858,249.00,,3575929.35
02/10/2023,02/10/2023,NEFT/520970540255/LATHA MURTHY/UTIB0760586/63072747073095,TXN0268859,,2500.00,3578429.35
03/10/2023,03/10/2023,UPI/CR/003266383373/DEEPA NAIR/UTIB0760586/deepa19@okhdfc,TXN0268860,,24000.00,3602429.35
03/10/2023,03/10/2023,ATM/WDL/20209896/CANARA ATM MYSURU,TXN0268861,2380.00,,3600049.35
03/10/2023,03/10/2023,UPI/DR/370451823181/DIVYA MENON/UTIB0760586/divya328@paytm,TXN0268862,3499.00,,3596550.35
04/10/2023,04/10/2023,UPI/DR/6887871668/SANJANA HEGDE/UTIB0760586/sanjana40@oksbi,TXN0268863,249.00,,3596301.35
05/10/2023,05/10/2023,ATM/WDL/999306507610/CANARA ATM MYSURU,TXN0268864,449.00,,3595852.35
05/10/2023,05/10/2023,NEFT/6910555188/SAVITHA DEVI/UTIB0760586/19312110405886,TXN0268865,49.00,,3595803.35
05/10/2023,05/10/2023,CASH DEPOSIT/BRANCH COUNTER/MYSURU MAIN,TXN0268866,,11200.00,3607003.35
06/10/2023,06/10/2023,CASH DEPOSIT/BRANCH COUNTER/MYSURU MAIN,TXN0268867,,500.00,3607503.35
06/10/2023,06/10/2023,NEFT/325555171896/FARHAN KHAN/UTIB0760586/12840958396526,TXN0268868,79.00,,3607424.35
06/10/2023,06/10/2023,CHQ NO 325618 CLEARING,TXN0268869,120.00,,3607304.35
07/10/2023,07/10/2023,CHQ NO 156843 CLEARING,TXN0268870,49.00,,3607255.35
07/10/2023,07/10/2023,IMPS/P2P/8424130153/RANJIT SINGH/7702326176,TXN0268871,,4800.00,3612055.35
07/10/2023,08/10/2023,IMPS/P2P/3311637542/REKHA PILLAI/9837575659,TXN0268872,,850.00,3612905.35
07/10/2023,08/10/2023,NEFT/2354515055/NIKHIL GUPTA/UTIB0760586/00007790533880,TXN0268873,,18500.00,3631405.35
08/10/2023,08/10/2023,UPI/CR/585172769222/ADITYA KUMAR/UTIB0760586/aditya94@paytm,TXN0268874,,500.00,3631905.35
08/10/2023,09/10/2023,NEFT/3169205107/GANESH KUMAR/UTIB0760586/53632002115695,TXN0268875,3499.00,,3628406.35
09/10/2023,10/10/2023,IMPS/P2P/282060521504/TARA SINGH/7086230898,TXN0268876,,7600.00,3636006.35
09/10/2023,10/10/2023,UPI/DR/88048322/SANJANA HEGDE/UTIB0760586/sanjana203@okaxis,TXN0268877,5200.00,,3630806.35
09/10/2023,10/10/2023,ATM/WDL/323317727819/SBI ATM JAYANAGAR BLR,TXN0268878,120.00,,3630686.35
10/10/2023,10/10/2023,UPI/DR/1748408425/RESHMA KHAN/UTIB0760586/reshma895@paytm,TXN0268879,1680.00,,3629006.35
10/10/2023,10/10/2023,ATM/WDL/8032170528/HDFC ATM KORAMANGALA,TXN0268880,7800.00,,3621206.35
10/10/2023,10/10/2023,UPI/CR/9064514624/SMITHA PILLAI/UTIB0760586/smitha800@oksbi,TXN0268881,,500.00,3621706.35
11/10/2023,11/10/2023,NEFT/23039991/SMITHA PILLAI/UTIB0760586/45373773335770,TXN0268882,,4800.00,3626506.35
11/10/2023,11/10/2023,UPI/DR/4707773226/IMRAN KHAN/UTIB0760586/imran860@ybl,TXN0268883,2380.00,,3624126.35
11/10/2023,12/10/2023,ATM/WDL/84776101/SBI ATM JAYANAGAR BLR,TXN0268884,120.00,,3624006.35
12/10/2023,12/10/2023,UPI/DR/5799790496/PADMA RAO/UTIB0760586/padma377@oksbi,TXN0268885,3499.00,,3620507.35
12/10/2023,13/10/2023,IMPS/P2P/802002071522/IMRAN KHAN/9729501508,TXN0268886,,2500.00,3623007.35
12/10/2023,12/10/2023,UPI/CR/997024234272/MOHAMMED IRFAN/UTIB0760586/mohammed114@okhdfc,TXN0268887,,11200.00,3634207.35
12/10/2023,12/10/2023,NEFT/980685682973/DEEPAK JOSHI/UTIB0760586/07899661773270,TXN0268888,3499.00,,3630708.35
13/10/2023,13/10/2023,UPI/DR/438121730724/IMRAN KHAN/UTIB0760586/imran411@okaxis,TXN0268889,1680.00,,3629028.35
13/10/2023,13/10/2023,NEFT/11862264/MEENA IYER/UTIB0760586/04820403148544,TXN0268890,310.00,,3628718.35
13/10/2023,13/10/2023,CASH DEPOSIT/BRANCH COUNTER/MYSURU MAIN,TXN0268891,,24000.00,3652718.35
14/10/2023,14/10/2023,CASH DEPOSIT/BRANCH COUNTER/MYSURU MAIN,TXN0268892,,2500.00,3655218.35
15/10/2023,16/10/2023,NEFT/5658125386/PREETHI IYER/UTIB0760586/87909288647635,TXN0268893,699.00,,3654519.35
16/10/2023,16/10/2023,ATM/WDL/1071876291/HDFC ATM KORAMANGALA,TXN0268894,1250.00,,3653269.35
16/10/2023,16/10/2023,ATM/WDL/121063145944/CANARA ATM MYSURU,TXN0268895,2380.00,,3650889.35
16/10/2023,16/10/2023,CASH DEPOSIT/BRANCH COUNTER/MYSURU MAIN,TXN0268896,,4800.00,3655689.35
16/10/2023,16/10/2023,UPI/DR/923416304987/DEEPAK JOSHI/UTIB0760586/deepak175@oksbi,TXN0268897,699.00,,3654990.35
17/10/2023,18/10/2023,IMPS/P2P/57442285/SHAHID KHAN/8359341345,TXN0268898,,24000.00,3678990.35
17/10/2023,18/10/2023,UPI/DR/834194033207/SURESH BABU/UTIB0760586/suresh535@okaxis,TXN0268899,49.00,,3678941.35
18/10/2023,18/10/2023,NEFT/94621442/NIKHIL GUPTA/UTIB0760586/45906442921420,TXN0268900,,4800.00,3683741.35
18/10/2023,18/10/2023,CHQ NO 004283 CLEARING,TXN0268901,5200.00,,3678541.35
18/10/2023,19/10/2023,CASH DEPOSIT/BRANCH COUNTER/MYSURU MAIN,TXN0268902,,32000.00,3710541.35
18/10/2023,18/10/2023,UPI/DR/4222067203/RAJENDRA PRASAD/UTIB0760586/rajendra780@ybl,TXN0268903,3499.00,,3707042.35
20/10/2023,20/10/2023,CHQ NO 930834 CLEARING,TXN0268904,79.00,,3706963.35
20/10/2023,20/10/2023,UPI/DR/6615278598/ADITYA KUMAR/UTIB0760586/aditya790@paytm,TXN0268905,2380.00,,3704583.35
20/10/2023,20/10/2023,CASH DEPOSIT/BRANCH COUNTER/MYSURU MAIN,TXN0268906,,32000.00,3736583.35
20/10/2023,20/10/2023,IMPS/P2P/75259185/BINDHU NAIR/8243897238,TXN0268907,,24000.00,3760583.35
20/10/2023,20/10/2023,CHQ NO 017627 CLEARING,TXN0268908,699.00,,3759884.35
21/10/2023,21/10/2023,UPI/DR/4725798007/SUSHMA RAO/UTIB0760586/sushma233@okhdfc,TXN0268909,120.00,,3759764.35
21/10/2023,22/10/2023,ATM/WDL/937032948010/SBI ATM JAYANAGAR BLR,TXN0268910,49.00,,3759715.35
22/10/2023,22/10/2023,CHQ NO 122445 CLEARING,TXN0268911,310.00,,3759405.35
22/10/2023,22/10/2023,CASH DEPOSIT/BRANCH COUNTER/MYSURU MAIN,TXN0268912,,4800.00,3764205.35
23/10/2023,23/10/2023,CHQ NO 715542 CLEARING,TXN0268913,249.00,,3763956.35
23/10/2023,23/10/2023,UPI/CR/800747269713/USHA RANI/UTIB0760586/usha483@okaxis,TXN0268914,,24000.00,3787956.35
24/10/2023,24/10/2023,CASH DEPOSIT/BRANCH COUNTER/MYSURU MAIN,TXN0268915,,4800.00,3792756.35
24/10/2023,24/10/2023,NEFT/697199444052/TANVI RAO/UTIB0760586/28686988687919,TXN0268916,1250.00,,3791506.35
24/10/2023,24/10/2023,NEFT/2735829982/SANJANA HEGDE/UTIB0760586/20053383362609,TXN0268917,5200.00,,3786306.35
25/10/2023,25/10/2023,NEFT/8045018968/NADIA HUSSAIN/UTIB0760586/77576347308360,TXN0268918,2380.00,,3783926.35
26/10/2023,27/10/2023,UPI/CR/4406233253/ARCHANA PILLAI/UTIB0760586/archana405@paytm,TXN0268919,,11200.00,3795126.35
26/10/2023,26/10/2023,UPI/DR/6891732806/SUNIL YADAV/UTIB0760586/sunil601@oksbi,TXN0268920,1680.00,,3793446.35
26/10/2023,27/10/2023,CASH DEPOSIT/BRANCH COUNTER/MYSURU MAIN,TXN0268921,,18500.00,3811946.35
26/10/2023,26/10/2023,ATM/WDL/93300150/CANARA ATM MYSURU,TXN0268922,7800.00,,3804146.35
26/10/2023,26/10/2023,NEFT/32705516/GANESH KUMAR/UTIB0760586/33061440161037,TXN0268923,,2500.00,3806646.35
27/10/2023,28/10/2023,ATM/WDL/096079724410/CANARA ATM MYSURU,TXN0268924,3499.00,,3803147.35
27/10/2023,27/10/2023,NEFT/9814522360/POOJA SHARMA/UTIB0760586/93637706730572,TXN0268925,,4800.00,3807947.35
27/10/2023,27/10/2023,UPI/CR/120461502011/DEEPAK JOSHI/UTIB0760586/deepak340@ybl,TXN0268926,,11200.00,3819147.35
27/10/2023,27/10/2023,NEFT/812596840946/KARTHIK MENON/UTIB0760586/06165487771173,TXN0268927,,2500.00,3821647.35
28/10/2023,28/10/2023,NEFT/3460577962/USHA RANI/UTIB0760586/16286387752055,TXN0268928,,24000.00,3845647.35
28/10/2023,29/10/2023,IMPS/P2P/73501738/RAJESH VERMA/8640321294,TXN0268929,,2500.00,3848147.35
28/10/2023,28/10/2023,CHQ NO 994808 CLEARING,TXN0268930,1250.00,,3846897.35
28/10/2023,28/10/2023,UPI/DR/3382356705/NADIA HUSSAIN/UTIB0760586/nadia316@okaxis,TXN0268931,999.00,,3845898.35
29/10/2023,29/10/2023,IMPS/P2P/8043551949/NAVEEN KUMAR/7621755880,TXN0268932,,32000.00,3877898.35
29/10/2023,29/10/2023,ATM/WDL/28641886/CANARA ATM MYSURU,TXN0268933,7800.00,,3870098.35
29/10/2023,29/10/2023,IMPS/P2P/3225625970/LAKSHMI VENKAT/9403719883,TXN0268934,,850.00,3870948.35
29/10/2023,29/10/2023,ATM/WDL/4162650577/SBI ATM JAYANAGAR BLR,TXN0268935,49.00,,3870899.35
29/10/2023,30/10/2023,UPI/DR/725263970958/KIRAN REDDY/UTIB0760586/kiran692@okaxis,TXN0268936,699.00,,3870200.35
30/10/2023,30/10/2023,CHQ NO 605884 CLEARING,TXN0268937,999.00,,3869201.35
30/10/2023,30/10/2023,UPI/DR/647704960351/PREETHI IYER/UTIB0760586/preethi956@okhdfc,TXN0268938,79.00,,3869122.35
30/10/2023,30/10/2023,UPI/DR/4185492440/PADMA RAO/UTIB0760586/padma681@okaxis,TXN0268939,79.00,,3869043.35
31/10/2023,31/10/2023,UPI/DR/61420873/KAVITHA RAO/UTIB0760586/kavitha628@ybl,TXN0268940,5200.00,,3863843.35
31/10/2023,01/11/2023,UPI/CR/9405432993/MOHAN DAS/UTIB0760586/mohan648@okhdfc,TXN0268941,,11200.00,3875043.35
31/10/2023,31/10/2023,ATM/WDL/890768889716/CANARA ATM MYSURU,TXN0268942,999.00,,3874044.35
01/11/2023,01/11/2023,CHQ NO 529947 CLEARING,TXN0268943,5200.00,,3868844.35
01/11/2023,01/11/2023,UPI/CR/5467655820/LATHA MURTHY/UTIB0760586/latha855@paytm,TXN0268944,,850.00,3869694.35
02/11/2023,03/11/2023,NEFT/472493315037/KAVERI MENON/UTIB0760586/63566276130950,TXN0268945,1680.00,,3868014.35
02/11/2023,03/11/2023,CASH DEPOSIT/BRANCH COUNTER/MYSURU MAIN,TXN0268946,,32000.00,3900014.35
02/11/2023,03/11/2023,NEFT/53111236/MOHAN DAS/UTIB0760586/54283932249478,TXN0268947,1680.00,,3898334.35
02/11/2023,03/11/2023,CASH DEPOSIT/BRANCH COUNTER/MYSURU MAIN,TXN0268948,,7600.00,3905934.35
02/11/2023,02/11/2023,CASH DEPOSIT/BRANCH COUNTER/MYSURU MAIN,TXN0268949,,7600.00,3913534.35
02/11/2023,02/11/2023,UPI/CR/843267373922/TARA SINGH/UTIB0760586/tara15@oksbi,TXN0268950,,7600.00,3921134.35
03/11/2023,03/11/2023,ATM/WDL/55462717/CANARA ATM MYSURU,TXN0268951,5200.00,,3915934.35
03/11/2023,03/11/2023,UPI/CR/739604651194/VENKAT RAO/UTIB0760586/venkat692@okaxis,TXN0268952,,500.00,3916434.35
03/11/2023,04/11/2023,CASH DEPOSIT/BRANCH COUNTER/MYSURU MAIN,TXN0268953,,1200.00,3917634.35
03/11/2023,03/11/2023,UPI/DR/705810402189/PRIYA NAIR/UTIB0760586/priya691@oksbi,TXN0268954,310.00,,3917324.35
03/11/2023,03/11/2023,UPI/DR/131879693782/PADMA RAO/UTIB0760586/padma450@okaxis,TXN0268955,49.00,,3917275.35
03/11/2023,03/11/2023,UPI/DR/0165689556/KIRAN REDDY/UTIB0760586/kiran558@oksbi,TXN0268956,7800.00,,3909475.35
04/11/2023,04/11/2023,NEFT/846986452596/PRAKASH RAO/UTIB0760586/67363041074087,TXN0268957,7800.00,,3901675.35
04/11/2023,04/11/2023,ATM/WDL/931451411187/HDFC ATM KORAMANGALA,TXN0268958,249.00,,3901426.35
04/11/2023,04/11/2023,CHQ NO 050297 CLEARING,TXN0268959,1680.00,,3899746.35
04/11/2023,04/11/2023,CHQ NO 500665 CLEARING,TXN0268960,1250.00,,3898496.35
04/11/2023,04/11/2023,UPI/CR/23139230/ARJUN MEHTA/UTIB0760586/arjun816@okaxis,TXN0268961,,1200.00,3899696.35
04/11/2023,04/11/2023,ATM/WDL/572155805597/CANARA ATM MYSURU,TXN0268962,5200.00,,3894496.35
05/11/2023,06/11/2023,ATM/WDL/871321743198/CANARA ATM MYSURU,TXN0268963,120.00,,3894376.35
06/11/2023,07/11/2023,UPI/CR/6593600621/SURESH NAIR/UTIB0760586/suresh130@ybl,TXN0268964,,4800.00,3899176.35
06/11/2023,06/11/2023,NEFT/890615049582/SHAHID KHAN/UTIB0760586/47916234926590,TXN0268965,7800.00,,3891376.35
06/11/2023,06/11/2023,NEFT/45892809/PRAKASH RAO/UTIB0760586/16406739631705,TXN0268966,699.00,,3890677.35
06/11/2023,06/11/2023,IMPS/P2P/26236619/RAMESH GOWDA/8763324349,TXN0268967,,1200.00,3891877.35
07/11/2023,07/11/2023,IMPS/P2P/695555471802/ADITYA KUMAR/8563694984,TXN0268968,,32000.00,3923877.35
07/11/2023,07/11/2023,NEFT/775058569881/GOPAL VERMA/UTIB0760586/33987894174878,TXN0268969,,7600.00,3931477.35
07/11/2023,07/11/2023,NEFT/730047568337/FARHAN KHAN/UTIB0760586/63677971653543,TXN0268970,49.00,,3931428.35
07/11/2023,08/11/2023,NEFT/23330078/KARTHIK MENON/UTIB0760586/98114523691592,TXN0268971,,2500.00,3933928.35
07/11/2023,07/11/2023,UPI/DR/642782634936/SUNIL YADAV/UTIB0760586/sunil687@okaxis,TXN0268972,850.00,,3933078.35
08/11/2023,08/11/2023,UPI/DR/87144688/NADIA HUSSAIN/UTIB0760586/nadia458@ybl,TXN0268973,79.00,,3932999.35
08/11/2023,09/11/2023,IMPS/P2P/675656412612/DEEPAK JOSHI/9965780243,TXN0268974,,24000.00,3956999.35
10/11/2023,10/11/2023,CASH DEPOSIT/BRANCH COUNTER/MYSURU MAIN,TXN0268975,,500.00,3957499.35
11/11/2023,11/11/2023,UPI/DR/55387817/MALLIKA DAS/UTIB0760586/mallika406@ybl,TXN0268976,1250.00,,3956249.35
11/11/2023,11/11/2023,CHQ NO 936366 CLEARING,TXN0268977,1680.00,,3954569.35
11/11/2023,11/11/2023,UPI/DR/17738559/VIKRAM NAIR/UTIB0760586/vikram116@okaxis,TXN0268978,120.00,,3954449.35
12/11/2023,12/11/2023,CHQ NO 990654 CLEARING,TXN0268979,310.00,,3954139.35
12/11/2023,12/11/2023,CASH DEPOSIT/BRANCH COUNTER/MYSURU MAIN,TXN0268980,,850.00,3954989.35
12/11/2023,12/11/2023,ATM/WDL/9774428694/CANARA ATM MYSURU,TXN0268981,5200.00,,3949789.35
12/11/2023,13/11/2023,CHQ NO 564226 CLEARING,TXN0268982,49.00,,3949740.35
12/11/2023,13/11/2023,UPI/CR/0132046946/ANITHA KRISHNAN/UTIB0760586/anitha714@oksbi,TXN0268983,,7600.00,3957340.35
12/11/2023,12/11/2023,UPI/DR/516739661347/SHAHID KHAN/UTIB0760586/shahid599@okhdfc,TXN0268984,310.00,,3957030.35
12/11/2023,12/11/2023,UPI/DR/8210379320/KAVYA REDDY/UTIB0760586/kavya737@ybl,TXN0268985,49.00,,3956981.35
13/11/2023,14/11/2023,NEFT/204710292640/TARA SINGH/UTIB0760586/38452253003223,TXN0268986,,24000.00,3980981.35
13/11/2023,13/11/2023,ATM/WDL/33137587/HDFC ATM KORAMANGALA,TXN0268987,49.00,,3980932.35
14/11/2023,14/11/2023,NEFT/836740351142/RAMESH GOWDA/UTIB0760586/44159232899477,TXN0268988,,500.00,3981432.35
14/11/2023,14/11/2023,UPI/DR/038247117721/FAILED/TimeOut/Ramesh Gowda,TXN0268989,500.00,,3981432.35
15/11/2023,15/11/2023,IMPS/P2P/101792187312/RAVI KUMAR SHARMA/9365550146,TXN0268990,,4800.00,3986232.35
15/11/2023,16/11/2023,NEFT/639497257665/RESHMA KHAN/UTIB0760586/83264283738610,TXN0268991,120.00,,3986112.35
15/11/2023,15/11/2023,NEFT/163144633249/MEERA PILLAI/UTIB0760586/28286240167990,TXN0268992,,11200.00,3997312.35
15/11/2023,15/11/2023,UPI/DR/63992014/FATIMA SHEIKH/UTIB0760586/fatima582@oksbi,TXN0268993,449.00,,3996863.35
16/11/2023,16/11/2023,NEFT/4740010268/PRAKASH RAO/UTIB0760586/30876323104305,TXN0268994,249.00,,3996614.35
16/11/2023,16/11/2023,UPI/CR/22071525/KARTHIK MENON/UTIB0760586/karthik826@paytm,TXN0268995,,2500.00,3999114.35
17/11/2023,17/11/2023,UPI/DR/6155172977/RAJENDRA PRASAD/UTIB0760586/rajendra615@okhdfc,TXN0268996,7800.00,,3991314.35
17/11/2023,17/11/2023,NEFT/79452098/SUNIL YADAV/UTIB0760586/53650246598145,TXN0268997,,2500.00,3993814.35
17/11/2023,17/11/2023,UPI/DR/435219608282/SHEELA DEVI/UTIB0760586/sheela452@okaxis,TXN0268998,1250.00,,3992564.35
17/11/2023,17/11/2023,CASH DEPOSIT/BRANCH COUNTER/MYSURU MAIN,TXN0268999,,7600.00,4000164.35
17/11/2023,17/11/2023,IMPS/P2P/871304877926/MOHAN DAS/7678671691,TXN0269000,,850.00,4001014.35
17/11/2023,18/11/2023,IMPS/P2P/108174170915/PRAKASH RAO/7745455588,TXN0269001,,11200.00,4012214.35
18/11/2023,19/11/2023,UPI/DR/77359245/RAJENDRA PRASAD/UTIB0760586/rajendra625@ybl,TXN0269002,1680.00,,4010534.35
18/11/2023,18/11/2023,UPI/DR/96709604/ANITHA KRISHNAN/UTIB0760586/anitha961@paytm,TXN0269003,1680.00,,4008854.35
18/11/2023,19/11/2023,ATM/WDL/73755615/CANARA ATM MYSURU,TXN0269004,120.00,,4008734.35
19/11/2023,19/11/2023,UPI/DR/202366283470/MEENA IYER/UTIB0760586/meena578@ybl,TXN0269005,699.00,,4008035.35
19/11/2023,19/11/2023,CASH DEPOSIT/BRANCH COUNTER/MYSURU MAIN,TXN0269006,,11200.00,4019235.35
19/11/2023,19/11/2023,UPI/CR/212654650673/ROHIT SHARMA/UTIB0760586/rohit813@ybl,TXN0269007,,1200.00,4020435.35
19/11/2023,19/11/2023,CHQ NO 220807 CLEARING,TXN0269008,120.00,,4020315.35
20/11/2023,20/11/2023,UPI/DR/6252066679/IMRAN KHAN/UTIB0760586/imran670@oksbi,TXN0269009,5200.00,,4015115.35
20/11/2023,20/11/2023,CHQ NO 936046 CLEARING,TXN0269010,79.00,,4015036.35
20/11/2023,20/11/2023,UPI/DR/56947380/DIVYA MENON/UTIB0760586/divya919@paytm,TXN0269011,999.00,,4014037.35
20/11/2023,20/11/2023,CASH DEPOSIT/BRANCH COUNTER/MYSURU MAIN,TXN0269012,,1200.00,4015237.35
20/11/2023,20/11/2023,UPI/DR/7319821162/SUNIL YADAV/UTIB0760586/sunil968@ybl,TXN0269013,1680.00,,4013557.35
20/11/2023,20/11/2023,CASH DEPOSIT/BRANCH COUNTER/MYSURU MAIN,TXN0269014,,7600.00,4021157.35
20/11/2023,21/11/2023,UPI/DR/5580562018/ANITHA KRISHNAN/UTIB0760586/anitha452@okaxis,TXN0269015,310.00,,4020847.35
20/11/2023,20/11/2023,NEFT/95971745/PRAKASH RAO/UTIB0760586/26635994925796,TXN0269016,,18500.00,4039347.35
21/11/2023,22/11/2023,CHQ NO 654117 CLEARING,TXN0269017,310.00,,4039037.35
21/11/2023,21/11/2023,CASH DEPOSIT/BRANCH COUNTER/MYSURU MAIN,TXN0269018,,24000.00,4063037.35
21/11/2023,21/11/2023,UPI/DR/64050000/SURESH NAIR/UTIB0760586/suresh352@ybl,TXN0269019,1250.00,,4061787.35
22/11/2023,22/11/2023,UPI/DR/66672995/SMITHA PILLAI/UTIB0760586/smitha805@paytm,TXN0269020,79.00,,4061708.35
22/11/2023,22/11/2023,CASH DEPOSIT/BRANCH COUNTER/MYSURU MAIN,TXN0269021,,24000.00,4085708.35
22/11/2023,22/11/2023,NEFT/8226422853/MEERA PILLAI/UTIB0760586/72429451509240,TXN0269022,49.00,,4085659.35
22/11/2023,22/11/2023,IMPS/P2P/7961826973/GOPAL VERMA/7865751484,TXN0269023,,32000.00,4117659.35
22/11/2023,22/11/2023,UPI/CR/443653735724/MOHAN DAS/UTIB0760586/mohan576@ybl,TXN0269024,,11200.00,4128859.35
22/11/2023,22/11/2023,NEFT/5605734471/POOJA SHARMA/UTIB0760586/48997876399499,TXN0269025,1250.00,,4127609.35
22/11/2023,22/11/2023,CASH DEPOSIT/BRANCH COUNTER/MYSURU MAIN,TXN0269026,,850.00,4128459.35
23/11/2023,24/11/2023,UPI/DR/08879016/FATIMA SHEIKH/UTIB0760586/fatima665@okaxis,TXN0269027,49.00,,4128410.35
23/11/2023,23/11/2023,UPI/CR/335089471512/NILESH KULKARNI/UTIB0760586/nilesh194@oksbi,TXN0269028,,7600.00,4136010.35
23/11/2023,23/11/2023,NEFT/37819427/FARHAN KHAN/UTIB0760586/54335975684976,TXN0269029,,1200.00,4137210.35
23/11/2023,23/11/2023,NEFT/5837907285/KAVERI MENON/UTIB0760586/53553989447443,TXN0269030,249.00,,4136961.35
24/11/2023,24/11/2023,CASH DEPOSIT/BRANCH COUNTER/MYSURU MAIN,TXN0269031,,2500.00,4139461.35
24/11/2023,24/11/2023,UPI/DR/05289118/SANTOSH KUMAR/UTIB0760586/santosh582@okaxis,TXN0269032,7800.00,,4131661.35
25/11/2023,26/11/2023,NEFT/86811324/LATHA MURTHY/UTIB0760586/12435214919811,TXN0269033,,18500.00,4150161.35
25/11/2023,25/11/2023,UPI/DR/8307481436/VIKRAM NAIR/UTIB0760586/vikram829@paytm,TXN0269034,449.00,,4149712.35
26/11/2023,26/11/2023,NEFT/543936002008/RAMESH PILLAI/UTIB0760586/45991587395027,TXN0269035,,7600.00,4157312.35
26/11/2023,26/11/2023,CASH DEPOSIT/BRANCH COUNTER/MYSURU MAIN,TXN0269036,,1200.00,4158512.35
26/11/2023,26/11/2023,UPI/CR/61367281/ANITHA KRISHNAN/UTIB0760586/anitha46@okaxis,TXN0269037,,850.00,4159362.35
26/11/2023,26/11/2023,NEFT/400365253697/RAJENDRA PRASAD/UTIB0760586/66882036544777,TXN0269038,449.00,,4158913.35
27/11/2023,27/11/2023,CHQ NO 041381 CLEARING,TXN0269039,999.00,,4157914.35
28/11/2023,28/11/2023,IMPS/P2P/2932665984/SAVITHA DEVI/8974344418,TXN0269040,,18500.00,4176414.35
29/11/2023,29/11/2023,ATM/WDL/927598469709/SBI ATM JAYANAGAR BLR,TXN0269041,79.00,,4176335.35
29/11/2023,29/11/2023,CHQ NO 168087 CLEARING,TXN0269042,3499.00,,4172836.35
29/11/2023,29/11/2023,NEFT/73950236/ROHIT SHARMA/UTIB0760586/41512586748349,TXN0269043,449.00,,4172387.35
29/11/2023,29/11/2023,NEFT/727917222046/SAVITHA DEVI/UTIB0760586/92946364507992,TXN0269044,49.00,,4172338.35
30/11/2023,30/11/2023,UPI/CR/85038952/SUNITA DEVI/UTIB0760586/sunita508@okaxis,TXN0269045,,500.00,4172838.35
02/12/2023,02/12/2023,UPI/DR/0865851816/DEEPAK JOSHI/UTIB0760586/deepak328@okhdfc,TXN0269046,120.00,,4172718.35
02/12/2023,02/12/2023,CHQ NO 137034 CLEARING,TXN0269047,3499.00,,4169219.35
03/12/2023,03/12/2023,NEFT/44254691/NAVEEN KUMAR/UTIB0760586/87368664414508,TXN0269048,,32000.00,4201219.35
04/12/2023,04/12/2023,UPI/DR/1913279675/RAJENDRA PRASAD/UTIB0760586/rajendra675@oksbi,TXN0269049,999.00,,4200220.35
04/12/2023,04/12/2023,CHQ NO 053675 CLEARING,TXN0269050,1680.00,,4198540.35
04/12/2023,05/12/2023,NEFT/764940239172/KAVYA REDDY/UTIB0760586/91157662441145,TXN0269051,1250.00,,4197290.35
04/12/2023,04/12/2023,UPI/DR/0875002880/VINAY PATIL/UTIB0760586/vinay867@oksbi,TXN0269052,850.00,,4196440.35
05/12/2023,05/12/2023,UPI/DR/7014400071/RANJIT SINGH/UTIB0760586/ranjit841@okhdfc,TXN0269053,3499.00,,4192941.35
05/12/2023,05/12/2023,IMPS/P2P/04608471/MOHAMMED IRFAN/9291257028,TXN0269054,,7600.00,4200541.35
05/12/2023,06/12/2023,IMPS/P2P/026797333870/HARISH MENON/9590322617,TXN0269055,,850.00,4201391.35
06/12/2023,06/12/2023,CHQ NO 558823 CLEARING,TXN0269056,1250.00,,4200141.35
06/12/2023,06/12/2023,NEFT/00155256/LATHA MURTHY/UTIB0760586/60012566091634,TXN0269057,1680.00,,4198461.35
07/12/2023,07/12/2023,ATM/WDL/42922247/SBI ATM JAYANAGAR BLR,TXN0269058,699.00,,4197762.35
07/12/2023,08/12/2023,NEFT/99656820/ARCHANA PILLAI/UTIB0760586/89309464316770,TXN0269059,,18500.00,4216262.35
07/12/2023,07/12/2023,NEFT/7325908495/FATIMA SHEIKH/UTIB0760586/21755109528497,TXN0269060,,18500.00,4234762.35
08/12/2023,08/12/2023,CHQ NO 363532 CLEARING,TXN0269061,5200.00,,4229562.35
09/12/2023,10/12/2023,NEFT/2778774345/SURESH NAIR/UTIB0760586/63356654887535,TXN0269062,850.00,,4228712.35
09/12/2023,09/12/2023,CHQ NO 063939 CLEARING,TXN0269063,999.00,,4227713.35
10/12/2023,10/12/2023,UPI/CR/278896731880/ANAND KUMAR/UTIB0760586/anand753@oksbi,TXN0269064,,7600.00,4235313.35
10/12/2023,10/12/2023,UPI/CR/658389700205/TARA SINGH/UTIB0760586/tara618@okaxis,TXN0269065,,11200.00,4246513.35
11/12/2023,11/12/2023,UPI/CR/7703330086/IMRAN KHAN/UTIB0760586/imran837@paytm,TXN0269066,,11200.00,4257713.35
11/12/2023,11/12/2023,NEFT/77525841/KIRAN REDDY/UTIB0760586/63680517793937,TXN0269067,310.00,,4257403.35
12/12/2023,13/12/2023,UPI/DR/348365208350/FATIMA SHEIKH/UTIB0760586/fatima599@ybl,TXN0269068,999.00,,4256404.35
12/12/2023,12/12/2023,CASH DEPOSIT/BRANCH COUNTER/MYSURU MAIN,TXN0269069,,24000.00,4280404.35
12/12/2023,12/12/2023,NEFT/01060975/NADIA HUSSAIN/UTIB0760586/63171740141199,TXN0269070,699.00,,4279705.35
13/12/2023,13/12/2023,UPI/CR/0972358837/GEETA DEVI/UTIB0760586/geeta955@oksbi,TXN0269071,,1200.00,4280905.35
13/12/2023,14/12/2023,CHQ NO 722587 CLEARING,TXN0269072,850.00,,4280055.35
13/12/2023,13/12/2023,UPI/DR/87495754/MEERA PILLAI/UTIB0760586/meera416@oksbi,TXN0269073,2380.00,,4277675.35
14/12/2023,15/12/2023,CASH DEPOSIT/BRANCH COUNTER/MYSURU MAIN,TXN0269074,,11200.00,4288875.35
14/12/2023,15/12/2023,IMPS/P2P/20975902/POOJA SHARMA/7349600241,TXN0269075,,24000.00,4312875.35
14/12/2023,14/12/2023,IMPS/P2P/8849317970/ANITHA KRISHNAN/9894190077,TXN0269076,,32000.00,4344875.35
14/12/2023,14/12/2023,ATM/WDL/04368644/CANARA ATM MYSURU,TXN0269077,699.00,,4344176.35
15/12/2023,15/12/2023,UPI/DR/47629486/ARCHANA PILLAI/UTIB0760586/archana593@okaxis,TXN0269078,79.00,,4344097.35
16/12/2023,16/12/2023,ATM/WDL/0527501290/SBI ATM JAYANAGAR BLR,TXN0269079,999.00,,4343098.35
16/12/2023,16/12/2023,NEFT/068272203530/POOJA SHARMA/UTIB0760586/56037531000378,TXN0269080,,4800.00,4347898.35
17/12/2023,17/12/2023,CHQ NO 063787 CLEARING,TXN0269081,699.00,,4347199.35
18/12/2023,18/12/2023,CHQ NO 990336 CLEARING,TXN0269082,249.00,,4346950.35
18/12/2023,19/12/2023,UPI/DR/855564499384/SAVITHA DEVI/UTIB0760586/savitha277@ybl,TXN0269083,1250.00,,4345700.35
19/12/2023,20/12/2023,NEFT/76740379/RAMESH GOWDA/UTIB0760586/56676807780698,TXN0269084,,1200.00,4346900.35
19/12/2023,19/12/2023,IMPS/P2P/910094640593/MEENA IYER/8803038154,TXN0269085,,1200.00,4348100.35
19/12/2023,19/12/2023,CASH DEPOSIT/BRANCH COUNTER/MYSURU MAIN,TXN0269086,,7600.00,4355700.35
21/12/2023,21/12/2023,UPI/CR/39232347/VIKRAM NAIR/UTIB0760586/vikram976@okhdfc,TXN0269087,,32000.00,4387700.35
21/12/2023,21/12/2023,ATM/WDL/89728486/HDFC ATM KORAMANGALA,TXN0269088,120.00,,4387580.35
22/12/2023,22/12/2023,NEFT/8593392631/TANVI RAO/UTIB0760586/46196483109650,TXN0269089,310.00,,4387270.35
22/12/2023,22/12/2023,UPI/DR/977427502084/SURESH BABU/UTIB0760586/suresh266@paytm,TXN0269090,5200.00,,4382070.35
22/12/2023,22/12/2023,ATM/WDL/4408591425/SBI ATM JAYANAGAR BLR,TXN0269091,1250.00,,4380820.35
22/12/2023,22/12/2023,CASH DEPOSIT/BRANCH COUNTER/MYSURU MAIN,TXN0269092,,32000.00,4412820.35
22/12/2023,22/12/2023,UPI/DR/42948287/ARCHANA PILLAI/UTIB0760586/archana930@oksbi,TXN0269093,79.00,,4412741.35
25/12/2023,25/12/2023,CHQ NO 340091 CLEARING,TXN0269094,310.00,,4412431.35
26/12/2023,26/12/2023,ATM/WDL/11071869/CANARA ATM MYSURU,TXN0269095,5200.00,,4407231.35
26/12/2023,26/12/2023,UPI/CR/7240278569/RAVI KUMAR SHARMA/UTIB0760586/ravi528@paytm,TXN0269096,,2500.00,4409731.35
26/12/2023,26/12/2023,UPI/DR/3500872812/SURESH BABU/UTIB0760586/suresh225@paytm,TXN0269097,3499.00,,4406232.35
26/12/2023,27/12/2023,UPI/DR/7487862828/PRIYA NAIR/UTIB0760586/priya479@paytm,TXN0269098,49.00,,4406183.35
26/12/2023,27/12/2023,UPI/CR/7115913442/DIVYA MENON/UTIB0760586/divya35@okaxis,TXN0269099,,1200.00,4407383.35
26/12/2023,26/12/2023,UPI/CR/513813721915/CHANDAN SHARMA/UTIB0760586/chandan765@okaxis,TXN0269100,,1200.00,4408583.35
27/12/2023,27/12/2023,NEFT/9951341001/USHA RANI/UTIB0760586/51266262587656,TXN0269101,5200.00,,4403383.35
27/12/2023,28/12/2023,UPI/DR/1900047177/SMITHA PILLAI/UTIB0760586/smitha629@paytm,TXN0269102,1680.00,,4401703.35
29/12/2023,30/12/2023,UPI/CR/747583909592/GOPAL VERMA/UTIB0760586/gopal868@paytm,TXN0269103,,18500.00,4420203.35
29/12/2023,29/12/2023,UPI/CR/14478701/SURESH BABU/UTIB0760586/suresh768@ybl,TXN0269104,,1200.00,4421403.35
30/12/2023,30/12/2023,ATM/WDL/39411832/HDFC ATM KORAMANGALA,TXN0269105,7800.00,,4413603.35
30/12/2023,31/12/2023,ATM/WDL/37233269/CANARA ATM MYSURU,TXN0269106,7800.00,,4405803.35
30/12/2023,30/12/2023,CHQ NO 461371 CLEARING,TXN0269107,449.00,,4405354.35
30/12/2023,30/12/2023,CHQ NO 430026 CLEARING,TXN0269108,1250.00,,4404104.35
30/12/2023,30/12/2023,UPI/DR/022802178042/MEERA PILLAI/UTIB0760586/meera224@okaxis,TXN0269109,999.00,,4403105.35
31/12/2023,31/12/2023,UPI/DR/0231233581/DIVYA MENON/UTIB0760586/divya873@paytm,TXN0269110,699.00,,4402406.35
31/12/2023,31/12/2023,CHQ NO 779568 CLEARING,TXN0269111,999.00,,4401407.35
31/12/2023,31/12/2023,NEFT/8335442982/DEEPAK JOSHI/UTIB0760586/79743004644901,TXN0269112,850.00,,4400557.35
01/01/2024,01/01/2024,UPI/CR/681860078831/LATHA MURTHY/UTIB0760586/latha611@ybl,TXN0269113,,32000.00,4432557.35
01/01/2024,01/01/2024,UPI/CR/06572651/RAJESH VERMA/UTIB0760586/rajesh48@okaxis,TXN0269114,,11200.00,4443757.35
01/01/2024,02/01/2024,UPI/DR/585047552137/RANJIT SINGH/UTIB0760586/ranjit504@okaxis,TXN0269115,1250.00,,4442507.35
03/01/2024,03/01/2024,IMPS/P2P/1654407382/TARA SINGH/7384723818,TXN0269116,,11200.00,4453707.35
03/01/2024,03/01/2024,UPI/DR/1914465511/PRIYA NAIR/UTIB0760586/priya63@ybl,TXN0269117,449.00,,4453258.35
04/01/2024,05/01/2024,UPI/CR/5836086514/NIKHIL GUPTA/UTIB0760586/nikhil294@paytm,TXN0269118,,1200.00,4454458.35
04/01/2024,04/01/2024,ATM/WDL/6100430749/CANARA ATM MYSURU,TXN0269119,5200.00,,4449258.35
04/01/2024,04/01/2024,NEFT/2677842982/SUSHMA RAO/UTIB0760586/34433347191339,TXN0269120,249.00,,4449009.35
04/01/2024,04/01/2024,ATM/WDL/4674233590/CANARA ATM MYSURU,TXN0269121,7800.00,,4441209.35
04/01/2024,05/01/2024,UPI/DR/4523666886/ANAND KUMAR/UTIB0760586/anand298@paytm,TXN0269122,79.00,,4441130.35
06/01/2024,07/01/2024,CHQ NO 828404 CLEARING,TXN0269123,699.00,,4440431.35
06/01/2024,07/01/2024,UPI/DR/0770696617/DEEPAK JOSHI/UTIB0760586/deepak12@paytm,TXN0269124,120.00,,4440311.35
06/01/2024,07/01/2024,IMPS/P2P/51307105/AYESHA KHAN/9697035996,TXN0269125,,850.00,4441161.35
06/01/2024,06/01/2024,CASH DEPOSIT/BRANCH COUNTER/MYSURU MAIN,TXN0269126,,4800.00,4445961.35
06/01/2024,06/01/2024,ATM/WDL/167772801103/SBI ATM JAYANAGAR BLR,TXN0269127,49.00,,4445912.35
07/01/2024,07/01/2024,UPI/DR/91933941/SHEELA DEVI/UTIB0760586/sheela207@okaxis,TXN0269128,1250.00,,4444662.35
08/01/2024,09/01/2024,NEFT/4389735077/SANTOSH KUMAR/UTIB0760586/32314246515774,TXN0269129,,500.00,4445162.35
08/01/2024,08/01/2024,IMPS/P2P/0827889340/POOJA SHARMA/7342875770,TXN0269130,,500.00,4445662.35
08/01/2024,08/01/2024,UPI/DR/7495084134/BABU LAL/UTIB0760586/babu507@okhdfc,TXN0269131,249.00,,4445413.35
08/01/2024,09/01/2024,UPI/DR/071948900163/SAVITHA DEVI/UTIB0760586/savitha304@ybl,TXN0269132,699.00,,4444714.35
08/01/2024,08/01/2024,CHQ NO 348127 CLEARING,TXN0269133,49.00,,4444665.35
08/01/2024,08/01/2024,CASH DEPOSIT/BRANCH COUNTER/MYSURU MAIN,TXN0269134,,18500.00,4463165.35
08/01/2024,09/01/2024,NEFT/17323816/NADIA HUSSAIN/UTIB0760586/28079702150162,TXN0269135,,2500.00,4465665.35
08/01/2024,08/01/2024,NEFT/80621096/SURESH BABU/UTIB0760586/23886112218570,TXN0269136,249.00,,4465416.35
09/01/2024,09/01/2024,NEFT/49687296/FARHAN KHAN/UTIB0760586/87831338975249,TXN0269137,,18500.00,4483916.35
09/01/2024,09/01/2024,ATM/WDL/56753964/CANARA ATM MYSURU,TXN0269138,1680.00,,4482236.35
09/01/2024,09/01/2024,NEFT/207418540649/RAJENDRA PRASAD/UTIB0760586/35086377734711,TXN0269139,999.00,,4481237.35
09/01/2024,09/01/2024,UPI/DR/8500963815/BINDHU NAIR/UTIB0760586/bindhu613@okhdfc,TXN0269140,310.00,,4480927.35
10/01/2024,10/01/2024,UPI/DR/69002182/GANESH KUMAR/UTIB0760586/ganesh32@okaxis,TXN0269141,7800.00,,4473127.35
10/01/2024,10/01/2024,NEFT/7560402296/MALLIKA DAS/UTIB0760586/80035522219594,TXN0269142,,11200.00,4484327.35
11/01/2024,11/01/2024,CHQ NO 630382 CLEARING,TXN0269143,1680.00,,4482647.35
11/01/2024,12/01/2024,IMPS/P2P/7126596179/POOJA SHARMA/8642821358,TXN0269144,,18500.00,4501147.35
11/01/2024,11/01/2024,NEFT/663397435690/BABU LAL/UTIB0760586/86343617195071,TXN0269145,,32000.00,4533147.35
11/01/2024,12/01/2024,UPI/DR/0918142770/LAKSHMI VENKAT/UTIB0760586/lakshmi588@oksbi,TXN0269146,49.00,,4533098.35
11/01/2024,11/01/2024,CHQ NO 432235 CLEARING,TXN0269147,999.00,,4532099.35
12/01/2024,12/01/2024,UPI/DR/8329220210/ADITYA KUMAR/UTIB0760586/aditya940@okhdfc,TXN0269148,2380.00,,4529719.35
12/01/2024,12/01/2024,NEFT/60603013/VENKAT RAO/UTIB0760586/42486357650925,TXN0269149,,7600.00,4537319.35
12/01/2024,12/01/2024,NEFT/3481615587/KAVITHA RAO/UTIB0760586/56451517816657,TXN0269150,1680.00,,4535639.35
14/01/2024,14/01/2024,CHQ NO 648278 CLEARING,TXN0269151,999.00,,4534640.35
14/01/2024,15/01/2024,NEFT/143257610655/RAMESH GOWDA/UTIB0760586/68679841864516,TXN0269152,1250.00,,4533390.35
14/01/2024,14/01/2024,CHQ NO 686427 CLEARING,TXN0269153,5200.00,,4528190.35
15/01/2024,15/01/2024,CASH DEPOSIT/BRANCH COUNTER/MYSURU MAIN,TXN0269154,,4800.00,4532990.35
15/01/2024,16/01/2024,UPI/DR/2557636339/MEENA IYER/UTIB0760586/meena249@okhdfc,TXN0269155,120.00,,4532870.35
15/01/2024,15/01/2024,UPI/DR/44467459/ADITYA KUMAR/UTIB0760586/aditya319@paytm,TXN0269156,310.00,,4532560.35
15/01/2024,15/01/2024,UPI/CR/4381427271/IMRAN KHAN/UTIB0760586/imran484@ybl,TXN0269157,,850.00,4533410.35
15/01/2024,15/01/2024,UPI/CR/1649855033/MEENA IYER/UTIB0760586/meena130@ybl,TXN0269158,,4800.00,4538210.35
15/01/2024,15/01/2024,CHQ NO 656155 CLEARING,TXN0269159,310.00,,4537900.35
16/01/2024,16/01/2024,UPI/DR/001649915118/NIKHIL GUPTA/UTIB0760586/nikhil668@paytm,TXN0269160,2380.00,,4535520.35
16/01/2024,17/01/2024,CHQ NO 983767 CLEARING,TXN0269161,1680.00,,4533840.35
16/01/2024,16/01/2024,UPI/DR/838711749506/SANJANA HEGDE/UTIB0760586/sanjana489@oksbi,TXN0269162,249.00,,4533591.35
16/01/2024,16/01/2024,UPI/CR/97661902/ANITHA KRISHNAN/UTIB0760586/anitha796@paytm,TXN0269163,,1200.00,4534791.35
17/01/2024,17/01/2024,CHQ NO 112558 CLEARING,TXN0269164,5200.00,,4529591.35
17/01/2024,18/01/2024,ATM/WDL/7911009572/HDFC ATM KORAMANGALA,TXN0269165,449.00,,4529142.35
17/01/2024,18/01/2024,UPI/DR/322757278833/TARA SINGH/UTIB0760586/tara701@okaxis,TXN0269166,249.00,,4528893.35
18/01/2024,19/01/2024,ATM/WDL/479615498081/SBI ATM JAYANAGAR BLR,TXN0269167,49.00,,4528844.35
18/01/2024,19/01/2024,UPI/DR/9611195404/ARCHANA PILLAI/UTIB0760586/archana951@ybl,TXN0269168,5200.00,,4523644.35
18/01/2024,19/01/2024,NEFT/5259755170/ARCHANA PILLAI/UTIB0760586/79305215263854,TXN0269169,120.00,,4523524.35
18/01/2024,19/01/2024,UPI/DR/97615651/ROHIT SHARMA/UTIB0760586/rohit45@okhdfc,TXN0269170,7800.00,,4515724.35
18/01/2024,19/01/2024,UPI/DR/896167633759/ADITYA KUMAR/UTIB0760586/aditya800@ybl,TXN0269171,2380.00,,4513344.35
19/01/2024,19/01/2024,NEFT/078729951817/SANTOSH KUMAR/UTIB0760586/12704185813079,TXN0269172,310.00,,4513034.35
19/01/2024,19/01/2024,NEFT/346769749366/PRAKASH RAO/UTIB0760586/95415112285082,TXN0269173,,2500.00,4515534.35
19/01/2024,19/01/2024,IMPS/P2P/480219208971/PRAKASH RAO/8320960851,TXN0269174,,32000.00,4547534.35
19/01/2024,19/01/2024,UPI/CR/9414444841/LAKSHMI VENKAT/UTIB0760586/lakshmi876@paytm,TXN0269175,,11200.00,4558734.35
19/01/2024,19/01/2024,UPI/DR/237183741429/NADIA HUSSAIN/UTIB0760586/nadia955@oksbi,TXN0269176,699.00,,4558035.35
19/01/2024,20/01/2024,UPI/DR/2731956829/MOHAMMED IRFAN/UTIB0760586/mohammed542@okhdfc,TXN0269177,2380.00,,4555655.35
20/01/2024,20/01/2024,IMPS/P2P/6212603513/VINAY PATIL/8971839717,TXN0269178,,1200.00,4556855.35
21/01/2024,21/01/2024,CHQ NO 246527 CLEARING,TXN0269179,249.00,,4556606.35
21/01/2024,21/01/2024,CHQ NO 955890 CLEARING,TXN0269180,2380.00,,4554226.35
21/01/2024,21/01/2024,NEFT/49219541/SUNIL YADAV/UTIB0760586/93911055707697,TXN0269181,,7600.00,4561826.35
21/01/2024,21/01/2024,ATM/WDL/11995741/SBI ATM JAYANAGAR BLR,TXN0269182,7800.00,,4554026.35
21/01/2024,21/01/2024,ATM/WDL/997890124927/CANARA ATM MYSURU,TXN0269183,310.00,,4553716.35
21/01/2024,21/01/2024,IMPS/P2P/249432487441/GEETA DEVI/7678888024,TXN0269184,,2500.00,4556216.35
22/01/2024,23/01/2024,IMPS/P2P/096429984714/RANJIT SINGH/9136177430,TXN0269185,,1200.00,4557416.35
22/01/2024,23/01/2024,UPI/DR/6542745555/DIVYA MENON/UTIB0760586/divya84@okhdfc,TXN0269186,699.00,,4556717.35
22/01/2024,22/01/2024,ATM/WDL/3851670823/HDFC ATM KORAMANGALA,TXN0269187,449.00,,4556268.35
22/01/2024,22/01/2024,UPI/DR/551998982745/FARHAN KHAN/UTIB0760586/farhan710@oksbi,TXN0269188,7800.00,,4548468.35
22/01/2024,22/01/2024,UPI/DR/786575644511/DIVYA MENON/UTIB0760586/divya363@okhdfc,TXN0269189,1250.00,,4547218.35
22/01/2024,23/01/2024,UPI/CR/78620993/MOHAMMED IRFAN/UTIB0760586/mohammed677@paytm,TXN0269190,,18500.00,4565718.35
22/01/2024,22/01/2024,UPI/DR/48285315/GANESH KUMAR/UTIB0760586/ganesh473@okhdfc,TXN0269191,699.00,,4565019.35
22/01/2024,22/01/2024,UPI/DR/007447368699/KAVERI MENON/UTIB0760586/kaveri261@paytm,TXN0269192,699.00,,4564320.35
23/01/2024,23/01/2024,CASH DEPOSIT/BRANCH COUNTER/MYSURU MAIN,TXN0269193,,24000.00,4588320.35
23/01/2024,24/01/2024,ATM/WDL/063341143028/HDFC ATM KORAMANGALA,TXN0269194,5200.00,,4583120.35
23/01/2024,23/01/2024,UPI/DR/703276398507/DEEPAK JOSHI/UTIB0760586/deepak763@okhdfc,TXN0269195,7800.00,,4575320.35
24/01/2024,24/01/2024,UPI/DR/201783643826/FARHAN KHAN/UTIB0760586/farhan119@paytm,TXN0269196,699.00,,4574621.35
24/01/2024,25/01/2024,CHQ NO 466752 CLEARING,TXN0269197,49.00,,4574572.35
24/01/2024,24/01/2024,IMPS/P2P/5266395216/SAVITHA DEVI/7982220360,TXN0269198,,18500.00,4593072.35
24/01/2024,24/01/2024,ATM/WDL/8592218755/SBI ATM JAYANAGAR BLR,TXN0269199,699.00,,4592373.35
24/01/2024,24/01/2024,NEFT/027241779593/SURESH NAIR/UTIB0760586/72913904819646,TXN0269200,3499.00,,4588874.35
26/01/2024,26/01/2024,UPI/DR/88440640/VINAY PATIL/UTIB0760586/vinay859@okaxis,TXN0269201,999.00,,4587875.35
26/01/2024,26/01/2024,UPI/CR/48063700/DEEPAK JOSHI/UTIB0760586/deepak719@paytm,TXN0269202,,7600.00,4595475.35
27/01/2024,27/01/2024,CASH DEPOSIT/BRANCH COUNTER/MYSURU MAIN,TXN0269203,,2500.00,4597975.35
27/01/2024,27/01/2024,ATM/WDL/5035492714/SBI ATM JAYANAGAR BLR,TXN0269204,249.00,,4597726.35
27/01/2024,27/01/2024,UPI/DR/0033623564/RAJESH VERMA/UTIB0760586/rajesh865@oksbi,TXN0269205,449.00,,4597277.35
27/01/2024,27/01/2024,NEFT/60474955/RAVI KUMAR SHARMA/UTIB0760586/94348537214681,TXN0269206,699.00,,4596578.35
27/01/2024,27/01/2024,IMPS/P2P/24488487/LALITHA DEVI/9537774559,TXN0269207,,850.00,4597428.35
27/01/2024,28/01/2024,UPI/DR/153901742722/NAVEEN KUMAR/UTIB0760586/naveen846@okhdfc,TXN0269208,1250.00,,4596178.35
28/01/2024,28/01/2024,ATM/WDL/42320506/CANARA ATM MYSURU,TXN0269209,999.00,,4595179.35
28/01/2024,28/01/2024,UPI/DR/743044726062/RAVI KUMAR SHARMA/UTIB0760586/ravi347@oksbi,TXN0269210,2380.00,,4592799.35
28/01/2024,29/01/2024,UPI/CR/5768450489/SNEHA PATIL/UTIB0760586/sneha276@ybl,TXN0269211,,1200.00,4593999.35
28/01/2024,28/01/2024,UPI/DR/5495393477/KAVITHA RAO/UTIB0760586/kavitha650@ybl,TXN0269212,5200.00,,4588799.35
29/01/2024,29/01/2024,UPI/DR/88991662/NAVEEN KUMAR/UTIB0760586/naveen399@oksbi,TXN0269213,3499.00,,4585300.35
29/01/2024,30/01/2024,IMPS/P2P/5540948187/SHEELA DEVI/8330444827,TXN0269214,,1200.00,4586500.35
29/01/2024,30/01/2024,ATM/WDL/67874002/CANARA ATM MYSURU,TXN0269215,7800.00,,4578700.35
29/01/2024,30/01/2024,NEFT/230399646273/GOPAL VERMA/UTIB0760586/46487095109510,TXN0269216,79.00,,4578621.35
30/01/2024,30/01/2024,UPI/DR/6845933563/POOJA SHARMA/UTIB0760586/pooja822@okhdfc,TXN0269217,850.00,,4577771.35
30/01/2024,30/01/2024,UPI/DR/4491186037/MOHAN DAS/UTIB0760586/mohan447@okaxis,TXN0269218,1250.00,,4576521.35
30/01/2024,30/01/2024,ATM/WDL/856757660469/HDFC ATM KORAMANGALA,TXN0269219,3499.00,,4573022.35
31/01/2024,31/01/2024,UPI/DR/49296754/SANTOSH KUMAR/UTIB0760586/santosh602@okaxis,TXN0269220,79.00,,4572943.35
31/01/2024,01/02/2024,UPI/DR/5680459601/SUNITA DEVI/UTIB0760586/sunita690@okaxis,TXN0269221,79.00,,4572864.35
31/01/2024,31/01/2024,CASH DEPOSIT/BRANCH COUNTER/MYSURU MAIN,TXN0269222,,1200.00,4574064.35
31/01/2024,01/02/2024,NEFT/5104666233/RAMESH GOWDA/UTIB0760586/80506982448158,TXN0269223,,7600.00,4581664.35
31/01/2024,31/01/2024,UPI/CR/94439070/POOJA SHARMA/UTIB0760586/pooja114@okaxis,TXN0269224,,7600.00,4589264.35
31/01/2024,31/01/2024,UPI/CR/42280849/PRIYA NAIR/UTIB0760586/priya585@okaxis,TXN0269225,,18500.00,4607764.35
01/02/2024,01/02/2024,CASH DEPOSIT/BRANCH COUNTER/MYSURU MAIN,TXN0269226,,2500.00,4610264.35
01/02/2024,01/02/2024,NEFT/81967765/ARCHANA PILLAI/UTIB0760586/03341348977910,TXN0269227,,4800.00,4615064.35
02/02/2024,02/02/2024,UPI/CR/32792269/RANJIT SINGH/UTIB0760586/ranjit342@ybl,TXN0269228,,2500.00,4617564.35
02/02/2024,03/02/2024,UPI/DR/65813522/DIVYA MENON/UTIB0760586/divya936@okaxis,TXN0269229,850.00,,4616714.35
03/02/2024,04/02/2024,UPI/DR/173247645843/SANTOSH KUMAR/UTIB0760586/santosh982@okhdfc,TXN0269230,310.00,,4616404.35
03/02/2024,03/02/2024,UPI/DR/3065061457/PREETHI IYER/UTIB0760586/preethi527@oksbi,TXN0269231,1680.00,,4614724.35
04/02/2024,04/02/2024,ATM/WDL/42258629/CANARA ATM MYSURU,TXN0269232,1250.00,,4613474.35
04/02/2024,05/02/2024,CASH DEPOSIT/BRANCH COUNTER/MYSURU MAIN,TXN0269233,,4800.00,4618274.35
04/02/2024,04/02/2024,UPI/DR/166334551160/KAVYA REDDY/UTIB0760586/kavya368@oksbi,TXN0269234,1680.00,,4616594.35
05/02/2024,05/02/2024,CHQ NO 854951 CLEARING,TXN0269235,79.00,,4616515.35
05/02/2024,06/02/2024,NEFT/930171703785/BABU LAL/UTIB0760586/85786096370972,TXN0269236,249.00,,4616266.35
05/02/2024,05/02/2024,NEFT/573509178229/KAVERI MENON/UTIB0760586/51495729217510,TXN0269237,,4800.00,4621066.35
06/02/2024,06/02/2024,UPI/DR/49890257/ADITYA KUMAR/UTIB0760586/aditya956@okaxis,TXN0269238,699.00,,4620367.35
06/02/2024,06/02/2024,ATM/WDL/75242897/SBI ATM JAYANAGAR BLR,TXN0269239,120.00,,4620247.35
07/02/2024,07/02/2024,UPI/DR/386000427827/SMITHA PILLAI/UTIB0760586/smitha54@paytm,TXN0269240,3499.00,,4616748.35
07/02/2024,07/02/2024,UPI/DR/48397422/NIKHIL GUPTA/UTIB0760586/nikhil515@ybl,TXN0269241,1250.00,,4615498.35
08/02/2024,08/02/2024,CHQ NO 214943 CLEARING,TXN0269242,310.00,,4615188.35
09/02/2024,09/02/2024,IMPS/P2P/302836180671/RAMESH GOWDA/9776326550,TXN0269243,,4800.00,4619988.35
09/02/2024,10/02/2024,UPI/DR/346731446515/KAVYA REDDY/UTIB0760586/kavya764@okhdfc,TXN0269244,310.00,,4619678.35
09/02/2024,09/02/2024,ATM/WDL/2212008531/CANARA ATM MYSURU,TXN0269245,699.00,,4618979.35
09/02/2024,09/02/2024,CHQ NO 229295 CLEARING,TXN0269246,1250.00,,4617729.35
10/02/2024,10/02/2024,UPI/CR/729201297346/VINAY PATIL/UTIB0760586/vinay445@okaxis,TXN0269247,,2500.00,4620229.35
10/02/2024,10/02/2024,CASH DEPOSIT/BRANCH COUNTER/MYSURU MAIN,TXN0269248,,7600.00,4627829.35
11/02/2024,11/02/2024,NEFT/6458046832/PADMA RAO/UTIB0760586/55538514320430,TXN0269249,5200.00,,4622629.35
11/02/2024,12/02/2024,NEFT/796533756896/LAKSHMI VENKAT/UTIB0760586/92768363815689,TXN0269250,5200.00,,4617429.35
12/02/2024,12/02/2024,CASH DEPOSIT/BRANCH COUNTER/MYSURU MAIN,TXN0269251,,11200.00,4628629.35
12/02/2024,12/02/2024,CASH DEPOSIT/BRANCH COUNTER/MYSURU MAIN,TXN0269252,,1200.00,4629829.35
12/02/2024,12/02/2024,UPI/DR/98569449/PRIYA NAIR/UTIB0760586/priya733@okhdfc,TXN0269253,1250.00,,4628579.35
12/02/2024,12/02/2024,UPI/DR/252093233459/PREETHI IYER/UTIB0760586/preethi525@okaxis,TXN0269254,310.00,,4628269.35
13/02/2024,13/02/2024,NEFT/502196956241/TANVI RAO/UTIB0760586/39755197746906,TXN0269255,,24000.00,4652269.35
13/02/2024,13/02/2024,UPI/DR/59521219/ARUN SHARMA/UTIB0760586/arun580@ybl,TXN0269256,49.00,,4652220.35
13/02/2024,13/02/2024,NEFT/03185978/GOPAL VERMA/UTIB0760586/14522952118471,TXN0269257,49.00,,4652171.35
13/02/2024,13/02/2024,UPI/CR/28009544/LAKSHMI VENKAT/UTIB0760586/lakshmi362@ybl,TXN0269258,,24000.00,4676171.35
13/02/2024,13/02/2024,IMPS/P2P/6537603094/MEENA IYER/9434721976,TXN0269259,,500.00,4676671.35
13/02/2024,13/02/2024,UPI/DR/566103822942/SNEHA PATIL/UTIB0760586/sneha849@okhdfc,TXN0269260,120.00,,4676551.35
13/02/2024,14/02/2024,ATM/WDL/1983701532/HDFC ATM KORAMANGALA,TXN0269261,850.00,,4675701.35
13/02/2024,13/02/2024,IMPS/P2P/29792209/ANAND KUMAR/7614803192,TXN0269262,,7600.00,4683301.35
14/02/2024,15/02/2024,UPI/DR/3149729007/RAJESH VERMA/UTIB0760586/rajesh271@paytm,TXN0269263,120.00,,4683181.35
14/02/2024,14/02/2024,CASH DEPOSIT/BRANCH COUNTER/MYSURU MAIN,TXN0269264,,4800.00,4687981.35
14/02/2024,15/02/2024,NEFT/19241224/SANTOSH KUMAR/UTIB0760586/51739343428700,TXN0269265,,18500.00,4706481.35
15/02/2024,15/02/2024,CHQ NO 948515 CLEARING,TXN0269266,120.00,,4706361.35
16/02/2024,16/02/2024,UPI/DR/49911390/PRAKASH RAO/UTIB0760586/prakash424@okhdfc,TXN0269267,249.00,,4706112.35
17/02/2024,17/02/2024,NEFT/3599321179/ROHIT SHARMA/UTIB0760586/72699572725764,TXN0269268,,2500.00,4708612.35
17/02/2024,17/02/2024,IMPS/P2P/843944896943/CHANDAN SHARMA/7761116575,TXN0269269,,500.00,4709112.35
17/02/2024,17/02/2024,UPI/CR/03645057/BABU LAL/UTIB0760586/babu321@paytm,TXN0269270,,24000.00,4733112.35
18/02/2024,18/02/2024,UPI/DR/38996096/MOHAMMED IRFAN/UTIB0760586/mohammed663@paytm,TXN0269271,49.00,,4733063.35
18/02/2024,19/02/2024,UPI/DR/406756376590/PADMA RAO/UTIB0760586/padma845@paytm,TXN0269272,999.00,,4732064.35
18/02/2024,19/02/2024,UPI/CR/2320770968/CHANDAN SHARMA/UTIB0760586/chandan840@okhdfc,TXN0269273,,32000.00,4764064.35
19/02/2024,19/02/2024,CHQ NO 544372 CLEARING,TXN0269274,49.00,,4764015.35
19/02/2024,19/02/2024,UPI/DR/69271441/SUSHMA RAO/UTIB0760586/sushma824@ybl,TXN0269275,5200.00,,4758815.35
19/02/2024,20/02/2024,UPI/DR/5806509569/RAMESH GOWDA/UTIB0760586/ramesh923@okhdfc,TXN0269276,449.00,,4758366.35
20/02/2024,20/02/2024,CHQ NO 078457 CLEARING,TXN0269277,120.00,,4758246.35
21/02/2024,22/02/2024,CASH DEPOSIT/BRANCH COUNTER/MYSURU MAIN,TXN0269278,,18500.00,4776746.35
21/02/2024,21/02/2024,NEFT/0340476402/DEEPAK JOSHI/UTIB0760586/41211243364745,TXN0269279,,7600.00,4784346.35
22/02/2024,23/02/2024,UPI/DR/4180681148/ARUN SHARMA/UTIB0760586/arun484@oksbi,TXN0269280,1680.00,,4782666.35
22/02/2024,22/02/2024,UPI/DR/3926349828/MEERA PILLAI/UTIB0760586/meera651@oksbi,TXN0269281,1250.00,,4781416.35
23/02/2024,23/02/2024,UPI/CR/3264833705/ANITHA KRISHNAN/UTIB0760586/anitha458@ybl,TXN0269282,,1200.00,4782616.35
24/02/2024,24/02/2024,CHQ NO 027911 CLEARING,TXN0269283,7800.00,,4774816.35
24/02/2024,24/02/2024,NEFT/24488128/FARHAN KHAN/UTIB0760586/47569260408400,TXN0269284,,18500.00,4793316.35
24/02/2024,24/02/2024,NEFT/1339721552/DIVYA MENON/UTIB0760586/48398445505251,TXN0269285,,18500.00,4811816.35
25/02/2024,26/02/2024,NEFT/21128030/SMITHA PILLAI/UTIB0760586/99514935508803,TXN0269286,5200.00,,4806616.35
26/02/2024,27/02/2024,UPI/DR/682638027060/MEERA PILLAI/UTIB0760586/meera668@oksbi,TXN0269287,120.00,,4806496.35
26/02/2024,26/02/2024,UPI/DR/19046178/DEEPA NAIR/UTIB0760586/deepa375@paytm,TXN0269288,2380.00,,4804116.35
27/02/2024,27/02/2024,UPI/CR/910688693675/SANJANA HEGDE/UTIB0760586/sanjana761@paytm,TXN0269289,,500.00,4804616.35
27/02/2024,27/02/2024,UPI/DR/7340866420/PADMA RAO/UTIB0760586/padma925@ybl,TXN0269290,1680.00,,4802936.35
27/02/2024,27/02/2024,UPI/DR/606052703306/GANESH KUMAR/UTIB0760586/ganesh673@okhdfc,TXN0269291,7800.00,,4795136.35
27/02/2024,28/02/2024,ATM/WDL/6137254716/HDFC ATM KORAMANGALA,TXN0269292,3499.00,,4791637.35
27/02/2024,28/02/2024,CASH DEPOSIT/BRANCH COUNTER/MYSURU MAIN,TXN0269293,,24000.00,4815637.35
28/02/2024,28/02/2024,NEFT/9335766074/NIKHIL GUPTA/UTIB0760586/09322125460921,TXN0269294,1680.00,,4813957.35
28/02/2024,28/02/2024,UPI/DR/22049222/MEERA PILLAI/UTIB0760586/meera524@ybl,TXN0269295,449.00,,4813508.35
29/02/2024,29/02/2024,UPI/CR/763420101719/SUNITA DEVI/UTIB0760586/sunita974@oksbi,TXN0269296,,18500.00,4832008.35
29/02/2024,29/02/2024,UPI/DR/0323184938/SMITHA PILLAI/UTIB0760586/smitha717@oksbi,TXN0269297,7800.00,,4824208.35
29/02/2024,29/02/2024,CASH DEPOSIT/BRANCH COUNTER/MYSURU MAIN,TXN0269298,,2500.00,4826708.35
01/03/2024,01/03/2024,UPI/DR/95545610/RAHUL SINGH/UTIB0760586/rahul507@paytm,TXN0269299,49.00,,4826659.35
02/03/2024,02/03/2024,IMPS/P2P/51167338/NILESH KULKARNI/8978966967,TXN0269300,,11200.00,4837859.35
02/03/2024,02/03/2024,UPI/CR/860334376341/PREETHI IYER/UTIB0760586/preethi393@okhdfc,TXN0269301,,1200.00,4839059.35
03/03/2024,03/03/2024,IMPS/P2P/468236638685/HARISH MENON/8693303831,TXN0269302,,11200.00,4850259.35
03/03/2024,03/03/2024,UPI/DR/6650156735/RAJESH VERMA/UTIB0760586/rajesh493@okhdfc,TXN0269303,5200.00,,4845059.35
04/03/2024,05/03/2024,UPI/CR/36566348/ARUN SHARMA/UTIB0760586/arun750@okaxis,TXN0269304,,850.00,4845909.35
04/03/2024,04/03/2024,UPI/DR/533762412796/RAMESH GOWDA/UTIB0760586/ramesh945@okaxis,TXN0269305,7800.00,,4838109.35
04/03/2024,05/03/2024,CHQ NO 889470 CLEARING,TXN0269306,120.00,,4837989.35
04/03/2024,04/03/2024,NEFT/01864789/PRIYA NAIR/UTIB0760586/52972548914129,TXN0269307,,850.00,4838839.35
04/03/2024,04/03/2024,CHQ NO 027193 CLEARING,TXN0269308,310.00,,4838529.35
04/03/2024,04/03/2024,UPI/DR/12788432/KAVERI MENON/UTIB0760586/kaveri111@okaxis,TXN0269309,120.00,,4838409.35
05/03/2024,05/03/2024,ATM/WDL/829039312881/CANARA ATM MYSURU,TXN0269310,3499.00,,4834910.35
06/03/2024,07/03/2024,NEFT/318384808233/SNEHA PATIL/UTIB0760586/21468788767721,TXN0269311,,18500.00,4853410.35
06/03/2024,06/03/2024,ATM/WDL/477093447958/HDFC ATM KORAMANGALA,TXN0269312,449.00,,4852961.35
06/03/2024,06/03/2024,NEFT/4812695340/DEEPA NAIR/UTIB0760586/29358429315996,TXN0269313,,850.00,4853811.35
06/03/2024,06/03/2024,UPI/CR/5534656599/SURESH NAIR/UTIB0760586/suresh768@paytm,TXN0269314,,2500.00,4856311.35
07/03/2024,07/03/2024,NEFT/9796081316/PADMA RAO/UTIB0760586/87010097343080,TXN0269315,249.00,,4856062.35
07/03/2024,08/03/2024,IMPS/P2P/486671136947/SUSHMA RAO/7007826364,TXN0269316,,18500.00,4874562.35
08/03/2024,08/03/2024,NEFT/3082170196/RAJESH VERMA/UTIB0760586/84311180447170,TXN0269317,,2500.00,4877062.35
08/03/2024,08/03/2024,NEFT/90244148/HARISH MENON/UTIB0760586/13186086097377,TXN0269318,7800.00,,4869262.35
08/03/2024,08/03/2024,ATM/WDL/44047459/SBI ATM JAYANAGAR BLR,TXN0269319,49.00,,4869213.35
08/03/2024,09/03/2024,IMPS/P2P/31072368/RAHUL SINGH/9617169886,TXN0269320,,7600.00,4876813.35
08/03/2024,08/03/2024,CHQ NO 572964 CLEARING,TXN0269321,3499.00,,4873314.35
08/03/2024,08/03/2024,UPI/DR/832307582602/MEENA IYER/UTIB0760586/meena536@okhdfc,TXN0269322,7800.00,,4865514.35
08/03/2024,09/03/2024,NEFT/7067913320/DIVYA MENON/UTIB0760586/25249492595858,TXN0269323,,4800.00,4870314.35
09/03/2024,10/03/2024,CHQ NO 183860 CLEARING,TXN0269324,120.00,,4870194.35
09/03/2024,09/03/2024,NEFT/872449989807/HARISH MENON/UTIB0760586/65603800233967,TXN0269325,,24000.00,4894194.35
09/03/2024,09/03/2024,UPI/DR/76041546/ANITHA KRISHNAN/UTIB0760586/anitha123@oksbi,TXN0269326,2380.00,,4891814.35
10/03/2024,10/03/2024,IMPS/P2P/26336879/RESHMA KHAN/8360373044,TXN0269327,,500.00,4892314.35
10/03/2024,11/03/2024,CHQ NO 295374 CLEARING,TXN0269328,1250.00,,4891064.35
10/03/2024,10/03/2024,NEFT/5271652230/NIKHIL GUPTA/UTIB0760586/33605863205225,TXN0269329,,2500.00,4893564.35
11/03/2024,12/03/2024,UPI/DR/851964836771/RAJENDRA PRASAD/UTIB0760586/rajendra572@okhdfc,TXN0269330,3499.00,,4890065.35
12/03/2024,12/03/2024,NEFT/6968835051/DIVYA MENON/UTIB0760586/43758924139000,TXN0269331,,2500.00,4892565.35
12/03/2024,12/03/2024,IMPS/P2P/760789715769/SANTOSH KUMAR/8983171322,TXN0269332,,18500.00,4911065.35
12/03/2024,12/03/2024,UPI/CR/47607670/NAVEEN KUMAR/UTIB0760586/naveen767@ybl,TXN0269333,,850.00,4911915.35
13/03/2024,13/03/2024,NEFT/4580367076/SAVITHA DEVI/UTIB0760586/35984045498049,TXN0269334,,18500.00,4930415.35
13/03/2024,13/03/2024,CASH DEPOSIT/BRANCH COUNTER/MYSURU MAIN,TXN0269335,,7600.00,4938015.35
13/03/2024,14/03/2024,UPI/DR/7977326254/MOHAN DAS/UTIB0760586/mohan74@okhdfc,TXN0269336,999.00,,4937016.35
13/03/2024,13/03/2024,ATM/WDL/439392937611/HDFC ATM KORAMANGALA,TXN0269337,49.00,,4936967.35
14/03/2024,14/03/2024,UPI/DR/3874786291/PREETHI IYER/UTIB0760586/preethi398@okaxis,TXN0269338,120.00,,4936847.35
15/03/2024,15/03/2024,UPI/DR/31384967/PRAKASH RAO/UTIB0760586/prakash551@okaxis,TXN0269339,120.00,,4936727.35
15/03/2024,15/03/2024,IMPS/P2P/282794698909/NAVEEN KUMAR/9072918536,TXN0269340,,4800.00,4941527.35
15/03/2024,15/03/2024,NEFT/72614836/KAVERI MENON/UTIB0760586/13384132530427,TXN0269341,249.00,,4941278.35
16/03/2024,16/03/2024,ATM/WDL/3495456164/CANARA ATM MYSURU,TXN0269342,310.00,,4940968.35
16/03/2024,16/03/2024,NEFT/1482714065/VIKRAM NAIR/UTIB0760586/68576123879080,TXN0269343,79.00,,4940889.35
16/03/2024,17/03/2024,CASH DEPOSIT/BRANCH COUNTER/MYSURU MAIN,TXN0269344,,4800.00,4945689.35
16/03/2024,16/03/2024,UPI/DR/7587116490/NILESH KULKARNI/UTIB0760586/nilesh876@okhdfc,TXN0269345,1250.00,,4944439.35
17/03/2024,18/03/2024,UPI/DR/4036802205/RAMESH GOWDA/UTIB0760586/ramesh433@okhdfc,TXN0269346,3499.00,,4940940.35
17/03/2024,17/03/2024,NEFT/025010298030/LATHA MURTHY/UTIB0760586/30711712996693,TXN0269347,999.00,,4939941.35
17/03/2024,17/03/2024,NEFT/116246252081/RAJENDRA PRASAD/UTIB0760586/49115059740004,TXN0269348,,18500.00,4958441.35
18/03/2024,18/03/2024,CASH DEPOSIT/BRANCH COUNTER/MYSURU MAIN,TXN0269349,,32000.00,4990441.35
18/03/2024,19/03/2024,CASH DEPOSIT/BRANCH COUNTER/MYSURU MAIN,TXN0269350,,4800.00,4995241.35
18/03/2024,18/03/2024,IMPS/P2P/493495964575/VIKRAM NAIR/8085095471,TXN0269351,,850.00,4996091.35
18/03/2024,18/03/2024,UPI/CR/23797924/SAVITHA DEVI/UTIB0760586/savitha966@okaxis,TXN0269352,,7600.00,5003691.35
19/03/2024,19/03/2024,UPI/CR/2151267842/SANJANA HEGDE/UTIB0760586/sanjana95@oksbi,TXN0269353,,24000.00,5027691.35
19/03/2024,19/03/2024,NEFT/001129512036/SMITHA PILLAI/UTIB0760586/20225995584007,TXN0269354,,850.00,5028541.35
19/03/2024,20/03/2024,UPI/DR/31715368/SUNIL YADAV/UTIB0760586/sunil480@okaxis,TXN0269355,699.00,,5027842.35
19/03/2024,19/03/2024,CASH DEPOSIT/BRANCH COUNTER/MYSURU MAIN,TXN0269356,,11200.00,5039042.35
19/03/2024,19/03/2024,IMPS/P2P/5091899257/RANJIT SINGH/9451907905,TXN0269357,,24000.00,5063042.35
20/03/2024,21/03/2024,UPI/DR/5177685639/KAVYA REDDY/UTIB0760586/kavya80@ybl,TXN0269358,310.00,,5062732.35
20/03/2024,20/03/2024,CASH DEPOSIT/BRANCH COUNTER/MYSURU MAIN,TXN0269359,,2500.00,5065232.35
20/03/2024,20/03/2024,UPI/DR/49096946/KARTHIK MENON/UTIB0760586/karthik616@ybl,TXN0269360,999.00,,5064233.35
20/03/2024,20/03/2024,ATM/WDL/5906223360/SBI ATM JAYANAGAR BLR,TXN0269361,49.00,,5064184.35
20/03/2024,21/03/2024,UPI/DR/29829006/AYESHA KHAN/UTIB0760586/ayesha997@ybl,TXN0269362,249.00,,5063935.35
21/03/2024,21/03/2024,NEFT/8194717137/PRAKASH RAO/UTIB0760586/93120218516736,TXN0269363,,4800.00,5068735.35
21/03/2024,22/03/2024,CHQ NO 214042 CLEARING,TXN0269364,7800.00,,5060935.35
21/03/2024,21/03/2024,UPI/DR/0180895381/LALITHA DEVI/UTIB0760586/lalitha119@okaxis,TXN0269365,249.00,,5060686.35
22/03/2024,23/03/2024,UPI/DR/7151984063/NIKHIL GUPTA/UTIB0760586/nikhil515@paytm,TXN0269366,1680.00,,5059006.35
22/03/2024,22/03/2024,CASH DEPOSIT/BRANCH COUNTER/MYSURU MAIN,TXN0269367,,32000.00,5091006.35
23/03/2024,23/03/2024,ATM/WDL/333416941691/CANARA ATM MYSURU,TXN0269368,310.00,,5090696.35
23/03/2024,23/03/2024,IMPS/P2P/4809567817/SHEELA DEVI/8512472462,TXN0269369,,4800.00,5095496.35
23/03/2024,23/03/2024,UPI/CR/197112268220/RAHUL SINGH/UTIB0760586/rahul645@okhdfc,TXN0269370,,500.00,5095996.35
23/03/2024,23/03/2024,UPI/DR/73504115/KARTHIK MENON/UTIB0760586/karthik127@okhdfc,TXN0269371,249.00,,5095747.35
23/03/2024,24/03/2024,CHQ NO 436322 CLEARING,TXN0269372,3499.00,,5092248.35
24/03/2024,24/03/2024,ATM/WDL/39679357/SBI ATM JAYANAGAR BLR,TXN0269373,120.00,,5092128.35
24/03/2024,24/03/2024,UPI/DR/6064222782/LAKSHMI VENKAT/UTIB0760586/lakshmi283@okaxis,TXN0269374,120.00,,5092008.35
25/03/2024,25/03/2024,CHQ NO 900806 CLEARING,TXN0269375,850.00,,5091158.35
25/03/2024,25/03/2024,IMPS/P2P/2802098938/TANVI RAO/9931607701,TXN0269376,,500.00,5091658.35
25/03/2024,25/03/2024,ATM/WDL/844185417412/HDFC ATM KORAMANGALA,TXN0269377,2380.00,,5089278.35
26/03/2024,27/03/2024,NEFT/8313048620/PADMA RAO/UTIB0760586/94622196939422,TXN0269378,,11200.00,5100478.35
26/03/2024,26/03/2024,NEFT/3534385271/USHA RANI/UTIB0760586/70200520063261,TXN0269379,79.00,,5100399.35
26/03/2024,26/03/2024,IMPS/P2P/8410342991/DIVYA MENON/7720268389,TXN0269380,,4800.00,5105199.35
27/03/2024,27/03/2024,NEFT/03454160/BABU LAL/UTIB0760586/85473190663395,TXN0269381,3499.00,,5101700.35
27/03/2024,27/03/2024,UPI/DR/6361825325/FATIMA SHEIKH/UTIB0760586/fatima335@oksbi,TXN0269382,850.00,,5100850.35
27/03/2024,27/03/2024,NEFT/7054062633/GEETA DEVI/UTIB0760586/25375895092534,TXN0269383,,11200.00,5112050.35
28/03/2024,28/03/2024,UPI/CR/656645746098/VENKAT RAO/UTIB0760586/venkat234@paytm,TXN0269384,,500.00,5112550.35
29/03/2024,29/03/2024,CHQ NO 587173 CLEARING,TXN0269385,699.00,,5111851.35
29/03/2024,29/03/2024,NEFT/39971592/KAVERI MENON/UTIB0760586/06205980505192,TXN0269386,,1200.00,5113051.35
29/03/2024,29/03/2024,UPI/CR/975749427257/VENKAT RAO/UTIB0760586/venkat919@paytm,TXN0269387,,500.00,5113551.35
29/03/2024,29/03/2024,UPI/CR/11321943/NILESH KULKARNI/UTIB0760586/nilesh687@okaxis,TXN0269388,,24000.00,5137551.35
29/03/2024,29/03/2024,UPI/CR/211338331750/KAVERI MENON/UTIB0760586/kaveri384@ybl,TXN0269389,,1200.00,5138751.35
30/03/2024,30/03/2024,NEFT/90739426/FATIMA SHEIKH/UTIB0760586/98241194529955,TXN0269390,120.00,,5138631.35
30/03/2024,31/03/2024,UPI/CR/76983977/RAHUL SINGH/UTIB0760586/rahul390@okhdfc,TXN0269391,,32000.00,5170631.35
30/03/2024,31/03/2024,UPI/DR/23086672/SURESH BABU/UTIB0760586/suresh892@okaxis,TXN0269392,120.00,,5170511.35
31/03/2024,31/03/2024,NEFT/96240471/SAVITHA DEVI/UTIB0760586/18017365082203,TXN0269393,699.00,,5169812.35
31/03/2024,01/04/2024,IMPS/P2P/3820923331/SUNITA DEVI/9004752302,TXN0269394,,4800.00,5174612.35
31/03/2024,31/03/2024,UPI/DR/7618450298/SNEHA PATIL/UTIB0760586/sneha925@okhdfc,TXN0269395,120.00,,5174492.35
31/03/2024,31/03/2024,NEFT/5061885698/KAVYA REDDY/UTIB0760586/85056208873653,TXN0269396,,24000.00,5198492.35
31/03/2024,01/04/2024,UPI/CR/5641127653/VIKRAM NAIR/UTIB0760586/vikram12@oksbi,TXN0269397,,18500.00,5216992.35
01/04/2024,01/04/2024,ATM/WDL/9353279089/SBI ATM JAYANAGAR BLR,TXN0269398,3499.00,,5213493.35
01/04/2024,01/04/2024,UPI/DR/3720946663/NADIA HUSSAIN/UTIB0760586/nadia781@okaxis,TXN0269399,49.00,,5213444.35
01/04/2024,02/04/2024,UPI/CR/741187563668/BABU LAL/UTIB0760586/babu913@okhdfc,TXN0269400,,24000.00,5237444.35
01/04/2024,01/04/2024,UPI/DR/906532807519/KAVERI MENON/UTIB0760586/kaveri744@oksbi,TXN0269401,120.00,,5237324.35
01/04/2024,01/04/2024,ATM/WDL/53272268/HDFC ATM KORAMANGALA,TXN0269402,999.00,,5236325.35
01/04/2024,01/04/2024,CASH DEPOSIT/BRANCH COUNTER/MYSURU MAIN,TXN0269403,,850.00,5237175.35
02/04/2024,02/04/2024,UPI/DR/7845919199/VIKRAM NAIR/UTIB0760586/vikram986@ybl,TXN0269404,120.00,,5237055.35
02/04/2024,02/04/2024,UPI/DR/968398137172/BABU LAL/UTIB0760586/babu523@paytm,TXN0269405,49.00,,5237006.35
02/04/2024,02/04/2024,UPI/DR/298065377593/BINDHU NAIR/UTIB0760586/bindhu374@paytm,TXN0269406,7800.00,,5229206.35
02/04/2024,02/04/2024,ATM/WDL/712097703447/SBI ATM JAYANAGAR BLR,TXN0269407,1680.00,,5227526.35
02/04/2024,02/04/2024,UPI/DR/023025929012/GOPAL VERMA/UTIB0760586/gopal287@okaxis,TXN0269408,3499.00,,5224027.35
02/04/2024,03/04/2024,CHQ NO 273576 CLEARING,TXN0269409,1250.00,,5222777.35
04/04/2024,05/04/2024,NEFT/758266902659/KAVERI MENON/UTIB0760586/37075879822261,TXN0269410,,4800.00,5227577.35
04/04/2024,04/04/2024,NEFT/1084782490/RAVI KUMAR SHARMA/UTIB0760586/05701095041375,TXN0269411,,2500.00,5230077.35
04/04/2024,04/04/2024,UPI/CR/6797735167/VINAY PATIL/UTIB0760586/vinay63@okhdfc,TXN0269412,,4800.00,5234877.35
04/04/2024,04/04/2024,UPI/DR/52145638/GANESH KUMAR/UTIB0760586/ganesh768@ybl,TXN0269413,1250.00,,5233627.35
04/04/2024,05/04/2024,UPI/CR/8625889074/ROHIT SHARMA/UTIB0760586/rohit917@okaxis,TXN0269414,,4800.00,5238427.35
04/04/2024,04/04/2024,UPI/DR/2492865095/NIKHIL GUPTA/UTIB0760586/nikhil953@okhdfc,TXN0269415,249.00,,5238178.35
04/04/2024,04/04/2024,IMPS/P2P/690606551217/ARCHANA PILLAI/7939105429,TXN0269416,,11200.00,5249378.35
05/04/2024,05/04/2024,UPI/DR/29233385/RAJENDRA PRASAD/UTIB0760586/rajendra968@ybl,TXN0269417,79.00,,5249299.35
05/04/2024,05/04/2024,ATM/WDL/46959353/CANARA ATM MYSURU,TXN0269418,49.00,,5249250.35
06/04/2024,07/04/2024,CHQ NO 440168 CLEARING,TXN0269419,49.00,,5249201.35
06/04/2024,07/04/2024,UPI/DR/354521490467/LALITHA DEVI/UTIB0760586/lalitha400@okhdfc,TXN0269420,699.00,,5248502.35
06/04/2024,06/04/2024,NEFT/7172506833/SURESH BABU/UTIB0760586/53193914332749,TXN0269421,,11200.00,5259702.35
07/04/2024,07/04/2024,UPI/DR/8518971431/ADITYA KUMAR/UTIB0760586/aditya666@paytm,TXN0269422,999.00,,5258703.35
07/04/2024,07/04/2024,NEFT/365766312316/ADITYA KUMAR/UTIB0760586/76162666531504,TXN0269423,,1200.00,5259903.35
07/04/2024,08/04/2024,UPI/DR/054690069730/BINDHU NAIR/UTIB0760586/bindhu213@okhdfc,TXN0269424,3499.00,,5256404.35
07/04/2024,08/04/2024,UPI/DR/0821077576/NAVEEN KUMAR/UTIB0760586/naveen768@ybl,TXN0269425,49.00,,5256355.35
07/04/2024,07/04/2024,UPI/DR/94968505/RAMESH GOWDA/UTIB0760586/ramesh672@ybl,TXN0269426,79.00,,5256276.35
08/04/2024,08/04/2024,UPI/CR/581873817085/SANJANA HEGDE/UTIB0760586/sanjana918@ybl,TXN0269427,,2500.00,5258776.35
08/04/2024,09/04/2024,CASH DEPOSIT/BRANCH COUNTER/MYSURU MAIN,TXN0269428,,500.00,5259276.35
08/04/2024,08/04/2024,UPI/DR/3649904308/KAVYA REDDY/UTIB0760586/kavya884@okhdfc,TXN0269429,2380.00,,5256896.35
09/04/2024,10/04/2024,UPI/CR/138058840157/SURESH NAIR/UTIB0760586/suresh835@paytm,TXN0269430,,24000.00,5280896.35
09/04/2024,10/04/2024,CHQ NO 648377 CLEARING,TXN0269431,310.00,,5280586.35
09/04/2024,10/04/2024,UPI/CR/315348611511/RAJENDRA PRASAD/UTIB0760586/rajendra46@ybl,TXN0269432,,4800.00,5285386.35
09/04/2024,09/04/2024,NEFT/9509086446/RAJESH VERMA/UTIB0760586/11322219898919,TXN0269433,2380.00,,5283006.35
10/04/2024,11/04/2024,UPI/DR/070729317253/BINDHU NAIR/UTIB0760586/bindhu439@oksbi,TXN0269434,1250.00,,5281756.35
10/04/2024,10/04/2024,NEFT/9899376733/DEEPA NAIR/UTIB0760586/37624141869774,TXN0269435,310.00,,5281446.35
11/04/2024,11/04/2024,UPI/DR/136538121252/SUNITA DEVI/UTIB0760586/sunita933@okaxis,TXN0269436,999.00,,5280447.35
11/04/2024,12/04/2024,UPI/DR/41309995/NADIA HUSSAIN/UTIB0760586/nadia34@okhdfc,TXN0269437,850.00,,5279597.35
11/04/2024,11/04/2024,UPI/DR/513109900040/SANJANA HEGDE/UTIB0760586/sanjana525@paytm,TXN0269438,1680.00,,5277917.35
11/04/2024,12/04/2024,CHQ NO 780666 CLEARING,TXN0269439,1250.00,,5276667.35
11/04/2024,11/04/2024,NEFT/185797658927/SURESH BABU/UTIB0760586/56914886398542,TXN0269440,120.00,,5276547.35
11/04/2024,12/04/2024,CASH DEPOSIT/BRANCH COUNTER/MYSURU MAIN,TXN0269441,,11200.00,5287747.35
11/04/2024,11/04/2024,UPI/DR/08986430/SHAHID KHAN/UTIB0760586/shahid193@ybl,TXN0269442,310.00,,5287437.35
12/04/2024,12/04/2024,UPI/DR/82408247/KIRAN REDDY/UTIB0760586/kiran404@paytm,TXN0269443,449.00,,5286988.35
12/04/2024,12/04/2024,NEFT/560337329413/NIKHIL GUPTA/UTIB0760586/57647517208345,TXN0269444,7800.00,,5279188.35
12/04/2024,12/04/2024,UPI/DR/22354618/IMRAN KHAN/UTIB0760586/imran93@oksbi,TXN0269445,310.00,,5278878.35
13/04/2024,13/04/2024,UPI/DR/437637975052/FATIMA SHEIKH/UTIB0760586/fatima870@oksbi,TXN0269446,7800.00,,5271078.35
13/04/2024,13/04/2024,CHQ NO 361302 CLEARING,TXN0269447,999.00,,5270079.35
13/04/2024,13/04/2024,UPI/DR/371010144710/MOHAN DAS/UTIB0760586/mohan91@okaxis,TXN0269448,7800.00,,5262279.35
14/04/2024,14/04/2024,NEFT/4685823877/SUSHMA RAO/UTIB0760586/25003244850225,TXN0269449,,500.00,5262779.35
14/04/2024,14/04/2024,UPI/DR/84363373/CHANDAN SHARMA/UTIB0760586/chandan969@ybl,TXN0269450,999.00,,5261780.35
14/04/2024,14/04/2024,NEFT/399034480423/MOHAMMED IRFAN/UTIB0760586/79966004269528,TXN0269451,,850.00,5262630.35
15/04/2024,16/04/2024,NEFT/84503647/MOHAN DAS/UTIB0760586/43779207253840,TXN0269452,5200.00,,5257430.35
16/04/2024,16/04/2024,ATM/WDL/0073170162/SBI ATM JAYANAGAR BLR,TXN0269453,449.00,,5256981.35
16/04/2024,17/04/2024,UPI/CR/45775685/NADIA HUSSAIN/UTIB0760586/nadia218@okhdfc,TXN0269454,,24000.00,5280981.35
16/04/2024,16/04/2024,NEFT/069986026579/RESHMA KHAN/UTIB0760586/37830803957053,TXN0269455,,11200.00,5292181.35
17/04/2024,17/04/2024,ATM/WDL/6059825493/HDFC ATM KORAMANGALA,TXN0269456,850.00,,5291331.35
17/04/2024,17/04/2024,IMPS/P2P/153349698661/SUNIL YADAV/7574911897,TXN0269457,,7600.00,5298931.35
17/04/2024,17/04/2024,NEFT/8352509962/TARA SINGH/UTIB0760586/15646346954921,TXN0269458,310.00,,5298621.35
17/04/2024,17/04/2024,IMPS/P2P/7482803926/ADITYA KUMAR/7467635367,TXN0269459,,850.00,5299471.35
17/04/2024,18/04/2024,NEFT/484589307194/RAHUL SINGH/UTIB0760586/32898488260665,TXN0269460,310.00,,5299161.35
18/04/2024,18/04/2024,CHQ NO 661706 CLEARING,TXN0269461,1680.00,,5297481.35
19/04/2024,20/04/2024,CASH DEPOSIT/BRANCH COUNTER/MYSURU MAIN,TXN0269462,,2500.00,5299981.35
19/04/2024,19/04/2024,CASH DEPOSIT/BRANCH COUNTER/MYSURU MAIN,TXN0269463,,850.00,5300831.35
19/04/2024,19/04/2024,UPI/DR/039745716906/FAILED/TimeOut/Arjun Mehta,TXN0269464,1200.00,,5300831.35
20/04/2024,21/04/2024,UPI/DR/3527771363/MEERA PILLAI/UTIB0760586/meera176@okhdfc,TXN0269465,249.00,,5300582.35
20/04/2024,20/04/2024,CASH DEPOSIT/BRANCH COUNTER/MYSURU MAIN,TXN0269466,,850.00,5301432.35
20/04/2024,21/04/2024,CASH DEPOSIT/BRANCH COUNTER/MYSURU MAIN,TXN0269467,,850.00,5302282.35
21/04/2024,22/04/2024,CASH DEPOSIT/BRANCH COUNTER/MYSURU MAIN,TXN0269468,,2500.00,5304782.35
21/04/2024,21/04/2024,CASH DEPOSIT/BRANCH COUNTER/MYSURU MAIN,TXN0269469,,7600.00,5312382.35
21/04/2024,21/04/2024,CASH DEPOSIT/BRANCH COUNTER/MYSURU MAIN,TXN0269470,,32000.00,5344382.35
22/04/2024,22/04/2024,UPI/CR/6590284299/PRAKASH RAO/UTIB0760586/prakash907@ybl,TXN0269471,,32000.00,5376382.35
22/04/2024,23/04/2024,UPI/CR/45188199/DEEPA NAIR/UTIB0760586/deepa88@okaxis,TXN0269472,,18500.00,5394882.35
23/04/2024,23/04/2024,NEFT/376753488981/MEENA IYER/UTIB0760586/79817745136094,TXN0269473,449.00,,5394433.35
23/04/2024,23/04/2024,NEFT/0288847338/RAMESH GOWDA/UTIB0760586/95409777023119,TXN0269474,449.00,,5393984.35
23/04/2024,24/04/2024,NEFT/71232208/SHEELA DEVI/UTIB0760586/47168868421086,TXN0269475,,850.00,5394834.35
24/04/2024,24/04/2024,UPI/DR/5939796967/VIKRAM NAIR/UTIB0760586/vikram380@okaxis,TXN0269476,120.00,,5394714.35
24/04/2024,24/04/2024,NEFT/7512127521/TARA SINGH/UTIB0760586/90868064782867,TXN0269477,249.00,,5394465.35
25/04/2024,26/04/2024,UPI/CR/896201392382/SUNITA DEVI/UTIB0760586/sunita570@okhdfc,TXN0269478,,24000.00,5418465.35
25/04/2024,25/04/2024,ATM/WDL/1569327307/HDFC ATM KORAMANGALA,TXN0269479,79.00,,5418386.35
26/04/2024,27/04/2024,UPI/DR/4197578500/ARCHANA PILLAI/UTIB0760586/archana726@paytm,TXN0269480,2380.00,,5416006.35
26/04/2024,26/04/2024,UPI/DR/400520064170/SANJANA HEGDE/UTIB0760586/sanjana995@paytm,TXN0269481,999.00,,5415007.35
26/04/2024,27/04/2024,UPI/DR/7797853173/NILESH KULKARNI/UTIB0760586/nilesh119@paytm,TXN0269482,999.00,,5414008.35
26/04/2024,26/04/2024,UPI/DR/087009054303/AYESHA KHAN/UTIB0760586/ayesha44@okhdfc,TXN0269483,449.00,,5413559.35
26/04/2024,27/04/2024,UPI/DR/632539152917/RAHUL SINGH/UTIB0760586/rahul835@oksbi,TXN0269484,7800.00,,5405759.35
27/04/2024,27/04/2024,CHQ NO 748073 CLEARING,TXN0269485,249.00,,5405510.35
27/04/2024,27/04/2024,UPI/DR/112443363437/LAKSHMI VENKAT/UTIB0760586/lakshmi993@okhdfc,TXN0269486,699.00,,5404811.35
27/04/2024,27/04/2024,UPI/DR/478670059495/RANJIT SINGH/UTIB0760586/ranjit392@oksbi,TXN0269487,5200.00,,5399611.35
28/04/2024,28/04/2024,UPI/DR/23051632/SNEHA PATIL/UTIB0760586/sneha945@paytm,TXN0269488,2380.00,,5397231.35
28/04/2024,28/04/2024,IMPS/P2P/3614469380/ANAND KUMAR/7493566914,TXN0269489,,24000.00,5421231.35
28/04/2024,28/04/2024,UPI/DR/8291767224/SUNITA DEVI/UTIB0760586/sunita479@ybl,TXN0269490,699.00,,5420532.35
29/04/2024,30/04/2024,UPI/DR/19723092/SHEELA DEVI/UTIB0760586/sheela971@ybl,TXN0269491,5200.00,,5415332.35
29/04/2024,29/04/2024,UPI/DR/9269819891/TARA SINGH/UTIB0760586/tara842@ybl,TXN0269492,1250.00,,5414082.35
30/04/2024,30/04/2024,IMPS/P2P/981515496698/NAVEEN KUMAR/8571403184,TXN0269493,,1200.00,5415282.35
30/04/2024,30/04/2024,UPI/CR/80704363/SHAHID KHAN/UTIB0760586/shahid776@oksbi,TXN0269494,,18500.00,5433782.35
01/05/2024,01/05/2024,NEFT/3743982837/MEENA IYER/UTIB0760586/60809264139510,TXN0269495,,850.00,5434632.35
01/05/2024,01/05/2024,UPI/DR/476543540253/HARISH MENON/UTIB0760586/harish738@ybl,TXN0269496,249.00,,5434383.35
01/05/2024,01/05/2024,UPI/DR/56590076/SURESH BABU/UTIB0760586/suresh485@ybl,TXN0269497,49.00,,5434334.35
01/05/2024,01/05/2024,UPI/DR/4472621954/MALLIKA DAS/UTIB0760586/mallika542@okaxis,TXN0269498,3499.00,,5430835.35
01/05/2024,01/05/2024,UPI/CR/3903323813/NAVEEN KUMAR/UTIB0760586/naveen328@okhdfc,TXN0269499,,500.00,5431335.35
02/05/2024,02/05/2024,NEFT/205287859823/RESHMA KHAN/UTIB0760586/87763103919674,TXN0269500,7800.00,,5423535.35
02/05/2024,03/05/2024,UPI/CR/255307960612/FATIMA SHEIKH/UTIB0760586/fatima166@ybl,TXN0269501,,500.00,5424035.35
03/05/2024,04/05/2024,UPI/DR/212229296362/PRIYA NAIR/UTIB0760586/priya788@okhdfc,TXN0269502,7800.00,,5416235.35
03/05/2024,03/05/2024,UPI/DR/779429432035/TANVI RAO/UTIB0760586/tanvi330@okaxis,TXN0269503,1680.00,,5414555.35
04/05/2024,04/05/2024,UPI/DR/68248719/MEENA IYER/UTIB0760586/meena537@oksbi,TXN0269504,5200.00,,5409355.35
04/05/2024,04/05/2024,NEFT/9940568931/GEETA DEVI/UTIB0760586/74715167570664,TXN0269505,2380.00,,5406975.35
05/05/2024,06/05/2024,ATM/WDL/727323271419/CANARA ATM MYSURU,TXN0269506,249.00,,5406726.35
06/05/2024,06/05/2024,CHQ NO 892728 CLEARING,TXN0269507,2380.00,,5404346.35
07/05/2024,08/05/2024,UPI/DR/325103358923/LALITHA DEVI/UTIB0760586/lalitha694@paytm,TXN0269508,699.00,,5403647.35
07/05/2024,07/05/2024,UPI/DR/633934174020/RAJENDRA PRASAD/UTIB0760586/rajendra577@paytm,TXN0269509,999.00,,5402648.35
07/05/2024,07/05/2024,CHQ NO 588258 CLEARING,TXN0269510,1250.00,,5401398.35
08/05/2024,08/05/2024,UPI/DR/93681340/ARCHANA PILLAI/UTIB0760586/archana992@okhdfc,TXN0269511,2380.00,,5399018.35
08/05/2024,08/05/2024,UPI/DR/083391953629/LATHA MURTHY/UTIB0760586/latha458@paytm,TXN0269512,449.00,,5398569.35
08/05/2024,09/05/2024,NEFT/952730438978/FARHAN KHAN/UTIB0760586/26085553384146,TXN0269513,,500.00,5399069.35
08/05/2024,08/05/2024,UPI/DR/76987394/GOPAL VERMA/UTIB0760586/gopal30@oksbi,TXN0269514,1250.00,,5397819.35
08/05/2024,08/05/2024,ATM/WDL/43805374/HDFC ATM KORAMANGALA,TXN0269515,1250.00,,5396569.35
09/05/2024,10/05/2024,UPI/DR/22325798/SUNITA DEVI/UTIB0760586/sunita10@oksbi,TXN0269516,120.00,,5396449.35
09/05/2024,09/05/2024,CASH DEPOSIT/BRANCH COUNTER/MYSURU MAIN,TXN0269517,,18500.00,5414949.35
09/05/2024,09/05/2024,UPI/DR/80914205/RANJIT SINGH/UTIB0760586/ranjit570@ybl,TXN0269518,310.00,,5414639.35
09/05/2024,09/05/2024,IMPS/P2P/6284426010/HARISH MENON/9437927436,TXN0269519,,1200.00,5415839.35
09/05/2024,10/05/2024,NEFT/9769754576/ANAND KUMAR/UTIB0760586/49857297223883,TXN0269520,,32000.00,5447839.35
09/05/2024,10/05/2024,UPI/CR/42547198/FARHAN KHAN/UTIB0760586/farhan692@okaxis,TXN0269521,,500.00,5448339.35
09/05/2024,09/05/2024,NEFT/754937687280/ADITYA KUMAR/UTIB0760586/33392359921755,TXN0269522,5200.00,,5443139.35
10/05/2024,11/05/2024,UPI/DR/863890343831/ARUN SHARMA/UTIB0760586/arun344@okaxis,TXN0269523,2380.00,,5440759.35
10/05/2024,10/05/2024,UPI/DR/15429336/PRIYA NAIR/UTIB0760586/priya945@okaxis,TXN0269524,1250.00,,5439509.35
11/05/2024,11/05/2024,ATM/WDL/10734974/SBI ATM JAYANAGAR BLR,TXN0269525,49.00,,5439460.35
11/05/2024,11/05/2024,UPI/DR/6091329188/PRAKASH RAO/UTIB0760586/prakash931@paytm,TXN0269526,120.00,,5439340.35
11/05/2024,11/05/2024,CASH DEPOSIT/BRANCH COUNTER/MYSURU MAIN,TXN0269527,,2500.00,5441840.35
12/05/2024,12/05/2024,ATM/WDL/9061067133/SBI ATM JAYANAGAR BLR,TXN0269528,7800.00,,5434040.35
13/05/2024,14/05/2024,UPI/CR/910738584863/SMITHA PILLAI/UTIB0760586/smitha157@okhdfc,TXN0269529,,18500.00,5452540.35
13/05/2024,14/05/2024,UPI/DR/5974277145/DEEPA NAIR/UTIB0760586/deepa202@ybl,TXN0269530,310.00,,5452230.35
13/05/2024,13/05/2024,NEFT/21076796/GEETA DEVI/UTIB0760586/66238577425224,TXN0269531,,18500.00,5470730.35
13/05/2024,13/05/2024,UPI/DR/47051136/PREETHI IYER/UTIB0760586/preethi790@paytm,TXN0269532,1680.00,,5469050.35
13/05/2024,13/05/2024,NEFT/3092358005/NILESH KULKARNI/UTIB0760586/98564875961837,TXN0269533,,1200.00,5470250.35
13/05/2024,13/05/2024,CASH DEPOSIT/BRANCH COUNTER/MYSURU MAIN,TXN0269534,,18500.00,5488750.35
13/05/2024,13/05/2024,UPI/CR/68143982/HARISH MENON/UTIB0760586/harish541@oksbi,TXN0269535,,2500.00,5491250.35
14/05/2024,15/05/2024,ATM/WDL/031163160828/HDFC ATM KORAMANGALA,TXN0269536,310.00,,5490940.35
14/05/2024,14/05/2024,CASH DEPOSIT/BRANCH COUNTER/MYSURU MAIN,TXN0269537,,2500.00,5493440.35
15/05/2024,15/05/2024,UPI/CR/0471013198/ARUN SHARMA/UTIB0760586/arun656@ybl,TXN0269538,,4800.00,5498240.35
15/05/2024,16/05/2024,UPI/DR/62643938/RAVI KUMAR SHARMA/UTIB0760586/ravi211@paytm,TXN0269539,2380.00,,5495860.35
15/05/2024,15/05/2024,UPI/CR/6240438212/DEEPA NAIR/UTIB0760586/deepa448@okhdfc,TXN0269540,,4800.00,5500660.35
15/05/2024,15/05/2024,UPI/DR/1370662442/NADIA HUSSAIN/UTIB0760586/nadia736@okhdfc,TXN0269541,79.00,,5500581.35
16/05/2024,17/05/2024,NEFT/2999189309/SANJANA HEGDE/UTIB0760586/11751797261750,TXN0269542,,18500.00,5519081.35
16/05/2024,16/05/2024,NEFT/25556260/USHA RANI/UTIB0760586/99189993485464,TXN0269543,120.00,,5518961.35
16/05/2024,17/05/2024,CASH DEPOSIT/BRANCH COUNTER/MYSURU MAIN,TXN0269544,,4800.00,5523761.35
16/05/2024,16/05/2024,UPI/DR/31519645/MEERA PILLAI/UTIB0760586/meera424@oksbi,TXN0269545,1680.00,,5522081.35
16/05/2024,17/05/2024,ATM/WDL/899649080062/HDFC ATM KORAMANGALA,TXN0269546,449.00,,5521632.35
16/05/2024,16/05/2024,IMPS/P2P/4967264065/RAJENDRA PRASAD/7005797434,TXN0269547,,32000.00,5553632.35
17/05/2024,17/05/2024,IMPS/P2P/47996486/RAMESH GOWDA/7652313408,TXN0269548,,4800.00,5558432.35
17/05/2024,17/05/2024,UPI/CR/12649310/RAVI KUMAR SHARMA/UTIB0760586/ravi979@okaxis,TXN0269549,,11200.00,5569632.35
17/05/2024,17/05/2024,NEFT/662542425952/RAHUL SINGH/UTIB0760586/87601297194027,TXN0269550,,500.00,5570132.35
17/05/2024,18/05/2024,ATM/WDL/92235722/SBI ATM JAYANAGAR BLR,TXN0269551,850.00,,5569282.35
17/05/2024,17/05/2024,IMPS/P2P/73417533/FARHAN KHAN/7802090642,TXN0269552,,2500.00,5571782.35
18/05/2024,18/05/2024,UPI/CR/70794261/KARTHIK MENON/UTIB0760586/karthik954@okaxis,TXN0269553,,24000.00,5595782.35
20/05/2024,21/05/2024,UPI/CR/7475936650/PADMA RAO/UTIB0760586/padma322@okaxis,TXN0269554,,18500.00,5614282.35
20/05/2024,21/05/2024,NEFT/90656082/MOHAMMED IRFAN/UTIB0760586/26662003918062,TXN0269555,,500.00,5614782.35
20/05/2024,21/05/2024,UPI/DR/3642784006/SUSHMA RAO/UTIB0760586/sushma871@paytm,TXN0269556,1680.00,,5613102.35
20/05/2024,20/05/2024,NEFT/7139562080/KIRAN REDDY/UTIB0760586/90022297339537,TXN0269557,79.00,,5613023.35
20/05/2024,21/05/2024,CASH DEPOSIT/BRANCH COUNTER/MYSURU MAIN,TXN0269558,,500.00,5613523.35
20/05/2024,21/05/2024,CASH DEPOSIT/BRANCH COUNTER/MYSURU MAIN,TXN0269559,,2500.00,5616023.35
21/05/2024,21/05/2024,ATM/WDL/631638627591/CANARA ATM MYSURU,TXN0269560,1680.00,,5614343.35
21/05/2024,21/05/2024,NEFT/7493581966/DEEPAK JOSHI/UTIB0760586/68642425533706,TXN0269561,,2500.00,5616843.35
21/05/2024,21/05/2024,NEFT/33950864/NAVEEN KUMAR/UTIB0760586/43434847062349,TXN0269562,699.00,,5616144.35
21/05/2024,21/05/2024,CASH DEPOSIT/BRANCH COUNTER/MYSURU MAIN,TXN0269563,,1200.00,5617344.35
22/05/2024,22/05/2024,CHQ NO 083258 CLEARING,TXN0269564,850.00,,5616494.35
22/05/2024,22/05/2024,IMPS/P2P/233986313162/MOHAN DAS/8723903310,TXN0269565,,4800.00,5621294.35
23/05/2024,23/05/2024,ATM/WDL/3118782322/HDFC ATM KORAMANGALA,TXN0269566,999.00,,5620295.35
23/05/2024,23/05/2024,UPI/DR/5698675897/RAHUL SINGH/UTIB0760586/rahul233@oksbi,TXN0269567,5200.00,,5615095.35
23/05/2024,23/05/2024,ATM/WDL/484393246500/CANARA ATM MYSURU,TXN0269568,120.00,,5614975.35
23/05/2024,24/05/2024,IMPS/P2P/244028362099/RAVI KUMAR SHARMA/9795349887,TXN0269569,,2500.00,5617475.35
24/05/2024,24/05/2024,IMPS/P2P/49311688/RANJIT SINGH/9523960558,TXN0269570,,2500.00,5619975.35
24/05/2024,24/05/2024,CHQ NO 133242 CLEARING,TXN0269571,999.00,,5618976.35
24/05/2024,25/05/2024,UPI/DR/38302904/ROHIT SHARMA/UTIB0760586/rohit236@okhdfc,TXN0269572,699.00,,5618277.35
24/05/2024,24/05/2024,UPI/DR/090812416070/NADIA HUSSAIN/UTIB0760586/nadia676@paytm,TXN0269573,5200.00,,5613077.35
25/05/2024,26/05/2024,UPI/DR/8126010238/ARCHANA PILLAI/UTIB0760586/archana661@okaxis,TXN0269574,999.00,,5612078.35
25/05/2024,25/05/2024,UPI/DR/850457261049/KAVYA REDDY/UTIB0760586/kavya186@paytm,TXN0269575,850.00,,5611228.35
26/05/2024,26/05/2024,UPI/DR/610151087370/AYESHA KHAN/UTIB0760586/ayesha244@paytm,TXN0269576,79.00,,5611149.35
27/05/2024,27/05/2024,UPI/CR/33362114/KAVYA REDDY/UTIB0760586/kavya23@oksbi,TXN0269577,,24000.00,5635149.35
27/05/2024,27/05/2024,NEFT/05169215/PRIYA NAIR/UTIB0760586/02317712187721,TXN0269578,7800.00,,5627349.35
28/05/2024,28/05/2024,UPI/DR/311430335124/FARHAN KHAN/UTIB0760586/farhan351@okaxis,TXN0269579,120.00,,5627229.35
29/05/2024,29/05/2024,IMPS/P2P/4362019194/KAVITHA RAO/8261348923,TXN0269580,,7600.00,5634829.35
29/05/2024,30/05/2024,UPI/DR/667375621412/SHAHID KHAN/UTIB0760586/shahid320@ybl,TXN0269581,999.00,,5633830.35
30/05/2024,31/05/2024,IMPS/P2P/980542305518/PRAKASH RAO/7559876369,TXN0269582,,18500.00,5652330.35
30/05/2024,30/05/2024,UPI/DR/539240639511/GEETA DEVI/UTIB0760586/geeta261@ybl,TXN0269583,699.00,,5651631.35
30/05/2024,30/05/2024,CHQ NO 664936 CLEARING,TXN0269584,5200.00,,5646431.35
31/05/2024,31/05/2024,UPI/DR/5943446678/RAMESH PILLAI/UTIB0760586/ramesh302@oksbi,TXN0269585,449.00,,5645982.35
31/05/2024,31/05/2024,IMPS/P2P/2717642435/ROHIT SHARMA/7138534578,TXN0269586,,32000.00,5677982.35
31/05/2024,31/05/2024,ATM/WDL/16113822/CANARA ATM MYSURU,TXN0269587,79.00,,5677903.35
31/05/2024,01/06/2024,IMPS/P2P/780742505269/KAVITHA RAO/9686860250,TXN0269588,,7600.00,5685503.35
01/06/2024,02/06/2024,IMPS/P2P/92761221/NADIA HUSSAIN/9831165532,TXN0269589,,18500.00,5704003.35
01/06/2024,01/06/2024,CASH DEPOSIT/BRANCH COUNTER/MYSURU MAIN,TXN0269590,,7600.00,5711603.35
02/06/2024,03/06/2024,UPI/DR/1197358249/FATIMA SHEIKH/UTIB0760586/fatima207@paytm,TXN0269591,120.00,,5711483.35
02/06/2024,03/06/2024,IMPS/P2P/8599680742/SURESH BABU/7564187011,TXN0269592,,4800.00,5716283.35
02/06/2024,02/06/2024,CHQ NO 033491 CLEARING,TXN0269593,310.00,,5715973.35
03/06/2024,03/06/2024,UPI/CR/2120838873/VIKRAM NAIR/UTIB0760586/vikram694@oksbi,TXN0269594,,24000.00,5739973.35
03/06/2024,03/06/2024,UPI/DR/8482358600/RAMESH GOWDA/UTIB0760586/ramesh925@okaxis,TXN0269595,1680.00,,5738293.35
04/06/2024,04/06/2024,UPI/DR/96314797/RAHUL SINGH/UTIB0760586/rahul403@ybl,TXN0269596,1680.00,,5736613.35
04/06/2024,04/06/2024,ATM/WDL/84598556/HDFC ATM KORAMANGALA,TXN0269597,850.00,,5735763.35
05/06/2024,05/06/2024,UPI/CR/9413212586/RANJIT SINGH/UTIB0760586/ranjit354@paytm,TXN0269598,,7600.00,5743363.35
05/06/2024,05/06/2024,NEFT/48589690/PREETHI IYER/UTIB0760586/71420833255086,TXN0269599,49.00,,5743314.35
06/06/2024,06/06/2024,UPI/DR/7918324586/RAMESH GOWDA/UTIB0760586/ramesh730@okhdfc,TXN0269600,120.00,,5743194.35
06/06/2024,06/06/2024,CASH DEPOSIT/BRANCH COUNTER/MYSURU MAIN,TXN0269601,,850.00,5744044.35
07/06/2024,08/06/2024,UPI/DR/583112512256/DIVYA MENON/UTIB0760586/divya954@ybl,TXN0269602,7800.00,,5736244.35
08/06/2024,08/06/2024,IMPS/P2P/30826063/KAVYA REDDY/8903832649,TXN0269603,,18500.00,5754744.35
08/06/2024,08/06/2024,NEFT/21225997/SAVITHA DEVI/UTIB0760586/75579779308530,TXN0269604,,2500.00,5757244.35
09/06/2024,09/06/2024,UPI/DR/941454261265/SAVITHA DEVI/UTIB0760586/savitha173@oksbi,TXN0269605,5200.00,,5752044.35
09/06/2024,10/06/2024,CHQ NO 256600 CLEARING,TXN0269606,310.00,,5751734.35
09/06/2024,09/06/2024,NEFT/754867825345/NILESH KULKARNI/UTIB0760586/30171405118434,TXN0269607,,500.00,5752234.35
09/06/2024,09/06/2024,UPI/DR/1147815006/HARISH MENON/UTIB0760586/harish374@okhdfc,TXN0269608,5200.00,,5747034.35
10/06/2024,10/06/2024,UPI/DR/611088396714/POOJA SHARMA/UTIB0760586/pooja267@okaxis,TXN0269609,850.00,,5746184.35
10/06/2024,10/06/2024,UPI/DR/944408737511/MOHAN DAS/UTIB0760586/mohan718@oksbi,TXN0269610,79.00,,5746105.35
10/06/2024,10/06/2024,UPI/DR/20519394/KIRAN REDDY/UTIB0760586/kiran863@okaxis,TXN0269611,2380.00,,5743725.35
10/06/2024,11/06/2024,NEFT/749373100156/SANTOSH KUMAR/UTIB0760586/24013782228118,TXN0269612,850.00,,5742875.35
11/06/2024,11/06/2024,IMPS/P2P/36251576/DEEPAK JOSHI/8857934423,TXN0269613,,24000.00,5766875.35
11/06/2024,11/06/2024,CASH DEPOSIT/BRANCH COUNTER/MYSURU MAIN,TXN0269614,,4800.00,5771675.35
12/06/2024,12/06/2024,ATM/WDL/41751084/SBI ATM JAYANAGAR BLR,TXN0269615,49.00,,5771626.35
12/06/2024,12/06/2024,UPI/DR/034343387276/SUNITA DEVI/UTIB0760586/sunita788@ybl,TXN0269616,3499.00,,5768127.35
12/06/2024,12/06/2024,UPI/CR/2597851619/DIVYA MENON/UTIB0760586/divya35@okaxis,TXN0269617,,500.00,5768627.35
12/06/2024,13/06/2024,NEFT/5081390138/NAVEEN KUMAR/UTIB0760586/77811047310948,TXN0269618,120.00,,5768507.35
13/06/2024,13/06/2024,UPI/DR/8364884363/RESHMA KHAN/UTIB0760586/reshma212@oksbi,TXN0269619,1250.00,,5767257.35
13/06/2024,13/06/2024,CASH DEPOSIT/BRANCH COUNTER/MYSURU MAIN,TXN0269620,,11200.00,5778457.35
13/06/2024,13/06/2024,NEFT/38955972/DEEPAK JOSHI/UTIB0760586/99829500872740,TXN0269621,449.00,,5778008.35
13/06/2024,13/06/2024,NEFT/128205977663/FARHAN KHAN/UTIB0760586/59326320132257,TXN0269622,310.00,,5777698.35
14/06/2024,14/06/2024,NEFT/8722478819/ARJUN MEHTA/UTIB0760586/05954517136338,TXN0269623,3499.00,,5774199.35
15/06/2024,15/06/2024,UPI/DR/79717670/RAMESH PILLAI/UTIB0760586/ramesh742@oksbi,TXN0269624,699.00,,5773500.35
15/06/2024,16/06/2024,UPI/DR/5282796651/AYESHA KHAN/UTIB0760586/ayesha319@ybl,TXN0269625,1250.00,,5772250.35
17/06/2024,17/06/2024,CHQ NO 483705 CLEARING,TXN0269626,310.00,,5771940.35
17/06/2024,17/06/2024,UPI/CR/1819438612/LALITHA DEVI/UTIB0760586/lalitha906@okhdfc,TXN0269627,,32000.00,5803940.35
17/06/2024,17/06/2024,ATM/WDL/563558333980/CANARA ATM MYSURU,TXN0269628,1250.00,,5802690.35
17/06/2024,17/06/2024,UPI/DR/927874067153/MEENA IYER/UTIB0760586/meena710@okhdfc,TXN0269629,1250.00,,5801440.35
17/06/2024,17/06/2024,UPI/DR/7890222311/RAMESH PILLAI/UTIB0760586/ramesh389@ybl,TXN0269630,699.00,,5800741.35
18/06/2024,18/06/2024,ATM/WDL/19241398/CANARA ATM MYSURU,TXN0269631,850.00,,5799891.35
18/06/2024,19/06/2024,UPI/CR/280970076071/RAJENDRA PRASAD/UTIB0760586/rajendra882@ybl,TXN0269632,,1200.00,5801091.35
18/06/2024,18/06/2024,UPI/CR/802724505926/GANESH KUMAR/UTIB0760586/ganesh14@okhdfc,TXN0269633,,850.00,5801941.35
18/06/2024,19/06/2024,UPI/DR/35921174/ARCHANA PILLAI/UTIB0760586/archana498@paytm,TXN0269634,850.00,,5801091.35
18/06/2024,18/06/2024,CASH DEPOSIT/BRANCH COUNTER/MYSURU MAIN,TXN0269635,,11200.00,5812291.35
18/06/2024,18/06/2024,UPI/DR/3096572932/MEENA IYER/UTIB0760586/meena34@oksbi,TXN0269636,310.00,,5811981.35
19/06/2024,20/06/2024,NEFT/3587756396/RAHUL SINGH/UTIB0760586/17604407331681,TXN0269637,,24000.00,5835981.35
20/06/2024,21/06/2024,CHQ NO 081147 CLEARING,TXN0269638,699.00,,5835282.35
21/06/2024,22/06/2024,CASH DEPOSIT/BRANCH COUNTER/MYSURU MAIN,TXN0269639,,500.00,5835782.35
21/06/2024,21/06/2024,CASH DEPOSIT/BRANCH COUNTER/MYSURU MAIN,TXN0269640,,24000.00,5859782.35
21/06/2024,21/06/2024,UPI/CR/08917054/MALLIKA DAS/UTIB0760586/mallika102@paytm,TXN0269641,,4800.00,5864582.35
22/06/2024,22/06/2024,UPI/DR/314073256003/RAVI KUMAR SHARMA/UTIB0760586/ravi745@okaxis,TXN0269642,120.00,,5864462.35
22/06/2024,22/06/2024,CHQ NO 502322 CLEARING,TXN0269643,850.00,,5863612.35
23/06/2024,23/06/2024,UPI/DR/623830926724/DEEPAK JOSHI/UTIB0760586/deepak979@oksbi,TXN0269644,5200.00,,5858412.35
23/06/2024,24/06/2024,CASH DEPOSIT/BRANCH COUNTER/MYSURU MAIN,TXN0269645,,32000.00,5890412.35
23/06/2024,24/06/2024,UPI/DR/84271152/SMITHA PILLAI/UTIB0760586/smitha931@okaxis,TXN0269646,249.00,,5890163.35
23/06/2024,24/06/2024,ATM/WDL/79030576/HDFC ATM KORAMANGALA,TXN0269647,5200.00,,5884963.35
24/06/2024,24/06/2024,IMPS/P2P/366994793145/SANTOSH KUMAR/7965490634,TXN0269648,,18500.00,5903463.35
24/06/2024,24/06/2024,UPI/DR/295286804427/FATIMA SHEIKH/UTIB0760586/fatima181@paytm,TXN0269649,2380.00,,5901083.35
25/06/2024,25/06/2024,UPI/CR/40887168/USHA RANI/UTIB0760586/usha192@paytm,TXN0269650,,4800.00,5905883.35
25/06/2024,25/06/2024,CASH DEPOSIT/BRANCH COUNTER/MYSURU MAIN,TXN0269651,,500.00,5906383.35
25/06/2024,25/06/2024,CHQ NO 246165 CLEARING,TXN0269652,79.00,,5906304.35
25/06/2024,25/06/2024,IMPS/P2P/73930538/DIVYA MENON/7205033471,TXN0269653,,32000.00,5938304.35
26/06/2024,26/06/2024,UPI/DR/92739407/USHA RANI/UTIB0760586/usha431@oksbi,TXN0269654,310.00,,5937994.35
26/06/2024,27/06/2024,UPI/DR/13478869/BINDHU NAIR/UTIB0760586/bindhu42@paytm,TXN0269655,999.00,,5936995.35
27/06/2024,28/06/2024,UPI/CR/14828774/VINAY PATIL/UTIB0760586/vinay172@okaxis,TXN0269656,,850.00,5937845.35
27/06/2024,27/06/2024,IMPS/P2P/9899078392/VIKRAM NAIR/9938623584,TXN0269657,,4800.00,5942645.35
27/06/2024,27/06/2024,UPI/DR/82456302/DEEPA NAIR/UTIB0760586/deepa717@ybl,TXN0269658,120.00,,5942525.35
27/06/2024,27/06/2024,NEFT/07513224/PADMA RAO/UTIB0760586/61838227618187,TXN0269659,5200.00,,5937325.35
28/06/2024,29/06/2024,UPI/CR/4266738625/SURESH NAIR/UTIB0760586/suresh826@paytm,TXN0269660,,11200.00,5948525.35
28/06/2024,28/06/2024,UPI/CR/582745797876/MEENA IYER/UTIB0760586/meena307@okaxis,TXN0269661,,7600.00,5956125.35
28/06/2024,29/06/2024,UPI/DR/22711008/SURESH NAIR/UTIB0760586/suresh559@oksbi,TXN0269662,5200.00,,5950925.35
28/06/2024,28/06/2024,UPI/CR/919417481295/GEETA DEVI/UTIB0760586/geeta884@oksbi,TXN0269663,,1200.00,5952125.35
29/06/2024,29/06/2024,UPI/DR/23976994/SHEELA DEVI/UTIB0760586/sheela401@paytm,TXN0269664,249.00,,5951876.35
29/06/2024,29/06/2024,CASH DEPOSIT/BRANCH COUNTER/MYSURU MAIN,TXN0269665,,500.00,5952376.35
29/06/2024,29/06/2024,CASH DEPOSIT/BRANCH COUNTER/MYSURU MAIN,TXN0269666,,18500.00,5970876.35
30/06/2024,01/07/2024,UPI/DR/166874201321/ANITHA KRISHNAN/UTIB0760586/anitha779@ybl,TXN0269667,449.00,,5970427.35
30/06/2024,30/06/2024,CASH DEPOSIT/BRANCH COUNTER/MYSURU MAIN,TXN0269668,,4800.00,5975227.35
