Date,Narration,Ref,Withdrawal,Deposit,Balance
01/08/2022,UPI/CR/3711223317/NAVEEN KUMAR/KKBK0283526/naveen484@oksbi,TXN0273534,,24000.00,283527.50
01/08/2022,UPI/DR/0308714832/RESHMA KHAN/KKBK0283526/reshma657@okhdfc,TXN0273535,999.00,,282528.50
02/08/2022,UPI/DR/23166851/KIRAN REDDY/KKBK0283526/kiran217@okhdfc,TXN0273536,249.00,,282279.50
02/08/2022,CHQ NO 492984 CLEARING,TXN0273537,449.00,,281830.50
02/08/2022,NEFT/039501895095/ROHIT SHARMA/KKBK0283526/85920745162970,TXN0273538,449.00,,281381.50
03/08/2022,UPI/CR/579565373562/FATIMA SHEIKH/KKBK0283526/fatima527@okaxis,TXN0273539,,11200.00,292581.50
03/08/2022,IMPS/P2P/848537662236/ANAND KUMAR/8451294685,TXN0273540,,4800.00,297381.50
03/08/2022,CHQ NO 910466 CLEARING,TXN0273541,1680.00,,295701.50
03/08/2022,CASH DEPOSIT/BRANCH COUNTER/PUNE CAMP,TXN0273542,,850.00,296551.50
04/08/2022,NEFT/10528731/FATIMA SHEIKH/KKBK0283526/80106730879527,TXN0273543,,11200.00,307751.50
04/08/2022,CASH DEPOSIT/BRANCH COUNTER/PUNE CAMP,TXN0273544,,32000.00,339751.50
04/08/2022,NEFT/238103167012/TARA SINGH/KKBK0283526/39381951171626,TXN0273545,249.00,,339502.50
05/08/2022,UPI/DR/2598606018/SUNITA DEVI/KKBK0283526/sunita156@paytm,TXN0273546,1680.00,,337822.50
05/08/2022,IMPS/P2P/598728035960/SHAHID KHAN/7669488257,TXN0273547,,18500.00,356322.50
05/08/2022,NEFT/9109829302/RAMESH PILLAI/KKBK0283526/59642989055361,TXN0273548,,24000.00,380322.50
06/08/2022,CASH DEPOSIT/BRANCH COUNTER/PUNE CAMP,TXN0273549,,1200.00,381522.50
06/08/2022,UPI/DR/8071816084/TARA SINGH/KKBK0283526/tara758@oksbi,TXN0273550,310.00,,381212.50
06/08/2022,NEFT/370280510021/BABU LAL/KKBK0283526/80258643154854,TXN0273551,,7600.00,388812.50
07/08/2022,ATM/WDL/884631978436/HDFC ATM KORAMANGALA,TXN0273552,1680.00,,387132.50
08/08/2022,ATM/WDL/524552306738/CANARA ATM MYSURU,TXN0273553,850.00,,386282.50
09/08/2022,ATM/WDL/60380344/SBI ATM JAYANAGAR BLR,TXN0273554,79.00,,386203.50
09/08/2022,UPI/DR/61553753/GANESH KUMAR/KKBK0283526/ganesh701@ybl,TXN0273555,249.00,,385954.50
09/08/2022,UPI/DR/1999997367/RAVI KUMAR SHARMA/KKBK0283526/ravi364@paytm,TXN0273556,5200.00,,380754.50
09/08/2022,ATM/WDL/35036902/CANARA ATM MYSURU,TXN0273557,1250.00,,379504.50
09/08/2022,NEFT/680457519077/TARA SINGH/KKBK0283526/79362048408666,TXN0273558,3499.00,,376005.50
09/08/2022,IMPS/P2P/1841233093/KAVYA REDDY/7199210819,TXN0273559,,850.00,376855.50
09/08/2022,NEFT/82163926/SHEELA DEVI/KKBK0283526/23491828568608,TXN0273560,,24000.00,400855.50
09/08/2022,NEFT/886952374978/PRIYA NAIR/KKBK0283526/20354210955078,TXN0273561,1680.00,,399175.50
10/08/2022,CASH DEPOSIT/BRANCH COUNTER/PUNE CAMP,TXN0273562,,2500.00,401675.50
10/08/2022,UPI/DR/729808452175/ARJUN MEHTA/KKBK0283526/arjun795@okhdfc,TXN0273563,850.00,,400825.50
11/08/2022,UPI/DR/365438204558/NAVEEN KUMAR/KKBK0283526/naveen235@ybl,TXN0273564,999.00,,399826.50
12/08/2022,ATM/WDL/1971056486/HDFC ATM KORAMANGALA,TXN0273565,5200.00,,394626.50
12/08/2022,UPI/CR/641056570453/SANTOSH KUMAR/KKBK0283526/santosh968@oksbi,TXN0273566,,18500.00,413126.50
12/08/2022,UPI/DR/183998037362/PREETHI IYER/KKBK0283526/preethi665@ybl,TXN0273567,7800.00,,405326.50
12/08/2022,UPI/DR/411882561691/BINDHU NAIR/KKBK0283526/bindhu697@okaxis,TXN0273568,7800.00,,397526.50
13/08/2022,IMPS/P2P/2719342948/TARA SINGH/9547951898,TXN0273569,,11200.00,408726.50
13/08/2022,IMPS/P2P/3719591160/LAKSHMI VENKAT/7793368207,TXN0273570,,850.00,409576.50
14/08/2022,UPI/DR/9775441675/BINDHU NAIR/KKBK0283526/bindhu533@okaxis,TXN0273571,5200.00,,404376.50
14/08/2022,NEFT/6957867561/SUSHMA RAO/KKBK0283526/68180003876926,TXN0273572,,1200.00,405576.50
14/08/2022,IMPS/P2P/49641199/ARUN SHARMA/7173524987,TXN0273573,,24000.00,429576.50
14/08/2022,UPI/DR/5189885610/GANESH KUMAR/KKBK0283526/ganesh931@ybl,TXN0273574,249.00,,429327.50
14/08/2022,UPI/DR/70488797/MEERA PILLAI/KKBK0283526/meera121@okhdfc,TXN0273575,79.00,,429248.50
14/08/2022,CHQ NO 936602 CLEARING,TXN0273576,49.00,,429199.50
14/08/2022,UPI/DR/06630018/CHANDAN SHARMA/KKBK0283526/chandan460@oksbi,TXN0273577,120.00,,429079.50
15/08/2022,UPI/DR/598177987468/VIKRAM NAIR/KKBK0283526/vikram189@ybl,TXN0273578,7800.00,,421279.50
15/08/2022,CHQ NO 235459 CLEARING,TXN0273579,120.00,,421159.50
15/08/2022,NEFT/1636769511/SNEHA PATIL/KKBK0283526/72363891434879,TXN0273580,,24000.00,445159.50
15/08/2022,UPI/DR/1372820839/SNEHA PATIL/KKBK0283526/sneha769@okhdfc,TXN0273581,79.00,,445080.50
15/08/2022,NEFT/316779992747/NADIA HUSSAIN/KKBK0283526/70095308151759,TXN0273582,49.00,,445031.50
15/08/2022,CHQ NO 506731 CLEARING,TXN0273583,5200.00,,439831.50
16/08/2022,IMPS/P2P/7712980324/NIKHIL GUPTA/9046261396,TXN0273584,,18500.00,458331.50
16/08/2022,UPI/DR/45845802/FATIMA SHEIKH/KKBK0283526/fatima355@okaxis,TXN0273585,3499.00,,454832.50
17/08/2022,NEFT/65542505/RAVI KUMAR SHARMA/KKBK0283526/70835800981413,TXN0273586,7800.00,,447032.50
17/08/2022,UPI/DR/5306166306/POOJA SHARMA/KKBK0283526/pooja517@okaxis,TXN0273587,1250.00,,445782.50
18/08/2022,UPI/DR/42634450/NIKHIL GUPTA/KKBK0283526/nikhil294@ybl,TXN0273588,49.00,,445733.50
18/08/2022,UPI/DR/31022692/PADMA RAO/KKBK0283526/padma811@okaxis,TXN0273589,1680.00,,444053.50
18/08/2022,NEFT/8265332391/LALITHA DEVI/KKBK0283526/82095704903051,TXN0273590,,850.00,444903.50
18/08/2022,UPI/CR/17671605/ARCHANA PILLAI/KKBK0283526/archana21@ybl,TXN0273591,,24000.00,468903.50
19/08/2022,NEFT/848372418518/GOPAL VERMA/KKBK0283526/00716148935188,TXN0273592,2380.00,,466523.50
19/08/2022,UPI/CR/0976759311/MOHAN DAS/KKBK0283526/mohan420@okhdfc,TXN0273593,,1200.00,467723.50
20/08/2022,UPI/DR/321655151292/GEETA DEVI/KKBK0283526/geeta464@ybl,TXN0273594,3499.00,,464224.50
20/08/2022,CASH DEPOSIT/BRANCH COUNTER/PUNE CAMP,TXN0273595,,24000.00,488224.50
20/08/2022,UPI/CR/245705769315/SHEELA DEVI/KKBK0283526/sheela869@paytm,TXN0273596,,24000.00,512224.50
20/08/2022,IMPS/P2P/0021831639/GOPAL VERMA/9784097408,TXN0273597,,32000.00,544224.50
20/08/2022,NEFT/911947090286/MALLIKA DAS/KKBK0283526/41546977212463,TXN0273598,,2500.00,546724.50
21/08/2022,UPI/DR/9089037408/SUSHMA RAO/KKBK0283526/sushma915@paytm,TXN0273599,850.00,,545874.50
22/08/2022,NEFT/274067074531/USHA RANI/KKBK0283526/27592142112200,TXN0273600,1250.00,,544624.50
22/08/2022,IMPS/P2P/3184152309/PRIYA NAIR/9200302942,TXN0273601,,4800.00,549424.50
22/08/2022,UPI/DR/9575416500/BABU LAL/KKBK0283526/babu550@ybl,TXN0273602,2380.00,,547044.50
23/08/2022,NEFT/439802306340/RESHMA KHAN/KKBK0283526/66018576753733,TXN0273603,,32000.00,579044.50
23/08/2022,CASH DEPOSIT/BRANCH COUNTER/PUNE CAMP,TXN0273604,,18500.00,597544.50
23/08/2022,NEFT/5083281131/TANVI RAO/KKBK0283526/74004067372518,TXN0273605,,1200.00,598744.50
24/08/2022,NEFT/7334822480/KIRAN REDDY/KKBK0283526/93598937599400,TXN0273606,,1200.00,599944.50
24/08/2022,UPI/DR/187777148033/SURESH BABU/KKBK0283526/suresh858@okaxis,TXN0273607,79.00,,599865.50
25/08/2022,UPI/DR/664360141334/DEEPA NAIR/KKBK0283526/deepa629@ybl,TXN0273608,120.00,,599745.50
25/08/2022,NEFT/5548096635/RAJENDRA PRASAD/KKBK0283526/91239691028210,TXN0273609,999.00,,598746.50
25/08/2022,CHQ NO 124382 CLEARING,TXN0273610,120.00,,598626.50
26/08/2022,CHQ NO 540500 CLEARING,TXN0273611,249.00,,598377.50
26/08/2022,UPI/CR/8306021462/REKHA PILLAI/KKBK0283526/rekha619@okhdfc,TXN0273612,,11200.00,609577.50
27/08/2022,CHQ NO 488814 CLEARING,TXN0273613,1680.00,,607897.50
28/08/2022,CHQ NO 898535 CLEARING,TXN0273614,79.00,,607818.50
29/08/2022,NEFT/01010488/PREETHI IYER/KKBK0283526/18709771729337,TXN0273615,,2500.00,610318.50
29/08/2022,IMPS/P2P/658421555245/ARCHANA PILLAI/7794467191,TXN0273616,,2500.00,612818.50
29/08/2022,ATM/WDL/6100954241/SBI ATM JAYANAGAR BLR,TXN0273617,850.00,,611968.50
30/08/2022,CASH DEPOSIT/BRANCH COUNTER/PUNE CAMP,TXN0273618,,2500.00,614468.50
30/08/2022,UPI/DR/7710022837/RAJESH VERMA/KKBK0283526/rajesh328@oksbi,TXN0273619,1680.00,,612788.50
31/08/2022,CASH DEPOSIT/BRANCH COUNTER/PUNE CAMP,TXN0273620,,18500.00,631288.50
31/08/2022,ATM/WDL/983359666031/HDFC ATM KORAMANGALA,TXN0273621,449.00,,630839.50
31/08/2022,IMPS/P2P/759453655802/SMITHA PILLAI/9870907236,TXN0273622,,11200.00,642039.50
31/08/2022,UPI/CR/21649580/LALITHA DEVI/KKBK0283526/lalitha789@ybl,TXN0273623,,850.00,642889.50
31/08/2022,UPI/DR/852966098198/FATIMA SHEIKH/KKBK0283526/fatima539@okaxis,TXN0273624,79.00,,642810.50
01/09/2022,NEFT/694837771577/NAVEEN KUMAR/KKBK0283526/26429904473858,TXN0273625,,2500.00,645310.50
01/09/2022,CHQ NO 606087 CLEARING,TXN0273626,5200.00,,640110.50
01/09/2022,NEFT/9023473252/AYESHA KHAN/KKBK0283526/98487229620575,TXN0273627,699.00,,639411.50
03/09/2022,UPI/CR/976679486606/MEERA PILLAI/KKBK0283526/meera152@oksbi,TXN0273628,,32000.00,671411.50
03/09/2022,UPI/DR/900364321309/SUNIL YADAV/KKBK0283526/sunil224@okhdfc,TXN0273629,5200.00,,666211.50
03/09/2022,IMPS/P2P/69456784/FATIMA SHEIKH/9405610794,TXN0273630,,4800.00,671011.50
04/09/2022,NEFT/61700377/ARJUN MEHTA/KKBK0283526/81167939895062,TXN0273631,1680.00,,669331.50
04/09/2022,UPI/CR/469781209787/REKHA PILLAI/KKBK0283526/rekha299@ybl,TXN0273632,,500.00,669831.50
05/09/2022,IMPS/P2P/52054594/BABU LAL/9942857260,TXN0273633,,24000.00,693831.50
05/09/2022,UPI/CR/7118258070/VENKAT RAO/KKBK0283526/venkat275@paytm,TXN0273634,,500.00,694331.50
05/09/2022,UPI/DR/65213891/SUSHMA RAO/KKBK0283526/sushma139@ybl,TXN0273635,449.00,,693882.50
06/09/2022,NEFT/20041990/SANJANA HEGDE/KKBK0283526/64379274708967,TXN0273636,,11200.00,705082.50
06/09/2022,ATM/WDL/50697692/HDFC ATM KORAMANGALA,TXN0273637,850.00,,704232.50
06/09/2022,NEFT/186051483432/AYESHA KHAN/KKBK0283526/02456312876548,TXN0273638,,11200.00,715432.50
06/09/2022,ATM/WDL/1787802430/HDFC ATM KORAMANGALA,TXN0273639,120.00,,715312.50
07/09/2022,UPI/DR/02482802/MOHAMMED IRFAN/KKBK0283526/mohammed442@ybl,TXN0273640,310.00,,715002.50
07/09/2022,IMPS/P2P/2096277832/VIKRAM NAIR/7559829928,TXN0273641,,500.00,715502.50
08/09/2022,CASH DEPOSIT/BRANCH COUNTER/PUNE CAMP,TXN0273642,,32000.00,747502.50
08/09/2022,IMPS/P2P/30110642/ANITHA KRISHNAN/9561166053,TXN0273643,,500.00,748002.50
08/09/2022,ATM/WDL/335781190151/SBI ATM JAYANAGAR BLR,TXN0273644,310.00,,747692.50
08/09/2022,UPI/CR/13457108/VINAY PATIL/KKBK0283526/vinay735@ybl,TXN0273645,,18500.00,766192.50
09/09/2022,NEFT/246025460318/VENKAT RAO/KKBK0283526/77353437836072,TXN0273646,699.00,,765493.50
09/09/2022,UPI/DR/528128960202/KAVYA REDDY/KKBK0283526/kavya342@paytm,TXN0273647,699.00,,764794.50
09/09/2022,UPI/DR/0280263047/GEETA DEVI/KKBK0283526/geeta86@oksbi,TXN0273648,120.00,,764674.50
10/09/2022,CASH DEPOSIT/BRANCH COUNTER/PUNE CAMP,TXN0273649,,24000.00,788674.50
10/09/2022,CHQ NO 077753 CLEARING,TXN0273650,7800.00,,780874.50
11/09/2022,ATM/WDL/595764168570/CANARA ATM MYSURU,TXN0273651,5200.00,,775674.50
11/09/2022,CASH DEPOSIT/BRANCH COUNTER/PUNE CAMP,TXN0273652,,7600.00,783274.50
12/09/2022,CHQ NO 435059 CLEARING,TXN0273653,850.00,,782424.50
12/09/2022,UPI/DR/143339350454/VINAY PATIL/KKBK0283526/vinay288@okaxis,TXN0273654,310.00,,782114.50
12/09/2022,NEFT/3808394119/REKHA PILLAI/KKBK0283526/75389455159882,TXN0273655,,4800.00,786914.50
12/09/2022,UPI/DR/228021589094/ARJUN MEHTA/KKBK0283526/arjun533@paytm,TXN0273656,449.00,,786465.50
12/09/2022,UPI/DR/99504527/NADIA HUSSAIN/KKBK0283526/nadia487@okaxis,TXN0273657,249.00,,786216.50
13/09/2022,IMPS/P2P/7161593589/ARUN SHARMA/8483069952,TXN0273658,,2500.00,788716.50
13/09/2022,ATM/WDL/6993993895/SBI ATM JAYANAGAR BLR,TXN0273659,449.00,,788267.50
13/09/2022,UPI/DR/423808635575/SURESH BABU/KKBK0283526/suresh853@okaxis,TXN0273660,2380.00,,785887.50
13/09/2022,NEFT/87611552/BABU LAL/KKBK0283526/35549613242276,TXN0273661,,4800.00,790687.50
13/09/2022,ATM/WDL/9083405712/SBI ATM JAYANAGAR BLR,TXN0273662,310.00,,790377.50
13/09/2022,NEFT/51026922/AYESHA KHAN/KKBK0283526/85187023667817,TXN0273663,3499.00,,786878.50
14/09/2022,ATM/WDL/486761966042/CANARA ATM MYSURU,TXN0273664,120.00,,786758.50
14/09/2022,CHQ NO 477114 CLEARING,TXN0273665,449.00,,786309.50
15/09/2022,NEFT/05699703/NADIA HUSSAIN/KKBK0283526/95369674102180,TXN0273666,999.00,,785310.50
15/09/2022,UPI/DR/771399667167/NIKHIL GUPTA/KKBK0283526/nikhil70@okhdfc,TXN0273667,249.00,,785061.50
15/09/2022,UPI/DR/48909212/SMITHA PILLAI/KKBK0283526/smitha65@okaxis,TXN0273668,3499.00,,781562.50
15/09/2022,UPI/CR/45567089/CHANDAN SHARMA/KKBK0283526/chandan734@okaxis,TXN0273669,,32000.00,813562.50
15/09/2022,NEFT/1684330849/PREETHI IYER/KKBK0283526/41372420155871,TXN0273670,1680.00,,811882.50
16/09/2022,CHQ NO 213202 CLEARING,TXN0273671,120.00,,811762.50
16/09/2022,UPI/DR/4981978994/ARCHANA PILLAI/KKBK0283526/archana935@paytm,TXN0273672,3499.00,,808263.50
16/09/2022,ATM/WDL/259099640891/HDFC ATM KORAMANGALA,TXN0273673,5200.00,,803063.50
17/09/2022,NEFT/6471056292/SUNIL YADAV/KKBK0283526/42131339077471,TXN0273674,2380.00,,800683.50
17/09/2022,IMPS/P2P/344606449846/PREETHI IYER/8116561388,TXN0273675,,11200.00,811883.50
18/09/2022,ATM/WDL/499228032488/HDFC ATM KORAMANGALA,TXN0273676,5200.00,,806683.50
18/09/2022,UPI/DR/49345466/PRIYA NAIR/KKBK0283526/priya629@okhdfc,TXN0273677,1250.00,,805433.50
18/09/2022,ATM/WDL/5479361731/SBI ATM JAYANAGAR BLR,TXN0273678,999.00,,804434.50
19/09/2022,UPI/CR/331219750760/MEERA PILLAI/KKBK0283526/meera178@okaxis,TXN0273679,,500.00,804934.50
19/09/2022,UPI/CR/76189449/SAVITHA DEVI/KKBK0283526/savitha944@okaxis,TXN0273680,,11200.00,816134.50
19/09/2022,NEFT/88764838/RAHUL SINGH/KKBK0283526/94417823695469,TXN0273681,,7600.00,823734.50
19/09/2022,IMPS/P2P/2028031186/ARUN SHARMA/9670251849,TXN0273682,,1200.00,824934.50
19/09/2022,NEFT/762296948918/ANITHA KRISHNAN/KKBK0283526/79143282733426,TXN0273683,,18500.00,843434.50
20/09/2022,NEFT/86852805/KAVYA REDDY/KKBK0283526/86041570613057,TXN0273684,2380.00,,841054.50
20/09/2022,NEFT/097253969856/SUSHMA RAO/KKBK0283526/75890230846620,TXN0273685,,11200.00,852254.50
20/09/2022,UPI/DR/041058150927/PREETHI IYER/KKBK0283526/preethi679@paytm,TXN0273686,699.00,,851555.50
21/09/2022,CHQ NO 004252 CLEARING,TXN0273687,310.00,,851245.50
22/09/2022,UPI/DR/09193695/KIRAN REDDY/KKBK0283526/kiran751@okaxis,TXN0273688,1250.00,,849995.50
22/09/2022,CASH DEPOSIT/BRANCH COUNTER/PUNE CAMP,TXN0273689,,11200.00,861195.50
22/09/2022,UPI/DR/1335227848/RAJESH VERMA/KKBK0283526/rajesh684@oksbi,TXN0273690,2380.00,,858815.50
23/09/2022,CASH DEPOSIT/BRANCH COUNTER/PUNE CAMP,TXN0273691,,24000.00,882815.50
24/09/2022,UPI/DR/21230172/SUSHMA RAO/KKBK0283526/sushma124@paytm,TXN0273692,1250.00,,881565.50
24/09/2022,CASH DEPOSIT/BRANCH COUNTER/PUNE CAMP,TXN0273693,,850.00,882415.50
25/09/2022,CASH DEPOSIT/BRANCH COUNTER/PUNE CAMP,TXN0273694,,4800.00,887215.50
26/09/2022,NEFT/113835735563/ANAND KUMAR/KKBK0283526/54772235604570,TXN0273695,,11200.00,898415.50
27/09/2022,UPI/CR/2635649658/MEERA PILLAI/KKBK0283526/meera910@paytm,TXN0273696,,850.00,899265.50
27/09/2022,NEFT/35453595/KAVITHA RAO/KKBK0283526/73318907498771,TXN0273697,310.00,,898955.50
27/09/2022,ATM/WDL/16112151/SBI ATM JAYANAGAR BLR,TXN0273698,249.00,,898706.50
28/09/2022,NEFT/224359237943/LAKSHMI VENKAT/KKBK0283526/32911158138497,TXN0273699,120.00,,898586.50
28/09/2022,NEFT/8818138436/KAVITHA RAO/KKBK0283526/21798354097696,TXN0273700,,24000.00,922586.50
29/09/2022,NEFT/41633868/BABU LAL/KKBK0283526/74875558720271,TXN0273701,,1200.00,923786.50
29/09/2022,NEFT/47707512/SANTOSH KUMAR/KKBK0283526/57459294814257,TXN0273702,,7600.00,931386.50
29/09/2022,NEFT/6373986286/VIKRAM NAIR/KKBK0283526/56154461715982,TXN0273703,,32000.00,963386.50
29/09/2022,UPI/DR/1457068568/REKHA PILLAI/KKBK0283526/rekha926@okaxis,TXN0273704,7800.00,,955586.50
30/09/2022,ATM/WDL/09545027/SBI ATM JAYANAGAR BLR,TXN0273705,1250.00,,954336.50
01/10/2022,UPI/DR/668363246331/LATHA MURTHY/KKBK0283526/latha479@paytm,TXN0273706,310.00,,954026.50
02/10/2022,UPI/DR/31561138/KAVYA REDDY/KKBK0283526/kavya14@paytm,TXN0273707,1680.00,,952346.50
02/10/2022,IMPS/P2P/4161240976/GEETA DEVI/9717295309,TXN0273708,,11200.00,963546.50
03/10/2022,UPI/CR/51970185/VIKRAM NAIR/KKBK0283526/vikram898@oksbi,TXN0273709,,7600.00,971146.50
03/10/2022,ATM/WDL/48964144/CANARA ATM MYSURU,TXN0273710,120.00,,971026.50
03/10/2022,CHQ NO 150377 CLEARING,TXN0273711,49.00,,970977.50
04/10/2022,ATM/WDL/80138516/HDFC ATM KORAMANGALA,TXN0273712,120.00,,970857.50
04/10/2022,ATM/WDL/8534180985/SBI ATM JAYANAGAR BLR,TXN0273713,310.00,,970547.50
04/10/2022,ATM/WDL/581958503384/SBI ATM JAYANAGAR BLR,TXN0273714,2380.00,,968167.50
05/10/2022,NEFT/3979452890/RAMESH GOWDA/KKBK0283526/35508899124021,TXN0273715,,24000.00,992167.50
05/10/2022,NEFT/1945330018/SAVITHA DEVI/KKBK0283526/29021387363913,TXN0273716,,4800.00,996967.50
05/10/2022,CHQ NO 792084 CLEARING,TXN0273717,1250.00,,995717.50
05/10/2022,UPI/CR/205350543840/RESHMA KHAN/KKBK0283526/reshma302@okaxis,TXN0273718,,850.00,996567.50
05/10/2022,UPI/CR/34101224/RANJIT SINGH/KKBK0283526/ranjit973@oksbi,TXN0273719,,850.00,997417.50
05/10/2022,IMPS/P2P/98348181/SAVITHA DEVI/7310094419,TXN0273720,,850.00,998267.50
06/10/2022,UPI/CR/3152998188/KIRAN REDDY/KKBK0283526/kiran869@okhdfc,TXN0273721,,11200.00,1009467.50
06/10/2022,ATM/WDL/4227875386/HDFC ATM KORAMANGALA,TXN0273722,3499.00,,1005968.50
07/10/2022,UPI/DR/571618509453/RAJENDRA PRASAD/KKBK0283526/rajendra23@ybl,TXN0273723,1250.00,,1004718.50
08/10/2022,NEFT/6065834912/SANJANA HEGDE/KKBK0283526/61552064114286,TXN0273724,699.00,,1004019.50
08/10/2022,UPI/DR/289181544405/SANJANA HEGDE/KKBK0283526/sanjana978@paytm,TXN0273725,2380.00,,1001639.50
08/10/2022,UPI/DR/088611300606/VINAY PATIL/KKBK0283526/vinay731@okaxis,TXN0273726,1250.00,,1000389.50
08/10/2022,NEFT/34255954/VINAY PATIL/KKBK0283526/94701729890322,TXN0273727,,32000.00,1032389.50
08/10/2022,ATM/WDL/8666905761/SBI ATM JAYANAGAR BLR,TXN0273728,1250.00,,1031139.50
08/10/2022,IMPS/P2P/209412616854/SMITHA PILLAI/8096898087,TXN0273729,,7600.00,1038739.50
09/10/2022,UPI/CR/2710108633/RANJIT SINGH/KKBK0283526/ranjit630@ybl,TXN0273730,,18500.00,1057239.50
09/10/2022,UPI/DR/224791306018/MOHAMMED IRFAN/KKBK0283526/mohammed728@ybl,TXN0273731,999.00,,1056240.50
09/10/2022,NEFT/4769697338/POOJA SHARMA/KKBK0283526/52131763979601,TXN0273732,120.00,,1056120.50
10/10/2022,NEFT/49877780/KAVERI MENON/KKBK0283526/96148998387510,TXN0273733,,7600.00,1063720.50
10/10/2022,NEFT/84601343/LATHA MURTHY/KKBK0283526/75813957287102,TXN0273734,1250.00,,1062470.50
10/10/2022,ATM/WDL/19066128/CANARA ATM MYSURU,TXN0273735,249.00,,1062221.50
10/10/2022,UPI/DR/8366191257/VINAY PATIL/KKBK0283526/vinay692@oksbi,TXN0273736,7800.00,,1054421.50
10/10/2022,UPI/DR/96413384/GANESH KUMAR/KKBK0283526/ganesh51@okhdfc,TXN0273737,7800.00,,1046621.50
12/10/2022,NEFT/65277394/SANTOSH KUMAR/KKBK0283526/53494990492225,TXN0273738,,500.00,1047121.50
12/10/2022,CHQ NO 290840 CLEARING,TXN0273739,5200.00,,1041921.50
12/10/2022,ATM/WDL/6385212083/SBI ATM JAYANAGAR BLR,TXN0273740,999.00,,1040922.50
13/10/2022,CHQ NO 617622 CLEARING,TXN0273741,249.00,,1040673.50
13/10/2022,NEFT/90082852/ADITYA KUMAR/KKBK0283526/04474886791956,TXN0273742,49.00,,1040624.50
14/10/2022,NEFT/72328082/KIRAN REDDY/KKBK0283526/22142702361959,TXN0273743,79.00,,1040545.50
14/10/2022,IMPS/P2P/5256052166/SAVITHA DEVI/9395051502,TXN0273744,,18500.00,1059045.50
15/10/2022,UPI/DR/217224080125/VIKRAM NAIR/KKBK0283526/vikram73@paytm,TXN0273745,3499.00,,1055546.50
15/10/2022,IMPS/P2P/248193983502/NADIA HUSSAIN/7549043261,TXN0273746,,18500.00,1074046.50
15/10/2022,CASH DEPOSIT/BRANCH COUNTER/PUNE CAMP,TXN0273747,,32000.00,1106046.50
15/10/2022,UPI/DR/8182197618/SUNIL YADAV/KKBK0283526/sunil896@oksbi,TXN0273748,1680.00,,1104366.50
15/10/2022,UPI/DR/851234696186/PREETHI IYER/KKBK0283526/preethi228@paytm,TXN0273749,1680.00,,1102686.50
16/10/2022,CASH DEPOSIT/BRANCH COUNTER/PUNE CAMP,TXN0273750,,24000.00,1126686.50
16/10/2022,UPI/CR/14044724/DEEPA NAIR/KKBK0283526/deepa625@ybl,TXN0273751,,500.00,1127186.50
16/10/2022,CHQ NO 000344 CLEARING,TXN0273752,699.00,,1126487.50
16/10/2022,UPI/DR/66843891/MOHAN DAS/KKBK0283526/mohan979@oksbi,TXN0273753,7800.00,,1118687.50
16/10/2022,IMPS/P2P/1256499154/NAVEEN KUMAR/7845634108,TXN0273754,,32000.00,1150687.50
17/10/2022,CASH DEPOSIT/BRANCH COUNTER/PUNE CAMP,TXN0273755,,18500.00,1169187.50
17/10/2022,UPI/CR/3811507047/SURESH BABU/KKBK0283526/suresh771@okaxis,TXN0273756,,500.00,1169687.50
17/10/2022,ATM/WDL/7031651117/CANARA ATM MYSURU,TXN0273757,1680.00,,1168007.50
18/10/2022,CASH DEPOSIT/BRANCH COUNTER/PUNE CAMP,TXN0273758,,1200.00,1169207.50
18/10/2022,NEFT/8866501901/ANITHA KRISHNAN/KKBK0283526/78353362295080,TXN0273759,,1200.00,1170407.50
18/10/2022,UPI/DR/0160884901/KAVITHA RAO/KKBK0283526/kavitha257@oksbi,TXN0273760,5200.00,,1165207.50
19/10/2022,CHQ NO 880406 CLEARING,TXN0273761,1680.00,,1163527.50
19/10/2022,UPI/DR/26289588/SMITHA PILLAI/KKBK0283526/smitha799@okhdfc,TXN0273762,999.00,,1162528.50
19/10/2022,UPI/CR/0883260485/RESHMA KHAN/KKBK0283526/reshma424@ybl,TXN0273763,,7600.00,1170128.50
20/10/2022,NEFT/133847332241/RESHMA KHAN/KKBK0283526/14252506625897,TXN0273764,49.00,,1170079.50
20/10/2022,IMPS/P2P/3858497189/ARCHANA PILLAI/8620457399,TXN0273765,,18500.00,1188579.50
21/10/2022,ATM/WDL/060741765361/HDFC ATM KORAMANGALA,TXN0273766,7800.00,,1180779.50
21/10/2022,ATM/WDL/9340056441/SBI ATM JAYANAGAR BLR,TXN0273767,120.00,,1180659.50
21/10/2022,ATM/WDL/80033219/SBI ATM JAYANAGAR BLR,TXN0273768,120.00,,1180539.50
21/10/2022,CASH DEPOSIT/BRANCH COUNTER/PUNE CAMP,TXN0273769,,4800.00,1185339.50
22/10/2022,NEFT/2031211780/POOJA SHARMA/KKBK0283526/25925428327692,TXN0273770,,24000.00,1209339.50
23/10/2022,NEFT/20428636/FARHAN KHAN/KKBK0283526/08663896405939,TXN0273771,699.00,,1208640.50
23/10/2022,CASH DEPOSIT/BRANCH COUNTER/PUNE CAMP,TXN0273772,,1200.00,1209840.50
23/10/2022,UPI/DR/53715566/FARHAN KHAN/KKBK0283526/farhan489@ybl,TXN0273773,310.00,,1209530.50
24/10/2022,UPI/DR/4271955428/BABU LAL/KKBK0283526/babu386@okhdfc,TXN0273774,699.00,,1208831.50
24/10/2022,ATM/WDL/12203721/SBI ATM JAYANAGAR BLR,TXN0273775,120.00,,1208711.50
24/10/2022,CASH DEPOSIT/BRANCH COUNTER/PUNE CAMP,TXN0273776,,1200.00,1209911.50
24/10/2022,UPI/DR/1194583903/SHEELA DEVI/KKBK0283526/sheela628@ybl,TXN0273777,1250.00,,1208661.50
25/10/2022,NEFT/081627540940/RAJENDRA PRASAD/KKBK0283526/50043163457676,TXN0273778,,11200.00,1219861.50
25/10/2022,UPI/DR/42329529/FATIMA SHEIKH/KKBK0283526/fatima886@okhdfc,TXN0273779,7800.00,,1212061.50
25/10/2022,NEFT/1867059086/AYESHA KHAN/KKBK0283526/43742010342455,TXN0273780,699.00,,1211362.50
26/10/2022,NEFT/8836202929/RANJIT SINGH/KKBK0283526/01398722572836,TXN0273781,1250.00,,1210112.50
26/10/2022,NEFT/95048755/RAMESH GOWDA/KKBK0283526/09723028630506,TXN0273782,,1200.00,1211312.50
26/10/2022,IMPS/P2P/5598293592/ANAND KUMAR/7496022435,TXN0273783,,1200.00,1212512.50
26/10/2022,UPI/CR/29488704/SANTOSH KUMAR/KKBK0283526/santosh422@paytm,TXN0273784,,4800.00,1217312.50
27/10/2022,UPI/DR/610505419382/KAVITHA RAO/KKBK0283526/kavitha647@ybl,TXN0273785,1680.00,,1215632.50
28/10/2022,UPI/CR/8828160893/ROHIT SHARMA/KKBK0283526/rohit888@oksbi,TXN0273786,,4800.00,1220432.50
28/10/2022,UPI/DR/95044756/MEERA PILLAI/KKBK0283526/meera611@okaxis,TXN0273787,310.00,,1220122.50
28/10/2022,ATM/WDL/76643219/CANARA ATM MYSURU,TXN0273788,249.00,,1219873.50
28/10/2022,UPI/DR/256357573864/RANJIT SINGH/KKBK0283526/ranjit333@okhdfc,TXN0273789,2380.00,,1217493.50
29/10/2022,NEFT/890015816804/GANESH KUMAR/KKBK0283526/54567083479048,TXN0273790,79.00,,1217414.50
29/10/2022,CHQ NO 188531 CLEARING,TXN0273791,310.00,,1217104.50
30/10/2022,NEFT/5749300757/DEEPAK JOSHI/KKBK0283526/02174329240384,TXN0273792,,4800.00,1221904.50
30/10/2022,UPI/DR/098276069093/TANVI RAO/KKBK0283526/tanvi809@ybl,TXN0273793,2380.00,,1219524.50
30/10/2022,ATM/WDL/9643686792/SBI ATM JAYANAGAR BLR,TXN0273794,2380.00,,1217144.50
30/10/2022,UPI/DR/7911756545/AYESHA KHAN/KKBK0283526/ayesha895@ybl,TXN0273795,1250.00,,1215894.50
30/10/2022,UPI/CR/434458879923/LATHA MURTHY/KKBK0283526/latha319@oksbi,TXN0273796,,11200.00,1227094.50
31/10/2022,UPI/DR/13835779/MALLIKA DAS/KKBK0283526/mallika200@ybl,TXN0273797,2380.00,,1224714.50
01/11/2022,CHQ NO 787027 CLEARING,TXN0273798,5200.00,,1219514.50
01/11/2022,UPI/DR/2984975964/SAVITHA DEVI/KKBK0283526/savitha306@ybl,TXN0273799,1250.00,,1218264.50
01/11/2022,ATM/WDL/872096978789/SBI ATM JAYANAGAR BLR,TXN0273800,7800.00,,1210464.50
01/11/2022,NEFT/5890113303/SHEELA DEVI/KKBK0283526/63026483006857,TXN0273801,120.00,,1210344.50
02/11/2022,CASH DEPOSIT/BRANCH COUNTER/PUNE CAMP,TXN0273802,,32000.00,1242344.50
02/11/2022,CASH DEPOSIT/BRANCH COUNTER/PUNE CAMP,TXN0273803,,2500.00,1244844.50
02/11/2022,IMPS/P2P/051351264327/USHA RANI/9326277766,TXN0273804,,2500.00,1247344.50
03/11/2022,CHQ NO 339594 CLEARING,TXN0273805,249.00,,1247095.50
03/11/2022,ATM/WDL/48074794/CANARA ATM MYSURU,TXN0273806,699.00,,1246396.50
03/11/2022,CASH DEPOSIT/BRANCH COUNTER/PUNE CAMP,TXN0273807,,4800.00,1251196.50
03/11/2022,UPI/DR/5606238944/GEETA DEVI/KKBK0283526/geeta375@okaxis,TXN0273808,310.00,,1250886.50
04/11/2022,UPI/DR/16661742/RANJIT SINGH/KKBK0283526/ranjit413@oksbi,TXN0273809,249.00,,1250637.50
04/11/2022,ATM/WDL/424331379483/CANARA ATM MYSURU,TXN0273810,699.00,,1249938.50
05/11/2022,ATM/WDL/2816226108/SBI ATM JAYANAGAR BLR,TXN0273811,120.00,,1249818.50
05/11/2022,CHQ NO 086183 CLEARING,TXN0273812,120.00,,1249698.50
05/11/2022,UPI/DR/49102457/MEENA IYER/KKBK0283526/meena204@oksbi,TXN0273813,49.00,,1249649.50
05/11/2022,CHQ NO 054811 CLEARING,TXN0273814,249.00,,1249400.50
06/11/2022,UPI/DR/10916325/LAKSHMI VENKAT/KKBK0283526/lakshmi689@paytm,TXN0273815,449.00,,1248951.50
06/11/2022,UPI/DR/73197839/REKHA PILLAI/KKBK0283526/rekha220@okaxis,TXN0273816,999.00,,1247952.50
06/11/2022,IMPS/P2P/03042764/LAKSHMI VENKAT/8710132392,TXN0273817,,1200.00,1249152.50
06/11/2022,CASH DEPOSIT/BRANCH COUNTER/PUNE CAMP,TXN0273818,,2500.00,1251652.50
06/11/2022,UPI/DR/77191310/RESHMA KHAN/KKBK0283526/reshma137@paytm,TXN0273819,449.00,,1251203.50
06/11/2022,UPI/CR/820770399717/RAJESH VERMA/KKBK0283526/rajesh983@paytm,TXN0273820,,18500.00,1269703.50
07/11/2022,UPI/DR/774546934857/PADMA RAO/KKBK0283526/padma221@okhdfc,TXN0273821,5200.00,,1264503.50
07/11/2022,NEFT/792525913230/SURESH BABU/KKBK0283526/20763096539094,TXN0273822,49.00,,1264454.50
07/11/2022,UPI/DR/4818882237/PRAKASH RAO/KKBK0283526/prakash577@okhdfc,TXN0273823,7800.00,,1256654.50
08/11/2022,UPI/CR/774305029267/ARCHANA PILLAI/KKBK0283526/archana179@paytm,TXN0273824,,4800.00,1261454.50
08/11/2022,NEFT/2664982840/USHA RANI/KKBK0283526/32204800476306,TXN0273825,,500.00,1261954.50
09/11/2022,CHQ NO 557408 CLEARING,TXN0273826,310.00,,1261644.50
09/11/2022,UPI/DR/192866500317/VENKAT RAO/KKBK0283526/venkat514@oksbi,TXN0273827,120.00,,1261524.50
09/11/2022,NEFT/418513012148/ARJUN MEHTA,TXN0273828,2500.00,,1259024.50
10/11/2022,ATM/WDL/8231522133/CANARA ATM MYSURU,TXN0273829,310.00,,1258714.50
10/11/2022,ATM/WDL/143654921227/SBI ATM JAYANAGAR BLR,TXN0273830,3499.00,,1255215.50
10/11/2022,UPI/DR/7418778361/TANVI RAO/KKBK0283526/tanvi774@ybl,TXN0273831,850.00,,1254365.50
10/11/2022,CHQ NO 656067 CLEARING,TXN0273832,3499.00,,1250866.50
11/11/2022,UPI/DR/78945549/REKHA PILLAI/KKBK0283526/rekha856@okaxis,TXN0273833,49.00,,1250817.50
11/11/2022,REVERSAL-NEFT/PENDING_REV_34388711,TXN0273834,,2500.00,1253317.50
11/11/2022,ATM/WDL/4818019658/HDFC ATM KORAMANGALA,TXN0273835,5200.00,,1248117.50
11/11/2022,CASH DEPOSIT/BRANCH COUNTER/PUNE CAMP,TXN0273836,,18500.00,1266617.50
12/11/2022,NEFT/347976734976/BINDHU NAIR/KKBK0283526/54441209210856,TXN0273837,5200.00,,1261417.50
12/11/2022,NEFT/281685931172/SANTOSH KUMAR/KKBK0283526/73428455703020,TXN0273838,1250.00,,1260167.50
12/11/2022,NEFT/65341541/LATHA MURTHY/KKBK0283526/31400912997813,TXN0273839,249.00,,1259918.50
13/11/2022,UPI/DR/118650935487/TANVI RAO/KKBK0283526/tanvi933@paytm,TXN0273840,5200.00,,1254718.50
13/11/2022,UPI/DR/109201672899/REKHA PILLAI/KKBK0283526/rekha691@oksbi,TXN0273841,449.00,,1254269.50
13/11/2022,UPI/DR/28049164/MEENA IYER/KKBK0283526/meena98@okaxis,TXN0273842,449.00,,1253820.50
13/11/2022,NEFT/0066496238/NIKHIL GUPTA/KKBK0283526/10974015926776,TXN0273843,,11200.00,1265020.50
13/11/2022,IMPS/P2P/1595175878/SUSHMA RAO/8055443604,TXN0273844,,7600.00,1272620.50
14/11/2022,IMPS/P2P/9048730199/GEETA DEVI/9116306769,TXN0273845,,24000.00,1296620.50
14/11/2022,NEFT/873706225557/DEEPA NAIR/KKBK0283526/75515879171146,TXN0273846,120.00,,1296500.50
14/11/2022,UPI/CR/156830687465/RANJIT SINGH/KKBK0283526/ranjit530@okaxis,TXN0273847,,1200.00,1297700.50
14/11/2022,UPI/DR/2050910771/HARISH MENON/KKBK0283526/harish173@ybl,TXN0273848,1680.00,,1296020.50
15/11/2022,NEFT/9548453761/RAVI KUMAR SHARMA/KKBK0283526/96984411595663,TXN0273849,3499.00,,1292521.50
15/11/2022,UPI/DR/63163048/ADITYA KUMAR/KKBK0283526/aditya32@oksbi,TXN0273850,999.00,,1291522.50
15/11/2022,NEFT/29292279/MEENA IYER/KKBK0283526/56105231891594,TXN0273851,,11200.00,1302722.50
15/11/2022,UPI/DR/194645589898/TARA SINGH/KKBK0283526/tara37@okaxis,TXN0273852,7800.00,,1294922.50
15/11/2022,UPI/DR/48080192/MOHAMMED IRFAN/KKBK0283526/mohammed212@ybl,TXN0273853,310.00,,1294612.50
15/11/2022,CHQ NO 464897 CLEARING,TXN0273854,850.00,,1293762.50
16/11/2022,UPI/DR/260333922535/IMRAN KHAN/KKBK0283526/imran864@okhdfc,TXN0273855,79.00,,1293683.50
16/11/2022,ATM/WDL/47089162/SBI ATM JAYANAGAR BLR,TXN0273856,699.00,,1292984.50
16/11/2022,UPI/DR/481417987296/TANVI RAO/KKBK0283526/tanvi14@paytm,TXN0273857,310.00,,1292674.50
17/11/2022,UPI/DR/92596721/GEETA DEVI/KKBK0283526/geeta353@okhdfc,TXN0273858,1250.00,,1291424.50
17/11/2022,NEFT/249980981946/VINAY PATIL/KKBK0283526/73340131323177,TXN0273859,,24000.00,1315424.50
17/11/2022,NEFT/16592516/SUNIL YADAV/KKBK0283526/79190846411151,TXN0273860,,11200.00,1326624.50
17/11/2022,UPI/DR/1771503929/ARUN SHARMA/KKBK0283526/arun66@okhdfc,TXN0273861,79.00,,1326545.50
17/11/2022,UPI/CR/31598122/KIRAN REDDY/KKBK0283526/kiran232@okaxis,TXN0273862,,500.00,1327045.50
18/11/2022,NEFT/1068519555/SUNIL YADAV/KKBK0283526/05595839666882,TXN0273863,,11200.00,1338245.50
18/11/2022,CHQ NO 316531 CLEARING,TXN0273864,79.00,,1338166.50
19/11/2022,UPI/DR/70046081/SANTOSH KUMAR/KKBK0283526/santosh867@ybl,TXN0273865,5200.00,,1332966.50
19/11/2022,CASH DEPOSIT/BRANCH COUNTER/PUNE CAMP,TXN0273866,,4800.00,1337766.50
19/11/2022,NEFT/077961901132/REKHA PILLAI/KKBK0283526/48970926257472,TXN0273867,999.00,,1336767.50
19/11/2022,IMPS/P2P/224049287968/PRIYA NAIR/7588798832,TXN0273868,,32000.00,1368767.50
19/11/2022,UPI/DR/7339857357/RAHUL SINGH/KKBK0283526/rahul299@paytm,TXN0273869,5200.00,,1363567.50
19/11/2022,NEFT/75979126/VINAY PATIL/KKBK0283526/58510908965029,TXN0273870,249.00,,1363318.50
19/11/2022,UPI/DR/689628469657/PRAKASH RAO/KKBK0283526/prakash976@okaxis,TXN0273871,120.00,,1363198.50
20/11/2022,ATM/WDL/762525181754/SBI ATM JAYANAGAR BLR,TXN0273872,449.00,,1362749.50
20/11/2022,CHQ NO 611341 CLEARING,TXN0273873,699.00,,1362050.50
22/11/2022,NEFT/82335840/TARA SINGH/KKBK0283526/84194885434324,TXN0273874,,24000.00,1386050.50
23/11/2022,CHQ NO 504615 CLEARING,TXN0273875,999.00,,1385051.50
24/11/2022,CHQ NO 639326 CLEARING,TXN0273876,2380.00,,1382671.50
24/11/2022,ATM/WDL/408769363183/CANARA ATM MYSURU,TXN0273877,449.00,,1382222.50
24/11/2022,NEFT/30741500/SANJANA HEGDE/KKBK0283526/71101397959864,TXN0273878,,18500.00,1400722.50
24/11/2022,UPI/DR/2265396357/VINAY PATIL/KKBK0283526/vinay654@ybl,TXN0273879,49.00,,1400673.50
25/11/2022,UPI/DR/81417190/RAVI KUMAR SHARMA/KKBK0283526/ravi700@ybl,TXN0273880,49.00,,1400624.50
25/11/2022,UPI/DR/46287901/RANJIT SINGH/KKBK0283526/ranjit747@okaxis,TXN0273881,7800.00,,1392824.50
27/11/2022,CHQ NO 042038 CLEARING,TXN0273882,249.00,,1392575.50
27/11/2022,NEFT/066714547156/RAHUL SINGH/KKBK0283526/92371032485814,TXN0273883,999.00,,1391576.50
27/11/2022,NEFT/688673721460/GANESH KUMAR/KKBK0283526/55747131051519,TXN0273884,,24000.00,1415576.50
27/11/2022,NEFT/6192424851/SUSHMA RAO/KKBK0283526/11123365780603,TXN0273885,,500.00,1416076.50
27/11/2022,IMPS/P2P/012693091605/SMITHA PILLAI/9782508119,TXN0273886,,1200.00,1417276.50
27/11/2022,NEFT/135179077281/DEEPAK JOSHI/KKBK0283526/42329440578835,TXN0273887,,850.00,1418126.50
28/11/2022,NEFT/03365683/USHA RANI/KKBK0283526/44982369532222,TXN0273888,79.00,,1418047.50
28/11/2022,CHQ NO 526450 CLEARING,TXN0273889,2380.00,,1415667.50
28/11/2022,IMPS/P2P/721948968575/GOPAL VERMA/7108158713,TXN0273890,,4800.00,1420467.50
28/11/2022,NEFT/21104259/RANJIT SINGH/KKBK0283526/95767446794852,TXN0273891,,11200.00,1431667.50
29/11/2022,CHQ NO 519034 CLEARING,TXN0273892,1680.00,,1429987.50
29/11/2022,ATM/WDL/87395185/CANARA ATM MYSURU,TXN0273893,2380.00,,1427607.50
30/11/2022,UPI/CR/3871556605/RAVI KUMAR SHARMA/KKBK0283526/ravi13@okhdfc,TXN0273894,,18500.00,1446107.50
30/11/2022,ATM/WDL/365878518912/HDFC ATM KORAMANGALA,TXN0273895,999.00,,1445108.50
01/12/2022,NEFT/374924003804/SHAHID KHAN/KKBK0283526/33530790151871,TXN0273896,7800.00,,1437308.50
01/12/2022,ATM/WDL/7603523084/SBI ATM JAYANAGAR BLR,TXN0273897,49.00,,1437259.50
01/12/2022,UPI/CR/1797915652/NADIA HUSSAIN/KKBK0283526/nadia261@ybl,TXN0273898,,11200.00,1448459.50
01/12/2022,ATM/WDL/8254260774/SBI ATM JAYANAGAR BLR,TXN0273899,699.00,,1447760.50
02/12/2022,ATM/WDL/6296674799/CANARA ATM MYSURU,TXN0273900,79.00,,1447681.50
02/12/2022,CHQ NO 279992 CLEARING,TXN0273901,699.00,,1446982.50
02/12/2022,CASH DEPOSIT/BRANCH COUNTER/PUNE CAMP,TXN0273902,,850.00,1447832.50
03/12/2022,CASH DEPOSIT/BRANCH COUNTER/PUNE CAMP,TXN0273903,,2500.00,1450332.50
03/12/2022,UPI/CR/4529869778/BABU LAL/KKBK0283526/babu329@okaxis,TXN0273904,,2500.00,1452832.50
03/12/2022,NEFT/481607345924/TANVI RAO/KKBK0283526/08157146280608,TXN0273905,2380.00,,1450452.50
04/12/2022,ATM/WDL/975904532405/CANARA ATM MYSURU,TXN0273906,120.00,,1450332.50
04/12/2022,IMPS/P2P/447222803421/VINAY PATIL/8188944318,TXN0273907,,1200.00,1451532.50
04/12/2022,CHQ NO 668034 CLEARING,TXN0273908,49.00,,1451483.50
04/12/2022,ATM/WDL/064543610089/HDFC ATM KORAMANGALA,TXN0273909,1680.00,,1449803.50
04/12/2022,CASH DEPOSIT/BRANCH COUNTER/PUNE CAMP,TXN0273910,,1200.00,1451003.50
04/12/2022,NEFT/090785841219/SANTOSH KUMAR/KKBK0283526/18496135143249,TXN0273911,,11200.00,1462203.50
04/12/2022,CHQ NO 912060 CLEARING,TXN0273912,79.00,,1462124.50
05/12/2022,ATM/WDL/640739645452/HDFC ATM KORAMANGALA,TXN0273913,120.00,,1462004.50
06/12/2022,CHQ NO 780508 CLEARING,TXN0273914,850.00,,1461154.50
06/12/2022,UPI/DR/483432877168/GANESH KUMAR/KKBK0283526/ganesh950@paytm,TXN0273915,1680.00,,1459474.50
07/12/2022,UPI/DR/0090582190/PRAKASH RAO/KKBK0283526/prakash924@ybl,TXN0273916,850.00,,1458624.50
07/12/2022,UPI/DR/6410560892/SHAHID KHAN/KKBK0283526/shahid748@okaxis,TXN0273917,449.00,,1458175.50
07/12/2022,IMPS/P2P/45331287/IMRAN KHAN/8844889535,TXN0273918,,32000.00,1490175.50
08/12/2022,IMPS/P2P/402265562108/BABU LAL/9722759787,TXN0273919,,7600.00,1497775.50
08/12/2022,NEFT/9116866052/LALITHA DEVI/KKBK0283526/99037159797298,TXN0273920,5200.00,,1492575.50
09/12/2022,IMPS/P2P/741430332215/RANJIT SINGH/9331039327,TXN0273921,,2500.00,1495075.50
09/12/2022,IMPS/P2P/826884699961/VINAY PATIL/7937256101,TXN0273922,,11200.00,1506275.50
10/12/2022,UPI/DR/770207479747/KAVYA REDDY/KKBK0283526/kavya371@okaxis,TXN0273923,49.00,,1506226.50
11/12/2022,UPI/DR/1320337344/BINDHU NAIR/KKBK0283526/bindhu286@okhdfc,TXN0273924,2380.00,,1503846.50
12/12/2022,UPI/DR/529176720472/SMITHA PILLAI/KKBK0283526/smitha865@paytm,TXN0273925,999.00,,1502847.50
12/12/2022,NEFT/79436763/SUNIL YADAV/KKBK0283526/21646706341212,TXN0273926,,11200.00,1514047.50
12/12/2022,UPI/CR/43997873/SUNITA DEVI/KKBK0283526/sunita718@okaxis,TXN0273927,,2500.00,1516547.50
12/12/2022,NEFT/4037283140/LATHA MURTHY/KKBK0283526/62675047416601,TXN0273928,,11200.00,1527747.50
12/12/2022,UPI/DR/5892032058/AYESHA KHAN/KKBK0283526/ayesha932@okhdfc,TXN0273929,3499.00,,1524248.50
13/12/2022,CHQ NO 717033 CLEARING,TXN0273930,449.00,,1523799.50
13/12/2022,ATM/WDL/48725522/HDFC ATM KORAMANGALA,TXN0273931,310.00,,1523489.50
14/12/2022,IMPS/P2P/766344516974/NILESH KULKARNI/7157027377,TXN0273932,,11200.00,1534689.50
14/12/2022,CHQ NO 724669 CLEARING,TXN0273933,1680.00,,1533009.50
14/12/2022,IMPS/P2P/7522591834/MEENA IYER/8343583701,TXN0273934,,4800.00,1537809.50
14/12/2022,ATM/WDL/53477141/SBI ATM JAYANAGAR BLR,TXN0273935,49.00,,1537760.50
15/12/2022,UPI/CR/85102938/MOHAN DAS/KKBK0283526/mohan358@oksbi,TXN0273936,,18500.00,1556260.50
16/12/2022,CHQ NO 305608 CLEARING,TXN0273937,449.00,,1555811.50
16/12/2022,UPI/CR/11874264/PADMA RAO/KKBK0283526/padma369@okhdfc,TXN0273938,,1200.00,1557011.50
16/12/2022,CHQ NO 880480 CLEARING,TXN0273939,5200.00,,1551811.50
16/12/2022,CASH DEPOSIT/BRANCH COUNTER/PUNE CAMP,TXN0273940,,32000.00,1583811.50
16/12/2022,NEFT/88912759/GOPAL VERMA/KKBK0283526/72327076561456,TXN0273941,1680.00,,1582131.50
17/12/2022,NEFT/30241223/ARCHANA PILLAI/KKBK0283526/42345153274792,TXN0273942,,7600.00,1589731.50
17/12/2022,UPI/DR/9104256721/DEEPA NAIR/KKBK0283526/deepa234@oksbi,TXN0273943,120.00,,1589611.50
17/12/2022,CHQ NO 632738 CLEARING,TXN0273944,449.00,,1589162.50
17/12/2022,NEFT/803137845823/REKHA PILLAI/KKBK0283526/57405511596474,TXN0273945,7800.00,,1581362.50
18/12/2022,CHQ NO 714309 CLEARING,TXN0273946,699.00,,1580663.50
18/12/2022,UPI/DR/3736292035/GANESH KUMAR/KKBK0283526/ganesh462@okaxis,TXN0273947,120.00,,1580543.50
18/12/2022,NEFT/1232230303/HARISH MENON/KKBK0283526/53950803898553,TXN0273948,249.00,,1580294.50
18/12/2022,NEFT/013831476572/USHA RANI/KKBK0283526/76396675638964,TXN0273949,1250.00,,1579044.50
18/12/2022,UPI/DR/947913836990/SHEELA DEVI/KKBK0283526/sheela502@okhdfc,TXN0273950,120.00,,1578924.50
18/12/2022,UPI/CR/29434243/MOHAMMED IRFAN/KKBK0283526/mohammed574@okhdfc,TXN0273951,,18500.00,1597424.50
19/12/2022,NEFT/291637717546/SHAHID KHAN/KKBK0283526/24672259236386,TXN0273952,120.00,,1597304.50
20/12/2022,NEFT/179869148270/RAVI KUMAR SHARMA/KKBK0283526/02019883298894,TXN0273953,1250.00,,1596054.50
20/12/2022,CHQ NO 033455 CLEARING,TXN0273954,120.00,,1595934.50
20/12/2022,UPI/DR/99511013/PRAKASH RAO/KKBK0283526/prakash586@okaxis,TXN0273955,2380.00,,1593554.50
20/12/2022,CASH DEPOSIT/BRANCH COUNTER/PUNE CAMP,TXN0273956,,11200.00,1604754.50
20/12/2022,ATM/WDL/51554966/HDFC ATM KORAMANGALA,TXN0273957,1250.00,,1603504.50
20/12/2022,UPI/CR/947648516845/POOJA SHARMA/KKBK0283526/pooja806@paytm,TXN0273958,,18500.00,1622004.50
20/12/2022,CHQ NO 563483 CLEARING,TXN0273959,1250.00,,1620754.50
21/12/2022,IMPS/P2P/22336296/VIKRAM NAIR/8652790248,TXN0273960,,4800.00,1625554.50
21/12/2022,ATM/WDL/02107366/SBI ATM JAYANAGAR BLR,TXN0273961,1680.00,,1623874.50
22/12/2022,NEFT/4447260677/RAJESH VERMA/KKBK0283526/78728788053623,TXN0273962,,850.00,1624724.50
22/12/2022,NEFT/905479483603/RAVI KUMAR SHARMA/KKBK0283526/34875155299788,TXN0273963,2380.00,,1622344.50
23/12/2022,UPI/CR/88842091/SANTOSH KUMAR/KKBK0283526/santosh956@okhdfc,TXN0273964,,500.00,1622844.50
23/12/2022,NEFT/59661204/NILESH KULKARNI/KKBK0283526/80504406389776,TXN0273965,2380.00,,1620464.50
23/12/2022,UPI/DR/0900856013/MEERA PILLAI/KKBK0283526/meera376@okaxis,TXN0273966,850.00,,1619614.50
23/12/2022,UPI/DR/8427606459/TARA SINGH/KKBK0283526/tara845@oksbi,TXN0273967,850.00,,1618764.50
23/12/2022,UPI/DR/84195782/DEEPAK JOSHI/KKBK0283526/deepak12@okhdfc,TXN0273968,850.00,,1617914.50
24/12/2022,CASH DEPOSIT/BRANCH COUNTER/PUNE CAMP,TXN0273969,,1200.00,1619114.50
24/12/2022,NEFT/454334439440/ANITHA KRISHNAN/KKBK0283526/48127431806398,TXN0273970,,24000.00,1643114.50
25/12/2022,NEFT/238129267670/ANAND KUMAR/KKBK0283526/02968260869159,TXN0273971,,7600.00,1650714.50
25/12/2022,UPI/DR/96968065/SAVITHA DEVI/KKBK0283526/savitha79@okaxis,TXN0273972,850.00,,1649864.50
25/12/2022,UPI/CR/186309711076/VIKRAM NAIR/KKBK0283526/vikram228@okaxis,TXN0273973,,18500.00,1668364.50
25/12/2022,UPI/DR/71581356/POOJA SHARMA/KKBK0283526/pooja595@paytm,TXN0273974,310.00,,1668054.50
25/12/2022,ATM/WDL/0042671819/CANARA ATM MYSURU,TXN0273975,850.00,,1667204.50
25/12/2022,CHQ NO 805246 CLEARING,TXN0273976,699.00,,1666505.50
25/12/2022,UPI/DR/707078635367/VIKRAM NAIR/KKBK0283526/vikram295@okaxis,TXN0273977,310.00,,1666195.50
25/12/2022,NEFT/907810874949/KIRAN REDDY/KKBK0283526/54385622906909,TXN0273978,,1200.00,1667395.50
26/12/2022,CASH DEPOSIT/BRANCH COUNTER/PUNE CAMP,TXN0273979,,2500.00,1669895.50
26/12/2022,NEFT/7320518551/LATHA MURTHY/KKBK0283526/06032754063674,TXN0273980,,7600.00,1677495.50
27/12/2022,NEFT/7152499228/MOHAN DAS/KKBK0283526/26619751186982,TXN0273981,,7600.00,1685095.50
27/12/2022,ATM/WDL/613753145988/CANARA ATM MYSURU,TXN0273982,449.00,,1684646.50
28/12/2022,ATM/WDL/5036235216/HDFC ATM KORAMANGALA,TXN0273983,999.00,,1683647.50
28/12/2022,NEFT/67033972/DEEPA NAIR/KKBK0283526/13324357051769,TXN0273984,449.00,,1683198.50
28/12/2022,ATM/WDL/123537911517/SBI ATM JAYANAGAR BLR,TXN0273985,249.00,,1682949.50
28/12/2022,UPI/DR/746541453646/SURESH BABU/KKBK0283526/suresh349@okaxis,TXN0273986,120.00,,1682829.50
29/12/2022,CHQ NO 514137 CLEARING,TXN0273987,249.00,,1682580.50
30/12/2022,ATM/WDL/8205066589/HDFC ATM KORAMANGALA,TXN0273988,2380.00,,1680200.50
30/12/2022,UPI/DR/4536981449/MALLIKA DAS/KKBK0283526/mallika866@okhdfc,TXN0273989,3499.00,,1676701.50
30/12/2022,ATM/WDL/821392483628/SBI ATM JAYANAGAR BLR,TXN0273990,699.00,,1676002.50
30/12/2022,UPI/DR/01258268/TARA SINGH/KKBK0283526/tara306@ybl,TXN0273991,2380.00,,1673622.50
30/12/2022,NEFT/17566272/LALITHA DEVI/KKBK0283526/01839753999393,TXN0273992,,500.00,1674122.50
31/12/2022,ATM/WDL/1999240525/SBI ATM JAYANAGAR BLR,TXN0273993,310.00,,1673812.50
31/12/2022,UPI/DR/06362685/FATIMA SHEIKH/KKBK0283526/fatima229@okaxis,TXN0273994,850.00,,1672962.50
31/12/2022,NEFT/204122573569/ARJUN MEHTA/KKBK0283526/68671196552814,TXN0273995,79.00,,1672883.50
01/01/2023,CASH DEPOSIT/BRANCH COUNTER/PUNE CAMP,TXN0273996,,7600.00,1680483.50
01/01/2023,UPI/CR/03945208/NAVEEN KUMAR/KKBK0283526/naveen492@okaxis,TXN0273997,,18500.00,1698983.50
01/01/2023,UPI/CR/999653457729/MOHAN DAS/KKBK0283526/mohan797@ybl,TXN0273998,,18500.00,1717483.50
02/01/2023,IMPS/P2P/5824458444/FATIMA SHEIKH/9124566435,TXN0273999,,850.00,1718333.50
02/01/2023,ATM/WDL/6233311889/SBI ATM JAYANAGAR BLR,TXN0274000,850.00,,1717483.50
02/01/2023,NEFT/220989360504/NIKHIL GUPTA/KKBK0283526/14424129053375,TXN0274001,7800.00,,1709683.50
02/01/2023,ATM/WDL/3799029908/CANARA ATM MYSURU,TXN0274002,79.00,,1709604.50
02/01/2023,CASH DEPOSIT/BRANCH COUNTER/PUNE CAMP,TXN0274003,,850.00,1710454.50
02/01/2023,UPI/CR/2003236696/TANVI RAO/KKBK0283526/tanvi207@ybl,TXN0274004,,500.00,1710954.50
03/01/2023,UPI/DR/815136756419/RAVI KUMAR SHARMA/KKBK0283526/ravi73@okhdfc,TXN0274005,1680.00,,1709274.50
04/01/2023,UPI/DR/6743573683/DIVYA MENON/KKBK0283526/divya271@ybl,TXN0274006,3499.00,,1705775.50
04/01/2023,UPI/DR/043196673822/SUSHMA RAO/KKBK0283526/sushma478@paytm,TXN0274007,2380.00,,1703395.50
05/01/2023,UPI/DR/79026338/GEETA DEVI/KKBK0283526/geeta846@ybl,TXN0274008,1250.00,,1702145.50
05/01/2023,ATM/WDL/9457734766/HDFC ATM KORAMANGALA,TXN0274009,49.00,,1702096.50
05/01/2023,NEFT/8837800093/MEERA PILLAI/KKBK0283526/47460787776754,TXN0274010,,18500.00,1720596.50
05/01/2023,NEFT/5372197212/FATIMA SHEIKH/KKBK0283526/43078330514554,TXN0274011,5200.00,,1715396.50
05/01/2023,IMPS/P2P/1804587761/NIKHIL GUPTA/7495308283,TXN0274012,,32000.00,1747396.50
06/01/2023,UPI/DR/538624381512/SURESH NAIR/KKBK0283526/suresh279@ybl,TXN0274013,49.00,,1747347.50
07/01/2023,CHQ NO 199877 CLEARING,TXN0274014,2380.00,,1744967.50
07/01/2023,CASH DEPOSIT/BRANCH COUNTER/PUNE CAMP,TXN0274015,,24000.00,1768967.50
07/01/2023,UPI/DR/34534655/RAMESH GOWDA/KKBK0283526/ramesh622@paytm,TXN0274016,3499.00,,1765468.50
07/01/2023,CASH DEPOSIT/BRANCH COUNTER/PUNE CAMP,TXN0274017,,11200.00,1776668.50
08/01/2023,ATM/WDL/4588967521/HDFC ATM KORAMANGALA,TXN0274018,2380.00,,1774288.50
08/01/2023,CHQ NO 681585 CLEARING,TXN0274019,3499.00,,1770789.50
08/01/2023,IMPS/P2P/737713314995/MOHAN DAS/9117422520,TXN0274020,,32000.00,1802789.50
08/01/2023,IMPS/P2P/2348160179/REKHA PILLAI/9453557090,TXN0274021,,32000.00,1834789.50
09/01/2023,UPI/DR/68596774/TARA SINGH/KKBK0283526/tara974@oksbi,TXN0274022,1680.00,,1833109.50
09/01/2023,CHQ NO 824433 CLEARING,TXN0274023,850.00,,1832259.50
10/01/2023,UPI/DR/027471409474/RANJIT SINGH/KKBK0283526/ranjit810@ybl,TXN0274024,79.00,,1832180.50
10/01/2023,ATM/WDL/38428212/SBI ATM JAYANAGAR BLR,TXN0274025,310.00,,1831870.50
10/01/2023,UPI/DR/8636801253/MEENA IYER/KKBK0283526/meena149@ybl,TXN0274026,120.00,,1831750.50
11/01/2023,ATM/WDL/4106242970/SBI ATM JAYANAGAR BLR,TXN0274027,1680.00,,1830070.50
11/01/2023,UPI/DR/689233127896/REKHA PILLAI/KKBK0283526/rekha73@okaxis,TXN0274028,249.00,,1829821.50
12/01/2023,NEFT/3060177444/ROHIT SHARMA/KKBK0283526/66711085539367,TXN0274029,,24000.00,1853821.50
13/01/2023,ATM/WDL/4029416266/CANARA ATM MYSURU,TXN0274030,3499.00,,1850322.50
13/01/2023,NEFT/1723176434/KAVERI MENON/KKBK0283526/21491706074228,TXN0274031,120.00,,1850202.50
13/01/2023,NEFT/06951235/PREETHI IYER/KKBK0283526/01991704523835,TXN0274032,,32000.00,1882202.50
13/01/2023,UPI/DR/404545263509/ARCHANA PILLAI/KKBK0283526/archana169@okhdfc,TXN0274033,3499.00,,1878703.50
13/01/2023,CASH DEPOSIT/BRANCH COUNTER/PUNE CAMP,TXN0274034,,4800.00,1883503.50
13/01/2023,NEFT/84431653/KAVITHA RAO/KKBK0283526/95315758362084,TXN0274035,1680.00,,1881823.50
14/01/2023,UPI/DR/84761582/NAVEEN KUMAR/KKBK0283526/naveen775@okhdfc,TXN0274036,3499.00,,1878324.50
15/01/2023,UPI/DR/26025309/ANAND KUMAR/KKBK0283526/anand782@paytm,TXN0274037,999.00,,1877325.50
15/01/2023,CHQ NO 613514 CLEARING,TXN0274038,310.00,,1877015.50
15/01/2023,ATM/WDL/769696890918/SBI ATM JAYANAGAR BLR,TXN0274039,699.00,,1876316.50
15/01/2023,UPI/CR/078527320224/SHEELA DEVI/KKBK0283526/sheela124@ybl,TXN0274040,,32000.00,1908316.50
16/01/2023,CASH DEPOSIT/BRANCH COUNTER/PUNE CAMP,TXN0274041,,850.00,1909166.50
16/01/2023,CHQ NO 072509 CLEARING,TXN0274042,7800.00,,1901366.50
16/01/2023,IMPS/P2P/334008835142/DEEPA NAIR/7109600173,TXN0274043,,7600.00,1908966.50
16/01/2023,UPI/DR/020792344955/KAVITHA RAO/KKBK0283526/kavitha637@ybl,TXN0274044,850.00,,1908116.50
16/01/2023,IMPS/P2P/4151725671/SHAHID KHAN/7747667664,TXN0274045,,4800.00,1912916.50
17/01/2023,UPI/DR/946697186356/HARISH MENON/KKBK0283526/harish864@ybl,TXN0274046,79.00,,1912837.50
17/01/2023,IMPS/P2P/51538209/LAKSHMI VENKAT/8412889159,TXN0274047,,1200.00,1914037.50
17/01/2023,CASH DEPOSIT/BRANCH COUNTER/PUNE CAMP,TXN0274048,,24000.00,1938037.50
18/01/2023,UPI/CR/996529016436/ARJUN MEHTA/KKBK0283526/arjun347@okhdfc,TXN0274049,,850.00,1938887.50
18/01/2023,ATM/WDL/16108439/SBI ATM JAYANAGAR BLR,TXN0274050,5200.00,,1933687.50
18/01/2023,UPI/DR/405666769069/BINDHU NAIR/KKBK0283526/bindhu585@okaxis,TXN0274051,449.00,,1933238.50
19/01/2023,ATM/WDL/03384250/SBI ATM JAYANAGAR BLR,TXN0274052,850.00,,1932388.50
19/01/2023,NEFT/08152832/SANJANA HEGDE/KKBK0283526/95201901842520,TXN0274053,49.00,,1932339.50
19/01/2023,NEFT/35027902/SURESH BABU/KKBK0283526/65261373437912,TXN0274054,,500.00,1932839.50
20/01/2023,UPI/DR/0370777957/CHANDAN SHARMA/KKBK0283526/chandan534@ybl,TXN0274055,999.00,,1931840.50
20/01/2023,CASH DEPOSIT/BRANCH COUNTER/PUNE CAMP,TXN0274056,,7600.00,1939440.50
21/01/2023,CASH DEPOSIT/BRANCH COUNTER/PUNE CAMP,TXN0274057,,1200.00,1940640.50
22/01/2023,NEFT/23818488/TARA SINGH/KKBK0283526/11090423107861,TXN0274058,,18500.00,1959140.50
22/01/2023,NEFT/5275332910/ARCHANA PILLAI/KKBK0283526/53039050759849,TXN0274059,2380.00,,1956760.50
22/01/2023,UPI/CR/6988321735/TANVI RAO/KKBK0283526/tanvi521@oksbi,TXN0274060,,4800.00,1961560.50
22/01/2023,NEFT/782411662047/ANITHA KRISHNAN/KKBK0283526/79950916668696,TXN0274061,,2500.00,1964060.50
22/01/2023,CHQ NO 489187 CLEARING,TXN0274062,5200.00,,1958860.50
23/01/2023,NEFT/70188659/LALITHA DEVI/KKBK0283526/53977377164341,TXN0274063,,850.00,1959710.50
23/01/2023,ATM/WDL/1564749405/HDFC ATM KORAMANGALA,TXN0274064,850.00,,1958860.50
23/01/2023,CHQ NO 974056 CLEARING,TXN0274065,120.00,,1958740.50
24/01/2023,UPI/CR/9893799791/ANAND KUMAR/KKBK0283526/anand918@okhdfc,TXN0274066,,4800.00,1963540.50
24/01/2023,UPI/DR/1286049995/SANJANA HEGDE/KKBK0283526/sanjana266@oksbi,TXN0274067,999.00,,1962541.50
24/01/2023,CHQ NO 152681 CLEARING,TXN0274068,699.00,,1961842.50
24/01/2023,UPI/DR/07879896/DEEPA NAIR/KKBK0283526/deepa696@oksbi,TXN0274069,249.00,,1961593.50
25/01/2023,NEFT/1830387242/SNEHA PATIL/KKBK0283526/23872911864464,TXN0274070,79.00,,1961514.50
25/01/2023,CHQ NO 240477 CLEARING,TXN0274071,49.00,,1961465.50
26/01/2023,UPI/DR/18041469/SANTOSH KUMAR/KKBK0283526/santosh619@paytm,TXN0274072,1680.00,,1959785.50
26/01/2023,UPI/DR/2776727533/ANITHA KRISHNAN/KKBK0283526/anitha433@ybl,TXN0274073,1680.00,,1958105.50
27/01/2023,UPI/DR/497579023838/SAVITHA DEVI/KKBK0283526/savitha220@okaxis,TXN0274074,3499.00,,1954606.50
27/01/2023,UPI/DR/6263365793/IMRAN KHAN/KKBK0283526/imran798@paytm,TXN0274075,3499.00,,1951107.50
28/01/2023,CHQ NO 617806 CLEARING,TXN0274076,1250.00,,1949857.50
28/01/2023,NEFT/679397718756/PRIYA NAIR/KKBK0283526/16805654903679,TXN0274077,,850.00,1950707.50
28/01/2023,IMPS/P2P/7038869758/SAVITHA DEVI/9261331688,TXN0274078,,2500.00,1953207.50
28/01/2023,ATM/WDL/82020761/SBI ATM JAYANAGAR BLR,TXN0274079,249.00,,1952958.50
29/01/2023,CHQ NO 584297 CLEARING,TXN0274080,5200.00,,1947758.50
29/01/2023,ATM/WDL/792416944539/HDFC ATM KORAMANGALA,TXN0274081,79.00,,1947679.50
29/01/2023,NEFT/20035067/SMITHA PILLAI/KKBK0283526/42300341036274,TXN0274082,999.00,,1946680.50
29/01/2023,CASH DEPOSIT/BRANCH COUNTER/PUNE CAMP,TXN0274083,,1200.00,1947880.50
30/01/2023,UPI/DR/342378949452/NIKHIL GUPTA/KKBK0283526/nikhil602@paytm,TXN0274084,1680.00,,1946200.50
30/01/2023,UPI/DR/838924790021/ANITHA KRISHNAN/KKBK0283526/anitha960@ybl,TXN0274085,2380.00,,1943820.50
30/01/2023,UPI/DR/814907985874/LATHA MURTHY/KKBK0283526/latha896@oksbi,TXN0274086,1250.00,,1942570.50
30/01/2023,CHQ NO 707618 CLEARING,TXN0274087,3499.00,,1939071.50
30/01/2023,CASH DEPOSIT/BRANCH COUNTER/PUNE CAMP,TXN0274088,,18500.00,1957571.50
31/01/2023,UPI/DR/736982085138/ADITYA KUMAR/KKBK0283526/aditya726@paytm,TXN0274089,850.00,,1956721.50
31/01/2023,NEFT/77916960/RAVI KUMAR SHARMA/KKBK0283526/16878092382141,TXN0274090,,2500.00,1959221.50
01/02/2023,CASH DEPOSIT/BRANCH COUNTER/PUNE CAMP,TXN0274091,,2500.00,1961721.50
01/02/2023,NEFT/53925686/ARUN SHARMA/KKBK0283526/33206323845319,TXN0274092,310.00,,1961411.50
01/02/2023,UPI/DR/525362868350/RESHMA KHAN/KKBK0283526/reshma445@okaxis,TXN0274093,3499.00,,1957912.50
01/02/2023,IMPS/P2P/20807165/SMITHA PILLAI/7143193887,TXN0274094,,32000.00,1989912.50
01/02/2023,UPI/DR/6866834255/GEETA DEVI/KKBK0283526/geeta68@ybl,TXN0274095,1680.00,,1988232.50
01/02/2023,CHQ NO 234075 CLEARING,TXN0274096,79.00,,1988153.50
01/02/2023,UPI/DR/804801488857/NADIA HUSSAIN/KKBK0283526/nadia79@oksbi,TXN0274097,120.00,,1988033.50
01/02/2023,NEFT/61914128/KAVYA REDDY/KKBK0283526/21704901691030,TXN0274098,,2500.00,1990533.50
01/02/2023,CHQ NO 448190 CLEARING,TXN0274099,850.00,,1989683.50
01/02/2023,UPI/CR/413697075100/CHANDAN SHARMA/KKBK0283526/chandan123@oksbi,TXN0274100,,11200.00,2000883.50
02/02/2023,UPI/CR/11313165/IMRAN KHAN/KKBK0283526/imran806@oksbi,TXN0274101,,1200.00,2002083.50
02/02/2023,ATM/WDL/225879643677/SBI ATM JAYANAGAR BLR,TXN0274102,699.00,,2001384.50
03/02/2023,CASH DEPOSIT/BRANCH COUNTER/PUNE CAMP,TXN0274103,,2500.00,2003884.50
03/02/2023,NEFT/463987993443/KARTHIK MENON/KKBK0283526/21866709842124,TXN0274104,79.00,,2003805.50
03/02/2023,CASH DEPOSIT/BRANCH COUNTER/PUNE CAMP,TXN0274105,,2500.00,2006305.50
03/02/2023,UPI/DR/085098924349/SURESH BABU/KKBK0283526/suresh479@ybl,TXN0274106,120.00,,2006185.50
05/02/2023,CHQ NO 248442 CLEARING,TXN0274107,120.00,,2006065.50
05/02/2023,UPI/DR/3004202734/RESHMA KHAN/KKBK0283526/reshma732@oksbi,TXN0274108,79.00,,2005986.50
06/02/2023,UPI/CR/281364781111/ROHIT SHARMA/KKBK0283526/rohit33@oksbi,TXN0274109,,850.00,2006836.50
06/02/2023,NEFT/19297967/KAVERI MENON/KKBK0283526/29979229834002,TXN0274110,,500.00,2007336.50
06/02/2023,UPI/CR/3767475581/SANTOSH KUMAR/KKBK0283526/santosh988@okaxis,TXN0274111,,32000.00,2039336.50
06/02/2023,UPI/CR/041834430639/TANVI RAO/KKBK0283526/tanvi900@okhdfc,TXN0274112,,7600.00,2046936.50
07/02/2023,IMPS/P2P/06194773/PADMA RAO/7683612550,TXN0274113,,24000.00,2070936.50
07/02/2023,UPI/DR/07874362/NILESH KULKARNI/KKBK0283526/nilesh25@ybl,TXN0274114,3499.00,,2067437.50
07/02/2023,UPI/DR/4440270815/PADMA RAO/KKBK0283526/padma699@oksbi,TXN0274115,249.00,,2067188.50
07/02/2023,UPI/CR/9497976885/RAHUL SINGH/KKBK0283526/rahul642@ybl,TXN0274116,,32000.00,2099188.50
07/02/2023,UPI/DR/16183815/KAVYA REDDY/KKBK0283526/kavya435@okhdfc,TXN0274117,699.00,,2098489.50
07/02/2023,UPI/DR/04653328/NILESH KULKARNI/KKBK0283526/nilesh635@ybl,TXN0274118,120.00,,2098369.50
07/02/2023,UPI/CR/71621475/DIVYA MENON/KKBK0283526/divya175@paytm,TXN0274119,,1200.00,2099569.50
07/02/2023,NEFT/06888949/ANITHA KRISHNAN/KKBK0283526/04333400183127,TXN0274120,120.00,,2099449.50
07/02/2023,NEFT/114578370461/NIKHIL GUPTA/KKBK0283526/72642626926113,TXN0274121,5200.00,,2094249.50
08/02/2023,NEFT/09715595/VINAY PATIL/KKBK0283526/83902483037400,TXN0274122,,850.00,2095099.50
08/02/2023,ATM/WDL/75301688/HDFC ATM KORAMANGALA,TXN0274123,249.00,,2094850.50
08/02/2023,NEFT/6200665447/TANVI RAO/KKBK0283526/31287547486167,TXN0274124,,500.00,2095350.50
08/02/2023,UPI/DR/13346508/ARCHANA PILLAI/KKBK0283526/archana960@ybl,TXN0274125,5200.00,,2090150.50
09/02/2023,UPI/DR/753833356661/DIVYA MENON/KKBK0283526/divya554@oksbi,TXN0274126,120.00,,2090030.50
09/02/2023,ATM/WDL/6698038732/HDFC ATM KORAMANGALA,TXN0274127,2380.00,,2087650.50
09/02/2023,IMPS/P2P/0951677325/NIKHIL GUPTA/7321637490,TXN0274128,,11200.00,2098850.50
09/02/2023,CHQ NO 156271 CLEARING,TXN0274129,49.00,,2098801.50
09/02/2023,UPI/CR/35267478/SUNITA DEVI/KKBK0283526/sunita940@oksbi,TXN0274130,,2500.00,2101301.50
09/02/2023,UPI/DR/529953024856/SHAHID KHAN/KKBK0283526/shahid154@oksbi,TXN0274131,449.00,,2100852.50
09/02/2023,IMPS/P2P/58689307/SAVITHA DEVI/7651662600,TXN0274132,,500.00,2101352.50
10/02/2023,ATM/WDL/0607206838/SBI ATM JAYANAGAR BLR,TXN0274133,49.00,,2101303.50
11/02/2023,CHQ NO 767164 CLEARING,TXN0274134,3499.00,,2097804.50
12/02/2023,UPI/DR/173622972948/MOHAN DAS/KKBK0283526/mohan410@paytm,TXN0274135,1250.00,,2096554.50
12/02/2023,UPI/CR/764784361471/GEETA DEVI/KKBK0283526/geeta447@oksbi,TXN0274136,,1200.00,2097754.50
13/02/2023,CHQ NO 810548 CLEARING,TXN0274137,850.00,,2096904.50
13/02/2023,UPI/DR/064495688343/KIRAN REDDY/KKBK0283526/kiran648@okhdfc,TXN0274138,79.00,,2096825.50
13/02/2023,CHQ NO 670362 CLEARING,TXN0274139,79.00,,2096746.50
13/02/2023,NEFT/1223597882/SURESH NAIR/KKBK0283526/32740190501902,TXN0274140,2380.00,,2094366.50
14/02/2023,ATM/WDL/4220242931/CANARA ATM MYSURU,TXN0274141,2380.00,,2091986.50
14/02/2023,CASH DEPOSIT/BRANCH COUNTER/PUNE CAMP,TXN0274142,,4800.00,2096786.50
14/02/2023,NEFT/586036752353/RANJIT SINGH/KKBK0283526/25843113336045,TXN0274143,,500.00,2097286.50
14/02/2023,UPI/DR/734854338612/TARA SINGH/KKBK0283526/tara527@oksbi,TXN0274144,850.00,,2096436.50
14/02/2023,IMPS/P2P/21907175/ARUN SHARMA/9565454743,TXN0274145,,4800.00,2101236.50
15/02/2023,UPI/DR/0513229124/RAJENDRA PRASAD/KKBK0283526/rajendra39@oksbi,TXN0274146,1680.00,,2099556.50
15/02/2023,CASH DEPOSIT/BRANCH COUNTER/PUNE CAMP,TXN0274147,,2500.00,2102056.50
15/02/2023,CHQ NO 671352 CLEARING,TXN0274148,79.00,,2101977.50
16/02/2023,UPI/DR/35852378/ANAND KUMAR/KKBK0283526/anand314@okaxis,TXN0274149,850.00,,2101127.50
16/02/2023,IMPS/P2P/4865483680/NIKHIL GUPTA/7654547276,TXN0274150,,500.00,2101627.50
17/02/2023,UPI/DR/5834781622/SUSHMA RAO/KKBK0283526/sushma502@oksbi,TXN0274151,699.00,,2100928.50
17/02/2023,UPI/DR/4541594478/RAJESH VERMA/KKBK0283526/rajesh639@okaxis,TXN0274152,310.00,,2100618.50
17/02/2023,UPI/CR/228409556807/POOJA SHARMA/KKBK0283526/pooja910@okaxis,TXN0274153,,24000.00,2124618.50
17/02/2023,IMPS/P2P/48640599/KIRAN REDDY/8778975493,TXN0274154,,7600.00,2132218.50
17/02/2023,CASH DEPOSIT/BRANCH COUNTER/PUNE CAMP,TXN0274155,,32000.00,2164218.50
17/02/2023,UPI/CR/4442543897/VIKRAM NAIR/KKBK0283526/vikram851@oksbi,TXN0274156,,7600.00,2171818.50
18/02/2023,ATM/WDL/846268546481/SBI ATM JAYANAGAR BLR,TXN0274157,120.00,,2171698.50
18/02/2023,UPI/DR/460033332020/POOJA SHARMA/KKBK0283526/pooja83@okhdfc,TXN0274158,1250.00,,2170448.50
18/02/2023,NEFT/2343156866/MEERA PILLAI/KKBK0283526/26588153522594,TXN0274159,,24000.00,2194448.50
18/02/2023,CHQ NO 842333 CLEARING,TXN0274160,999.00,,2193449.50
18/02/2023,ATM/WDL/848718278658/CANARA ATM MYSURU,TXN0274161,249.00,,2193200.50
19/02/2023,ATM/WDL/73265912/HDFC ATM KORAMANGALA,TXN0274162,5200.00,,2188000.50
19/02/2023,CHQ NO 623041 CLEARING,TXN0274163,3499.00,,2184501.50
19/02/2023,CASH DEPOSIT/BRANCH COUNTER/PUNE CAMP,TXN0274164,,18500.00,2203001.50
20/02/2023,CASH DEPOSIT/BRANCH COUNTER/PUNE CAMP,TXN0274165,,500.00,2203501.50
20/02/2023,NEFT/686895384798/NILESH KULKARNI/KKBK0283526/52461980907984,TXN0274166,49.00,,2203452.50
20/02/2023,CHQ NO 448705 CLEARING,TXN0274167,699.00,,2202753.50
21/02/2023,CHQ NO 010652 CLEARING,TXN0274168,120.00,,2202633.50
21/02/2023,ATM/WDL/4221977518/HDFC ATM KORAMANGALA,TXN0274169,999.00,,2201634.50
21/02/2023,UPI/CR/221413517940/SNEHA PATIL/KKBK0283526/sneha268@ybl,TXN0274170,,7600.00,2209234.50
22/02/2023,NEFT/677707784053/KAVERI MENON/KKBK0283526/59054137689797,TXN0274171,7800.00,,2201434.50
22/02/2023,CHQ NO 948538 CLEARING,TXN0274172,249.00,,2201185.50
22/02/2023,IMPS/P2P/330021921575/NILESH KULKARNI/8252700429,TXN0274173,,11200.00,2212385.50
22/02/2023,CHQ NO 456197 CLEARING,TXN0274174,120.00,,2212265.50
23/02/2023,ATM/WDL/77559955/CANARA ATM MYSURU,TXN0274175,79.00,,2212186.50
23/02/2023,ATM/WDL/0441535608/HDFC ATM KORAMANGALA,TXN0274176,1250.00,,2210936.50
23/02/2023,UPI/CR/7733549215/SANTOSH KUMAR/KKBK0283526/santosh727@okaxis,TXN0274177,,2500.00,2213436.50
23/02/2023,CHQ NO 024031 CLEARING,TXN0274178,2380.00,,2211056.50
24/02/2023,NEFT/98101307/PREETHI IYER/KKBK0283526/87809083676231,TXN0274179,1250.00,,2209806.50
24/02/2023,CASH DEPOSIT/BRANCH COUNTER/PUNE CAMP,TXN0274180,,32000.00,2241806.50
24/02/2023,ATM/WDL/828870949375/HDFC ATM KORAMANGALA,TXN0274181,120.00,,2241686.50
25/02/2023,CHQ NO 411460 CLEARING,TXN0274182,120.00,,2241566.50
26/02/2023,CASH DEPOSIT/BRANCH COUNTER/PUNE CAMP,TXN0274183,,18500.00,2260066.50
26/02/2023,IMPS/P2P/07750789/SMITHA PILLAI/8834220973,TXN0274184,,18500.00,2278566.50
26/02/2023,IMPS/P2P/09909803/SANJANA HEGDE/7559155163,TXN0274185,,1200.00,2279766.50
26/02/2023,IMPS/P2P/22568591/HARISH MENON/7414785039,TXN0274186,,24000.00,2303766.50
26/02/2023,CASH DEPOSIT/BRANCH COUNTER/PUNE CAMP,TXN0274187,,1200.00,2304966.50
27/02/2023,CHQ NO 551492 CLEARING,TXN0274188,249.00,,2304717.50
27/02/2023,IMPS/P2P/2495777950/SURESH BABU/7146022475,TXN0274189,,11200.00,2315917.50
27/02/2023,ATM/WDL/6434680401/SBI ATM JAYANAGAR BLR,TXN0274190,5200.00,,2310717.50
27/02/2023,ATM/WDL/86820006/CANARA ATM MYSURU,TXN0274191,699.00,,2310018.50
28/02/2023,UPI/DR/9711623001/SANTOSH KUMAR/KKBK0283526/santosh871@ybl,TXN0274192,1250.00,,2308768.50
28/02/2023,UPI/DR/7529153688/HARISH MENON/KKBK0283526/harish508@ybl,TXN0274193,79.00,,2308689.50
01/03/2023,CHQ NO 741259 CLEARING,TXN0274194,2380.00,,2306309.50
01/03/2023,CHQ NO 044077 CLEARING,TXN0274195,850.00,,2305459.50
01/03/2023,CHQ NO 576728 CLEARING,TXN0274196,2380.00,,2303079.50
01/03/2023,UPI/DR/010524370619/SMITHA PILLAI/KKBK0283526/smitha726@ybl,TXN0274197,2380.00,,2300699.50
01/03/2023,NEFT/656714631547/PRIYA NAIR/KKBK0283526/40118798295332,TXN0274198,,11200.00,2311899.50
01/03/2023,IMPS/P2P/847784703370/ANAND KUMAR/9125094103,TXN0274199,,32000.00,2343899.50
01/03/2023,UPI/DR/27356786/KIRAN REDDY/KKBK0283526/kiran393@okhdfc,TXN0274200,79.00,,2343820.50
02/03/2023,CASH DEPOSIT/BRANCH COUNTER/PUNE CAMP,TXN0274201,,2500.00,2346320.50
02/03/2023,UPI/DR/3005291453/SANTOSH KUMAR/KKBK0283526/santosh707@okhdfc,TXN0274202,79.00,,2346241.50
02/03/2023,CASH DEPOSIT/BRANCH COUNTER/PUNE CAMP,TXN0274203,,7600.00,2353841.50
02/03/2023,ATM/WDL/35825234/HDFC ATM KORAMANGALA,TXN0274204,1680.00,,2352161.50
02/03/2023,CHQ NO 538715 CLEARING,TXN0274205,310.00,,2351851.50
03/03/2023,ATM/WDL/641024051099/CANARA ATM MYSURU,TXN0274206,3499.00,,2348352.50
03/03/2023,UPI/CR/595075837405/ARCHANA PILLAI/KKBK0283526/archana601@oksbi,TXN0274207,,1200.00,2349552.50
03/03/2023,ATM/WDL/92640549/HDFC ATM KORAMANGALA,TXN0274208,249.00,,2349303.50
04/03/2023,UPI/DR/4535645635/RAHUL SINGH/KKBK0283526/rahul222@oksbi,TXN0274209,699.00,,2348604.50
04/03/2023,NEFT/78834602/DEEPA NAIR/KKBK0283526/87450508207947,TXN0274210,,4800.00,2353404.50
04/03/2023,CHQ NO 186983 CLEARING,TXN0274211,79.00,,2353325.50
04/03/2023,IMPS/P2P/79603891/TANVI RAO/7352809770,TXN0274212,,500.00,2353825.50
04/03/2023,ATM/WDL/9638376847/CANARA ATM MYSURU,TXN0274213,699.00,,2353126.50
04/03/2023,CASH DEPOSIT/BRANCH COUNTER/PUNE CAMP,TXN0274214,,850.00,2353976.50
05/03/2023,CHQ NO 207368 CLEARING,TXN0274215,79.00,,2353897.50
05/03/2023,UPI/DR/41037432/LATHA MURTHY/KKBK0283526/latha553@oksbi,TXN0274216,1680.00,,2352217.50
06/03/2023,UPI/DR/5590152123/NILESH KULKARNI/KKBK0283526/nilesh47@oksbi,TXN0274217,5200.00,,2347017.50
06/03/2023,NEFT/2627025573/FARHAN KHAN/KKBK0283526/02294995339397,TXN0274218,120.00,,2346897.50
06/03/2023,UPI/DR/70361807/DEEPAK JOSHI/KKBK0283526/deepak313@ybl,TXN0274219,1250.00,,2345647.50
06/03/2023,NEFT/7119194586/TANVI RAO/KKBK0283526/17392794245264,TXN0274220,,32000.00,2377647.50
07/03/2023,CHQ NO 324426 CLEARING,TXN0274221,49.00,,2377598.50
07/03/2023,NEFT/22898607/RAVI KUMAR SHARMA/KKBK0283526/32667959957777,TXN0274222,120.00,,2377478.50
07/03/2023,ATM/WDL/212193240737/HDFC ATM KORAMANGALA,TXN0274223,449.00,,2377029.50
07/03/2023,UPI/DR/14571732/SAVITHA DEVI/KKBK0283526/savitha217@okhdfc,TXN0274224,850.00,,2376179.50
07/03/2023,IMPS/P2P/49647233/RAJENDRA PRASAD/8931656583,TXN0274225,,7600.00,2383779.50
08/03/2023,UPI/DR/67905643/HARISH MENON/KKBK0283526/harish576@paytm,TXN0274226,5200.00,,2378579.50
08/03/2023,UPI/DR/009945526064/RAJESH VERMA/KKBK0283526/rajesh899@okaxis,TXN0274227,79.00,,2378500.50
08/03/2023,UPI/DR/3974597651/SHEELA DEVI/KKBK0283526/sheela942@paytm,TXN0274228,999.00,,2377501.50
08/03/2023,ATM/WDL/3720306667/CANARA ATM MYSURU,TXN0274229,2380.00,,2375121.50
08/03/2023,CHQ NO 800134 CLEARING,TXN0274230,310.00,,2374811.50
10/03/2023,CHQ NO 537502 CLEARING,TXN0274231,7800.00,,2367011.50
10/03/2023,IMPS/P2P/4365149531/ROHIT SHARMA/7293349851,TXN0274232,,18500.00,2385511.50
10/03/2023,UPI/DR/4517518778/BINDHU NAIR/KKBK0283526/bindhu170@okhdfc,TXN0274233,449.00,,2385062.50
10/03/2023,CASH DEPOSIT/BRANCH COUNTER/PUNE CAMP,TXN0274234,,850.00,2385912.50
10/03/2023,UPI/DR/7177145386/DEEPAK JOSHI/KKBK0283526/deepak427@paytm,TXN0274235,7800.00,,2378112.50
10/03/2023,NEFT/367793905627/RAHUL SINGH/KKBK0283526/37582796539836,TXN0274236,1680.00,,2376432.50
11/03/2023,UPI/DR/775448802729/SMITHA PILLAI/KKBK0283526/smitha559@oksbi,TXN0274237,79.00,,2376353.50
11/03/2023,UPI/DR/3709285750/KIRAN REDDY/KKBK0283526/kiran129@ybl,TXN0274238,3499.00,,2372854.50
11/03/2023,ATM/WDL/1347336774/CANARA ATM MYSURU,TXN0274239,5200.00,,2367654.50
11/03/2023,CHQ NO 692849 CLEARING,TXN0274240,1680.00,,2365974.50
12/03/2023,UPI/DR/97375947/KIRAN REDDY/KKBK0283526/kiran697@oksbi,TXN0274241,2380.00,,2363594.50
12/03/2023,NEFT/3133208593/ADITYA KUMAR/KKBK0283526/44326496765992,TXN0274242,,1200.00,2364794.50
12/03/2023,UPI/DR/603685670913/DIVYA MENON/KKBK0283526/divya929@ybl,TXN0274243,3499.00,,2361295.50
12/03/2023,UPI/DR/1098427150/LALITHA DEVI/KKBK0283526/lalitha568@ybl,TXN0274244,5200.00,,2356095.50
12/03/2023,NEFT/33711113/MOHAN DAS/KKBK0283526/10050825714283,TXN0274245,699.00,,2355396.50
13/03/2023,NEFT/38401363/ANAND KUMAR/KKBK0283526/20853169217999,TXN0274246,1680.00,,2353716.50
14/03/2023,NEFT/46952533/MALLIKA DAS/KKBK0283526/42705531310556,TXN0274247,,11200.00,2364916.50
14/03/2023,CHQ NO 072855 CLEARING,TXN0274248,79.00,,2364837.50
14/03/2023,UPI/DR/658078724035/GOPAL VERMA/KKBK0283526/gopal39@okhdfc,TXN0274249,699.00,,2364138.50
14/03/2023,UPI/DR/3709887625/DEEPAK JOSHI/KKBK0283526/deepak898@okhdfc,TXN0274250,5200.00,,2358938.50
15/03/2023,CHQ NO 118079 CLEARING,TXN0274251,120.00,,2358818.50
15/03/2023,NEFT/2944893575/MEERA PILLAI/KKBK0283526/75587541096989,TXN0274252,7800.00,,2351018.50
15/03/2023,IMPS/P2P/910567679045/NIKHIL GUPTA/7107738980,TXN0274253,,1200.00,2352218.50
15/03/2023,NEFT/70817748/LAKSHMI VENKAT/KKBK0283526/79435714777633,TXN0274254,,4800.00,2357018.50
15/03/2023,IMPS/P2P/9101847943/ANAND KUMAR/8052160011,TXN0274255,,11200.00,2368218.50
15/03/2023,CASH DEPOSIT/BRANCH COUNTER/PUNE CAMP,TXN0274256,,7600.00,2375818.50
15/03/2023,UPI/DR/130162473563/MEENA IYER/KKBK0283526/meena624@okhdfc,TXN0274257,1250.00,,2374568.50
16/03/2023,UPI/DR/038069001472/MOHAMMED IRFAN/KKBK0283526/mohammed966@okaxis,TXN0274258,49.00,,2374519.50
16/03/2023,CHQ NO 280600 CLEARING,TXN0274259,2380.00,,2372139.50
16/03/2023,ATM/WDL/515167353696/SBI ATM JAYANAGAR BLR,TXN0274260,2380.00,,2369759.50
16/03/2023,CHQ NO 702515 CLEARING,TXN0274261,999.00,,2368760.50
16/03/2023,CHQ NO 336776 CLEARING,TXN0274262,79.00,,2368681.50
16/03/2023,ATM/WDL/1630503074/CANARA ATM MYSURU,TXN0274263,850.00,,2367831.50
16/03/2023,UPI/DR/553917102730/KAVERI MENON/KKBK0283526/kaveri358@paytm,TXN0274264,999.00,,2366832.50
16/03/2023,CASH DEPOSIT/BRANCH COUNTER/PUNE CAMP,TXN0274265,,32000.00,2398832.50
16/03/2023,UPI/DR/391546234764/TANVI RAO/KKBK0283526/tanvi299@paytm,TXN0274266,249.00,,2398583.50
17/03/2023,UPI/CR/58993082/DEEPA NAIR/KKBK0283526/deepa271@okaxis,TXN0274267,,2500.00,2401083.50
17/03/2023,CHQ NO 140285 CLEARING,TXN0274268,3499.00,,2397584.50
17/03/2023,UPI/DR/31652553/PADMA RAO/KKBK0283526/padma536@okhdfc,TXN0274269,1680.00,,2395904.50
17/03/2023,UPI/DR/707805879899/GEETA DEVI/KKBK0283526/geeta560@okhdfc,TXN0274270,1250.00,,2394654.50
17/03/2023,CHQ NO 344062 CLEARING,TXN0274271,49.00,,2394605.50
18/03/2023,UPI/DR/58760315/LATHA MURTHY/KKBK0283526/latha631@ybl,TXN0274272,7800.00,,2386805.50
19/03/2023,UPI/CR/90627433/VIKRAM NAIR/KKBK0283526/vikram180@ybl,TXN0274273,,32000.00,2418805.50
19/03/2023,CASH DEPOSIT/BRANCH COUNTER/PUNE CAMP,TXN0274274,,1200.00,2420005.50
19/03/2023,UPI/CR/9822865504/KARTHIK MENON/KKBK0283526/karthik738@ybl,TXN0274275,,32000.00,2452005.50
19/03/2023,IMPS/P2P/459779857569/VINAY PATIL/8915412564,TXN0274276,,850.00,2452855.50
19/03/2023,UPI/CR/9734137267/SHEELA DEVI/KKBK0283526/sheela650@okhdfc,TXN0274277,,500.00,2453355.50
20/03/2023,UPI/DR/3959047409/MEERA PILLAI/KKBK0283526/meera168@oksbi,TXN0274278,310.00,,2453045.50
20/03/2023,UPI/DR/11614212/ANAND KUMAR/KKBK0283526/anand624@okhdfc,TXN0274279,310.00,,2452735.50
21/03/2023,NEFT/42101262/TANVI RAO/KKBK0283526/98458881422909,TXN0274280,699.00,,2452036.50
21/03/2023,CASH DEPOSIT/BRANCH COUNTER/PUNE CAMP,TXN0274281,,18500.00,2470536.50
21/03/2023,UPI/DR/646958682239/SANJANA HEGDE/KKBK0283526/sanjana992@okaxis,TXN0274282,449.00,,2470087.50
22/03/2023,UPI/DR/4259453372/VENKAT RAO/KKBK0283526/venkat25@paytm,TXN0274283,120.00,,2469967.50
22/03/2023,UPI/DR/354669542035/DEEPAK JOSHI/KKBK0283526/deepak126@okaxis,TXN0274284,999.00,,2468968.50
22/03/2023,CHQ NO 520765 CLEARING,TXN0274285,850.00,,2468118.50
22/03/2023,UPI/CR/20591686/SHEELA DEVI/KKBK0283526/sheela304@ybl,TXN0274286,,500.00,2468618.50
22/03/2023,UPI/DR/6821779934/VENKAT RAO/KKBK0283526/venkat835@paytm,TXN0274287,7800.00,,2460818.50
22/03/2023,UPI/DR/7682778782/KAVERI MENON/KKBK0283526/kaveri186@ybl,TXN0274288,79.00,,2460739.50
23/03/2023,ATM/WDL/76341827/CANARA ATM MYSURU,TXN0274289,999.00,,2459740.50
23/03/2023,UPI/DR/10373260/DEEPA NAIR/KKBK0283526/deepa524@okhdfc,TXN0274290,850.00,,2458890.50
23/03/2023,NEFT/100417332026/REKHA PILLAI/KKBK0283526/22869746415042,TXN0274291,,850.00,2459740.50
24/03/2023,CHQ NO 192797 CLEARING,TXN0274292,49.00,,2459691.50
24/03/2023,UPI/DR/787075650741/PADMA RAO/KKBK0283526/padma763@ybl,TXN0274293,699.00,,2458992.50
24/03/2023,CHQ NO 635811 CLEARING,TXN0274294,1680.00,,2457312.50
25/03/2023,UPI/DR/96949172/LAKSHMI VENKAT/KKBK0283526/lakshmi528@ybl,TXN0274295,310.00,,2457002.50
26/03/2023,UPI/DR/8462552805/ARUN SHARMA/KKBK0283526/arun677@ybl,TXN0274296,850.00,,2456152.50
26/03/2023,NEFT/37445641/NAVEEN KUMAR/KKBK0283526/01103892128607,TXN0274297,,850.00,2457002.50
26/03/2023,ATM/WDL/9339640428/HDFC ATM KORAMANGALA,TXN0274298,999.00,,2456003.50
26/03/2023,UPI/CR/2600635347/ANAND KUMAR/KKBK0283526/anand19@okaxis,TXN0274299,,850.00,2456853.50
26/03/2023,UPI/DR/0284987728/ROHIT SHARMA/KKBK0283526/rohit806@okhdfc,TXN0274300,850.00,,2456003.50
27/03/2023,NEFT/64970574/RAJENDRA PRASAD/KKBK0283526/93602912960732,TXN0274301,49.00,,2455954.50
27/03/2023,UPI/DR/26154374/ROHIT SHARMA/KKBK0283526/rohit267@oksbi,TXN0274302,7800.00,,2448154.50
27/03/2023,UPI/DR/1281097401/SUNIL YADAV/KKBK0283526/sunil15@okaxis,TXN0274303,999.00,,2447155.50
27/03/2023,NEFT/007696293916/RESHMA KHAN/KKBK0283526/32629716140298,TXN0274304,,7600.00,2454755.50
27/03/2023,UPI/DR/1127095452/KAVITHA RAO/KKBK0283526/kavitha223@paytm,TXN0274305,249.00,,2454506.50
28/03/2023,NEFT/6636864020/MALLIKA DAS/KKBK0283526/32854762466847,TXN0274306,,24000.00,2478506.50
28/03/2023,UPI/CR/470919210429/RAMESH GOWDA/KKBK0283526/ramesh510@paytm,TXN0274307,,24000.00,2502506.50
28/03/2023,UPI/CR/92516430/FATIMA SHEIKH/KKBK0283526/fatima340@okhdfc,TXN0274308,,1200.00,2503706.50
29/03/2023,UPI/DR/64575306/GEETA DEVI/KKBK0283526/geeta255@okhdfc,TXN0274309,5200.00,,2498506.50
29/03/2023,NEFT/094168923339/ARJUN MEHTA/KKBK0283526/21243846435557,TXN0274310,7800.00,,2490706.50
29/03/2023,UPI/DR/87495796/MEERA PILLAI/KKBK0283526/meera351@oksbi,TXN0274311,249.00,,2490457.50
29/03/2023,CHQ NO 034994 CLEARING,TXN0274312,999.00,,2489458.50
30/03/2023,ATM/WDL/109528459065/SBI ATM JAYANAGAR BLR,TXN0274313,1250.00,,2488208.50
30/03/2023,UPI/DR/8482414240/RAJENDRA PRASAD/KKBK0283526/rajendra560@ybl,TXN0274314,3499.00,,2484709.50
30/03/2023,UPI/CR/6562697207/IMRAN KHAN/KKBK0283526/imran129@okaxis,TXN0274315,,32000.00,2516709.50
31/03/2023,ATM/WDL/925285963704/SBI ATM JAYANAGAR BLR,TXN0274316,1680.00,,2515029.50
31/03/2023,UPI/DR/9892567641/REKHA PILLAI/KKBK0283526/rekha734@okhdfc,TXN0274317,3499.00,,2511530.50
31/03/2023,IMPS/P2P/723135492610/SHAHID KHAN/8527016954,TXN0274318,,850.00,2512380.50
31/03/2023,UPI/DR/17476542/VENKAT RAO/KKBK0283526/venkat960@oksbi,TXN0274319,310.00,,2512070.50
31/03/2023,IMPS/P2P/9511270610/SNEHA PATIL/9484054005,TXN0274320,,1200.00,2513270.50
01/04/2023,IMPS/P2P/166580227308/GEETA DEVI/8887865361,TXN0274321,,4800.00,2518070.50
01/04/2023,NEFT/25754011/MEENA IYER/KKBK0283526/68928212862033,TXN0274322,,4800.00,2522870.50
01/04/2023,CASH DEPOSIT/BRANCH COUNTER/PUNE CAMP,TXN0274323,,500.00,2523370.50
01/04/2023,ATM/WDL/068151911546/SBI ATM JAYANAGAR BLR,TXN0274324,79.00,,2523291.50
01/04/2023,UPI/DR/8349116470/RANJIT SINGH/KKBK0283526/ranjit474@ybl,TXN0274325,699.00,,2522592.50
02/04/2023,CHQ NO 098551 CLEARING,TXN0274326,5200.00,,2517392.50
02/04/2023,ATM/WDL/77229039/CANARA ATM MYSURU,TXN0274327,449.00,,2516943.50
02/04/2023,NEFT/3677031315/SAVITHA DEVI/KKBK0283526/23019470131339,TXN0274328,,1200.00,2518143.50
03/04/2023,UPI/DR/382297714931/HARISH MENON/KKBK0283526/harish870@okaxis,TXN0274329,3499.00,,2514644.50
03/04/2023,UPI/DR/688796810166/DEEPA NAIR/KKBK0283526/deepa283@ybl,TXN0274330,999.00,,2513645.50
03/04/2023,CASH DEPOSIT/BRANCH COUNTER/PUNE CAMP,TXN0274331,,850.00,2514495.50
04/04/2023,UPI/DR/685713953007/SANTOSH KUMAR/KKBK0283526/santosh576@ybl,TXN0274332,999.00,,2513496.50
04/04/2023,ATM/WDL/3580187787/SBI ATM JAYANAGAR BLR,TXN0274333,49.00,,2513447.50
04/04/2023,CASH DEPOSIT/BRANCH COUNTER/PUNE CAMP,TXN0274334,,24000.00,2537447.50
04/04/2023,UPI/CR/076673782245/ARCHANA PILLAI/KKBK0283526/archana564@ybl,TXN0274335,,32000.00,2569447.50
04/04/2023,ATM/WDL/94712466/CANARA ATM MYSURU,TXN0274336,1250.00,,2568197.50
04/04/2023,UPI/DR/01615607/SANJANA HEGDE/KKBK0283526/sanjana509@paytm,TXN0274337,7800.00,,2560397.50
05/04/2023,UPI/DR/0218545074/RAHUL SINGH/KKBK0283526/rahul425@ybl,TXN0274338,120.00,,2560277.50
05/04/2023,UPI/DR/0423022226/KIRAN REDDY/KKBK0283526/kiran534@oksbi,TXN0274339,120.00,,2560157.50
05/04/2023,IMPS/P2P/07028330/ARCHANA PILLAI/7512206482,TXN0274340,,7600.00,2567757.50
05/04/2023,CHQ NO 054573 CLEARING,TXN0274341,79.00,,2567678.50
05/04/2023,UPI/DR/43842332/RAMESH GOWDA/KKBK0283526/ramesh328@ybl,TXN0274342,49.00,,2567629.50
06/04/2023,IMPS/P2P/165700619337/SHAHID KHAN/8992288876,TXN0274343,,1200.00,2568829.50
06/04/2023,CHQ NO 085043 CLEARING,TXN0274344,49.00,,2568780.50
06/04/2023,NEFT/13490345/LATHA MURTHY/KKBK0283526/04683491612022,TXN0274345,,2500.00,2571280.50
07/04/2023,CASH DEPOSIT/BRANCH COUNTER/PUNE CAMP,TXN0274346,,18500.00,2589780.50
07/04/2023,ATM/WDL/39550491/SBI ATM JAYANAGAR BLR,TXN0274347,79.00,,2589701.50
07/04/2023,UPI/DR/862389220909/PRAKASH RAO/KKBK0283526/prakash987@ybl,TXN0274348,120.00,,2589581.50
07/04/2023,UPI/DR/3551365236/TANVI RAO/KKBK0283526/tanvi394@paytm,TXN0274349,49.00,,2589532.50
07/04/2023,UPI/DR/8281608187/KAVERI MENON/KKBK0283526/kaveri343@ybl,TXN0274350,850.00,,2588682.50
07/04/2023,ATM/WDL/702273183749/CANARA ATM MYSURU,TXN0274351,120.00,,2588562.50
08/04/2023,UPI/CR/783501378066/SURESH BABU/KKBK0283526/suresh895@paytm,TXN0274352,,4800.00,2593362.50
08/04/2023,NEFT/19583465/HARISH MENON/KKBK0283526/48530091348355,TXN0274353,,18500.00,2611862.50
09/04/2023,NEFT/840550378332/NILESH KULKARNI/KKBK0283526/80282217952112,TXN0274354,5200.00,,2606662.50
10/04/2023,IMPS/P2P/23157270/SUSHMA RAO/7245616276,TXN0274355,,24000.00,2630662.50
10/04/2023,IMPS/P2P/61783779/BABU LAL/8412077841,TXN0274356,,850.00,2631512.50
11/04/2023,UPI/CR/815596100011/KAVERI MENON/KKBK0283526/kaveri873@paytm,TXN0274357,,500.00,2632012.50
11/04/2023,UPI/DR/06244817/DIVYA MENON/KKBK0283526/divya192@ybl,TXN0274358,120.00,,2631892.50
11/04/2023,NEFT/1672319713/RAHUL SINGH/KKBK0283526/39973143569876,TXN0274359,,1200.00,2633092.50
11/04/2023,UPI/DR/574044974347/RAJESH VERMA/KKBK0283526/rajesh245@okaxis,TXN0274360,1680.00,,2631412.50
12/04/2023,ATM/WDL/0473644890/SBI ATM JAYANAGAR BLR,TXN0274361,1250.00,,2630162.50
13/04/2023,CASH DEPOSIT/BRANCH COUNTER/PUNE CAMP,TXN0274362,,2500.00,2632662.50
13/04/2023,UPI/DR/05298481/SURESH BABU/KKBK0283526/suresh71@oksbi,TXN0274363,3499.00,,2629163.50
14/04/2023,CHQ NO 421109 CLEARING,TXN0274364,3499.00,,2625664.50
14/04/2023,UPI/CR/45086366/LAKSHMI VENKAT/KKBK0283526/lakshmi860@okhdfc,TXN0274365,,850.00,2626514.50
14/04/2023,UPI/DR/950973406408/SAVITHA DEVI/KKBK0283526/savitha791@okhdfc,TXN0274366,1680.00,,2624834.50
15/04/2023,UPI/DR/6083251369/PRIYA NAIR/KKBK0283526/priya205@oksbi,TXN0274367,310.00,,2624524.50
15/04/2023,CASH DEPOSIT/BRANCH COUNTER/PUNE CAMP,TXN0274368,,11200.00,2635724.50
16/04/2023,CHQ NO 955396 CLEARING,TXN0274369,310.00,,2635414.50
16/04/2023,CASH DEPOSIT/BRANCH COUNTER/PUNE CAMP,TXN0274370,,850.00,2636264.50
16/04/2023,ATM/WDL/196933688763/HDFC ATM KORAMANGALA,TXN0274371,120.00,,2636144.50
17/04/2023,NEFT/6125493711/REKHA PILLAI/KKBK0283526/38406129980306,TXN0274372,,850.00,2636994.50
17/04/2023,ATM/WDL/9775446377/SBI ATM JAYANAGAR BLR,TXN0274373,249.00,,2636745.50
18/04/2023,UPI/DR/5677196565/PADMA RAO/KKBK0283526/padma134@okaxis,TXN0274374,2380.00,,2634365.50
18/04/2023,IMPS/P2P/6335185449/ROHIT SHARMA/8128137610,TXN0274375,,1200.00,2635565.50
18/04/2023,UPI/DR/301105196890/NILESH KULKARNI/KKBK0283526/nilesh695@oksbi,TXN0274376,3499.00,,2632066.50
18/04/2023,ATM/WDL/52313444/HDFC ATM KORAMANGALA,TXN0274377,49.00,,2632017.50
18/04/2023,UPI/DR/364893909743/FATIMA SHEIKH/KKBK0283526/fatima896@okaxis,TXN0274378,120.00,,2631897.50
18/04/2023,CASH DEPOSIT/BRANCH COUNTER/PUNE CAMP,TXN0274379,,4800.00,2636697.50
18/04/2023,ATM/WDL/220194229024/HDFC ATM KORAMANGALA,TXN0274380,79.00,,2636618.50
18/04/2023,NEFT/97294123/LATHA MURTHY/KKBK0283526/40211301512439,TXN0274381,5200.00,,2631418.50
18/04/2023,UPI/CR/574643837936/NADIA HUSSAIN/KKBK0283526/nadia637@ybl,TXN0274382,,24000.00,2655418.50
19/04/2023,NEFT/12161428/RAHUL SINGH/KKBK0283526/47922225851041,TXN0274383,,18500.00,2673918.50
19/04/2023,CHQ NO 800839 CLEARING,TXN0274384,5200.00,,2668718.50
19/04/2023,CHQ NO 501608 CLEARING,TXN0274385,2380.00,,2666338.50
20/04/2023,NEFT/12970627/ANITHA KRISHNAN/KKBK0283526/97233300277280,TXN0274386,,18500.00,2684838.50
20/04/2023,NEFT/5506292555/KAVYA REDDY/KKBK0283526/90581096227047,TXN0274387,,32000.00,2716838.50
20/04/2023,ATM/WDL/44172167/CANARA ATM MYSURU,TXN0274388,49.00,,2716789.50
21/04/2023,NEFT/7073564286/ADITYA KUMAR/KKBK0283526/81553281404789,TXN0274389,79.00,,2716710.50
21/04/2023,UPI/DR/777724052174/RESHMA KHAN/KKBK0283526/reshma892@paytm,TXN0274390,120.00,,2716590.50
21/04/2023,CHQ NO 213370 CLEARING,TXN0274391,449.00,,2716141.50
21/04/2023,UPI/DR/59638871/SUNITA DEVI/KKBK0283526/sunita914@oksbi,TXN0274392,850.00,,2715291.50
21/04/2023,NEFT/793823738788/PRIYA NAIR/KKBK0283526/79141777311108,TXN0274393,850.00,,2714441.50
22/04/2023,UPI/DR/532795017549/SURESH NAIR/KKBK0283526/suresh901@okaxis,TXN0274394,2380.00,,2712061.50
22/04/2023,NEFT/5727950754/SHAHID KHAN/KKBK0283526/69754374578287,TXN0274395,449.00,,2711612.50
22/04/2023,UPI/DR/858079658942/ADITYA KUMAR/KKBK0283526/aditya516@okaxis,TXN0274396,449.00,,2711163.50
22/04/2023,ATM/WDL/07128014/CANARA ATM MYSURU,TXN0274397,850.00,,2710313.50
22/04/2023,NEFT/3433884958/MOHAN DAS/KKBK0283526/65003061300727,TXN0274398,,11200.00,2721513.50
22/04/2023,UPI/CR/78928736/SANTOSH KUMAR/KKBK0283526/santosh45@okaxis,TXN0274399,,11200.00,2732713.50
22/04/2023,ATM/WDL/013770477343/SBI ATM JAYANAGAR BLR,TXN0274400,999.00,,2731714.50
24/04/2023,UPI/DR/15487523/ARUN SHARMA/KKBK0283526/arun307@paytm,TXN0274401,1250.00,,2730464.50
24/04/2023,NEFT/6680456649/HARISH MENON/KKBK0283526/73038548953837,TXN0274402,1250.00,,2729214.50
24/04/2023,UPI/DR/297798974798/LATHA MURTHY/KKBK0283526/latha324@oksbi,TXN0274403,310.00,,2728904.50
24/04/2023,NEFT/12500924/ANITHA KRISHNAN/KKBK0283526/55736115812781,TXN0274404,3499.00,,2725405.50
24/04/2023,UPI/CR/88840946/AYESHA KHAN/KKBK0283526/ayesha591@okaxis,TXN0274405,,18500.00,2743905.50
24/04/2023,CHQ NO 025377 CLEARING,TXN0274406,1250.00,,2742655.50
25/04/2023,UPI/DR/140929585249/SANJANA HEGDE/KKBK0283526/sanjana79@okaxis,TXN0274407,49.00,,2742606.50
25/04/2023,UPI/DR/84683241/RAVI KUMAR SHARMA/KKBK0283526/ravi937@ybl,TXN0274408,699.00,,2741907.50
25/04/2023,UPI/CR/7124283326/RAHUL SINGH/KKBK0283526/rahul694@paytm,TXN0274409,,32000.00,2773907.50
25/04/2023,UPI/DR/683043459327/SANJANA HEGDE/KKBK0283526/sanjana708@ybl,TXN0274410,2380.00,,2771527.50
26/04/2023,UPI/DR/28998568/ARUN SHARMA/KKBK0283526/arun768@oksbi,TXN0274411,120.00,,2771407.50
26/04/2023,IMPS/P2P/283327053312/VENKAT RAO/9864074283,TXN0274412,,7600.00,2779007.50
26/04/2023,NEFT/62997090/GEETA DEVI/KKBK0283526/28647184244803,TXN0274413,3499.00,,2775508.50
26/04/2023,NEFT/8516046517/PADMA RAO/KKBK0283526/73058457300267,TXN0274414,,1200.00,2776708.50
26/04/2023,NEFT/4956426174/LATHA MURTHY/KKBK0283526/71990117879094,TXN0274415,850.00,,2775858.50
27/04/2023,CHQ NO 420917 CLEARING,TXN0274416,449.00,,2775409.50
27/04/2023,UPI/DR/180060771147/NIKHIL GUPTA/KKBK0283526/nikhil237@oksbi,TXN0274417,999.00,,2774410.50
28/04/2023,NEFT/1654408262/DEEPAK JOSHI/KKBK0283526/32502415616307,TXN0274418,,11200.00,2785610.50
28/04/2023,UPI/CR/303290470769/ROHIT SHARMA/KKBK0283526/rohit582@okaxis,TXN0274419,,11200.00,2796810.50
28/04/2023,UPI/DR/43449400/MEERA PILLAI/KKBK0283526/meera81@okaxis,TXN0274420,699.00,,2796111.50
28/04/2023,UPI/CR/19564337/DIVYA MENON/KKBK0283526/divya242@okaxis,TXN0274421,,11200.00,2807311.50
29/04/2023,NEFT/9489085775/KAVERI MENON/KKBK0283526/33123940544238,TXN0274422,310.00,,2807001.50
29/04/2023,IMPS/P2P/9405165003/SNEHA PATIL/8475093081,TXN0274423,,2500.00,2809501.50
30/04/2023,CASH DEPOSIT/BRANCH COUNTER/PUNE CAMP,TXN0274424,,500.00,2810001.50
30/04/2023,UPI/CR/4852671601/IMRAN KHAN/KKBK0283526/imran899@paytm,TXN0274425,,2500.00,2812501.50
01/05/2023,UPI/DR/15833147/ARUN SHARMA/KKBK0283526/arun530@okaxis,TXN0274426,850.00,,2811651.50
01/05/2023,CASH DEPOSIT/BRANCH COUNTER/PUNE CAMP,TXN0274427,,11200.00,2822851.50
01/05/2023,UPI/DR/782059761308/HARISH MENON/KKBK0283526/harish998@okaxis,TXN0274428,1250.00,,2821601.50
01/05/2023,ATM/WDL/1015871739/HDFC ATM KORAMANGALA,TXN0274429,2380.00,,2819221.50
02/05/2023,UPI/CR/3448322187/ROHIT SHARMA/KKBK0283526/rohit466@okaxis,TXN0274430,,500.00,2819721.50
02/05/2023,UPI/DR/785434051774/GANESH KUMAR/KKBK0283526/ganesh334@okhdfc,TXN0274431,1680.00,,2818041.50
02/05/2023,CHQ NO 290301 CLEARING,TXN0274432,1680.00,,2816361.50
03/05/2023,UPI/CR/843592100325/SANJANA HEGDE/KKBK0283526/sanjana527@paytm,TXN0274433,,850.00,2817211.50
03/05/2023,UPI/DR/638183396902/AYESHA KHAN/KKBK0283526/ayesha294@okhdfc,TXN0274434,7800.00,,2809411.50
03/05/2023,CASH DEPOSIT/BRANCH COUNTER/PUNE CAMP,TXN0274435,,32000.00,2841411.50
03/05/2023,CASH DEPOSIT/BRANCH COUNTER/PUNE CAMP,TXN0274436,,1200.00,2842611.50
04/05/2023,UPI/CR/9693450324/SANJANA HEGDE/KKBK0283526/sanjana664@okhdfc,TXN0274437,,32000.00,2874611.50
04/05/2023,NEFT/36427548/DEEPA NAIR/KKBK0283526/70912515212792,TXN0274438,999.00,,2873612.50
05/05/2023,NEFT/277686079572/NAVEEN KUMAR/KKBK0283526/89310937827816,TXN0274439,120.00,,2873492.50
06/05/2023,NEFT/356735834514/PRIYA NAIR/KKBK0283526/50745294320601,TXN0274440,1680.00,,2871812.50
07/05/2023,ATM/WDL/49082216/SBI ATM JAYANAGAR BLR,TXN0274441,2380.00,,2869432.50
07/05/2023,UPI/DR/482642834667/SANJANA HEGDE/KKBK0283526/sanjana816@okaxis,TXN0274442,5200.00,,2864232.50
08/05/2023,CHQ NO 041783 CLEARING,TXN0274443,49.00,,2864183.50
08/05/2023,UPI/DR/56521708/FARHAN KHAN/KKBK0283526/farhan705@oksbi,TXN0274444,7800.00,,2856383.50
08/05/2023,UPI/DR/4479322956/PRIYA NAIR/KKBK0283526/priya25@paytm,TXN0274445,449.00,,2855934.50
08/05/2023,NEFT/745418419927/RANJIT SINGH/KKBK0283526/69418220457633,TXN0274446,7800.00,,2848134.50
09/05/2023,ATM/WDL/681352151522/HDFC ATM KORAMANGALA,TXN0274447,3499.00,,2844635.50
09/05/2023,IMPS/P2P/10900138/ANAND KUMAR/7711438286,TXN0274448,,18500.00,2863135.50
09/05/2023,NEFT/53449202/DEEPAK JOSHI/KKBK0283526/16321156202972,TXN0274449,2380.00,,2860755.50
09/05/2023,UPI/DR/3028291736/ANAND KUMAR/KKBK0283526/anand255@paytm,TXN0274450,310.00,,2860445.50
09/05/2023,UPI/DR/0371154189/KIRAN REDDY/KKBK0283526/kiran897@oksbi,TXN0274451,449.00,,2859996.50
10/05/2023,UPI/DR/9815104716/NILESH KULKARNI/KKBK0283526/nilesh79@paytm,TXN0274452,5200.00,,2854796.50
11/05/2023,UPI/DR/47809320/CHANDAN SHARMA/KKBK0283526/chandan265@okaxis,TXN0274453,2380.00,,2852416.50
11/05/2023,UPI/DR/9479231202/NILESH KULKARNI/KKBK0283526/nilesh49@okaxis,TXN0274454,2380.00,,2850036.50
12/05/2023,UPI/DR/2063479619/SAVITHA DEVI/KKBK0283526/savitha785@paytm,TXN0274455,699.00,,2849337.50
13/05/2023,ATM/WDL/54004958/HDFC ATM KORAMANGALA,TXN0274456,7800.00,,2841537.50
13/05/2023,IMPS/P2P/23137947/RAMESH GOWDA/8728804425,TXN0274457,,32000.00,2873537.50
13/05/2023,NEFT/816633287721/MOHAMMED IRFAN/KKBK0283526/37332310263643,TXN0274458,,32000.00,2905537.50
14/05/2023,UPI/DR/823235268197/RAHUL SINGH/KKBK0283526/rahul477@ybl,TXN0274459,1680.00,,2903857.50
14/05/2023,CHQ NO 286577 CLEARING,TXN0274460,1250.00,,2902607.50
15/05/2023,UPI/DR/7972880516/VENKAT RAO/KKBK0283526/venkat677@ybl,TXN0274461,1680.00,,2900927.50
15/05/2023,NEFT/3829208410/POOJA SHARMA/KKBK0283526/18715638381478,TXN0274462,249.00,,2900678.50
15/05/2023,UPI/CR/833965019195/KIRAN REDDY/KKBK0283526/kiran901@oksbi,TXN0274463,,500.00,2901178.50
16/05/2023,NEFT/133785706770/ANITHA KRISHNAN/KKBK0283526/07896580805576,TXN0274464,,500.00,2901678.50
16/05/2023,CHQ NO 271744 CLEARING,TXN0274465,79.00,,2901599.50
16/05/2023,NEFT/83208531/KAVITHA RAO/KKBK0283526/43178695563762,TXN0274466,,1200.00,2902799.50
17/05/2023,UPI/DR/003366338933/TARA SINGH/KKBK0283526/tara735@ybl,TXN0274467,3499.00,,2899300.50
17/05/2023,CHQ NO 137546 CLEARING,TXN0274468,120.00,,2899180.50
17/05/2023,CASH DEPOSIT/BRANCH COUNTER/PUNE CAMP,TXN0274469,,18500.00,2917680.50
18/05/2023,NEFT/470197111364/LALITHA DEVI/KKBK0283526/68637190387587,TXN0274470,5200.00,,2912480.50
18/05/2023,UPI/DR/608077014478/GANESH KUMAR/KKBK0283526/ganesh430@okhdfc,TXN0274471,79.00,,2912401.50
19/05/2023,ATM/WDL/5724294503/SBI ATM JAYANAGAR BLR,TXN0274472,850.00,,2911551.50
19/05/2023,UPI/DR/06672174/NILESH KULKARNI/KKBK0283526/nilesh791@okaxis,TXN0274473,49.00,,2911502.50
19/05/2023,UPI/DR/6375540579/ROHIT SHARMA/KKBK0283526/rohit320@ybl,TXN0274474,79.00,,2911423.50
20/05/2023,UPI/DR/465959061607/TANVI RAO/KKBK0283526/tanvi262@paytm,TXN0274475,7800.00,,2903623.50
20/05/2023,NEFT/91468972/VINAY PATIL/KKBK0283526/55032671434177,TXN0274476,,500.00,2904123.50
20/05/2023,CASH DEPOSIT/BRANCH COUNTER/PUNE CAMP,TXN0274477,,1200.00,2905323.50
20/05/2023,IMPS/P2P/7071748901/VIKRAM NAIR/8675779128,TXN0274478,,850.00,2906173.50
21/05/2023,UPI/CR/2751451243/FARHAN KHAN/KKBK0283526/farhan766@ybl,TXN0274479,,850.00,2907023.50
21/05/2023,UPI/DR/136454168151/VIKRAM NAIR/KKBK0283526/vikram406@okhdfc,TXN0274480,120.00,,2906903.50
22/05/2023,ATM/WDL/39843994/CANARA ATM MYSURU,TXN0274481,120.00,,2906783.50
22/05/2023,NEFT/60462864/MALLIKA DAS/KKBK0283526/70360506640665,TXN0274482,,24000.00,2930783.50
22/05/2023,CHQ NO 768112 CLEARING,TXN0274483,79.00,,2930704.50
23/05/2023,UPI/DR/26265290/ARUN SHARMA/KKBK0283526/arun315@ybl,TXN0274484,2380.00,,2928324.50
23/05/2023,UPI/DR/3011369603/ANAND KUMAR/KKBK0283526/anand61@ybl,TXN0274485,1680.00,,2926644.50
23/05/2023,UPI/DR/454485753573/KAVERI MENON/KKBK0283526/kaveri784@oksbi,TXN0274486,310.00,,2926334.50
24/05/2023,ATM/WDL/21234454/CANARA ATM MYSURU,TXN0274487,310.00,,2926024.50
24/05/2023,CASH DEPOSIT/BRANCH COUNTER/PUNE CAMP,TXN0274488,,18500.00,2944524.50
25/05/2023,UPI/DR/601870265992/VINAY PATIL/KKBK0283526/vinay294@paytm,TXN0274489,310.00,,2944214.50
25/05/2023,UPI/DR/39609127/SURESH NAIR/KKBK0283526/suresh69@okaxis,TXN0274490,999.00,,2943215.50
25/05/2023,CASH DEPOSIT/BRANCH COUNTER/PUNE CAMP,TXN0274491,,2500.00,2945715.50
26/05/2023,UPI/DR/90213735/RAVI KUMAR SHARMA/KKBK0283526/ravi792@okhdfc,TXN0274492,79.00,,2945636.50
26/05/2023,CASH DEPOSIT/BRANCH COUNTER/PUNE CAMP,TXN0274493,,18500.00,2964136.50
26/05/2023,IMPS/P2P/16079818/MEERA PILLAI/9934895332,TXN0274494,,7600.00,2971736.50
26/05/2023,CHQ NO 902878 CLEARING,TXN0274495,49.00,,2971687.50
26/05/2023,CHQ NO 738447 CLEARING,TXN0274496,5200.00,,2966487.50
27/05/2023,CASH DEPOSIT/BRANCH COUNTER/PUNE CAMP,TXN0274497,,7600.00,2974087.50
27/05/2023,IMPS/P2P/929378070446/FARHAN KHAN/9335681876,TXN0274498,,850.00,2974937.50
27/05/2023,CASH DEPOSIT/BRANCH COUNTER/PUNE CAMP,TXN0274499,,2500.00,2977437.50
27/05/2023,NEFT/20770795/KAVYA REDDY/KKBK0283526/25459341591791,TXN0274500,,1200.00,2978637.50
28/05/2023,NEFT/83242773/RAJESH VERMA/KKBK0283526/09121537521762,TXN0274501,999.00,,2977638.50
28/05/2023,IMPS/P2P/54967476/SUNITA DEVI/8501156884,TXN0274502,,2500.00,2980138.50
28/05/2023,UPI/CR/51550769/NAVEEN KUMAR/KKBK0283526/naveen367@ybl,TXN0274503,,500.00,2980638.50
28/05/2023,UPI/DR/552578201585/BABU LAL/KKBK0283526/babu693@oksbi,TXN0274504,7800.00,,2972838.50
29/05/2023,NEFT/498854547738/SAVITHA DEVI/KKBK0283526/04422982181884,TXN0274505,49.00,,2972789.50
29/05/2023,ATM/WDL/41064068/SBI ATM JAYANAGAR BLR,TXN0274506,1680.00,,2971109.50
30/05/2023,UPI/DR/7446399685/ADITYA KUMAR/KKBK0283526/aditya628@okhdfc,TXN0274507,310.00,,2970799.50
30/05/2023,CHQ NO 005218 CLEARING,TXN0274508,1680.00,,2969119.50
30/05/2023,CHQ NO 360137 CLEARING,TXN0274509,249.00,,2968870.50
31/05/2023,UPI/CR/819212413404/KIRAN REDDY/KKBK0283526/kiran397@paytm,TXN0274510,,2500.00,2971370.50
31/05/2023,ATM/WDL/855656091270/CANARA ATM MYSURU,TXN0274511,249.00,,2971121.50
31/05/2023,IMPS/P2P/2148301678/SAVITHA DEVI/7597362151,TXN0274512,,11200.00,2982321.50
01/06/2023,CASH DEPOSIT/BRANCH COUNTER/PUNE CAMP,TXN0274513,,850.00,2983171.50
01/06/2023,UPI/DR/68026313/CHANDAN SHARMA/KKBK0283526/chandan462@oksbi,TXN0274514,7800.00,,2975371.50
01/06/2023,UPI/DR/7994413167/SUSHMA RAO/KKBK0283526/sushma733@ybl,TXN0274515,7800.00,,2967571.50
01/06/2023,NEFT/32700063/NIKHIL GUPTA/KKBK0283526/83623975398552,TXN0274516,49.00,,2967522.50
01/06/2023,CASH DEPOSIT/BRANCH COUNTER/PUNE CAMP,TXN0274517,,850.00,2968372.50
02/06/2023,UPI/DR/73300816/SMITHA PILLAI/KKBK0283526/smitha592@paytm,TXN0274518,120.00,,2968252.50
02/06/2023,ATM/WDL/58095190/SBI ATM JAYANAGAR BLR,TXN0274519,2380.00,,2965872.50
02/06/2023,CHQ NO 923264 CLEARING,TXN0274520,79.00,,2965793.50
03/06/2023,ATM/WDL/682896531832/CANARA ATM MYSURU,TXN0274521,449.00,,2965344.50
03/06/2023,NEFT/994952100966/SANJANA HEGDE/KKBK0283526/23544273844008,TXN0274522,,1200.00,2966544.50
03/06/2023,UPI/DR/102431943455/VINAY PATIL/KKBK0283526/vinay306@paytm,TXN0274523,850.00,,2965694.50
03/06/2023,IMPS/P2P/6714092053/GOPAL VERMA/9245792159,TXN0274524,,4800.00,2970494.50
04/06/2023,UPI/DR/0246979093/TARA SINGH/KKBK0283526/tara243@ybl,TXN0274525,999.00,,2969495.50
05/06/2023,IMPS/P2P/649850304468/SANJANA HEGDE/8696296529,TXN0274526,,32000.00,3001495.50
06/06/2023,CHQ NO 202009 CLEARING,TXN0274527,3499.00,,2997996.50
06/06/2023,NEFT/778816120784/MOHAN DAS/KKBK0283526/40785552103742,TXN0274528,449.00,,2997547.50
07/06/2023,CASH DEPOSIT/BRANCH COUNTER/PUNE CAMP,TXN0274529,,32000.00,3029547.50
07/06/2023,CHQ NO 927222 CLEARING,TXN0274530,120.00,,3029427.50
07/06/2023,ATM/WDL/5727361351/HDFC ATM KORAMANGALA,TXN0274531,999.00,,3028428.50
07/06/2023,ATM/WDL/689569120187/CANARA ATM MYSURU,TXN0274532,249.00,,3028179.50
07/06/2023,ATM/WDL/16171620/SBI ATM JAYANAGAR BLR,TXN0274533,79.00,,3028100.50
07/06/2023,ATM/WDL/8634366203/HDFC ATM KORAMANGALA,TXN0274534,1680.00,,3026420.50
07/06/2023,CASH DEPOSIT/BRANCH COUNTER/PUNE CAMP,TXN0274535,,32000.00,3058420.50
07/06/2023,CASH DEPOSIT/BRANCH COUNTER/PUNE CAMP,TXN0274536,,11200.00,3069620.50
08/06/2023,NEFT/1052146811/SURESH NAIR/KKBK0283526/08085295122071,TXN0274537,7800.00,,3061820.50
09/06/2023,UPI/DR/5337353423/SURESH BABU/KKBK0283526/suresh757@okhdfc,TXN0274538,7800.00,,3054020.50
10/06/2023,IMPS/P2P/34517159/KAVERI MENON/8057473460,TXN0274539,,18500.00,3072520.50
10/06/2023,ATM/WDL/6098456853/SBI ATM JAYANAGAR BLR,TXN0274540,120.00,,3072400.50
10/06/2023,CHQ NO 059273 CLEARING,TXN0274541,699.00,,3071701.50
10/06/2023,CASH DEPOSIT/BRANCH COUNTER/PUNE CAMP,TXN0274542,,18500.00,3090201.50
11/06/2023,UPI/DR/1721385013/KAVYA REDDY/KKBK0283526/kavya255@paytm,TXN0274543,49.00,,3090152.50
11/06/2023,UPI/DR/1753214147/ANAND KUMAR/KKBK0283526/anand320@okhdfc,TXN0274544,999.00,,3089153.50
11/06/2023,NEFT/626074440256/BINDHU NAIR/KKBK0283526/18754593798859,TXN0274545,,500.00,3089653.50
11/06/2023,UPI/CR/4956436979/NADIA HUSSAIN/KKBK0283526/nadia136@oksbi,TXN0274546,,1200.00,3090853.50
11/06/2023,UPI/CR/36452661/NIKHIL GUPTA/KKBK0283526/nikhil908@paytm,TXN0274547,,850.00,3091703.50
11/06/2023,NEFT/33614941/GOPAL VERMA/KKBK0283526/02565352044595,TXN0274548,1680.00,,3090023.50
12/06/2023,CASH DEPOSIT/BRANCH COUNTER/PUNE CAMP,TXN0274549,,2500.00,3092523.50
12/06/2023,NEFT/345283340416/KAVERI MENON/KKBK0283526/26105830969079,TXN0274550,,4800.00,3097323.50
12/06/2023,CHQ NO 660124 CLEARING,TXN0274551,79.00,,3097244.50
13/06/2023,UPI/CR/95382362/PRIYA NAIR/KKBK0283526/priya744@oksbi,TXN0274552,,18500.00,3115744.50
13/06/2023,IMPS/P2P/0837836698/GOPAL VERMA/9967304116,TXN0274553,,18500.00,3134244.50
13/06/2023,NEFT/16642281/KARTHIK MENON/KKBK0283526/45211580375115,TXN0274554,,7600.00,3141844.50
14/06/2023,NEFT/42174311/KARTHIK MENON/KKBK0283526/41176304470716,TXN0274555,999.00,,3140845.50
14/06/2023,UPI/CR/819543182918/MEERA PILLAI/KKBK0283526/meera169@ybl,TXN0274556,,500.00,3141345.50
15/06/2023,UPI/DR/664210492518/VINAY PATIL/KKBK0283526/vinay374@okhdfc,TXN0274557,49.00,,3141296.50
15/06/2023,IMPS/P2P/5063629240/DEEPAK JOSHI/7795782523,TXN0274558,,32000.00,3173296.50
15/06/2023,CASH DEPOSIT/BRANCH COUNTER/PUNE CAMP,TXN0274559,,24000.00,3197296.50
15/06/2023,CHQ NO 570339 CLEARING,TXN0274560,1250.00,,3196046.50
16/06/2023,UPI/DR/856458449301/RAJENDRA PRASAD/KKBK0283526/rajendra961@paytm,TXN0274561,850.00,,3195196.50
16/06/2023,NEFT/424271248128/PRIYA NAIR/KKBK0283526/22326713752019,TXN0274562,3499.00,,3191697.50
17/06/2023,UPI/CR/091605502846/REKHA PILLAI/KKBK0283526/rekha305@okhdfc,TXN0274563,,1200.00,3192897.50
17/06/2023,UPI/CR/6208079247/DEEPA NAIR/KKBK0283526/deepa973@okhdfc,TXN0274564,,2500.00,3195397.50
17/06/2023,CHQ NO 782754 CLEARING,TXN0274565,449.00,,3194948.50
17/06/2023,UPI/CR/76657950/NILESH KULKARNI/KKBK0283526/nilesh103@ybl,TXN0274566,,18500.00,3213448.50
17/06/2023,UPI/DR/855236011390/SNEHA PATIL/KKBK0283526/sneha602@paytm,TXN0274567,310.00,,3213138.50
18/06/2023,CASH DEPOSIT/BRANCH COUNTER/PUNE CAMP,TXN0274568,,4800.00,3217938.50
18/06/2023,NEFT/388811560737/SURESH NAIR/KKBK0283526/57604022122778,TXN0274569,,2500.00,3220438.50
18/06/2023,UPI/DR/53850618/SURESH BABU/KKBK0283526/suresh610@okhdfc,TXN0274570,1250.00,,3219188.50
19/06/2023,UPI/CR/0397110403/USHA RANI/KKBK0283526/usha507@okhdfc,TXN0274571,,32000.00,3251188.50
19/06/2023,IMPS/P2P/7424571262/FARHAN KHAN/7000203630,TXN0274572,,7600.00,3258788.50
19/06/2023,NEFT/1430786260/SUNITA DEVI/KKBK0283526/58229695935478,TXN0274573,,4800.00,3263588.50
19/06/2023,NEFT/1442297997/BINDHU NAIR/KKBK0283526/13479894921014,TXN0274574,,11200.00,3274788.50
19/06/2023,UPI/DR/3050192632/MEERA PILLAI/KKBK0283526/meera833@ybl,TXN0274575,249.00,,3274539.50
20/06/2023,CHQ NO 034906 CLEARING,TXN0274576,850.00,,3273689.50
20/06/2023,CHQ NO 850496 CLEARING,TXN0274577,2380.00,,3271309.50
20/06/2023,IMPS/P2P/8397534268/LALITHA DEVI/9687980998,TXN0274578,,7600.00,3278909.50
20/06/2023,UPI/DR/490219168776/NADIA HUSSAIN/KKBK0283526/nadia831@oksbi,TXN0274579,2380.00,,3276529.50
20/06/2023,ATM/WDL/7597563124/CANARA ATM MYSURU,TXN0274580,310.00,,3276219.50
21/06/2023,NEFT/97189361/KAVERI MENON/KKBK0283526/49165282518986,TXN0274581,,32000.00,3308219.50
22/06/2023,NEFT/1127604968/KAVERI MENON/KKBK0283526/12221873579603,TXN0274582,,4800.00,3313019.50
23/06/2023,ATM/WDL/297320345439/SBI ATM JAYANAGAR BLR,TXN0274583,1250.00,,3311769.50
24/06/2023,UPI/DR/45518197/NIKHIL GUPTA/KKBK0283526/nikhil786@okaxis,TXN0274584,120.00,,3311649.50
24/06/2023,NEFT/517449302574/SAVITHA DEVI/KKBK0283526/04786148854127,TXN0274585,120.00,,3311529.50
24/06/2023,CASH DEPOSIT/BRANCH COUNTER/PUNE CAMP,TXN0274586,,500.00,3312029.50
24/06/2023,ATM/WDL/3557195421/HDFC ATM KORAMANGALA,TXN0274587,850.00,,3311179.50
25/06/2023,CASH DEPOSIT/BRANCH COUNTER/PUNE CAMP,TXN0274588,,18500.00,3329679.50
25/06/2023,UPI/DR/619456398601/RAJENDRA PRASAD/KKBK0283526/rajendra987@ybl,TXN0274589,850.00,,3328829.50
25/06/2023,UPI/DR/9661443228/SAVITHA DEVI/KKBK0283526/savitha75@paytm,TXN0274590,850.00,,3327979.50
26/06/2023,ATM/WDL/6754124420/HDFC ATM KORAMANGALA,TXN0274591,310.00,,3327669.50
26/06/2023,CASH DEPOSIT/BRANCH COUNTER/PUNE CAMP,TXN0274592,,850.00,3328519.50
26/06/2023,IMPS/P2P/7409139165/ADITYA KUMAR/9886270046,TXN0274593,,500.00,3329019.50
26/06/2023,UPI/DR/579142696862/MEERA PILLAI/KKBK0283526/meera990@okhdfc,TXN0274594,3499.00,,3325520.50
27/06/2023,NEFT/01951086/BABU LAL/KKBK0283526/64874113131933,TXN0274595,79.00,,3325441.50
28/06/2023,CASH DEPOSIT/BRANCH COUNTER/PUNE CAMP,TXN0274596,,500.00,3325941.50
28/06/2023,IMPS/P2P/8791796865/PADMA RAO/9715532171,TXN0274597,,11200.00,3337141.50
29/06/2023,UPI/CR/68596286/PRAKASH RAO/KKBK0283526/prakash604@paytm,TXN0274598,,11200.00,3348341.50
29/06/2023,UPI/CR/9119266783/SURESH BABU/KKBK0283526/suresh307@okhdfc,TXN0274599,,32000.00,3380341.50
29/06/2023,ATM/WDL/3304708190/SBI ATM JAYANAGAR BLR,TXN0274600,850.00,,3379491.50
29/06/2023,CHQ NO 229033 CLEARING,TXN0274601,699.00,,3378792.50
30/06/2023,NEFT/306282753448/NIKHIL GUPTA/KKBK0283526/40556897022035,TXN0274602,,850.00,3379642.50
30/06/2023,UPI/CR/7236046654/SMITHA PILLAI/KKBK0283526/smitha224@okhdfc,TXN0274603,,4800.00,3384442.50
30/06/2023,CHQ NO 416832 CLEARING,TXN0274604,120.00,,3384322.50
30/06/2023,CASH DEPOSIT/BRANCH COUNTER/PUNE CAMP,TXN0274605,,24000.00,3408322.50
30/06/2023,UPI/DR/2823782911/LAKSHMI VENKAT/KKBK0283526/lakshmi708@okaxis,TXN0274606,249.00,,3408073.50
30/06/2023,CASH DEPOSIT/BRANCH COUNTER/PUNE CAMP,TXN0274607,,24000.00,3432073.50
30/06/2023,UPI/DR/7980372535/LALITHA DEVI/KKBK0283526/lalitha803@okaxis,TXN0274608,49.00,,3432024.50
01/07/2023,UPI/DR/066173481523/PADMA RAO/KKBK0283526/padma172@okhdfc,TXN0274609,3499.00,,3428525.50
01/07/2023,UPI/DR/678070115296/LAKSHMI VENKAT/KKBK0283526/lakshmi868@paytm,TXN0274610,2380.00,,3426145.50
02/07/2023,CASH DEPOSIT/BRANCH COUNTER/PUNE CAMP,TXN0274611,,18500.00,3444645.50
02/07/2023,CHQ NO 593791 CLEARING,TXN0274612,1680.00,,3442965.50
02/07/2023,UPI/DR/7472962639/NADIA HUSSAIN/KKBK0283526/nadia495@oksbi,TXN0274613,1680.00,,3441285.50
02/07/2023,CHQ NO 974993 CLEARING,TXN0274614,1680.00,,3439605.50
02/07/2023,CASH DEPOSIT/BRANCH COUNTER/PUNE CAMP,TXN0274615,,24000.00,3463605.50
04/07/2023,NEFT/463581143618/NADIA HUSSAIN/KKBK0283526/64188911823789,TXN0274616,79.00,,3463526.50
05/07/2023,UPI/DR/4422603092/RAMESH GOWDA/KKBK0283526/ramesh308@oksbi,TXN0274617,1680.00,,3461846.50
05/07/2023,UPI/DR/71071839/VINAY PATIL/KKBK0283526/vinay938@oksbi,TXN0274618,699.00,,3461147.50
05/07/2023,NEFT/6986431204/GOPAL VERMA/KKBK0283526/73044439462110,TXN0274619,249.00,,3460898.50
05/07/2023,UPI/DR/4711054665/SHEELA DEVI/KKBK0283526/sheela122@okaxis,TXN0274620,5200.00,,3455698.50
06/07/2023,CASH DEPOSIT/BRANCH COUNTER/PUNE CAMP,TXN0274621,,850.00,3456548.50
06/07/2023,CHQ NO 108331 CLEARING,TXN0274622,999.00,,3455549.50
06/07/2023,ATM/WDL/247664398208/SBI ATM JAYANAGAR BLR,TXN0274623,2380.00,,3453169.50
07/07/2023,UPI/DR/21598954/MEERA PILLAI/KKBK0283526/meera645@okaxis,TXN0274624,49.00,,3453120.50
07/07/2023,UPI/DR/915107299237/KAVYA REDDY/KKBK0283526/kavya684@okhdfc,TXN0274625,5200.00,,3447920.50
08/07/2023,NEFT/744574739016/NADIA HUSSAIN/KKBK0283526/77569754993098,TXN0274626,,2500.00,3450420.50
08/07/2023,UPI/DR/9058356784/RAHUL SINGH/KKBK0283526/rahul631@okhdfc,TXN0274627,7800.00,,3442620.50
08/07/2023,UPI/DR/21257928/KAVITHA RAO/KKBK0283526/kavitha65@okhdfc,TXN0274628,1250.00,,3441370.50
08/07/2023,IMPS/P2P/29859122/LATHA MURTHY/8146543011,TXN0274629,,24000.00,3465370.50
09/07/2023,UPI/CR/402845414304/SHAHID KHAN/KKBK0283526/shahid781@oksbi,TXN0274630,,24000.00,3489370.50
10/07/2023,IMPS/P2P/507642884629/MEENA IYER/7026363039,TXN0274631,,1200.00,3490570.50
10/07/2023,CASH DEPOSIT/BRANCH COUNTER/PUNE CAMP,TXN0274632,,850.00,3491420.50
11/07/2023,UPI/DR/0212703707/TANVI RAO/KKBK0283526/tanvi920@okhdfc,TXN0274633,79.00,,3491341.50
12/07/2023,UPI/DR/302642012588/SUSHMA RAO/KKBK0283526/sushma11@okhdfc,TXN0274634,310.00,,3491031.50
12/07/2023,NEFT/557627837164/ARUN SHARMA/KKBK0283526/06209564612971,TXN0274635,,24000.00,3515031.50
12/07/2023,UPI/DR/8084776691/RESHMA KHAN/KKBK0283526/reshma68@paytm,TXN0274636,5200.00,,3509831.50
12/07/2023,UPI/CR/0445674386/ARJUN MEHTA/KKBK0283526/arjun634@paytm,TXN0274637,,32000.00,3541831.50
13/07/2023,IMPS/P2P/3571843572/BINDHU NAIR/8275443350,TXN0274638,,4800.00,3546631.50
13/07/2023,NEFT/2316239826/VIKRAM NAIR/KKBK0283526/04637393344771,TXN0274639,850.00,,3545781.50
13/07/2023,UPI/DR/916711859959/BABU LAL/KKBK0283526/babu638@okaxis,TXN0274640,1680.00,,3544101.50
13/07/2023,CHQ NO 388445 CLEARING,TXN0274641,3499.00,,3540602.50
13/07/2023,IMPS/P2P/767512927263/HARISH MENON/7651685820,TXN0274642,,850.00,3541452.50
13/07/2023,NEFT/648918197315/VIKRAM NAIR/KKBK0283526/69475369870177,TXN0274643,,11200.00,3552652.50
13/07/2023,UPI/DR/39884388/RAJENDRA PRASAD/KKBK0283526/rajendra609@oksbi,TXN0274644,249.00,,3552403.50
14/07/2023,ATM/WDL/87894484/SBI ATM JAYANAGAR BLR,TXN0274645,310.00,,3552093.50
14/07/2023,CASH DEPOSIT/BRANCH COUNTER/PUNE CAMP,TXN0274646,,4800.00,3556893.50
14/07/2023,NEFT/846387229140/RAMESH GOWDA/KKBK0283526/01504180940831,TXN0274647,,7600.00,3564493.50
15/07/2023,CHQ NO 732127 CLEARING,TXN0274648,1250.00,,3563243.50
15/07/2023,NEFT/242457201123/KIRAN REDDY/KKBK0283526/47184022417170,TXN0274649,,500.00,3563743.50
15/07/2023,UPI/DR/147889162612/TARA SINGH/KKBK0283526/tara631@paytm,TXN0274650,249.00,,3563494.50
15/07/2023,UPI/DR/03522946/NADIA HUSSAIN/KKBK0283526/nadia620@okhdfc,TXN0274651,120.00,,3563374.50
15/07/2023,CASH DEPOSIT/BRANCH COUNTER/PUNE CAMP,TXN0274652,,4800.00,3568174.50
15/07/2023,UPI/DR/441719205480/SUNITA DEVI/KKBK0283526/sunita411@paytm,TXN0274653,249.00,,3567925.50
15/07/2023,UPI/DR/82389246/ADITYA KUMAR/KKBK0283526/aditya482@okhdfc,TXN0274654,1680.00,,3566245.50
16/07/2023,UPI/CR/5470076118/LAKSHMI VENKAT/KKBK0283526/lakshmi138@paytm,TXN0274655,,2500.00,3568745.50
16/07/2023,UPI/DR/22258255/BINDHU NAIR/KKBK0283526/bindhu461@ybl,TXN0274656,5200.00,,3563545.50
17/07/2023,UPI/DR/0438803365/SUNIL YADAV/KKBK0283526/sunil388@paytm,TXN0274657,79.00,,3563466.50
17/07/2023,CASH DEPOSIT/BRANCH COUNTER/PUNE CAMP,TXN0274658,,18500.00,3581966.50
17/07/2023,UPI/CR/475561869920/FATIMA SHEIKH/KKBK0283526/fatima560@okhdfc,TXN0274659,,18500.00,3600466.50
17/07/2023,NEFT/264068074766/FARHAN KHAN/KKBK0283526/56895322013608,TXN0274660,,2500.00,3602966.50
18/07/2023,CHQ NO 686258 CLEARING,TXN0274661,79.00,,3602887.50
18/07/2023,IMPS/P2P/91603338/GEETA DEVI/9023714970,TXN0274662,,32000.00,3634887.50
19/07/2023,UPI/CR/338745135385/RANJIT SINGH/KKBK0283526/ranjit446@oksbi,TXN0274663,,2500.00,3637387.50
19/07/2023,ATM/WDL/34550180/HDFC ATM KORAMANGALA,TXN0274664,850.00,,3636537.50
20/07/2023,NEFT/324811561804/NAVEEN KUMAR/KKBK0283526/58474066944466,TXN0274665,,18500.00,3655037.50
20/07/2023,NEFT/37611341/GANESH KUMAR/KKBK0283526/81672762376223,TXN0274666,,24000.00,3679037.50
20/07/2023,UPI/DR/130449966651/SANTOSH KUMAR/KKBK0283526/santosh612@okaxis,TXN0274667,2380.00,,3676657.50
20/07/2023,IMPS/P2P/662900697398/SUNITA DEVI/7946041327,TXN0274668,,500.00,3677157.50
21/07/2023,UPI/CR/823418223346/SMITHA PILLAI/KKBK0283526/smitha702@ybl,TXN0274669,,7600.00,3684757.50
21/07/2023,ATM/WDL/40734823/CANARA ATM MYSURU,TXN0274670,310.00,,3684447.50
21/07/2023,CHQ NO 645128 CLEARING,TXN0274671,2380.00,,3682067.50
22/07/2023,NEFT/12159845/FARHAN KHAN/KKBK0283526/00271114424100,TXN0274672,699.00,,3681368.50
22/07/2023,CASH DEPOSIT/BRANCH COUNTER/PUNE CAMP,TXN0274673,,500.00,3681868.50
22/07/2023,UPI/DR/707399822003/RESHMA KHAN/KKBK0283526/reshma87@paytm,TXN0274674,850.00,,3681018.50
22/07/2023,UPI/DR/18459567/FARHAN KHAN/KKBK0283526/farhan726@ybl,TXN0274675,249.00,,3680769.50
23/07/2023,CHQ NO 335919 CLEARING,TXN0274676,7800.00,,3672969.50
23/07/2023,UPI/CR/13543786/MALLIKA DAS/KKBK0283526/mallika447@okhdfc,TXN0274677,,24000.00,3696969.50
24/07/2023,UPI/CR/7673434111/ARUN SHARMA/KKBK0283526/arun726@okaxis,TXN0274678,,24000.00,3720969.50
24/07/2023,IMPS/P2P/23869354/ROHIT SHARMA/8561977355,TXN0274679,,1200.00,3722169.50
24/07/2023,CASH DEPOSIT/BRANCH COUNTER/PUNE CAMP,TXN0274680,,500.00,3722669.50
25/07/2023,UPI/CR/177714028833/REKHA PILLAI/KKBK0283526/rekha907@okaxis,TXN0274681,,18500.00,3741169.50
25/07/2023,CHQ NO 641923 CLEARING,TXN0274682,79.00,,3741090.50
25/07/2023,NEFT/780702999521/MOHAN DAS/KKBK0283526/99556434618328,TXN0274683,699.00,,3740391.50
25/07/2023,UPI/DR/72496656/AYESHA KHAN/KKBK0283526/ayesha804@okhdfc,TXN0274684,699.00,,3739692.50
26/07/2023,UPI/DR/50221481/AYESHA KHAN/KKBK0283526/ayesha902@paytm,TXN0274685,449.00,,3739243.50
27/07/2023,IMPS/P2P/4117938826/SUNIL YADAV/8144145106,TXN0274686,,24000.00,3763243.50
27/07/2023,UPI/CR/06427292/SUNIL YADAV/KKBK0283526/sunil822@okhdfc,TXN0274687,,24000.00,3787243.50
27/07/2023,CHQ NO 755597 CLEARING,TXN0274688,120.00,,3787123.50
27/07/2023,IMPS/P2P/27512483/RAHUL SINGH/8801348230,TXN0274689,,2500.00,3789623.50
28/07/2023,UPI/DR/56326612/ARCHANA PILLAI/KKBK0283526/archana608@ybl,TXN0274690,7800.00,,3781823.50
28/07/2023,NEFT/11149950/SANTOSH KUMAR/KKBK0283526/84039670098298,TXN0274691,7800.00,,3774023.50
28/07/2023,UPI/DR/59026544/ADITYA KUMAR/KKBK0283526/aditya671@oksbi,TXN0274692,79.00,,3773944.50
29/07/2023,UPI/DR/9333133531/RAHUL SINGH/KKBK0283526/rahul928@paytm,TXN0274693,249.00,,3773695.50
29/07/2023,UPI/DR/7150785687/RAJENDRA PRASAD/KKBK0283526/rajendra132@ybl,TXN0274694,49.00,,3773646.50
29/07/2023,CASH DEPOSIT/BRANCH COUNTER/PUNE CAMP,TXN0274695,,18500.00,3792146.50
29/07/2023,ATM/WDL/56801659/HDFC ATM KORAMANGALA,TXN0274696,1680.00,,3790466.50
30/07/2023,UPI/DR/074764127445/SUNIL YADAV/KKBK0283526/sunil308@okaxis,TXN0274697,850.00,,3789616.50
30/07/2023,UPI/DR/98009493/ROHIT SHARMA/KKBK0283526/rohit575@okhdfc,TXN0274698,1680.00,,3787936.50
30/07/2023,NEFT/2312200972/GANESH KUMAR/KKBK0283526/35752729363485,TXN0274699,,4800.00,3792736.50
30/07/2023,ATM/WDL/512995749276/HDFC ATM KORAMANGALA,TXN0274700,310.00,,3792426.50
31/07/2023,UPI/CR/85609708/VIKRAM NAIR/KKBK0283526/vikram860@ybl,TXN0274701,,500.00,3792926.50
31/07/2023,UPI/DR/14498560/KARTHIK MENON/KKBK0283526/karthik668@paytm,TXN0274702,7800.00,,3785126.50
31/07/2023,CASH DEPOSIT/BRANCH COUNTER/PUNE CAMP,TXN0274703,,18500.00,3803626.50
01/08/2023,UPI/DR/8528328228/AYESHA KHAN/KKBK0283526/ayesha564@okaxis,TXN0274704,449.00,,3803177.50
01/08/2023,UPI/DR/567176969695/SHAHID KHAN/KKBK0283526/shahid262@ybl,TXN0274705,79.00,,3803098.50
01/08/2023,NEFT/529865880255/ROHIT SHARMA/KKBK0283526/52240339905222,TXN0274706,,500.00,3803598.50
01/08/2023,UPI/DR/8164777685/VENKAT RAO/KKBK0283526/venkat352@okaxis,TXN0274707,7800.00,,3795798.50
01/08/2023,CASH DEPOSIT/BRANCH COUNTER/PUNE CAMP,TXN0274708,,2500.00,3798298.50
01/08/2023,UPI/CR/55995295/GANESH KUMAR/KKBK0283526/ganesh302@paytm,TXN0274709,,18500.00,3816798.50
01/08/2023,UPI/DR/8344190100/ROHIT SHARMA/KKBK0283526/rohit668@oksbi,TXN0274710,7800.00,,3808998.50
02/08/2023,IMPS/P2P/445899313529/ANAND KUMAR/9360687315,TXN0274711,,850.00,3809848.50
02/08/2023,UPI/CR/752479696371/MOHAMMED IRFAN/KKBK0283526/mohammed568@ybl,TXN0274712,,500.00,3810348.50
02/08/2023,ATM/WDL/351819220782/HDFC ATM KORAMANGALA,TXN0274713,79.00,,3810269.50
02/08/2023,NEFT/43645514/NADIA HUSSAIN/KKBK0283526/83694164080374,TXN0274714,79.00,,3810190.50
02/08/2023,IMPS/P2P/41823734/MEERA PILLAI/8281423932,TXN0274715,,24000.00,3834190.50
02/08/2023,NEFT/29042220/ANAND KUMAR/KKBK0283526/96013426358397,TXN0274716,3499.00,,3830691.50
03/08/2023,UPI/CR/6783831159/MOHAN DAS/KKBK0283526/mohan543@oksbi,TXN0274717,,11200.00,3841891.50
03/08/2023,ATM/WDL/05305211/HDFC ATM KORAMANGALA,TXN0274718,1250.00,,3840641.50
04/08/2023,UPI/DR/0857832342/SAVITHA DEVI/KKBK0283526/savitha679@ybl,TXN0274719,999.00,,3839642.50
04/08/2023,UPI/DR/901952915863/SANJANA HEGDE/KKBK0283526/sanjana674@paytm,TXN0274720,2380.00,,3837262.50
04/08/2023,NEFT/57517453/CHANDAN SHARMA/KKBK0283526/67588680222650,TXN0274721,,1200.00,3838462.50
04/08/2023,UPI/CR/884021982716/ARJUN MEHTA/KKBK0283526/arjun732@paytm,TXN0274722,,24000.00,3862462.50
05/08/2023,UPI/DR/6250058408/USHA RANI/KKBK0283526/usha920@ybl,TXN0274723,310.00,,3862152.50
06/08/2023,NEFT/16526340/LAKSHMI VENKAT/KKBK0283526/49716622338303,TXN0274724,999.00,,3861153.50
06/08/2023,NEFT/568561958074/KIRAN REDDY/KKBK0283526/09017384334178,TXN0274725,,500.00,3861653.50
06/08/2023,UPI/DR/411593839493/RESHMA KHAN/KKBK0283526/reshma907@okaxis,TXN0274726,699.00,,3860954.50
06/08/2023,NEFT/7089959581/SURESH NAIR/KKBK0283526/85625750449845,TXN0274727,1250.00,,3859704.50
06/08/2023,IMPS/P2P/390595937097/NIKHIL GUPTA/9409237016,TXN0274728,,18500.00,3878204.50
06/08/2023,NEFT/75732594/RAJENDRA PRASAD/KKBK0283526/30615828917143,TXN0274729,310.00,,3877894.50
06/08/2023,UPI/DR/527989303976/KAVYA REDDY/KKBK0283526/kavya105@okaxis,TXN0274730,79.00,,3877815.50
07/08/2023,CHQ NO 440374 CLEARING,TXN0274731,249.00,,3877566.50
07/08/2023,UPI/CR/711025911756/ARUN SHARMA/KKBK0283526/arun369@okaxis,TXN0274732,,2500.00,3880066.50
08/08/2023,CASH DEPOSIT/BRANCH COUNTER/PUNE CAMP,TXN0274733,,18500.00,3898566.50
08/08/2023,UPI/DR/201185885287/MALLIKA DAS/KKBK0283526/mallika977@paytm,TXN0274734,5200.00,,3893366.50
08/08/2023,ATM/WDL/677532703371/HDFC ATM KORAMANGALA,TXN0274735,999.00,,3892367.50
08/08/2023,UPI/CR/15934644/RAJENDRA PRASAD/KKBK0283526/rajendra460@paytm,TXN0274736,,24000.00,3916367.50
08/08/2023,IMPS/P2P/982154748209/NAVEEN KUMAR/7230794384,TXN0274737,,2500.00,3918867.50
08/08/2023,NEFT/770813000489/TANVI RAO/KKBK0283526/31884615246236,TXN0274738,,850.00,3919717.50
08/08/2023,NEFT/66887836/ADITYA KUMAR/KKBK0283526/51527348928037,TXN0274739,999.00,,3918718.50
09/08/2023,UPI/CR/88342423/DIVYA MENON/KKBK0283526/divya707@okaxis,TXN0274740,,850.00,3919568.50
09/08/2023,UPI/DR/2964921893/NILESH KULKARNI/KKBK0283526/nilesh741@okaxis,TXN0274741,850.00,,3918718.50
10/08/2023,ATM/WDL/4648892072/CANARA ATM MYSURU,TXN0274742,449.00,,3918269.50
10/08/2023,NEFT/352256801787/SHAHID KHAN/KKBK0283526/37004597813090,TXN0274743,,2500.00,3920769.50
11/08/2023,UPI/DR/2533260295/RAMESH PILLAI/KKBK0283526/ramesh526@oksbi,TXN0274744,3499.00,,3917270.50
11/08/2023,IMPS/P2P/8183709433/MEERA PILLAI/7546812621,TXN0274745,,500.00,3917770.50
12/08/2023,NEFT/51819942/RAVI KUMAR SHARMA/KKBK0283526/28481046198495,TXN0274746,850.00,,3916920.50
12/08/2023,NEFT/2857802906/SANTOSH KUMAR/KKBK0283526/89619618640528,TXN0274747,1680.00,,3915240.50
13/08/2023,UPI/CR/2799518656/SUSHMA RAO/KKBK0283526/sushma647@oksbi,TXN0274748,,18500.00,3933740.50
13/08/2023,IMPS/P2P/7418290854/NILESH KULKARNI/9522185744,TXN0274749,,4800.00,3938540.50
13/08/2023,IMPS/P2P/2652016191/BABU LAL/8015327698,TXN0274750,,11200.00,3949740.50
13/08/2023,UPI/DR/8207324589/ARJUN MEHTA/KKBK0283526/arjun883@paytm,TXN0274751,310.00,,3949430.50
13/08/2023,NEFT/095621574917/POOJA SHARMA/KKBK0283526/03217555929635,TXN0274752,,500.00,3949930.50
13/08/2023,NEFT/0508931119/HARISH MENON/KKBK0283526/64285705953798,TXN0274753,,1200.00,3951130.50
14/08/2023,UPI/DR/551989790863/LATHA MURTHY/KKBK0283526/latha622@okaxis,TXN0274754,249.00,,3950881.50
14/08/2023,CHQ NO 904184 CLEARING,TXN0274755,5200.00,,3945681.50
15/08/2023,CHQ NO 474563 CLEARING,TXN0274756,1250.00,,3944431.50
15/08/2023,IMPS/P2P/3145023237/PREETHI IYER/8222937703,TXN0274757,,1200.00,3945631.50
15/08/2023,ATM/WDL/24527677/SBI ATM JAYANAGAR BLR,TXN0274758,449.00,,3945182.50
15/08/2023,UPI/DR/310619823597/NAVEEN KUMAR/KKBK0283526/naveen289@oksbi,TXN0274759,1680.00,,3943502.50
15/08/2023,UPI/DR/182106233482/DEEPA NAIR/KKBK0283526/deepa856@okhdfc,TXN0274760,7800.00,,3935702.50
15/08/2023,CASH DEPOSIT/BRANCH COUNTER/PUNE CAMP,TXN0274761,,32000.00,3967702.50
15/08/2023,CASH DEPOSIT/BRANCH COUNTER/PUNE CAMP,TXN0274762,,18500.00,3986202.50
16/08/2023,CHQ NO 328633 CLEARING,TXN0274763,1250.00,,3984952.50
16/08/2023,UPI/DR/157598115603/RAVI KUMAR SHARMA/KKBK0283526/ravi82@ybl,TXN0274764,7800.00,,3977152.50
16/08/2023,UPI/DR/145848827429/SUSHMA RAO/KKBK0283526/sushma261@paytm,TXN0274765,7800.00,,3969352.50
16/08/2023,NEFT/96491214/MEERA PILLAI/KKBK0283526/13478911044084,TXN0274766,,850.00,3970202.50
17/08/2023,ATM/WDL/07990906/HDFC ATM KORAMANGALA,TXN0274767,3499.00,,3966703.50
18/08/2023,ATM/WDL/922325081978/CANARA ATM MYSURU,TXN0274768,850.00,,3965853.50
18/08/2023,NEFT/73976326/VIKRAM NAIR/KKBK0283526/46156518995302,TXN0274769,5200.00,,3960653.50
18/08/2023,UPI/DR/03272712/HARISH MENON/KKBK0283526/harish794@ybl,TXN0274770,7800.00,,3952853.50
18/08/2023,IMPS/P2P/722927248636/BABU LAL/7831661742,TXN0274771,,4800.00,3957653.50
19/08/2023,UPI/CR/203941853536/ARUN SHARMA/KKBK0283526/arun872@okaxis,TXN0274772,,24000.00,3981653.50
19/08/2023,CASH DEPOSIT/BRANCH COUNTER/PUNE CAMP,TXN0274773,,7600.00,3989253.50
19/08/2023,UPI/DR/64577492/TANVI RAO/KKBK0283526/tanvi74@oksbi,TXN0274774,3499.00,,3985754.50
19/08/2023,IMPS/P2P/893384654107/SUNIL YADAV/7497436741,TXN0274775,,2500.00,3988254.50
21/08/2023,NEFT/575927533461/PRIYA NAIR,TXN0274776,18500.00,,3969754.50
22/08/2023,CASH DEPOSIT/BRANCH COUNTER/PUNE CAMP,TXN0274777,,4800.00,3974554.50
23/08/2023,UPI/CR/147589554519/GOPAL VERMA/KKBK0283526/gopal737@okhdfc,TXN0274778,,500.00,3975054.50
23/08/2023,UPI/DR/40130661/BINDHU NAIR/KKBK0283526/bindhu976@okhdfc,TXN0274779,79.00,,3974975.50
23/08/2023,REVERSAL-NEFT/PENDING_REV_49221811,TXN0274780,,18500.00,3993475.50
23/08/2023,CHQ NO 251067 CLEARING,TXN0274781,49.00,,3993426.50
23/08/2023,ATM/WDL/764096552908/SBI ATM JAYANAGAR BLR,TXN0274782,120.00,,3993306.50
24/08/2023,NEFT/24461010/ARCHANA PILLAI/KKBK0283526/03963867332516,TXN0274783,449.00,,3992857.50
24/08/2023,NEFT/65761445/REKHA PILLAI/KKBK0283526/27105393022393,TXN0274784,,1200.00,3994057.50
24/08/2023,CASH DEPOSIT/BRANCH COUNTER/PUNE CAMP,TXN0274785,,1200.00,3995257.50
24/08/2023,UPI/DR/02882012/SMITHA PILLAI/KKBK0283526/smitha755@okaxis,TXN0274786,79.00,,3995178.50
25/08/2023,UPI/CR/391107556935/ROHIT SHARMA/KKBK0283526/rohit107@okhdfc,TXN0274787,,850.00,3996028.50
25/08/2023,UPI/CR/18385833/MOHAMMED IRFAN/KKBK0283526/mohammed211@oksbi,TXN0274788,,32000.00,4028028.50
25/08/2023,IMPS/P2P/058534285509/MEERA PILLAI/9515648534,TXN0274789,,2500.00,4030528.50
26/08/2023,CASH DEPOSIT/BRANCH COUNTER/PUNE CAMP,TXN0274790,,32000.00,4062528.50
26/08/2023,UPI/CR/7842305860/SHEELA DEVI/KKBK0283526/sheela714@okhdfc,TXN0274791,,850.00,4063378.50
27/08/2023,UPI/CR/3886066011/KARTHIK MENON/KKBK0283526/karthik133@okhdfc,TXN0274792,,1200.00,4064578.50
27/08/2023,NEFT/990976494066/KARTHIK MENON/KKBK0283526/30479385017857,TXN0274793,449.00,,4064129.50
27/08/2023,NEFT/075435752427/PADMA RAO/KKBK0283526/07927736277739,TXN0274794,,24000.00,4088129.50
28/08/2023,CASH DEPOSIT/BRANCH COUNTER/PUNE CAMP,TXN0274795,,7600.00,4095729.50
28/08/2023,NEFT/42817843/ANITHA KRISHNAN/KKBK0283526/25640883046571,TXN0274796,79.00,,4095650.50
28/08/2023,UPI/DR/4182407826/MALLIKA DAS/KKBK0283526/mallika677@ybl,TXN0274797,7800.00,,4087850.50
29/08/2023,CASH DEPOSIT/BRANCH COUNTER/PUNE CAMP,TXN0274798,,500.00,4088350.50
29/08/2023,NEFT/9035316659/IMRAN KHAN/KKBK0283526/66611638543368,TXN0274799,,500.00,4088850.50
29/08/2023,UPI/DR/235986654956/FARHAN KHAN/KKBK0283526/farhan754@paytm,TXN0274800,999.00,,4087851.50
29/08/2023,UPI/CR/50700409/KIRAN REDDY/KKBK0283526/kiran890@oksbi,TXN0274801,,32000.00,4119851.50
29/08/2023,NEFT/771953055445/ARUN SHARMA/KKBK0283526/52714219360150,TXN0274802,1250.00,,4118601.50
30/08/2023,UPI/CR/619798569791/TANVI RAO/KKBK0283526/tanvi698@paytm,TXN0274803,,32000.00,4150601.50
30/08/2023,UPI/DR/5073632158/LAKSHMI VENKAT/KKBK0283526/lakshmi224@ybl,TXN0274804,120.00,,4150481.50
31/08/2023,UPI/CR/581960640227/SAVITHA DEVI/KKBK0283526/savitha494@paytm,TXN0274805,,4800.00,4155281.50
31/08/2023,NEFT/1759460636/NADIA HUSSAIN/KKBK0283526/86638144200894,TXN0274806,120.00,,4155161.50
31/08/2023,CHQ NO 443771 CLEARING,TXN0274807,1250.00,,4153911.50
31/08/2023,UPI/CR/68343337/RAHUL SINGH/KKBK0283526/rahul795@ybl,TXN0274808,,18500.00,4172411.50
01/09/2023,NEFT/852141565214/ANITHA KRISHNAN/KKBK0283526/00135530082416,TXN0274809,120.00,,4172291.50
01/09/2023,UPI/DR/4570870314/RESHMA KHAN/KKBK0283526/reshma135@okhdfc,TXN0274810,699.00,,4171592.50
02/09/2023,IMPS/P2P/30322659/RAMESH PILLAI/9360649288,TXN0274811,,24000.00,4195592.50
03/09/2023,IMPS/P2P/50110491/SNEHA PATIL/8563965181,TXN0274812,,2500.00,4198092.50
03/09/2023,UPI/DR/3514823783/PADMA RAO/KKBK0283526/padma961@okaxis,TXN0274813,3499.00,,4194593.50
04/09/2023,UPI/DR/467202934470/LALITHA DEVI/KKBK0283526/lalitha160@okaxis,TXN0274814,2380.00,,4192213.50
04/09/2023,UPI/CR/754638737832/PREETHI IYER/KKBK0283526/preethi537@ybl,TXN0274815,,500.00,4192713.50
05/09/2023,UPI/DR/32070942/TARA SINGH/KKBK0283526/tara414@okhdfc,TXN0274816,5200.00,,4187513.50
05/09/2023,CASH DEPOSIT/BRANCH COUNTER/PUNE CAMP,TXN0274817,,850.00,4188363.50
05/09/2023,UPI/DR/5384915388/VENKAT RAO/KKBK0283526/venkat926@ybl,TXN0274818,249.00,,4188114.50
06/09/2023,IMPS/P2P/46491699/ARJUN MEHTA/7721732715,TXN0274819,,1200.00,4189314.50
06/09/2023,UPI/CR/9743935447/KAVYA REDDY/KKBK0283526/kavya400@paytm,TXN0274820,,18500.00,4207814.50
06/09/2023,UPI/DR/6853913569/SUSHMA RAO/KKBK0283526/sushma868@ybl,TXN0274821,3499.00,,4204315.50
07/09/2023,UPI/DR/536486713214/GANESH KUMAR/KKBK0283526/ganesh318@okhdfc,TXN0274822,1250.00,,4203065.50
07/09/2023,UPI/DR/05439965/NIKHIL GUPTA/KKBK0283526/nikhil536@okhdfc,TXN0274823,49.00,,4203016.50
07/09/2023,ATM/WDL/6689472643/SBI ATM JAYANAGAR BLR,TXN0274824,449.00,,4202567.50
07/09/2023,UPI/DR/26028742/ARCHANA PILLAI/KKBK0283526/archana526@oksbi,TXN0274825,5200.00,,4197367.50
08/09/2023,UPI/DR/452974493029/SANTOSH KUMAR/KKBK0283526/santosh153@paytm,TXN0274826,249.00,,4197118.50
08/09/2023,CHQ NO 767818 CLEARING,TXN0274827,2380.00,,4194738.50
08/09/2023,UPI/DR/1717977115/SANTOSH KUMAR/KKBK0283526/santosh240@okhdfc,TXN0274828,79.00,,4194659.50
08/09/2023,NEFT/0011390559/REKHA PILLAI/KKBK0283526/66252961199996,TXN0274829,249.00,,4194410.50
09/09/2023,CHQ NO 380895 CLEARING,TXN0274830,699.00,,4193711.50
10/09/2023,UPI/DR/091509592419/PREETHI IYER/KKBK0283526/preethi242@okaxis,TXN0274831,49.00,,4193662.50
10/09/2023,UPI/DR/77892237/LALITHA DEVI/KKBK0283526/lalitha149@paytm,TXN0274832,49.00,,4193613.50
11/09/2023,NEFT/91014596/ROHIT SHARMA/KKBK0283526/85982442391090,TXN0274833,,32000.00,4225613.50
11/09/2023,UPI/DR/7423492471/SNEHA PATIL/KKBK0283526/sneha769@oksbi,TXN0274834,120.00,,4225493.50
11/09/2023,CASH DEPOSIT/BRANCH COUNTER/PUNE CAMP,TXN0274835,,24000.00,4249493.50
12/09/2023,ATM/WDL/79032516/CANARA ATM MYSURU,TXN0274836,7800.00,,4241693.50
12/09/2023,IMPS/P2P/149835037499/RAJENDRA PRASAD/7402543943,TXN0274837,,850.00,4242543.50
12/09/2023,IMPS/P2P/135966771754/ADITYA KUMAR/8218589152,TXN0274838,,850.00,4243393.50
13/09/2023,CHQ NO 010355 CLEARING,TXN0274839,1680.00,,4241713.50
13/09/2023,CHQ NO 377502 CLEARING,TXN0274840,49.00,,4241664.50
14/09/2023,ATM/WDL/2491288227/SBI ATM JAYANAGAR BLR,TXN0274841,999.00,,4240665.50
14/09/2023,NEFT/96006312/KAVYA REDDY/KKBK0283526/28978573588114,TXN0274842,120.00,,4240545.50
14/09/2023,CHQ NO 542367 CLEARING,TXN0274843,999.00,,4239546.50
14/09/2023,NEFT/59696611/KIRAN REDDY/KKBK0283526/50373113195188,TXN0274844,,11200.00,4250746.50
15/09/2023,UPI/DR/52178733/PRIYA NAIR/KKBK0283526/priya864@okaxis,TXN0274845,120.00,,4250626.50
15/09/2023,CHQ NO 095647 CLEARING,TXN0274846,999.00,,4249627.50
16/09/2023,UPI/DR/5299048122/RAMESH PILLAI/KKBK0283526/ramesh770@oksbi,TXN0274847,120.00,,4249507.50
16/09/2023,NEFT/135298530740/DIVYA MENON/KKBK0283526/12593239190989,TXN0274848,,4800.00,4254307.50
16/09/2023,UPI/DR/990381179705/CHANDAN SHARMA/KKBK0283526/chandan544@ybl,TXN0274849,850.00,,4253457.50
16/09/2023,UPI/DR/78045836/FATIMA SHEIKH/KKBK0283526/fatima161@ybl,TXN0274850,1680.00,,4251777.50
16/09/2023,UPI/DR/0705384662/ANITHA KRISHNAN/KKBK0283526/anitha221@paytm,TXN0274851,49.00,,4251728.50
17/09/2023,NEFT/25698989/RAMESH PILLAI/KKBK0283526/60345190358961,TXN0274852,310.00,,4251418.50
18/09/2023,CASH DEPOSIT/BRANCH COUNTER/PUNE CAMP,TXN0274853,,850.00,4252268.50
18/09/2023,IMPS/P2P/44718959/RANJIT SINGH/9716973817,TXN0274854,,4800.00,4257068.50
19/09/2023,UPI/DR/3385866945/POOJA SHARMA/KKBK0283526/pooja316@okhdfc,TXN0274855,5200.00,,4251868.50
19/09/2023,UPI/CR/01465716/FATIMA SHEIKH/KKBK0283526/fatima771@okaxis,TXN0274856,,850.00,4252718.50
20/09/2023,IMPS/P2P/6970056452/POOJA SHARMA/8853003095,TXN0274857,,1200.00,4253918.50
20/09/2023,UPI/DR/67345994/KARTHIK MENON/KKBK0283526/karthik936@oksbi,TXN0274858,1250.00,,4252668.50
20/09/2023,CASH DEPOSIT/BRANCH COUNTER/PUNE CAMP,TXN0274859,,11200.00,4263868.50
20/09/2023,NEFT/452725630035/MEERA PILLAI/KKBK0283526/83797583545698,TXN0274860,,32000.00,4295868.50
20/09/2023,UPI/DR/886093904606/GEETA DEVI/KKBK0283526/geeta523@paytm,TXN0274861,3499.00,,4292369.50
20/09/2023,IMPS/P2P/26480316/VIKRAM NAIR/8756364138,TXN0274862,,11200.00,4303569.50
20/09/2023,NEFT/2950300756/KIRAN REDDY/KKBK0283526/83494992286405,TXN0274863,,32000.00,4335569.50
21/09/2023,CASH DEPOSIT/BRANCH COUNTER/PUNE CAMP,TXN0274864,,32000.00,4367569.50
21/09/2023,ATM/WDL/60235178/SBI ATM JAYANAGAR BLR,TXN0274865,2380.00,,4365189.50
21/09/2023,CHQ NO 088698 CLEARING,TXN0274866,79.00,,4365110.50
21/09/2023,NEFT/64655457/IMRAN KHAN/KKBK0283526/00230466706137,TXN0274867,,7600.00,4372710.50
22/09/2023,UPI/CR/6648166172/BINDHU NAIR/KKBK0283526/bindhu639@oksbi,TXN0274868,,24000.00,4396710.50
22/09/2023,IMPS/P2P/3012612334/PREETHI IYER/8189477230,TXN0274869,,7600.00,4404310.50
22/09/2023,UPI/CR/71200156/FARHAN KHAN/KKBK0283526/farhan364@okhdfc,TXN0274870,,1200.00,4405510.50
23/09/2023,UPI/DR/2130654253/NILESH KULKARNI/KKBK0283526/nilesh821@okaxis,TXN0274871,999.00,,4404511.50
23/09/2023,UPI/DR/099726769101/SUNITA DEVI/KKBK0283526/sunita252@okaxis,TXN0274872,449.00,,4404062.50
23/09/2023,NEFT/4440415027/SHAHID KHAN/KKBK0283526/10667782343933,TXN0274873,7800.00,,4396262.50
23/09/2023,UPI/DR/527434561270/GANESH KUMAR/KKBK0283526/ganesh975@okaxis,TXN0274874,999.00,,4395263.50
23/09/2023,UPI/DR/755548171361/NIKHIL GUPTA/KKBK0283526/nikhil820@ybl,TXN0274875,3499.00,,4391764.50
23/09/2023,IMPS/P2P/355237233130/NADIA HUSSAIN/7669890088,TXN0274876,,4800.00,4396564.50
25/09/2023,UPI/DR/4471158705/FATIMA SHEIKH/KKBK0283526/fatima816@okaxis,TXN0274877,850.00,,4395714.50
25/09/2023,IMPS/P2P/45820092/RESHMA KHAN/7333700013,TXN0274878,,4800.00,4400514.50
25/09/2023,UPI/DR/023323821555/REKHA PILLAI/KKBK0283526/rekha619@paytm,TXN0274879,120.00,,4400394.50
25/09/2023,NEFT/836413056549/TARA SINGH/KKBK0283526/37819275485040,TXN0274880,1250.00,,4399144.50
25/09/2023,CHQ NO 851012 CLEARING,TXN0274881,310.00,,4398834.50
25/09/2023,UPI/DR/554521977457/SMITHA PILLAI/KKBK0283526/smitha517@ybl,TXN0274882,49.00,,4398785.50
26/09/2023,UPI/CR/2203609004/SAVITHA DEVI/KKBK0283526/savitha368@okhdfc,TXN0274883,,1200.00,4399985.50
26/09/2023,ATM/WDL/3711214234/SBI ATM JAYANAGAR BLR,TXN0274884,1250.00,,4398735.50
27/09/2023,IMPS/P2P/4590125701/GEETA DEVI/7119474372,TXN0274885,,18500.00,4417235.50
28/09/2023,CASH DEPOSIT/BRANCH COUNTER/PUNE CAMP,TXN0274886,,24000.00,4441235.50
29/09/2023,UPI/DR/105267883038/REKHA PILLAI/KKBK0283526/rekha281@paytm,TXN0274887,79.00,,4441156.50
29/09/2023,CASH DEPOSIT/BRANCH COUNTER/PUNE CAMP,TXN0274888,,24000.00,4465156.50
29/09/2023,UPI/DR/7125053688/MEERA PILLAI/KKBK0283526/meera163@oksbi,TXN0274889,449.00,,4464707.50
29/09/2023,CASH DEPOSIT/BRANCH COUNTER/PUNE CAMP,TXN0274890,,7600.00,4472307.50
29/09/2023,CHQ NO 795053 CLEARING,TXN0274891,79.00,,4472228.50
30/09/2023,UPI/DR/05727801/LALITHA DEVI/KKBK0283526/lalitha14@ybl,TXN0274892,249.00,,4471979.50
30/09/2023,IMPS/P2P/0681528699/VIKRAM NAIR/8919092821,TXN0274893,,7600.00,4479579.50
30/09/2023,IMPS/P2P/822177281262/NAVEEN KUMAR/8848632888,TXN0274894,,850.00,4480429.50
01/10/2023,CHQ NO 767471 CLEARING,TXN0274895,49.00,,4480380.50
01/10/2023,CHQ NO 144936 CLEARING,TXN0274896,999.00,,4479381.50
01/10/2023,CASH DEPOSIT/BRANCH COUNTER/PUNE CAMP,TXN0274897,,7600.00,4486981.50
01/10/2023,ATM/WDL/337276379270/SBI ATM JAYANAGAR BLR,TXN0274898,249.00,,4486732.50
02/10/2023,UPI/DR/9217373638/RAVI KUMAR SHARMA/KKBK0283526/ravi159@okaxis,TXN0274899,699.00,,4486033.50
02/10/2023,UPI/DR/508181089584/PREETHI IYER/KKBK0283526/preethi167@okaxis,TXN0274900,79.00,,4485954.50
02/10/2023,UPI/DR/75466178/SURESH BABU/KKBK0283526/suresh942@okhdfc,TXN0274901,310.00,,4485644.50
03/10/2023,UPI/DR/10379168/ARCHANA PILLAI/KKBK0283526/archana534@okaxis,TXN0274902,850.00,,4484794.50
03/10/2023,UPI/DR/1599026504/GEETA DEVI/KKBK0283526/geeta299@paytm,TXN0274903,79.00,,4484715.50
04/10/2023,ATM/WDL/055848980863/HDFC ATM KORAMANGALA,TXN0274904,449.00,,4484266.50
05/10/2023,IMPS/P2P/9976510788/NILESH KULKARNI/7874599663,TXN0274905,,24000.00,4508266.50
05/10/2023,CASH DEPOSIT/BRANCH COUNTER/PUNE CAMP,TXN0274906,,11200.00,4519466.50
05/10/2023,UPI/DR/925923878009/REKHA PILLAI/KKBK0283526/rekha439@okaxis,TXN0274907,49.00,,4519417.50
05/10/2023,IMPS/P2P/22760828/POOJA SHARMA/7074326886,TXN0274908,,7600.00,4527017.50
05/10/2023,CHQ NO 319045 CLEARING,TXN0274909,79.00,,4526938.50
05/10/2023,UPI/CR/08526159/BABU LAL/KKBK0283526/babu478@okaxis,TXN0274910,,500.00,4527438.50
06/10/2023,CHQ NO 343922 CLEARING,TXN0274911,699.00,,4526739.50
06/10/2023,CASH DEPOSIT/BRANCH COUNTER/PUNE CAMP,TXN0274912,,1200.00,4527939.50
06/10/2023,UPI/DR/54826245/ARUN SHARMA/KKBK0283526/arun128@okhdfc,TXN0274913,1250.00,,4526689.50
06/10/2023,UPI/DR/738761464422/NIKHIL GUPTA/KKBK0283526/nikhil377@okaxis,TXN0274914,1680.00,,4525009.50
07/10/2023,CASH DEPOSIT/BRANCH COUNTER/PUNE CAMP,TXN0274915,,850.00,4525859.50
07/10/2023,CHQ NO 779183 CLEARING,TXN0274916,310.00,,4525549.50
07/10/2023,CHQ NO 096843 CLEARING,TXN0274917,999.00,,4524550.50
07/10/2023,UPI/DR/074499655138/LAKSHMI VENKAT/KKBK0283526/lakshmi262@okaxis,TXN0274918,3499.00,,4521051.50
08/10/2023,IMPS/P2P/9051373771/ANAND KUMAR/9659315269,TXN0274919,,18500.00,4539551.50
08/10/2023,NEFT/574386677053/DIVYA MENON/KKBK0283526/69697080210054,TXN0274920,1680.00,,4537871.50
08/10/2023,UPI/DR/495524650023/VINAY PATIL/KKBK0283526/vinay699@ybl,TXN0274921,5200.00,,4532671.50
08/10/2023,CASH DEPOSIT/BRANCH COUNTER/PUNE CAMP,TXN0274922,,4800.00,4537471.50
09/10/2023,IMPS/P2P/515391202362/SURESH NAIR/8609419024,TXN0274923,,18500.00,4555971.50
09/10/2023,UPI/CR/4707126052/KAVYA REDDY/KKBK0283526/kavya740@oksbi,TXN0274924,,7600.00,4563571.50
09/10/2023,CHQ NO 352549 CLEARING,TXN0274925,699.00,,4562872.50
10/10/2023,CHQ NO 969371 CLEARING,TXN0274926,310.00,,4562562.50
10/10/2023,UPI/CR/9327946088/SUSHMA RAO/KKBK0283526/sushma304@okaxis,TXN0274927,,11200.00,4573762.50
10/10/2023,ATM/WDL/6484735963/SBI ATM JAYANAGAR BLR,TXN0274928,1250.00,,4572512.50
10/10/2023,UPI/CR/7017361514/SAVITHA DEVI/KKBK0283526/savitha610@ybl,TXN0274929,,500.00,4573012.50
10/10/2023,CASH DEPOSIT/BRANCH COUNTER/PUNE CAMP,TXN0274930,,2500.00,4575512.50
10/10/2023,UPI/DR/68626055/SANTOSH KUMAR/KKBK0283526/santosh403@okaxis,TXN0274931,120.00,,4575392.50
10/10/2023,NEFT/342004495665/SURESH NAIR/KKBK0283526/63677097854105,TXN0274932,,4800.00,4580192.50
10/10/2023,UPI/DR/86764354/PREETHI IYER/KKBK0283526/preethi70@okhdfc,TXN0274933,2380.00,,4577812.50
11/10/2023,UPI/CR/861025845388/VENKAT RAO/KKBK0283526/venkat80@okaxis,TXN0274934,,18500.00,4596312.50
12/10/2023,NEFT/0646756917/SURESH NAIR/KKBK0283526/83808515996339,TXN0274935,79.00,,4596233.50
13/10/2023,UPI/DR/29287345/ARUN SHARMA/KKBK0283526/arun688@paytm,TXN0274936,49.00,,4596184.50
13/10/2023,UPI/DR/13485306/ARUN SHARMA/KKBK0283526/arun886@paytm,TXN0274937,1250.00,,4594934.50
13/10/2023,NEFT/6850988143/DIVYA MENON/KKBK0283526/41410739317294,TXN0274938,,11200.00,4606134.50
13/10/2023,NEFT/86834598/RESHMA KHAN/KKBK0283526/66238506275584,TXN0274939,,24000.00,4630134.50
14/10/2023,CASH DEPOSIT/BRANCH COUNTER/PUNE CAMP,TXN0274940,,18500.00,4648634.50
14/10/2023,UPI/DR/57001270/RAJESH VERMA/KKBK0283526/rajesh624@oksbi,TXN0274941,5200.00,,4643434.50
14/10/2023,UPI/CR/2755606502/ARJUN MEHTA/KKBK0283526/arjun364@oksbi,TXN0274942,,7600.00,4651034.50
15/10/2023,IMPS/P2P/08924613/FARHAN KHAN/8125613376,TXN0274943,,850.00,4651884.50
15/10/2023,CASH DEPOSIT/BRANCH COUNTER/PUNE CAMP,TXN0274944,,850.00,4652734.50
15/10/2023,CASH DEPOSIT/BRANCH COUNTER/PUNE CAMP,TXN0274945,,18500.00,4671234.50
16/10/2023,UPI/DR/2686007638/TANVI RAO/KKBK0283526/tanvi25@ybl,TXN0274946,249.00,,4670985.50
16/10/2023,IMPS/P2P/7538697648/FARHAN KHAN/7679395855,TXN0274947,,850.00,4671835.50
16/10/2023,CASH DEPOSIT/BRANCH COUNTER/PUNE CAMP,TXN0274948,,2500.00,4674335.50
16/10/2023,UPI/DR/3273238669/RESHMA KHAN/KKBK0283526/reshma247@paytm,TXN0274949,850.00,,4673485.50
17/10/2023,IMPS/P2P/75325321/NILESH KULKARNI/7472512095,TXN0274950,,7600.00,4681085.50
18/10/2023,UPI/CR/8819726985/SUNIL YADAV/KKBK0283526/sunil714@paytm,TXN0274951,,32000.00,4713085.50
19/10/2023,UPI/DR/235273533009/KAVITHA RAO/KKBK0283526/kavitha586@paytm,TXN0274952,850.00,,4712235.50
19/10/2023,NEFT/165085987654/RESHMA KHAN/KKBK0283526/81104255139627,TXN0274953,,1200.00,4713435.50
19/10/2023,UPI/DR/26505996/KIRAN REDDY/KKBK0283526/kiran715@ybl,TXN0274954,49.00,,4713386.50
19/10/2023,UPI/CR/2265888442/LATHA MURTHY/KKBK0283526/latha836@ybl,TXN0274955,,4800.00,4718186.50
20/10/2023,UPI/CR/80688702/RANJIT SINGH/KKBK0283526/ranjit165@okaxis,TXN0274956,,32000.00,4750186.50
20/10/2023,ATM/WDL/522912201959/SBI ATM JAYANAGAR BLR,TXN0274957,79.00,,4750107.50
21/10/2023,NEFT/1587684470/ARUN SHARMA/KKBK0283526/58407463853543,TXN0274958,,500.00,4750607.50
21/10/2023,UPI/DR/53881333/SANJANA HEGDE/KKBK0283526/sanjana193@paytm,TXN0274959,49.00,,4750558.50
21/10/2023,UPI/CR/152736088303/NILESH KULKARNI/KKBK0283526/nilesh717@okhdfc,TXN0274960,,500.00,4751058.50
22/10/2023,UPI/DR/5032582372/USHA RANI/KKBK0283526/usha77@paytm,TXN0274961,49.00,,4751009.50
23/10/2023,UPI/DR/711257282125/LATHA MURTHY/KKBK0283526/latha723@paytm,TXN0274962,249.00,,4750760.50
25/10/2023,NEFT/825512776441/SUNIL YADAV/KKBK0283526/71482017564319,TXN0274963,449.00,,4750311.50
26/10/2023,UPI/DR/4536807213/RAHUL SINGH/KKBK0283526/rahul562@okhdfc,TXN0274964,249.00,,4750062.50
26/10/2023,UPI/DR/89990233/KIRAN REDDY/KKBK0283526/kiran184@okhdfc,TXN0274965,310.00,,4749752.50
27/10/2023,UPI/CR/97588800/DIVYA MENON/KKBK0283526/divya26@paytm,TXN0274966,,24000.00,4773752.50
27/10/2023,CHQ NO 342497 CLEARING,TXN0274967,49.00,,4773703.50
27/10/2023,ATM/WDL/263045494580/HDFC ATM KORAMANGALA,TXN0274968,310.00,,4773393.50
28/10/2023,ATM/WDL/61260266/HDFC ATM KORAMANGALA,TXN0274969,449.00,,4772944.50
28/10/2023,IMPS/P2P/800991373387/GANESH KUMAR/8320833583,TXN0274970,,7600.00,4780544.50
28/10/2023,UPI/DR/48244905/USHA RANI/KKBK0283526/usha818@oksbi,TXN0274971,3499.00,,4777045.50
28/10/2023,CHQ NO 778136 CLEARING,TXN0274972,120.00,,4776925.50
29/10/2023,IMPS/P2P/76133704/BABU LAL/8775498014,TXN0274973,,850.00,4777775.50
30/10/2023,UPI/DR/7039799919/SUSHMA RAO/KKBK0283526/sushma536@oksbi,TXN0274974,1680.00,,4776095.50
30/10/2023,UPI/CR/7419983244/KARTHIK MENON/KKBK0283526/karthik812@ybl,TXN0274975,,24000.00,4800095.50
31/10/2023,CHQ NO 153945 CLEARING,TXN0274976,7800.00,,4792295.50
31/10/2023,NEFT/3584482197/MOHAN DAS/KKBK0283526/63633756646939,TXN0274977,,2500.00,4794795.50
31/10/2023,ATM/WDL/615456607352/SBI ATM JAYANAGAR BLR,TXN0274978,79.00,,4794716.50
01/11/2023,CHQ NO 488260 CLEARING,TXN0274979,49.00,,4794667.50
02/11/2023,UPI/DR/84470028/PADMA RAO/KKBK0283526/padma25@paytm,TXN0274980,310.00,,4794357.50
02/11/2023,NEFT/76125769/RANJIT SINGH/KKBK0283526/15722512092668,TXN0274981,,1200.00,4795557.50
02/11/2023,NEFT/824193055210/PRIYA NAIR/KKBK0283526/84622714121386,TXN0274982,,850.00,4796407.50
02/11/2023,CHQ NO 529402 CLEARING,TXN0274983,5200.00,,4791207.50
03/11/2023,NEFT/506035440670/KAVERI MENON/KKBK0283526/56424392341095,TXN0274984,49.00,,4791158.50
03/11/2023,CHQ NO 301953 CLEARING,TXN0274985,49.00,,4791109.50
04/11/2023,IMPS/P2P/7832422743/PRIYA NAIR/9177651216,TXN0274986,,850.00,4791959.50
05/11/2023,UPI/DR/341948963217/BINDHU NAIR/KKBK0283526/bindhu164@oksbi,TXN0274987,1680.00,,4790279.50
05/11/2023,UPI/DR/3871923560/KAVITHA RAO/KKBK0283526/kavitha670@ybl,TXN0274988,310.00,,4789969.50
05/11/2023,NEFT/606603919283/VIKRAM NAIR/KKBK0283526/14318390659381,TXN0274989,,7600.00,4797569.50
05/11/2023,ATM/WDL/9483156626/HDFC ATM KORAMANGALA,TXN0274990,2380.00,,4795189.50
05/11/2023,UPI/CR/0524114529/SHEELA DEVI/KKBK0283526/sheela779@oksbi,TXN0274991,,24000.00,4819189.50
06/11/2023,CHQ NO 522632 CLEARING,TXN0274992,1250.00,,4817939.50
06/11/2023,UPI/DR/874427475182/SAVITHA DEVI/KKBK0283526/savitha402@okaxis,TXN0274993,2380.00,,4815559.50
06/11/2023,CASH DEPOSIT/BRANCH COUNTER/PUNE CAMP,TXN0274994,,500.00,4816059.50
06/11/2023,NEFT/228568532722/RESHMA KHAN/KKBK0283526/10989322254637,TXN0274995,,11200.00,4827259.50
06/11/2023,UPI/DR/5655884213/IMRAN KHAN/KKBK0283526/imran802@okaxis,TXN0274996,310.00,,4826949.50
06/11/2023,UPI/DR/832584896028/DEEPA NAIR/KKBK0283526/deepa111@okhdfc,TXN0274997,7800.00,,4819149.50
07/11/2023,IMPS/P2P/645130726809/FARHAN KHAN/9150184535,TXN0274998,,2500.00,4821649.50
07/11/2023,UPI/CR/57612880/GOPAL VERMA/KKBK0283526/gopal127@oksbi,TXN0274999,,24000.00,4845649.50
07/11/2023,CASH DEPOSIT/BRANCH COUNTER/PUNE CAMP,TXN0275000,,7600.00,4853249.50
07/11/2023,UPI/DR/8672643536/ANITHA KRISHNAN/KKBK0283526/anitha940@okaxis,TXN0275001,850.00,,4852399.50
07/11/2023,UPI/DR/76973623/SUNIL YADAV/KKBK0283526/sunil168@paytm,TXN0275002,3499.00,,4848900.50
07/11/2023,UPI/DR/2088039277/BABU LAL/KKBK0283526/babu922@okaxis,TXN0275003,120.00,,4848780.50
07/11/2023,CHQ NO 261294 CLEARING,TXN0275004,449.00,,4848331.50
07/11/2023,IMPS/P2P/29409406/RAVI KUMAR SHARMA/9304308169,TXN0275005,,11200.00,4859531.50
08/11/2023,NEFT/2654128783/MOHAMMED IRFAN/KKBK0283526/76993934203508,TXN0275006,7800.00,,4851731.50
08/11/2023,NEFT/058411085756/PREETHI IYER/KKBK0283526/17084384284327,TXN0275007,310.00,,4851421.50
08/11/2023,CHQ NO 050579 CLEARING,TXN0275008,999.00,,4850422.50
08/11/2023,UPI/DR/2548010480/SAVITHA DEVI/KKBK0283526/savitha895@paytm,TXN0275009,310.00,,4850112.50
08/11/2023,NEFT/2845526203/RAVI KUMAR SHARMA/KKBK0283526/53317317477861,TXN0275010,5200.00,,4844912.50
09/11/2023,UPI/DR/748400683271/RAMESH GOWDA/KKBK0283526/ramesh203@oksbi,TXN0275011,850.00,,4844062.50
09/11/2023,UPI/DR/5707263001/POOJA SHARMA/KKBK0283526/pooja161@paytm,TXN0275012,999.00,,4843063.50
09/11/2023,UPI/DR/7190780740/KIRAN REDDY/KKBK0283526/kiran283@okaxis,TXN0275013,120.00,,4842943.50
09/11/2023,ATM/WDL/67616917/CANARA ATM MYSURU,TXN0275014,79.00,,4842864.50
09/11/2023,UPI/DR/67920037/SANTOSH KUMAR/KKBK0283526/santosh386@ybl,TXN0275015,1680.00,,4841184.50
09/11/2023,CASH DEPOSIT/BRANCH COUNTER/PUNE CAMP,TXN0275016,,11200.00,4852384.50
10/11/2023,NEFT/088833188932/BABU LAL/KKBK0283526/24735358130387,TXN0275017,,500.00,4852884.50
10/11/2023,NEFT/707480006911/KAVYA REDDY/KKBK0283526/92133697068384,TXN0275018,120.00,,4852764.50
10/11/2023,UPI/DR/79651028/KARTHIK MENON/KKBK0283526/karthik536@okhdfc,TXN0275019,1680.00,,4851084.50
11/11/2023,CHQ NO 888578 CLEARING,TXN0275020,3499.00,,4847585.50
12/11/2023,UPI/DR/742616769408/KIRAN REDDY/KKBK0283526/kiran924@oksbi,TXN0275021,3499.00,,4844086.50
12/11/2023,NEFT/1551100844/REKHA PILLAI/KKBK0283526/40875773879804,TXN0275022,,24000.00,4868086.50
12/11/2023,UPI/DR/59007382/ADITYA KUMAR/KKBK0283526/aditya764@paytm,TXN0275023,699.00,,4867387.50
12/11/2023,CHQ NO 794585 CLEARING,TXN0275024,2380.00,,4865007.50
12/11/2023,NEFT/3848678498/TANVI RAO/KKBK0283526/40939142293434,TXN0275025,,500.00,4865507.50
12/11/2023,ATM/WDL/410342463134/SBI ATM JAYANAGAR BLR,TXN0275026,7800.00,,4857707.50
13/11/2023,UPI/CR/999114296094/IMRAN KHAN/KKBK0283526/imran377@okaxis,TXN0275027,,24000.00,4881707.50
13/11/2023,CASH DEPOSIT/BRANCH COUNTER/PUNE CAMP,TXN0275028,,500.00,4882207.50
13/11/2023,CASH DEPOSIT/BRANCH COUNTER/PUNE CAMP,TXN0275029,,850.00,4883057.50
13/11/2023,NEFT/393644263575/ANAND KUMAR/KKBK0283526/36504742263407,TXN0275030,,1200.00,4884257.50
13/11/2023,CHQ NO 823461 CLEARING,TXN0275031,120.00,,4884137.50
13/11/2023,ATM/WDL/992594436029/SBI ATM JAYANAGAR BLR,TXN0275032,3499.00,,4880638.50
13/11/2023,UPI/DR/380850065439/KAVYA REDDY/KKBK0283526/kavya493@ybl,TXN0275033,120.00,,4880518.50
15/11/2023,CASH DEPOSIT/BRANCH COUNTER/PUNE CAMP,TXN0275034,,2500.00,4883018.50
16/11/2023,NEFT/19437496/NADIA HUSSAIN/KKBK0283526/99502648533948,TXN0275035,,18500.00,4901518.50
16/11/2023,CHQ NO 943662 CLEARING,TXN0275036,1680.00,,4899838.50
16/11/2023,IMPS/P2P/747657438706/HARISH MENON/7039611552,TXN0275037,,850.00,4900688.50
17/11/2023,NEFT/925904792463/GANESH KUMAR/KKBK0283526/22309371731180,TXN0275038,,4800.00,4905488.50
17/11/2023,UPI/DR/4633225451/VENKAT RAO/KKBK0283526/venkat138@paytm,TXN0275039,249.00,,4905239.50
17/11/2023,CHQ NO 735703 CLEARING,TXN0275040,120.00,,4905119.50
17/11/2023,IMPS/P2P/23483156/ARJUN MEHTA/8572087008,TXN0275041,,4800.00,4909919.50
17/11/2023,UPI/DR/12081047/VENKAT RAO/KKBK0283526/venkat358@okaxis,TXN0275042,850.00,,4909069.50
18/11/2023,UPI/DR/63017248/RAHUL SINGH/KKBK0283526/rahul497@okhdfc,TXN0275043,1250.00,,4907819.50
18/11/2023,UPI/DR/0030411151/SHEELA DEVI/KKBK0283526/sheela861@okaxis,TXN0275044,1250.00,,4906569.50
18/11/2023,IMPS/P2P/3609723597/USHA RANI/7502651509,TXN0275045,,850.00,4907419.50
18/11/2023,UPI/DR/6451862094/VINAY PATIL/KKBK0283526/vinay304@okaxis,TXN0275046,49.00,,4907370.50
19/11/2023,UPI/CR/716249462780/KAVYA REDDY/KKBK0283526/kavya954@okaxis,TXN0275047,,7600.00,4914970.50
19/11/2023,UPI/CR/4973417514/VIKRAM NAIR/KKBK0283526/vikram986@paytm,TXN0275048,,18500.00,4933470.50
19/11/2023,CHQ NO 217883 CLEARING,TXN0275049,49.00,,4933421.50
20/11/2023,UPI/DR/5281805058/GANESH KUMAR/KKBK0283526/ganesh807@ybl,TXN0275050,1250.00,,4932171.50
20/11/2023,UPI/DR/9034050304/KAVYA REDDY/KKBK0283526/kavya28@okaxis,TXN0275051,249.00,,4931922.50
20/11/2023,NEFT/60374306/SUSHMA RAO/KKBK0283526/60932880467089,TXN0275052,999.00,,4930923.50
21/11/2023,CHQ NO 001935 CLEARING,TXN0275053,5200.00,,4925723.50
22/11/2023,NEFT/032581556091/BABU LAL/KKBK0283526/76144642031522,TXN0275054,,1200.00,4926923.50
22/11/2023,UPI/DR/2132832755/SURESH BABU/KKBK0283526/suresh852@ybl,TXN0275055,699.00,,4926224.50
22/11/2023,UPI/CR/107939600538/REKHA PILLAI/KKBK0283526/rekha74@paytm,TXN0275056,,2500.00,4928724.50
23/11/2023,IMPS/P2P/63465240/RAMESH PILLAI/7329420881,TXN0275057,,18500.00,4947224.50
23/11/2023,NEFT/105826633571/FARHAN KHAN/KKBK0283526/57989631606888,TXN0275058,120.00,,4947104.50
24/11/2023,CASH DEPOSIT/BRANCH COUNTER/PUNE CAMP,TXN0275059,,24000.00,4971104.50
24/11/2023,NEFT/18017896/RAHUL SINGH/KKBK0283526/88961130001050,TXN0275060,,32000.00,5003104.50
25/11/2023,UPI/DR/952940711242/IMRAN KHAN/KKBK0283526/imran635@ybl,TXN0275061,79.00,,5003025.50
26/11/2023,UPI/DR/805524285857/TARA SINGH/KKBK0283526/tara813@ybl,TXN0275062,49.00,,5002976.50
26/11/2023,CHQ NO 807438 CLEARING,TXN0275063,699.00,,5002277.50
26/11/2023,NEFT/44547978/RAVI KUMAR SHARMA/KKBK0283526/38562921627183,TXN0275064,449.00,,5001828.50
27/11/2023,NEFT/1826203945/LATHA MURTHY/KKBK0283526/75103319707255,TXN0275065,49.00,,5001779.50
27/11/2023,UPI/DR/63349327/SURESH BABU/KKBK0283526/suresh776@ybl,TXN0275066,79.00,,5001700.50
28/11/2023,NEFT/043873837965/CHANDAN SHARMA/KKBK0283526/55091403521791,TXN0275067,850.00,,5000850.50
28/11/2023,UPI/DR/22223983/IMRAN KHAN/KKBK0283526/imran491@okaxis,TXN0275068,999.00,,4999851.50
28/11/2023,UPI/DR/2559569586/KIRAN REDDY/KKBK0283526/kiran891@okaxis,TXN0275069,3499.00,,4996352.50
29/11/2023,UPI/DR/93904921/FATIMA SHEIKH/KKBK0283526/fatima189@paytm,TXN0275070,120.00,,4996232.50
29/11/2023,UPI/DR/49851847/RAMESH GOWDA/KKBK0283526/ramesh862@paytm,TXN0275071,850.00,,4995382.50
29/11/2023,NEFT/0523439511/MEERA PILLAI/KKBK0283526/48090041643690,TXN0275072,999.00,,4994383.50
29/11/2023,IMPS/P2P/88100259/SHAHID KHAN/7593604951,TXN0275073,,4800.00,4999183.50
29/11/2023,UPI/DR/34420428/USHA RANI/KKBK0283526/usha495@ybl,TXN0275074,120.00,,4999063.50
30/11/2023,ATM/WDL/715827089992/SBI ATM JAYANAGAR BLR,TXN0275075,449.00,,4998614.50
30/11/2023,UPI/CR/72487102/NAVEEN KUMAR/KKBK0283526/naveen89@okaxis,TXN0275076,,4800.00,5003414.50
01/12/2023,UPI/DR/938890694634/USHA RANI/KKBK0283526/usha368@ybl,TXN0275077,1250.00,,5002164.50
01/12/2023,CASH DEPOSIT/BRANCH COUNTER/PUNE CAMP,TXN0275078,,2500.00,5004664.50
01/12/2023,UPI/DR/9208741967/FATIMA SHEIKH/KKBK0283526/fatima597@ybl,TXN0275079,449.00,,5004215.50
02/12/2023,UPI/DR/26371782/VENKAT RAO/KKBK0283526/venkat360@ybl,TXN0275080,699.00,,5003516.50
02/12/2023,CASH DEPOSIT/BRANCH COUNTER/PUNE CAMP,TXN0275081,,2500.00,5006016.50
03/12/2023,IMPS/P2P/14699800/FARHAN KHAN/7287817275,TXN0275082,,7600.00,5013616.50
04/12/2023,UPI/DR/43347723/SHAHID KHAN/KKBK0283526/shahid187@okhdfc,TXN0275083,79.00,,5013537.50
04/12/2023,UPI/DR/458416746567/SURESH BABU/KKBK0283526/suresh424@okhdfc,TXN0275084,7800.00,,5005737.50
04/12/2023,UPI/DR/55022470/VINAY PATIL/KKBK0283526/vinay618@ybl,TXN0275085,2380.00,,5003357.50
05/12/2023,UPI/DR/4563444644/SURESH NAIR/KKBK0283526/suresh694@oksbi,TXN0275086,5200.00,,4998157.50
06/12/2023,IMPS/P2P/961727093126/REKHA PILLAI/8378396959,TXN0275087,,2500.00,5000657.50
06/12/2023,UPI/DR/9294426564/NADIA HUSSAIN/KKBK0283526/nadia221@ybl,TXN0275088,850.00,,4999807.50
06/12/2023,UPI/DR/2268649441/RAVI KUMAR SHARMA/KKBK0283526/ravi112@ybl,TXN0275089,249.00,,4999558.50
07/12/2023,UPI/CR/16796904/BINDHU NAIR/KKBK0283526/bindhu792@okaxis,TXN0275090,,32000.00,5031558.50
07/12/2023,ATM/WDL/26559422/CANARA ATM MYSURU,TXN0275091,7800.00,,5023758.50
08/12/2023,IMPS/P2P/961269016739/SANTOSH KUMAR/8313602475,TXN0275092,,2500.00,5026258.50
08/12/2023,UPI/DR/84896518/SMITHA PILLAI/KKBK0283526/smitha507@okhdfc,TXN0275093,249.00,,5026009.50
08/12/2023,CHQ NO 076616 CLEARING,TXN0275094,5200.00,,5020809.50
08/12/2023,UPI/DR/076978233270/SUNIL YADAV/KKBK0283526/sunil992@oksbi,TXN0275095,79.00,,5020730.50
09/12/2023,ATM/WDL/03180994/SBI ATM JAYANAGAR BLR,TXN0275096,79.00,,5020651.50
10/12/2023,UPI/DR/3206051618/LALITHA DEVI/KKBK0283526/lalitha204@okaxis,TXN0275097,449.00,,5020202.50
11/12/2023,NEFT/93611625/ARCHANA PILLAI/KKBK0283526/31021516073076,TXN0275098,,18500.00,5038702.50
11/12/2023,UPI/DR/968093809907/AYESHA KHAN/KKBK0283526/ayesha480@ybl,TXN0275099,7800.00,,5030902.50
11/12/2023,UPI/DR/1405601142/MOHAN DAS/KKBK0283526/mohan983@okhdfc,TXN0275100,999.00,,5029903.50
11/12/2023,CHQ NO 907798 CLEARING,TXN0275101,3499.00,,5026404.50
11/12/2023,IMPS/P2P/5082191569/NILESH KULKARNI/8553436524,TXN0275102,,1200.00,5027604.50
11/12/2023,UPI/DR/15306711/POOJA SHARMA/KKBK0283526/pooja384@oksbi,TXN0275103,3499.00,,5024105.50
12/12/2023,NEFT/798126297008/GEETA DEVI/KKBK0283526/89527071399531,TXN0275104,1250.00,,5022855.50
12/12/2023,NEFT/12857999/SNEHA PATIL/KKBK0283526/75310082909097,TXN0275105,249.00,,5022606.50
13/12/2023,UPI/DR/8367492074/REKHA PILLAI/KKBK0283526/rekha259@oksbi,TXN0275106,49.00,,5022557.50
13/12/2023,CHQ NO 907875 CLEARING,TXN0275107,850.00,,5021707.50
14/12/2023,CASH DEPOSIT/BRANCH COUNTER/PUNE CAMP,TXN0275108,,2500.00,5024207.50
14/12/2023,CHQ NO 739226 CLEARING,TXN0275109,120.00,,5024087.50
14/12/2023,CASH DEPOSIT/BRANCH COUNTER/PUNE CAMP,TXN0275110,,1200.00,5025287.50
14/12/2023,ATM/WDL/871206593959/CANARA ATM MYSURU,TXN0275111,7800.00,,5017487.50
15/12/2023,UPI/CR/6658561210/GANESH KUMAR/KKBK0283526/ganesh146@paytm,TXN0275112,,500.00,5017987.50
15/12/2023,NEFT/4262759023/FARHAN KHAN/KKBK0283526/11292925649204,TXN0275113,3499.00,,5014488.50
15/12/2023,NEFT/007441666016/SNEHA PATIL/KKBK0283526/89069033306917,TXN0275114,,11200.00,5025688.50
15/12/2023,UPI/DR/328060558939/ARUN SHARMA/KKBK0283526/arun674@paytm,TXN0275115,79.00,,5025609.50
16/12/2023,UPI/DR/7048045884/BINDHU NAIR/KKBK0283526/bindhu202@okhdfc,TXN0275116,49.00,,5025560.50
17/12/2023,UPI/DR/147941308066/KIRAN REDDY/KKBK0283526/kiran782@paytm,TXN0275117,2380.00,,5023180.50
17/12/2023,UPI/DR/04266879/VINAY PATIL/KKBK0283526/vinay798@ybl,TXN0275118,850.00,,5022330.50
18/12/2023,CHQ NO 975469 CLEARING,TXN0275119,999.00,,5021331.50
19/12/2023,NEFT/732182370619/KAVYA REDDY/KKBK0283526/46582463620409,TXN0275120,3499.00,,5017832.50
19/12/2023,ATM/WDL/9202958309/CANARA ATM MYSURU,TXN0275121,1250.00,,5016582.50
20/12/2023,UPI/DR/243527858724/BABU LAL/KKBK0283526/babu691@okaxis,TXN0275122,850.00,,5015732.50
21/12/2023,ATM/WDL/668655378617/CANARA ATM MYSURU,TXN0275123,850.00,,5014882.50
21/12/2023,CASH DEPOSIT/BRANCH COUNTER/PUNE CAMP,TXN0275124,,11200.00,5026082.50
22/12/2023,UPI/DR/3222301820/SNEHA PATIL/KKBK0283526/sneha879@paytm,TXN0275125,7800.00,,5018282.50
22/12/2023,UPI/DR/62744239/SUSHMA RAO/KKBK0283526/sushma426@paytm,TXN0275126,120.00,,5018162.50
23/12/2023,CHQ NO 670478 CLEARING,TXN0275127,5200.00,,5012962.50
23/12/2023,IMPS/P2P/241789788881/LATHA MURTHY/7488696619,TXN0275128,,18500.00,5031462.50
23/12/2023,CHQ NO 765124 CLEARING,TXN0275129,49.00,,5031413.50
24/12/2023,CASH DEPOSIT/BRANCH COUNTER/PUNE CAMP,TXN0275130,,850.00,5032263.50
25/12/2023,CHQ NO 989768 CLEARING,TXN0275131,3499.00,,5028764.50
25/12/2023,NEFT/9225783946/ANITHA KRISHNAN/KKBK0283526/25925966471682,TXN0275132,7800.00,,5020964.50
26/12/2023,IMPS/P2P/4209359427/MOHAMMED IRFAN/9225797698,TXN0275133,,2500.00,5023464.50
26/12/2023,CHQ NO 512476 CLEARING,TXN0275134,449.00,,5023015.50
26/12/2023,UPI/DR/3896400474/SMITHA PILLAI/KKBK0283526/smitha791@paytm,TXN0275135,5200.00,,5017815.50
26/12/2023,UPI/CR/13473122/ANITHA KRISHNAN/KKBK0283526/anitha256@okhdfc,TXN0275136,,11200.00,5029015.50
27/12/2023,CASH DEPOSIT/BRANCH COUNTER/PUNE CAMP,TXN0275137,,4800.00,5033815.50
27/12/2023,CHQ NO 036002 CLEARING,TXN0275138,999.00,,5032816.50
27/12/2023,CHQ NO 036243 CLEARING,TXN0275139,79.00,,5032737.50
27/12/2023,CASH DEPOSIT/BRANCH COUNTER/PUNE CAMP,TXN0275140,,32000.00,5064737.50
27/12/2023,NEFT/55817308/NIKHIL GUPTA/KKBK0283526/37776703604309,TXN0275141,,1200.00,5065937.50
27/12/2023,ATM/WDL/8013003605/CANARA ATM MYSURU,TXN0275142,850.00,,5065087.50
27/12/2023,CASH DEPOSIT/BRANCH COUNTER/PUNE CAMP,TXN0275143,,500.00,5065587.50
27/12/2023,UPI/DR/6452089408/ADITYA KUMAR/KKBK0283526/aditya878@okhdfc,TXN0275144,699.00,,5064888.50
28/12/2023,ATM/WDL/887284123546/CANARA ATM MYSURU,TXN0275145,249.00,,5064639.50
28/12/2023,UPI/DR/630988563371/DEEPA NAIR/KKBK0283526/deepa545@oksbi,TXN0275146,249.00,,5064390.50
29/12/2023,CHQ NO 363787 CLEARING,TXN0275147,2380.00,,5062010.50
29/12/2023,IMPS/P2P/4790795355/KAVITHA RAO/8349482123,TXN0275148,,500.00,5062510.50
29/12/2023,UPI/DR/917234208102/NAVEEN KUMAR/KKBK0283526/naveen991@okaxis,TXN0275149,699.00,,5061811.50
29/12/2023,NEFT/78041942/VIKRAM NAIR/KKBK0283526/96474955444325,TXN0275150,120.00,,5061691.50
29/12/2023,UPI/DR/269488222769/IMRAN KHAN/KKBK0283526/imran891@paytm,TXN0275151,850.00,,5060841.50
30/12/2023,CHQ NO 079723 CLEARING,TXN0275152,3499.00,,5057342.50
30/12/2023,CASH DEPOSIT/BRANCH COUNTER/PUNE CAMP,TXN0275153,,1200.00,5058542.50
30/12/2023,CHQ NO 771592 CLEARING,TXN0275154,449.00,,5058093.50
30/12/2023,UPI/DR/39225460/DEEPA NAIR/KKBK0283526/deepa239@okaxis,TXN0275155,120.00,,5057973.50
30/12/2023,NEFT/945984082005/RANJIT SINGH/KKBK0283526/90466255515540,TXN0275156,249.00,,5057724.50
30/12/2023,UPI/CR/890000848387/DIVYA MENON/KKBK0283526/divya460@okaxis,TXN0275157,,24000.00,5081724.50
30/12/2023,UPI/DR/5476986986/CHANDAN SHARMA/KKBK0283526/chandan893@okhdfc,TXN0275158,5200.00,,5076524.50
31/12/2023,UPI/DR/5865312576/VENKAT RAO/KKBK0283526/venkat429@okhdfc,TXN0275159,310.00,,5076214.50
31/12/2023,UPI/CR/37385452/MALLIKA DAS/KKBK0283526/mallika526@ybl,TXN0275160,,2500.00,5078714.50
31/12/2023,UPI/DR/64366919/SURESH BABU/KKBK0283526/suresh562@paytm,TXN0275161,1250.00,,5077464.50
31/12/2023,ATM/WDL/511481347026/SBI ATM JAYANAGAR BLR,TXN0275162,5200.00,,5072264.50
31/12/2023,NEFT/571389229233/ADITYA KUMAR/KKBK0283526/43503271620778,TXN0275163,120.00,,5072144.50
01/01/2024,UPI/DR/68862274/SHAHID KHAN/KKBK0283526/shahid307@oksbi,TXN0275164,249.00,,5071895.50
01/01/2024,ATM/WDL/759883058482/HDFC ATM KORAMANGALA,TXN0275165,310.00,,5071585.50
01/01/2024,IMPS/P2P/3372701505/RESHMA KHAN/7885881316,TXN0275166,,32000.00,5103585.50
02/01/2024,IMPS/P2P/7885875980/ADITYA KUMAR/7706188512,TXN0275167,,18500.00,5122085.50
03/01/2024,UPI/CR/6037478755/FARHAN KHAN/KKBK0283526/farhan751@oksbi,TXN0275168,,850.00,5122935.50
03/01/2024,UPI/DR/6474184117/GEETA DEVI/KKBK0283526/geeta51@oksbi,TXN0275169,249.00,,5122686.50
03/01/2024,UPI/DR/714209985130/ARUN SHARMA/KKBK0283526/arun53@paytm,TXN0275170,1680.00,,5121006.50
03/01/2024,NEFT/68358684/GANESH KUMAR/KKBK0283526/22061172233256,TXN0275171,,7600.00,5128606.50
03/01/2024,UPI/CR/06710362/SUNITA DEVI/KKBK0283526/sunita490@okaxis,TXN0275172,,18500.00,5147106.50
04/01/2024,UPI/CR/65375695/AYESHA KHAN/KKBK0283526/ayesha334@oksbi,TXN0275173,,1200.00,5148306.50
04/01/2024,CHQ NO 675259 CLEARING,TXN0275174,1680.00,,5146626.50
05/01/2024,IMPS/P2P/9893868939/KARTHIK MENON/8971036517,TXN0275175,,24000.00,5170626.50
05/01/2024,UPI/CR/33024143/FATIMA SHEIKH/KKBK0283526/fatima595@paytm,TXN0275176,,4800.00,5175426.50
05/01/2024,ATM/WDL/27813416/SBI ATM JAYANAGAR BLR,TXN0275177,1680.00,,5173746.50
05/01/2024,UPI/CR/3086076614/DIVYA MENON/KKBK0283526/divya931@paytm,TXN0275178,,7600.00,5181346.50
05/01/2024,UPI/DR/66473991/VINAY PATIL/KKBK0283526/vinay425@oksbi,TXN0275179,49.00,,5181297.50
06/01/2024,CHQ NO 865231 CLEARING,TXN0275180,699.00,,5180598.50
06/01/2024,UPI/CR/730790743750/NIKHIL GUPTA/KKBK0283526/nikhil678@okaxis,TXN0275181,,4800.00,5185398.50
06/01/2024,NEFT/853820837175/FATIMA SHEIKH/KKBK0283526/82846039102933,TXN0275182,,32000.00,5217398.50
06/01/2024,NEFT/39259390/SUNITA DEVI/KKBK0283526/58701689336638,TXN0275183,310.00,,5217088.50
07/01/2024,NEFT/22674287/PREETHI IYER/KKBK0283526/32710516693595,TXN0275184,,500.00,5217588.50
07/01/2024,ATM/WDL/00047973/HDFC ATM KORAMANGALA,TXN0275185,449.00,,5217139.50
07/01/2024,NEFT/92842903/IMRAN KHAN/KKBK0283526/16487397419161,TXN0275186,,4800.00,5221939.50
07/01/2024,NEFT/784471373183/PRAKASH RAO/KKBK0283526/18067305394639,TXN0275187,,2500.00,5224439.50
07/01/2024,UPI/DR/171851754831/KARTHIK MENON/KKBK0283526/karthik622@ybl,TXN0275188,49.00,,5224390.50
08/01/2024,NEFT/7841798563/KAVYA REDDY/KKBK0283526/17561369203747,TXN0275189,699.00,,5223691.50
08/01/2024,UPI/CR/114929230131/VENKAT RAO/KKBK0283526/venkat504@ybl,TXN0275190,,500.00,5224191.50
08/01/2024,CASH DEPOSIT/BRANCH COUNTER/PUNE CAMP,TXN0275191,,500.00,5224691.50
08/01/2024,UPI/DR/20235689/ANAND KUMAR/KKBK0283526/anand722@okhdfc,TXN0275192,49.00,,5224642.50
08/01/2024,UPI/DR/588413067147/SMITHA PILLAI/KKBK0283526/smitha390@okhdfc,TXN0275193,120.00,,5224522.50
08/01/2024,UPI/DR/693775559649/PREETHI IYER/KKBK0283526/preethi143@okaxis,TXN0275194,1250.00,,5223272.50
09/01/2024,ATM/WDL/540814300273/HDFC ATM KORAMANGALA,TXN0275195,449.00,,5222823.50
09/01/2024,UPI/DR/184479696813/SANJANA HEGDE/KKBK0283526/sanjana115@ybl,TXN0275196,49.00,,5222774.50
10/01/2024,CHQ NO 354966 CLEARING,TXN0275197,1250.00,,5221524.50
10/01/2024,UPI/DR/525722033216/HARISH MENON/KKBK0283526/harish437@ybl,TXN0275198,7800.00,,5213724.50
10/01/2024,CHQ NO 305959 CLEARING,TXN0275199,249.00,,5213475.50
11/01/2024,UPI/DR/7307459192/SAVITHA DEVI/KKBK0283526/savitha994@okhdfc,TXN0275200,850.00,,5212625.50
11/01/2024,UPI/DR/906955493913/SNEHA PATIL/KKBK0283526/sneha306@okaxis,TXN0275201,5200.00,,5207425.50
12/01/2024,UPI/DR/552526345484/PRAKASH RAO/KKBK0283526/prakash750@okaxis,TXN0275202,7800.00,,5199625.50
12/01/2024,UPI/DR/2710979780/LALITHA DEVI/KKBK0283526/lalitha699@paytm,TXN0275203,449.00,,5199176.50
13/01/2024,UPI/DR/867782489940/DEEPAK JOSHI/KKBK0283526/deepak886@okaxis,TXN0275204,1680.00,,5197496.50
13/01/2024,UPI/DR/2145683775/VENKAT RAO/KKBK0283526/venkat826@okaxis,TXN0275205,49.00,,5197447.50
13/01/2024,UPI/DR/57140256/VINAY PATIL/KKBK0283526/vinay938@oksbi,TXN0275206,7800.00,,5189647.50
14/01/2024,ATM/WDL/9744065231/HDFC ATM KORAMANGALA,TXN0275207,449.00,,5189198.50
14/01/2024,UPI/DR/0377703976/KARTHIK MENON/KKBK0283526/karthik719@oksbi,TXN0275208,2380.00,,5186818.50
14/01/2024,UPI/DR/66602645/TARA SINGH/KKBK0283526/tara893@ybl,TXN0275209,1250.00,,5185568.50
14/01/2024,NEFT/69188003/SHEELA DEVI/KKBK0283526/09339496291717,TXN0275210,,32000.00,5217568.50
15/01/2024,UPI/DR/3919846379/POOJA SHARMA/KKBK0283526/pooja569@paytm,TXN0275211,850.00,,5216718.50
15/01/2024,NEFT/17166416/KAVYA REDDY/KKBK0283526/69636205869049,TXN0275212,,1200.00,5217918.50
16/01/2024,IMPS/P2P/171980487770/PREETHI IYER/8923948791,TXN0275213,,7600.00,5225518.50
16/01/2024,NEFT/55281903/NILESH KULKARNI/KKBK0283526/53410186916587,TXN0275214,,500.00,5226018.50
16/01/2024,UPI/DR/3579812783/SUNIL YADAV/KKBK0283526/sunil356@paytm,TXN0275215,310.00,,5225708.50
17/01/2024,UPI/DR/74340580/TANVI RAO/KKBK0283526/tanvi886@oksbi,TXN0275216,1680.00,,5224028.50
17/01/2024,NEFT/8756993332/MALLIKA DAS/KKBK0283526/53954445446005,TXN0275217,,11200.00,5235228.50
17/01/2024,IMPS/P2P/2957433787/REKHA PILLAI/8119055843,TXN0275218,,11200.00,5246428.50
17/01/2024,CASH DEPOSIT/BRANCH COUNTER/PUNE CAMP,TXN0275219,,7600.00,5254028.50
17/01/2024,ATM/WDL/268731067373/CANARA ATM MYSURU,TXN0275220,699.00,,5253329.50
18/01/2024,IMPS/P2P/3034036959/TANVI RAO/9470748098,TXN0275221,,32000.00,5285329.50
18/01/2024,UPI/DR/361808900386/KAVITHA RAO/KKBK0283526/kavitha794@okhdfc,TXN0275222,2380.00,,5282949.50
18/01/2024,UPI/CR/117304881381/LALITHA DEVI/KKBK0283526/lalitha210@okhdfc,TXN0275223,,18500.00,5301449.50
18/01/2024,NEFT/5971075384/ANAND KUMAR/KKBK0283526/97551736764292,TXN0275224,999.00,,5300450.50
18/01/2024,UPI/DR/1758967939/RAHUL SINGH/KKBK0283526/rahul528@okaxis,TXN0275225,3499.00,,5296951.50
19/01/2024,NEFT/7910331605/SANJANA HEGDE/KKBK0283526/23152884376348,TXN0275226,,24000.00,5320951.50
19/01/2024,ATM/WDL/922466079588/SBI ATM JAYANAGAR BLR,TXN0275227,310.00,,5320641.50
19/01/2024,CASH DEPOSIT/BRANCH COUNTER/PUNE CAMP,TXN0275228,,4800.00,5325441.50
21/01/2024,IMPS/P2P/5750324087/SUSHMA RAO/8364118959,TXN0275229,,11200.00,5336641.50
21/01/2024,UPI/DR/374413670228/REKHA PILLAI/KKBK0283526/rekha624@ybl,TXN0275230,79.00,,5336562.50
22/01/2024,NEFT/267964174610/NAVEEN KUMAR/KKBK0283526/20769480283332,TXN0275231,2380.00,,5334182.50
22/01/2024,CHQ NO 364675 CLEARING,TXN0275232,310.00,,5333872.50
22/01/2024,CASH DEPOSIT/BRANCH COUNTER/PUNE CAMP,TXN0275233,,4800.00,5338672.50
22/01/2024,UPI/DR/7285339324/NAVEEN KUMAR/KKBK0283526/naveen911@okhdfc,TXN0275234,49.00,,5338623.50
23/01/2024,UPI/DR/147117434146/SURESH BABU/KKBK0283526/suresh683@paytm,TXN0275235,79.00,,5338544.50
23/01/2024,CHQ NO 897860 CLEARING,TXN0275236,2380.00,,5336164.50
23/01/2024,UPI/DR/5009445424/KAVERI MENON/KKBK0283526/kaveri110@okhdfc,TXN0275237,7800.00,,5328364.50
23/01/2024,CASH DEPOSIT/BRANCH COUNTER/PUNE CAMP,TXN0275238,,1200.00,5329564.50
24/01/2024,UPI/CR/62657256/RESHMA KHAN/KKBK0283526/reshma783@ybl,TXN0275239,,4800.00,5334364.50
24/01/2024,NEFT/598837697197/RAVI KUMAR SHARMA/KKBK0283526/05100336297517,TXN0275240,850.00,,5333514.50
25/01/2024,NEFT/42198674/KAVITHA RAO/KKBK0283526/40909652194085,TXN0275241,79.00,,5333435.50
26/01/2024,UPI/CR/2976266886/DIVYA MENON/KKBK0283526/divya588@okhdfc,TXN0275242,,500.00,5333935.50
26/01/2024,UPI/DR/659262663679/KAVITHA RAO/KKBK0283526/kavitha297@okaxis,TXN0275243,449.00,,5333486.50
26/01/2024,UPI/DR/9227190763/MOHAN DAS/KKBK0283526/mohan745@paytm,TXN0275244,2380.00,,5331106.50
27/01/2024,UPI/CR/31327823/KAVERI MENON/KKBK0283526/kaveri868@okhdfc,TXN0275245,,4800.00,5335906.50
27/01/2024,IMPS/P2P/26419312/ARUN SHARMA/8262864836,TXN0275246,,32000.00,5367906.50
27/01/2024,CASH DEPOSIT/BRANCH COUNTER/PUNE CAMP,TXN0275247,,18500.00,5386406.50
27/01/2024,CASH DEPOSIT/BRANCH COUNTER/PUNE CAMP,TXN0275248,,1200.00,5387606.50
28/01/2024,UPI/DR/833712041234/GEETA DEVI/KKBK0283526/geeta154@paytm,TXN0275249,249.00,,5387357.50
29/01/2024,UPI/DR/079780250077/RAJESH VERMA/KKBK0283526/rajesh862@ybl,TXN0275250,49.00,,5387308.50
30/01/2024,IMPS/P2P/23707281/KIRAN REDDY/8382842310,TXN0275251,,2500.00,5389808.50
30/01/2024,UPI/DR/454030224357/ARUN SHARMA/KKBK0283526/arun609@oksbi,TXN0275252,449.00,,5389359.50
30/01/2024,UPI/DR/2914775829/KAVYA REDDY/KKBK0283526/kavya844@okhdfc,TXN0275253,310.00,,5389049.50
30/01/2024,CASH DEPOSIT/BRANCH COUNTER/PUNE CAMP,TXN0275254,,18500.00,5407549.50
30/01/2024,CHQ NO 803370 CLEARING,TXN0275255,999.00,,5406550.50
30/01/2024,UPI/CR/5289815075/PRIYA NAIR/KKBK0283526/priya921@okhdfc,TXN0275256,,500.00,5407050.50
30/01/2024,NEFT/3126254516/MEENA IYER/KKBK0283526/08201608461320,TXN0275257,,11200.00,5418250.50
30/01/2024,UPI/DR/0410177454/GANESH KUMAR/KKBK0283526/ganesh64@okhdfc,TXN0275258,449.00,,5417801.50
31/01/2024,UPI/DR/850558120623/MEERA PILLAI/KKBK0283526/meera301@oksbi,TXN0275259,3499.00,,5414302.50
31/01/2024,UPI/DR/752296832545/RAHUL SINGH/KKBK0283526/rahul729@ybl,TXN0275260,7800.00,,5406502.50
31/01/2024,CHQ NO 651478 CLEARING,TXN0275261,310.00,,5406192.50
31/01/2024,UPI/DR/2928252007/USHA RANI/KKBK0283526/usha686@okaxis,TXN0275262,999.00,,5405193.50
01/02/2024,ATM/WDL/6079080017/SBI ATM JAYANAGAR BLR,TXN0275263,7800.00,,5397393.50
01/02/2024,NEFT/312341616225/SAVITHA DEVI/KKBK0283526/80913822982218,TXN0275264,79.00,,5397314.50
02/02/2024,NEFT/9437347202/SURESH NAIR/KKBK0283526/79422033507198,TXN0275265,5200.00,,5392114.50
02/02/2024,UPI/DR/7298128561/RAMESH PILLAI/KKBK0283526/ramesh499@oksbi,TXN0275266,49.00,,5392065.50
02/02/2024,UPI/DR/88208506/RAMESH PILLAI/KKBK0283526/ramesh943@paytm,TXN0275267,79.00,,5391986.50
02/02/2024,CHQ NO 803228 CLEARING,TXN0275268,699.00,,5391287.50
02/02/2024,NEFT/43320310/DIVYA MENON/KKBK0283526/85295378149717,TXN0275269,,18500.00,5409787.50
03/02/2024,CASH DEPOSIT/BRANCH COUNTER/PUNE CAMP,TXN0275270,,1200.00,5410987.50
03/02/2024,UPI/CR/9762895134/DEEPA NAIR/KKBK0283526/deepa916@okaxis,TXN0275271,,11200.00,5422187.50
04/02/2024,IMPS/P2P/114060074468/BINDHU NAIR/8987120979,TXN0275272,,1200.00,5423387.50
04/02/2024,UPI/DR/0243077452/DEEPAK JOSHI/KKBK0283526/deepak222@okhdfc,TXN0275273,79.00,,5423308.50
04/02/2024,UPI/DR/0275176734/ARCHANA PILLAI/KKBK0283526/archana755@okaxis,TXN0275274,5200.00,,5418108.50
04/02/2024,NEFT/1803053699/VENKAT RAO/KKBK0283526/44905331670239,TXN0275275,699.00,,5417409.50
05/02/2024,ATM/WDL/833230091410/HDFC ATM KORAMANGALA,TXN0275276,3499.00,,5413910.50
06/02/2024,UPI/DR/127581012017/SUNITA DEVI/KKBK0283526/sunita710@okaxis,TXN0275277,2380.00,,5411530.50
06/02/2024,UPI/DR/010565874098/GANESH KUMAR/KKBK0283526/ganesh188@okaxis,TXN0275278,3499.00,,5408031.50
06/02/2024,NEFT/2319102900/BINDHU NAIR/KKBK0283526/99359045937972,TXN0275279,79.00,,5407952.50
07/02/2024,UPI/DR/6074229380/TARA SINGH/KKBK0283526/tara570@oksbi,TXN0275280,79.00,,5407873.50
07/02/2024,UPI/DR/8258900127/SNEHA PATIL/KKBK0283526/sneha768@paytm,TXN0275281,1680.00,,5406193.50
09/02/2024,UPI/DR/965587346361/BABU LAL/KKBK0283526/babu650@okhdfc,TXN0275282,49.00,,5406144.50
09/02/2024,NEFT/650959280680/PRAKASH RAO/KKBK0283526/50540183196413,TXN0275283,5200.00,,5400944.50
09/02/2024,NEFT/42407575/RAJENDRA PRASAD/KKBK0283526/07851296659488,TXN0275284,2380.00,,5398564.50
09/02/2024,NEFT/70625449/TANVI RAO/KKBK0283526/35896402962892,TXN0275285,,24000.00,5422564.50
10/02/2024,UPI/CR/3336095850/VIKRAM NAIR/KKBK0283526/vikram59@okhdfc,TXN0275286,,18500.00,5441064.50
10/02/2024,NEFT/31252877/SAVITHA DEVI/KKBK0283526/57063974973190,TXN0275287,,18500.00,5459564.50
10/02/2024,ATM/WDL/71808810/CANARA ATM MYSURU,TXN0275288,7800.00,,5451764.50
10/02/2024,UPI/CR/300049117020/SURESH NAIR/KKBK0283526/suresh525@okhdfc,TXN0275289,,850.00,5452614.50
10/02/2024,ATM/WDL/6430444607/HDFC ATM KORAMANGALA,TXN0275290,1250.00,,5451364.50
10/02/2024,NEFT/9526822182/FATIMA SHEIKH/KKBK0283526/88209522438983,TXN0275291,7800.00,,5443564.50
11/02/2024,NEFT/252275341704/RAMESH PILLAI/KKBK0283526/62280987062368,TXN0275292,7800.00,,5435764.50
11/02/2024,NEFT/270730908373/KIRAN REDDY/KKBK0283526/67060176460056,TXN0275293,,7600.00,5443364.50
12/02/2024,ATM/WDL/1689960951/SBI ATM JAYANAGAR BLR,TXN0275294,999.00,,5442365.50
12/02/2024,IMPS/P2P/34174396/SHEELA DEVI/8037305424,TXN0275295,,24000.00,5466365.50
13/02/2024,CASH DEPOSIT/BRANCH COUNTER/PUNE CAMP,TXN0275296,,11200.00,5477565.50
13/02/2024,CHQ NO 812256 CLEARING,TXN0275297,1680.00,,5475885.50
14/02/2024,UPI/DR/5792133001/SHEELA DEVI/KKBK0283526/sheela79@okaxis,TXN0275298,2380.00,,5473505.50
14/02/2024,NEFT/69599762/KAVERI MENON/KKBK0283526/46305585597599,TXN0275299,1250.00,,5472255.50
14/02/2024,UPI/DR/69837937/VENKAT RAO/KKBK0283526/venkat680@okaxis,TXN0275300,3499.00,,5468756.50
14/02/2024,NEFT/299834748872/RAMESH GOWDA/KKBK0283526/71764359052569,TXN0275301,,11200.00,5479956.50
15/02/2024,UPI/DR/45894563/MALLIKA DAS/KKBK0283526/mallika670@oksbi,TXN0275302,850.00,,5479106.50
15/02/2024,CHQ NO 884740 CLEARING,TXN0275303,5200.00,,5473906.50
15/02/2024,ATM/WDL/0861999851/HDFC ATM KORAMANGALA,TXN0275304,5200.00,,5468706.50
15/02/2024,UPI/DR/50606421/GEETA DEVI/KKBK0283526/geeta340@ybl,TXN0275305,249.00,,5468457.50
17/02/2024,UPI/DR/51005459/ROHIT SHARMA/KKBK0283526/rohit992@oksbi,TXN0275306,49.00,,5468408.50
17/02/2024,IMPS/P2P/446632721402/HARISH MENON/7207801756,TXN0275307,,850.00,5469258.50
19/02/2024,UPI/DR/187406486440/RAVI KUMAR SHARMA/KKBK0283526/ravi736@okhdfc,TXN0275308,310.00,,5468948.50
19/02/2024,UPI/DR/200055009578/SNEHA PATIL/KKBK0283526/sneha702@oksbi,TXN0275309,3499.00,,5465449.50
19/02/2024,ATM/WDL/6760434732/SBI ATM JAYANAGAR BLR,TXN0275310,1680.00,,5463769.50
20/02/2024,CASH DEPOSIT/BRANCH COUNTER/PUNE CAMP,TXN0275311,,32000.00,5495769.50
20/02/2024,UPI/CR/469299098146/DIVYA MENON/KKBK0283526/divya984@ybl,TXN0275312,,24000.00,5519769.50
21/02/2024,UPI/DR/559631826707/SHAHID KHAN/KKBK0283526/shahid881@paytm,TXN0275313,3499.00,,5516270.50
21/02/2024,CASH DEPOSIT/BRANCH COUNTER/PUNE CAMP,TXN0275314,,850.00,5517120.50
21/02/2024,CASH DEPOSIT/BRANCH COUNTER/PUNE CAMP,TXN0275315,,32000.00,5549120.50
22/02/2024,CHQ NO 879655 CLEARING,TXN0275316,5200.00,,5543920.50
22/02/2024,NEFT/48066059/ROHIT SHARMA/KKBK0283526/70712449632042,TXN0275317,,18500.00,5562420.50
23/02/2024,IMPS/P2P/76460976/RAMESH GOWDA/8077536799,TXN0275318,,4800.00,5567220.50
23/02/2024,UPI/CR/8106023867/ANAND KUMAR/KKBK0283526/anand783@okaxis,TXN0275319,,32000.00,5599220.50
23/02/2024,UPI/DR/0077598857/PRIYA NAIR/KKBK0283526/priya194@okhdfc,TXN0275320,1680.00,,5597540.50
24/02/2024,UPI/DR/2372892901/KAVERI MENON/KKBK0283526/kaveri428@ybl,TXN0275321,699.00,,5596841.50
24/02/2024,UPI/DR/3633795663/RAHUL SINGH/KKBK0283526/rahul856@okaxis,TXN0275322,79.00,,5596762.50
24/02/2024,CHQ NO 706490 CLEARING,TXN0275323,2380.00,,5594382.50
24/02/2024,UPI/CR/70723859/SMITHA PILLAI/KKBK0283526/smitha285@ybl,TXN0275324,,32000.00,5626382.50
24/02/2024,UPI/DR/796680598666/SANJANA HEGDE/KKBK0283526/sanjana898@oksbi,TXN0275325,999.00,,5625383.50
24/02/2024,UPI/DR/394041523124/DIVYA MENON/KKBK0283526/divya259@okhdfc,TXN0275326,310.00,,5625073.50
25/02/2024,UPI/CR/373763933552/KARTHIK MENON/KKBK0283526/karthik255@oksbi,TXN0275327,,32000.00,5657073.50
25/02/2024,UPI/DR/67797312/KAVYA REDDY/KKBK0283526/kavya152@okhdfc,TXN0275328,7800.00,,5649273.50
25/02/2024,IMPS/P2P/1999586021/NILESH KULKARNI/7414876958,TXN0275329,,7600.00,5656873.50
26/02/2024,UPI/DR/262946641518/FATIMA SHEIKH/KKBK0283526/fatima756@okhdfc,TXN0275330,5200.00,,5651673.50
26/02/2024,CASH DEPOSIT/BRANCH COUNTER/PUNE CAMP,TXN0275331,,1200.00,5652873.50
27/02/2024,IMPS/P2P/853398287890/KARTHIK MENON/9157437415,TXN0275332,,18500.00,5671373.50
27/02/2024,NEFT/22298636/LATHA MURTHY/KKBK0283526/68348110031002,TXN0275333,,850.00,5672223.50
27/02/2024,UPI/DR/66800239/KAVITHA RAO/KKBK0283526/kavitha759@ybl,TXN0275334,449.00,,5671774.50
27/02/2024,UPI/CR/7121319739/REKHA PILLAI/KKBK0283526/rekha884@paytm,TXN0275335,,32000.00,5703774.50
28/02/2024,CASH DEPOSIT/BRANCH COUNTER/PUNE CAMP,TXN0275336,,7600.00,5711374.50
28/02/2024,UPI/DR/253556345517/POOJA SHARMA/KKBK0283526/pooja381@paytm,TXN0275337,120.00,,5711254.50
28/02/2024,NEFT/46097372/NIKHIL GUPTA/KKBK0283526/87949449810657,TXN0275338,7800.00,,5703454.50
28/02/2024,CASH DEPOSIT/BRANCH COUNTER/PUNE CAMP,TXN0275339,,7600.00,5711054.50
28/02/2024,ATM/WDL/885542822643/HDFC ATM KORAMANGALA,TXN0275340,3499.00,,5707555.50
28/02/2024,CASH DEPOSIT/BRANCH COUNTER/PUNE CAMP,TXN0275341,,32000.00,5739555.50
28/02/2024,UPI/DR/69376754/CHANDAN SHARMA/KKBK0283526/chandan609@okaxis,TXN0275342,249.00,,5739306.50
29/02/2024,IMPS/P2P/36970092/AYESHA KHAN/9888666525,TXN0275343,,7600.00,5746906.50
29/02/2024,UPI/DR/52821696/GOPAL VERMA/KKBK0283526/gopal205@oksbi,TXN0275344,999.00,,5745907.50
29/02/2024,NEFT/527360670797/LAKSHMI VENKAT/KKBK0283526/84840315642767,TXN0275345,,7600.00,5753507.50
01/03/2024,UPI/CR/663721328000/PADMA RAO/KKBK0283526/padma982@okhdfc,TXN0275346,,1200.00,5754707.50
01/03/2024,CASH DEPOSIT/BRANCH COUNTER/PUNE CAMP,TXN0275347,,2500.00,5757207.50
01/03/2024,UPI/DR/97709921/ARJUN MEHTA/KKBK0283526/arjun961@paytm,TXN0275348,79.00,,5757128.50
01/03/2024,UPI/DR/116797437275/SANTOSH KUMAR/KKBK0283526/santosh958@okaxis,TXN0275349,120.00,,5757008.50
01/03/2024,IMPS/P2P/89472148/MOHAN DAS/8728865739,TXN0275350,,2500.00,5759508.50
02/03/2024,UPI/DR/54160990/ARUN SHARMA/KKBK0283526/arun793@okaxis,TXN0275351,1680.00,,5757828.50
02/03/2024,UPI/DR/435068224388/SHEELA DEVI/KKBK0283526/sheela194@oksbi,TXN0275352,49.00,,5757779.50
02/03/2024,UPI/DR/388654191350/AYESHA KHAN/KKBK0283526/ayesha192@oksbi,TXN0275353,699.00,,5757080.50
03/03/2024,UPI/DR/6259918357/KARTHIK MENON/KKBK0283526/karthik228@oksbi,TXN0275354,310.00,,5756770.50
03/03/2024,UPI/DR/0166439821/RANJIT SINGH/KKBK0283526/ranjit436@ybl,TXN0275355,79.00,,5756691.50
04/03/2024,IMPS/P2P/2342985513/DEEPA NAIR/9563141594,TXN0275356,,18500.00,5775191.50
05/03/2024,ATM/WDL/325545497445/HDFC ATM KORAMANGALA,TXN0275357,3499.00,,5771692.50
05/03/2024,IMPS/P2P/4851754168/TARA SINGH/8045142537,TXN0275358,,2500.00,5774192.50
05/03/2024,CASH DEPOSIT/BRANCH COUNTER/PUNE CAMP,TXN0275359,,500.00,5774692.50
05/03/2024,CHQ NO 344973 CLEARING,TXN0275360,850.00,,5773842.50
06/03/2024,NEFT/767170444409/NILESH KULKARNI/KKBK0283526/44830570676267,TXN0275361,,24000.00,5797842.50
07/03/2024,UPI/DR/047264675112/SANTOSH KUMAR/KKBK0283526/santosh877@paytm,TXN0275362,310.00,,5797532.50
07/03/2024,NEFT/87015612/DIVYA MENON/KKBK0283526/04626875846983,TXN0275363,1250.00,,5796282.50
07/03/2024,NEFT/306164383945/MOHAN DAS/KKBK0283526/85816176438632,TXN0275364,,1200.00,5797482.50
07/03/2024,IMPS/P2P/936211458833/RESHMA KHAN/7970106879,TXN0275365,,32000.00,5829482.50
08/03/2024,UPI/DR/6936035493/RAMESH GOWDA/KKBK0283526/ramesh498@oksbi,TXN0275366,699.00,,5828783.50
08/03/2024,UPI/DR/0557195493/MALLIKA DAS/KKBK0283526/mallika79@ybl,TXN0275367,120.00,,5828663.50
09/03/2024,UPI/CR/85143371/BABU LAL/KKBK0283526/babu662@oksbi,TXN0275368,,2500.00,5831163.50
10/03/2024,UPI/DR/83572423/LAKSHMI VENKAT/KKBK0283526/lakshmi469@paytm,TXN0275369,79.00,,5831084.50
10/03/2024,UPI/DR/72349468/RAJESH VERMA/KKBK0283526/rajesh593@ybl,TXN0275370,249.00,,5830835.50
10/03/2024,CASH DEPOSIT/BRANCH COUNTER/PUNE CAMP,TXN0275371,,32000.00,5862835.50
10/03/2024,UPI/DR/545839932227/NILESH KULKARNI/KKBK0283526/nilesh27@okaxis,TXN0275372,999.00,,5861836.50
11/03/2024,NEFT/1349421405/SUNITA DEVI/KKBK0283526/33252506263122,TXN0275373,,24000.00,5885836.50
11/03/2024,NEFT/22073405/PRAKASH RAO/KKBK0283526/51725635651763,TXN0275374,,11200.00,5897036.50
12/03/2024,UPI/DR/118641160362/KAVITHA RAO/KKBK0283526/kavitha384@oksbi,TXN0275375,2380.00,,5894656.50
12/03/2024,UPI/DR/84637602/RAJENDRA PRASAD/KKBK0283526/rajendra244@okhdfc,TXN0275376,79.00,,5894577.50
12/03/2024,UPI/CR/64261464/SUNIL YADAV/KKBK0283526/sunil251@okhdfc,TXN0275377,,11200.00,5905777.50
12/03/2024,CHQ NO 231253 CLEARING,TXN0275378,249.00,,5905528.50
13/03/2024,UPI/DR/8273532851/MOHAMMED IRFAN/KKBK0283526/mohammed539@paytm,TXN0275379,3499.00,,5902029.50
14/03/2024,UPI/DR/1407809573/SUNIL YADAV/KKBK0283526/sunil899@oksbi,TXN0275380,5200.00,,5896829.50
14/03/2024,UPI/CR/832856259537/GANESH KUMAR/KKBK0283526/ganesh921@okhdfc,TXN0275381,,850.00,5897679.50
15/03/2024,UPI/CR/861394102232/REKHA PILLAI/KKBK0283526/rekha217@paytm,TXN0275382,,500.00,5898179.50
15/03/2024,NEFT/36806866/NILESH KULKARNI/KKBK0283526/44466970759637,TXN0275383,7800.00,,5890379.50
15/03/2024,UPI/DR/17433884/FARHAN KHAN/KKBK0283526/farhan168@paytm,TXN0275384,850.00,,5889529.50
16/03/2024,NEFT/703290878117/PRIYA NAIR/KKBK0283526/25668610152743,TXN0275385,1250.00,,5888279.50
16/03/2024,UPI/CR/5111038223/DEEPA NAIR/KKBK0283526/deepa399@paytm,TXN0275386,,18500.00,5906779.50
16/03/2024,NEFT/08101118/SUSHMA RAO/KKBK0283526/80346780408594,TXN0275387,310.00,,5906469.50
17/03/2024,UPI/DR/23463818/ANAND KUMAR/KKBK0283526/anand758@oksbi,TXN0275388,2380.00,,5904089.50
17/03/2024,UPI/DR/610817230588/REKHA PILLAI/KKBK0283526/rekha354@paytm,TXN0275389,120.00,,5903969.50
18/03/2024,UPI/DR/7987294388/SUSHMA RAO/KKBK0283526/sushma273@okaxis,TXN0275390,3499.00,,5900470.50
19/03/2024,CASH DEPOSIT/BRANCH COUNTER/PUNE CAMP,TXN0275391,,24000.00,5924470.50
19/03/2024,ATM/WDL/774716441213/SBI ATM JAYANAGAR BLR,TXN0275392,1680.00,,5922790.50
19/03/2024,IMPS/P2P/044331357099/USHA RANI/8736227218,TXN0275393,,2500.00,5925290.50
19/03/2024,NEFT/915345122350/MOHAN DAS/KKBK0283526/69598508322536,TXN0275394,,1200.00,5926490.50
20/03/2024,ATM/WDL/1523424918/HDFC ATM KORAMANGALA,TXN0275395,7800.00,,5918690.50
20/03/2024,ATM/WDL/8317966228/HDFC ATM KORAMANGALA,TXN0275396,249.00,,5918441.50
20/03/2024,CASH DEPOSIT/BRANCH COUNTER/PUNE CAMP,TXN0275397,,11200.00,5929641.50
21/03/2024,NEFT/58209477/SNEHA PATIL/KKBK0283526/80471860197792,TXN0275398,,18500.00,5948141.50
21/03/2024,UPI/DR/4683029027/KAVERI MENON/KKBK0283526/kaveri143@ybl,TXN0275399,850.00,,5947291.50
21/03/2024,CASH DEPOSIT/BRANCH COUNTER/PUNE CAMP,TXN0275400,,500.00,5947791.50
21/03/2024,UPI/CR/22316383/MOHAMMED IRFAN/KKBK0283526/mohammed709@ybl,TXN0275401,,7600.00,5955391.50
21/03/2024,UPI/DR/33089886/RESHMA KHAN/KKBK0283526/reshma593@okaxis,TXN0275402,850.00,,5954541.50
21/03/2024,UPI/DR/73065379/RAHUL SINGH/KKBK0283526/rahul58@paytm,TXN0275403,1250.00,,5953291.50
22/03/2024,UPI/DR/3988722305/SNEHA PATIL/KKBK0283526/sneha511@paytm,TXN0275404,79.00,,5953212.50
22/03/2024,UPI/DR/151697927963/SHAHID KHAN/KKBK0283526/shahid603@paytm,TXN0275405,449.00,,5952763.50
23/03/2024,NEFT/8256453221/MEERA PILLAI/KKBK0283526/50297462927865,TXN0275406,2380.00,,5950383.50
24/03/2024,CASH DEPOSIT/BRANCH COUNTER/PUNE CAMP,TXN0275407,,18500.00,5968883.50
24/03/2024,IMPS/P2P/503469315049/NAVEEN KUMAR/7448220340,TXN0275408,,2500.00,5971383.50
24/03/2024,ATM/WDL/1708921355/CANARA ATM MYSURU,TXN0275409,2380.00,,5969003.50
24/03/2024,CASH DEPOSIT/BRANCH COUNTER/PUNE CAMP,TXN0275410,,850.00,5969853.50
25/03/2024,IMPS/P2P/2404452338/LATHA MURTHY/9903513914,TXN0275411,,32000.00,6001853.50
26/03/2024,ATM/WDL/005338192888/SBI ATM JAYANAGAR BLR,TXN0275412,699.00,,6001154.50
26/03/2024,ATM/WDL/421559917207/CANARA ATM MYSURU,TXN0275413,850.00,,6000304.50
26/03/2024,CASH DEPOSIT/BRANCH COUNTER/PUNE CAMP,TXN0275414,,11200.00,6011504.50
26/03/2024,UPI/DR/036216493032/GEETA DEVI/KKBK0283526/geeta597@ybl,TXN0275415,2380.00,,6009124.50
26/03/2024,ATM/WDL/601344716266/CANARA ATM MYSURU,TXN0275416,1680.00,,6007444.50
27/03/2024,IMPS/P2P/0970824224/TARA SINGH/7984866806,TXN0275417,,4800.00,6012244.50
27/03/2024,IMPS/P2P/7589766194/POOJA SHARMA/7792819549,TXN0275418,,11200.00,6023444.50
27/03/2024,ATM/WDL/05975102/SBI ATM JAYANAGAR BLR,TXN0275419,120.00,,6023324.50
28/03/2024,ATM/WDL/5241321393/HDFC ATM KORAMANGALA,TXN0275420,7800.00,,6015524.50
29/03/2024,UPI/DR/949456878978/SANTOSH KUMAR/KKBK0283526/santosh775@okhdfc,TXN0275421,249.00,,6015275.50
30/03/2024,UPI/DR/95388592/DIVYA MENON/KKBK0283526/divya416@oksbi,TXN0275422,310.00,,6014965.50
30/03/2024,NEFT/97203478/IMRAN KHAN/KKBK0283526/16600158697156,TXN0275423,,1200.00,6016165.50
31/03/2024,UPI/DR/170694746768/KAVYA REDDY/KKBK0283526/kavya422@okhdfc,TXN0275424,5200.00,,6010965.50
31/03/2024,UPI/DR/4537783925/AYESHA KHAN/KKBK0283526/ayesha623@ybl,TXN0275425,449.00,,6010516.50
01/04/2024,IMPS/P2P/7092893649/KARTHIK MENON/7326135627,TXN0275426,,32000.00,6042516.50
01/04/2024,ATM/WDL/97536018/HDFC ATM KORAMANGALA,TXN0275427,49.00,,6042467.50
01/04/2024,IMPS/P2P/1942086288/FATIMA SHEIKH/8004651928,TXN0275428,,18500.00,6060967.50
01/04/2024,UPI/DR/8618945018/AYESHA KHAN/KKBK0283526/ayesha947@okaxis,TXN0275429,120.00,,6060847.50
01/04/2024,ATM/WDL/47184608/SBI ATM JAYANAGAR BLR,TXN0275430,3499.00,,6057348.50
01/04/2024,NEFT/12310185/AYESHA KHAN/KKBK0283526/72031273658405,TXN0275431,,500.00,6057848.50
02/04/2024,NEFT/62852563/SURESH NAIR/KKBK0283526/18104724528210,TXN0275432,,1200.00,6059048.50
02/04/2024,CASH DEPOSIT/BRANCH COUNTER/PUNE CAMP,TXN0275433,,850.00,6059898.50
03/04/2024,NEFT/30577732/KAVERI MENON/KKBK0283526/96869173843401,TXN0275434,1680.00,,6058218.50
03/04/2024,UPI/DR/9935314922/MEENA IYER/KKBK0283526/meena999@okaxis,TXN0275435,449.00,,6057769.50
03/04/2024,UPI/DR/0681425094/PRAKASH RAO/KKBK0283526/prakash917@paytm,TXN0275436,1680.00,,6056089.50
03/04/2024,CHQ NO 703675 CLEARING,TXN0275437,79.00,,6056010.50
04/04/2024,IMPS/P2P/97149172/RAJENDRA PRASAD/7650175989,TXN0275438,,32000.00,6088010.50
04/04/2024,NEFT/839167216762/GEETA DEVI/KKBK0283526/57113342314136,TXN0275439,999.00,,6087011.50
04/04/2024,UPI/DR/410271168574/NILESH KULKARNI/KKBK0283526/nilesh235@ybl,TXN0275440,1680.00,,6085331.50
05/04/2024,UPI/DR/1365176650/BABU LAL/KKBK0283526/babu27@oksbi,TXN0275441,850.00,,6084481.50
05/04/2024,UPI/DR/553815973923/ANITHA KRISHNAN/KKBK0283526/anitha384@ybl,TXN0275442,850.00,,6083631.50
06/04/2024,CHQ NO 170730 CLEARING,TXN0275443,2380.00,,6081251.50
06/04/2024,UPI/DR/145867493106/SHAHID KHAN/KKBK0283526/shahid380@paytm,TXN0275444,449.00,,6080802.50
06/04/2024,NEFT/6964187543/HARISH MENON/KKBK0283526/86754927734886,TXN0275445,249.00,,6080553.50
07/04/2024,ATM/WDL/04170607/SBI ATM JAYANAGAR BLR,TXN0275446,999.00,,6079554.50
07/04/2024,ATM/WDL/6960572882/HDFC ATM KORAMANGALA,TXN0275447,310.00,,6079244.50
07/04/2024,ATM/WDL/395284398542/CANARA ATM MYSURU,TXN0275448,79.00,,6079165.50
08/04/2024,ATM/WDL/4049870654/SBI ATM JAYANAGAR BLR,TXN0275449,699.00,,6078466.50
08/04/2024,UPI/DR/343223766484/POOJA SHARMA/KKBK0283526/pooja895@ybl,TXN0275450,79.00,,6078387.50
08/04/2024,CASH DEPOSIT/BRANCH COUNTER/PUNE CAMP,TXN0275451,,850.00,6079237.50
08/04/2024,NEFT/9651282244/KIRAN REDDY/KKBK0283526/86965581553705,TXN0275452,,18500.00,6097737.50
09/04/2024,UPI/DR/038328048965/LAKSHMI VENKAT/KKBK0283526/lakshmi336@okhdfc,TXN0275453,49.00,,6097688.50
09/04/2024,CHQ NO 685521 CLEARING,TXN0275454,1680.00,,6096008.50
09/04/2024,UPI/DR/0830843360/RAJENDRA PRASAD/KKBK0283526/rajendra522@okaxis,TXN0275455,699.00,,6095309.50
09/04/2024,UPI/CR/324451393840/KAVITHA RAO/KKBK0283526/kavitha457@ybl,TXN0275456,,7600.00,6102909.50
09/04/2024,UPI/DR/9462745056/RAMESH GOWDA/KKBK0283526/ramesh306@okaxis,TXN0275457,120.00,,6102789.50
10/04/2024,UPI/DR/0146673541/ARJUN MEHTA/KKBK0283526/arjun377@okaxis,TXN0275458,999.00,,6101790.50
10/04/2024,UPI/DR/299864246009/PRIYA NAIR/KKBK0283526/priya983@oksbi,TXN0275459,449.00,,6101341.50
10/04/2024,CASH DEPOSIT/BRANCH COUNTER/PUNE CAMP,TXN0275460,,18500.00,6119841.50
11/04/2024,IMPS/P2P/81081680/MEENA IYER/8704280260,TXN0275461,,4800.00,6124641.50
12/04/2024,UPI/DR/506586045619/ANITHA KRISHNAN/KKBK0283526/anitha276@ybl,TXN0275462,1680.00,,6122961.50
12/04/2024,CHQ NO 002003 CLEARING,TXN0275463,249.00,,6122712.50
13/04/2024,ATM/WDL/33418991/CANARA ATM MYSURU,TXN0275464,1250.00,,6121462.50
13/04/2024,IMPS/P2P/24076400/KAVERI MENON/7640525854,TXN0275465,,32000.00,6153462.50
13/04/2024,UPI/DR/2558426457/CHANDAN SHARMA/KKBK0283526/chandan270@okhdfc,TXN0275466,699.00,,6152763.50
14/04/2024,NEFT/12114679/ARCHANA PILLAI/KKBK0283526/37613137265485,TXN0275467,,1200.00,6153963.50
14/04/2024,CASH DEPOSIT/BRANCH COUNTER/PUNE CAMP,TXN0275468,,4800.00,6158763.50
14/04/2024,NEFT/66832933/BINDHU NAIR/KKBK0283526/55566691711579,TXN0275469,850.00,,6157913.50
14/04/2024,UPI/DR/3025428057/SANJANA HEGDE/KKBK0283526/sanjana453@okhdfc,TXN0275470,5200.00,,6152713.50
15/04/2024,ATM/WDL/981136364868/HDFC ATM KORAMANGALA,TXN0275471,699.00,,6152014.50
15/04/2024,IMPS/P2P/60768925/MOHAN DAS/9409817144,TXN0275472,,7600.00,6159614.50
16/04/2024,NEFT/235917440825/ANITHA KRISHNAN/KKBK0283526/31141933643343,TXN0275473,310.00,,6159304.50
16/04/2024,NEFT/8889351046/DEEPAK JOSHI/KKBK0283526/31683477622795,TXN0275474,1250.00,,6158054.50
16/04/2024,UPI/CR/36328352/GANESH KUMAR/KKBK0283526/ganesh256@okhdfc,TXN0275475,,500.00,6158554.50
17/04/2024,UPI/DR/07030381/NAVEEN KUMAR/KKBK0283526/naveen650@okhdfc,TXN0275476,699.00,,6157855.50
17/04/2024,CASH DEPOSIT/BRANCH COUNTER/PUNE CAMP,TXN0275477,,32000.00,6189855.50
17/04/2024,UPI/CR/8683028830/SMITHA PILLAI/KKBK0283526/smitha353@okaxis,TXN0275478,,500.00,6190355.50
17/04/2024,UPI/DR/8102238154/LATHA MURTHY/KKBK0283526/latha825@okhdfc,TXN0275479,49.00,,6190306.50
17/04/2024,IMPS/P2P/867833620255/RAHUL SINGH/9733846495,TXN0275480,,1200.00,6191506.50
18/04/2024,ATM/WDL/4316920522/CANARA ATM MYSURU,TXN0275481,2380.00,,6189126.50
18/04/2024,UPI/DR/17658253/AYESHA KHAN/KKBK0283526/ayesha895@okhdfc,TXN0275482,999.00,,6188127.50
18/04/2024,ATM/WDL/6292874909/CANARA ATM MYSURU,TXN0275483,79.00,,6188048.50
18/04/2024,IMPS/P2P/45753258/SANTOSH KUMAR/7100153008,TXN0275484,,7600.00,6195648.50
18/04/2024,NEFT/328084224253/ARCHANA PILLAI/KKBK0283526/88026908049926,TXN0275485,449.00,,6195199.50
19/04/2024,UPI/DR/4002500061/ANAND KUMAR/KKBK0283526/anand221@okaxis,TXN0275486,850.00,,6194349.50
19/04/2024,NEFT/52869423/PRIYA NAIR/KKBK0283526/80031685974887,TXN0275487,,1200.00,6195549.50
19/04/2024,UPI/DR/73486807/RANJIT SINGH/KKBK0283526/ranjit274@oksbi,TXN0275488,120.00,,6195429.50
20/04/2024,UPI/DR/40494768/DIVYA MENON/KKBK0283526/divya239@okhdfc,TXN0275489,49.00,,6195380.50
20/04/2024,UPI/DR/750424593593/NIKHIL GUPTA/KKBK0283526/nikhil194@oksbi,TXN0275490,3499.00,,6191881.50
20/04/2024,CHQ NO 084436 CLEARING,TXN0275491,699.00,,6191182.50
21/04/2024,NEFT/89347713/SNEHA PATIL/KKBK0283526/22050697242208,TXN0275492,,2500.00,6193682.50
22/04/2024,UPI/DR/988188660794/KAVYA REDDY/KKBK0283526/kavya673@oksbi,TXN0275493,3499.00,,6190183.50
22/04/2024,NEFT/8858472063/PRAKASH RAO/KKBK0283526/28923277684449,TXN0275494,120.00,,6190063.50
22/04/2024,UPI/DR/84406946/SURESH BABU/KKBK0283526/suresh501@okhdfc,TXN0275495,449.00,,6189614.50
22/04/2024,UPI/DR/8340348037/SUNITA DEVI/KKBK0283526/sunita606@okaxis,TXN0275496,7800.00,,6181814.50
23/04/2024,IMPS/P2P/32002815/SHEELA DEVI/8182063847,TXN0275497,,24000.00,6205814.50
23/04/2024,UPI/CR/403863883163/RANJIT SINGH/KKBK0283526/ranjit797@oksbi,TXN0275498,,850.00,6206664.50
23/04/2024,CHQ NO 384605 CLEARING,TXN0275499,79.00,,6206585.50
23/04/2024,NEFT/68678189/KAVERI MENON/KKBK0283526/36216998542394,TXN0275500,79.00,,6206506.50
24/04/2024,NEFT/37858408/SANJANA HEGDE/KKBK0283526/67946037432283,TXN0275501,1250.00,,6205256.50
24/04/2024,UPI/DR/93504100/SHAHID KHAN/KKBK0283526/shahid456@okaxis,TXN0275502,699.00,,6204557.50
25/04/2024,IMPS/P2P/3527820207/DIVYA MENON/8920759596,TXN0275503,,850.00,6205407.50
25/04/2024,UPI/CR/644359297441/MOHAN DAS/KKBK0283526/mohan588@ybl,TXN0275504,,11200.00,6216607.50
25/04/2024,NEFT/528629585479/ADITYA KUMAR/KKBK0283526/51441802520507,TXN0275505,,18500.00,6235107.50
25/04/2024,NEFT/4820540095/MEENA IYER/KKBK0283526/04259708242573,TXN0275506,,4800.00,6239907.50
26/04/2024,CASH DEPOSIT/BRANCH COUNTER/PUNE CAMP,TXN0275507,,7600.00,6247507.50
27/04/2024,NEFT/97226714/ARCHANA PILLAI/KKBK0283526/03213409637421,TXN0275508,,11200.00,6258707.50
27/04/2024,UPI/DR/51112011/BINDHU NAIR/KKBK0283526/bindhu264@okaxis,TXN0275509,999.00,,6257708.50
28/04/2024,NEFT/24493433/NAVEEN KUMAR/KKBK0283526/18393456289400,TXN0275510,49.00,,6257659.50
28/04/2024,UPI/CR/203349927097/MOHAMMED IRFAN/KKBK0283526/mohammed813@okaxis,TXN0275511,,500.00,6258159.50
29/04/2024,UPI/DR/66690066/SURESH BABU/KKBK0283526/suresh417@okaxis,TXN0275512,699.00,,6257460.50
30/04/2024,NEFT/623071907396/GEETA DEVI/KKBK0283526/01477367742130,TXN0275513,449.00,,6257011.50
30/04/2024,UPI/CR/913717658610/MOHAN DAS/KKBK0283526/mohan280@paytm,TXN0275514,,24000.00,6281011.50
30/04/2024,CHQ NO 237411 CLEARING,TXN0275515,1250.00,,6279761.50
30/04/2024,UPI/DR/87968257/NIKHIL GUPTA/KKBK0283526/nikhil311@okaxis,TXN0275516,310.00,,6279451.50
30/04/2024,NEFT/24422617/NILESH KULKARNI/KKBK0283526/81725298747652,TXN0275517,,2500.00,6281951.50
30/04/2024,UPI/DR/66022716/ROHIT SHARMA/KKBK0283526/rohit545@oksbi,TXN0275518,850.00,,6281101.50
01/05/2024,UPI/DR/008959287169/SAVITHA DEVI/KKBK0283526/savitha453@paytm,TXN0275519,249.00,,6280852.50
01/05/2024,UPI/CR/385456540670/MALLIKA DAS/KKBK0283526/mallika101@paytm,TXN0275520,,850.00,6281702.50
01/05/2024,UPI/DR/6586036070/SHEELA DEVI/KKBK0283526/sheela518@paytm,TXN0275521,850.00,,6280852.50
02/05/2024,IMPS/P2P/71699247/RAMESH GOWDA/8081083010,TXN0275522,,11200.00,6292052.50
02/05/2024,NEFT/788575515048/KAVERI MENON/KKBK0283526/63131476876508,TXN0275523,,850.00,6292902.50
02/05/2024,NEFT/37374840/NIKHIL GUPTA/KKBK0283526/47390293642921,TXN0275524,49.00,,6292853.50
04/05/2024,IMPS/P2P/7383024108/ARUN SHARMA/7880305397,TXN0275525,,850.00,6293703.50
04/05/2024,CHQ NO 738351 CLEARING,TXN0275526,1680.00,,6292023.50
05/05/2024,NEFT/510078770323/DEEPAK JOSHI/KKBK0283526/61387975540528,TXN0275527,,500.00,6292523.50
05/05/2024,UPI/DR/47725536/SMITHA PILLAI/KKBK0283526/smitha102@okaxis,TXN0275528,249.00,,6292274.50
06/05/2024,ATM/WDL/65813171/SBI ATM JAYANAGAR BLR,TXN0275529,79.00,,6292195.50
06/05/2024,IMPS/P2P/324198559874/IMRAN KHAN/8056051687,TXN0275530,,850.00,6293045.50
06/05/2024,CHQ NO 273405 CLEARING,TXN0275531,3499.00,,6289546.50
06/05/2024,CASH DEPOSIT/BRANCH COUNTER/PUNE CAMP,TXN0275532,,7600.00,6297146.50
07/05/2024,UPI/DR/9714365195/BABU LAL/KKBK0283526/babu398@paytm,TXN0275533,49.00,,6297097.50
07/05/2024,UPI/DR/85923148/SURESH NAIR/KKBK0283526/suresh160@ybl,TXN0275534,1680.00,,6295417.50
07/05/2024,CASH DEPOSIT/BRANCH COUNTER/PUNE CAMP,TXN0275535,,32000.00,6327417.50
08/05/2024,UPI/CR/21632039/LAKSHMI VENKAT/KKBK0283526/lakshmi875@oksbi,TXN0275536,,1200.00,6328617.50
08/05/2024,CHQ NO 572553 CLEARING,TXN0275537,850.00,,6327767.50
09/05/2024,UPI/CR/56107800/KAVERI MENON/KKBK0283526/kaveri605@okaxis,TXN0275538,,11200.00,6338967.50
09/05/2024,IMPS/P2P/95625106/DEEPAK JOSHI/8317962316,TXN0275539,,18500.00,6357467.50
09/05/2024,UPI/DR/11991348/SUNIL YADAV/KKBK0283526/sunil880@okhdfc,TXN0275540,249.00,,6357218.50
09/05/2024,UPI/DR/918979371399/FAILED/TimeOut/Nadia Hussain,TXN0275541,5000.00,,6357218.50
09/05/2024,UPI/DR/21467818/ARCHANA PILLAI/KKBK0283526/archana357@ybl,TXN0275542,7800.00,,6349418.50
09/05/2024,NEFT/717468185403/ARJUN MEHTA/KKBK0283526/14660670296302,TXN0275543,2380.00,,6347038.50
09/05/2024,NEFT/05837557/SANTOSH KUMAR/KKBK0283526/85608886002826,TXN0275544,3499.00,,6343539.50
10/05/2024,CHQ NO 317155 CLEARING,TXN0275545,7800.00,,6335739.50
10/05/2024,UPI/CR/375541162803/GEETA DEVI/KKBK0283526/geeta539@paytm,TXN0275546,,2500.00,6338239.50
10/05/2024,NEFT/6096805488/RAMESH PILLAI/KKBK0283526/22137059861555,TXN0275547,5200.00,,6333039.50
10/05/2024,NEFT/106376478167/REKHA PILLAI/KKBK0283526/02507804086089,TXN0275548,49.00,,6332990.50
10/05/2024,UPI/DR/021548031983/NADIA HUSSAIN/KKBK0283526/nadia306@ybl,TXN0275549,1680.00,,6331310.50
11/05/2024,ATM/WDL/993279677799/HDFC ATM KORAMANGALA,TXN0275550,249.00,,6331061.50
11/05/2024,NEFT/185355614338/RANJIT SINGH/KKBK0283526/81997250265682,TXN0275551,699.00,,6330362.50
11/05/2024,UPI/DR/283431485864/VENKAT RAO/KKBK0283526/venkat814@okaxis,TXN0275552,49.00,,6330313.50
11/05/2024,IMPS/P2P/8263025251/FARHAN KHAN/7834292808,TXN0275553,,11200.00,6341513.50
11/05/2024,ATM/WDL/5284326063/SBI ATM JAYANAGAR BLR,TXN0275554,3499.00,,6338014.50
11/05/2024,UPI/DR/29973179/ANAND KUMAR/KKBK0283526/anand29@ybl,TXN0275555,79.00,,6337935.50
11/05/2024,UPI/DR/304098127110/KARTHIK MENON/KKBK0283526/karthik826@okaxis,TXN0275556,1250.00,,6336685.50
11/05/2024,UPI/DR/9146142897/KAVYA REDDY/KKBK0283526/kavya119@okhdfc,TXN0275557,120.00,,6336565.50
11/05/2024,UPI/DR/233839182996/ANITHA KRISHNAN/KKBK0283526/anitha530@okaxis,TXN0275558,3499.00,,6333066.50
12/05/2024,NEFT/25682642/GOPAL VERMA/KKBK0283526/97965299270875,TXN0275559,,11200.00,6344266.50
12/05/2024,ATM/WDL/5205588310/HDFC ATM KORAMANGALA,TXN0275560,3499.00,,6340767.50
12/05/2024,IMPS/P2P/37209669/AYESHA KHAN/7074738533,TXN0275561,,18500.00,6359267.50
12/05/2024,UPI/DR/8548556831/LAKSHMI VENKAT/KKBK0283526/lakshmi947@okhdfc,TXN0275562,449.00,,6358818.50
13/05/2024,UPI/DR/49154894/VINAY PATIL/KKBK0283526/vinay689@okaxis,TXN0275563,449.00,,6358369.50
13/05/2024,NEFT/7912730794/KAVERI MENON/KKBK0283526/52381430957470,TXN0275564,3499.00,,6354870.50
13/05/2024,ATM/WDL/72513104/HDFC ATM KORAMANGALA,TXN0275565,2380.00,,6352490.50
14/05/2024,CHQ NO 146787 CLEARING,TXN0275566,3499.00,,6348991.50
14/05/2024,UPI/CR/2315719904/RAJENDRA PRASAD/KKBK0283526/rajendra527@okaxis,TXN0275567,,32000.00,6380991.50
14/05/2024,NEFT/3157031306/LALITHA DEVI/KKBK0283526/25626015086012,TXN0275568,,500.00,6381491.50
14/05/2024,NEFT/55593564/SMITHA PILLAI/KKBK0283526/58740475982902,TXN0275569,,11200.00,6392691.50
15/05/2024,CASH DEPOSIT/BRANCH COUNTER/PUNE CAMP,TXN0275570,,18500.00,6411191.50
15/05/2024,NEFT/53649796/MALLIKA DAS/KKBK0283526/48905207533603,TXN0275571,,11200.00,6422391.50
15/05/2024,UPI/DR/783637503046/SAVITHA DEVI/KKBK0283526/savitha692@oksbi,TXN0275572,49.00,,6422342.50
16/05/2024,UPI/DR/784836201960/LATHA MURTHY/KKBK0283526/latha818@paytm,TXN0275573,49.00,,6422293.50
16/05/2024,UPI/DR/4421810871/GEETA DEVI/KKBK0283526/geeta74@okhdfc,TXN0275574,449.00,,6421844.50
16/05/2024,IMPS/P2P/94756554/RAVI KUMAR SHARMA/8618942591,TXN0275575,,4800.00,6426644.50
17/05/2024,CASH DEPOSIT/BRANCH COUNTER/PUNE CAMP,TXN0275576,,18500.00,6445144.50
17/05/2024,UPI/DR/82683070/FATIMA SHEIKH/KKBK0283526/fatima866@oksbi,TXN0275577,49.00,,6445095.50
18/05/2024,UPI/DR/06064857/RAJESH VERMA/KKBK0283526/rajesh623@okhdfc,TXN0275578,1250.00,,6443845.50
18/05/2024,UPI/CR/6713671094/NAVEEN KUMAR/KKBK0283526/naveen848@okhdfc,TXN0275579,,11200.00,6455045.50
18/05/2024,UPI/CR/1971051110/GEETA DEVI/KKBK0283526/geeta730@paytm,TXN0275580,,2500.00,6457545.50
18/05/2024,ATM/WDL/9600724565/CANARA ATM MYSURU,TXN0275581,49.00,,6457496.50
19/05/2024,NEFT/2654451671/SUNITA DEVI/KKBK0283526/10057956265980,TXN0275582,,24000.00,6481496.50
19/05/2024,UPI/DR/2305607292/GEETA DEVI/KKBK0283526/geeta640@ybl,TXN0275583,2380.00,,6479116.50
19/05/2024,ATM/WDL/28972147/SBI ATM JAYANAGAR BLR,TXN0275584,79.00,,6479037.50
19/05/2024,UPI/CR/2631021513/SANTOSH KUMAR/KKBK0283526/santosh826@okhdfc,TXN0275585,,1200.00,6480237.50
19/05/2024,UPI/DR/934324491396/GOPAL VERMA/KKBK0283526/gopal382@okhdfc,TXN0275586,2380.00,,6477857.50
20/05/2024,UPI/DR/5691355289/SMITHA PILLAI/KKBK0283526/smitha402@paytm,TXN0275587,999.00,,6476858.50
20/05/2024,IMPS/P2P/52758222/MOHAMMED IRFAN/9131920893,TXN0275588,,1200.00,6478058.50
20/05/2024,CASH DEPOSIT/BRANCH COUNTER/PUNE CAMP,TXN0275589,,18500.00,6496558.50
21/05/2024,CHQ NO 727714 CLEARING,TXN0275590,2380.00,,6494178.50
22/05/2024,IMPS/P2P/98133508/MEERA PILLAI/8817703911,TXN0275591,,32000.00,6526178.50
22/05/2024,IMPS/P2P/35144723/SURESH BABU/8932881780,TXN0275592,,18500.00,6544678.50
22/05/2024,IMPS/P2P/69942071/RAHUL SINGH/9378187125,TXN0275593,,7600.00,6552278.50
22/05/2024,UPI/DR/05418358/GEETA DEVI/KKBK0283526/geeta476@oksbi,TXN0275594,1680.00,,6550598.50
22/05/2024,NEFT/997994988217/NILESH KULKARNI/KKBK0283526/82916310082898,TXN0275595,,24000.00,6574598.50
23/05/2024,NEFT/0520556451/MALLIKA DAS/KKBK0283526/75648684457507,TXN0275596,1680.00,,6572918.50
24/05/2024,CASH DEPOSIT/BRANCH COUNTER/PUNE CAMP,TXN0275597,,500.00,6573418.50
24/05/2024,CASH DEPOSIT/BRANCH COUNTER/PUNE CAMP,TXN0275598,,850.00,6574268.50
24/05/2024,IMPS/P2P/7647454343/VIKRAM NAIR/7238448708,TXN0275599,,24000.00,6598268.50
24/05/2024,NEFT/412173813339/REKHA PILLAI/KKBK0283526/75890285330526,TXN0275600,,850.00,6599118.50
25/05/2024,ATM/WDL/0378096861/SBI ATM JAYANAGAR BLR,TXN0275601,49.00,,6599069.50
25/05/2024,UPI/DR/220936347744/BABU LAL/KKBK0283526/babu506@oksbi,TXN0275602,3499.00,,6595570.50
25/05/2024,IMPS/P2P/0519236693/RAMESH PILLAI/8163200649,TXN0275603,,850.00,6596420.50
25/05/2024,UPI/DR/58531819/HARISH MENON/KKBK0283526/harish671@paytm,TXN0275604,449.00,,6595971.50
26/05/2024,IMPS/P2P/90926651/SANTOSH KUMAR/8170890212,TXN0275605,,2500.00,6598471.50
26/05/2024,UPI/CR/508863257130/VENKAT RAO/KKBK0283526/venkat588@paytm,TXN0275606,,32000.00,6630471.50
27/05/2024,UPI/DR/0337115817/TARA SINGH/KKBK0283526/tara842@oksbi,TXN0275607,120.00,,6630351.50
27/05/2024,ATM/WDL/901656872557/HDFC ATM KORAMANGALA,TXN0275608,1250.00,,6629101.50
27/05/2024,NEFT/42063308/VENKAT RAO/KKBK0283526/39010952768804,TXN0275609,120.00,,6628981.50
27/05/2024,IMPS/P2P/971984609982/SNEHA PATIL/8613474613,TXN0275610,,2500.00,6631481.50
27/05/2024,NEFT/079170607241/NADIA HUSSAIN/KKBK0283526/49954439072627,TXN0275611,120.00,,6631361.50
27/05/2024,CHQ NO 715995 CLEARING,TXN0275612,850.00,,6630511.50
28/05/2024,CASH DEPOSIT/BRANCH COUNTER/PUNE CAMP,TXN0275613,,2500.00,6633011.50
28/05/2024,UPI/CR/161426465576/GEETA DEVI/KKBK0283526/geeta108@paytm,TXN0275614,,11200.00,6644211.50
29/05/2024,CASH DEPOSIT/BRANCH COUNTER/PUNE CAMP,TXN0275615,,11200.00,6655411.50
29/05/2024,ATM/WDL/7982342908/CANARA ATM MYSURU,TXN0275616,3499.00,,6651912.50
29/05/2024,UPI/DR/13258196/ARJUN MEHTA/KKBK0283526/arjun774@paytm,TXN0275617,79.00,,6651833.50
30/05/2024,NEFT/0921034298/IMRAN KHAN/KKBK0283526/00707850256876,TXN0275618,49.00,,6651784.50
30/05/2024,UPI/DR/4597546411/TANVI RAO/KKBK0283526/tanvi52@okaxis,TXN0275619,2380.00,,6649404.50
30/05/2024,NEFT/8998250112/FATIMA SHEIKH/KKBK0283526/78042971278475,TXN0275620,,4800.00,6654204.50
31/05/2024,IMPS/P2P/3138295973/SURESH BABU/9854292817,TXN0275621,,24000.00,6678204.50
31/05/2024,NEFT/0074894589/FARHAN KHAN/KKBK0283526/25991289342607,TXN0275622,,18500.00,6696704.50
31/05/2024,ATM/WDL/591102154703/SBI ATM JAYANAGAR BLR,TXN0275623,2380.00,,6694324.50
01/06/2024,IMPS/P2P/55255875/HARISH MENON/9769960885,TXN0275624,,1200.00,6695524.50
03/06/2024,NEFT/74991517/TARA SINGH/KKBK0283526/04419186557280,TXN0275625,,18500.00,6714024.50
03/06/2024,UPI/DR/524313626780/RANJIT SINGH/KKBK0283526/ranjit579@paytm,TXN0275626,2380.00,,6711644.50
03/06/2024,CHQ NO 542438 CLEARING,TXN0275627,3499.00,,6708145.50
03/06/2024,IMPS/P2P/964874327462/ADITYA KUMAR/7719599334,TXN0275628,,850.00,6708995.50
03/06/2024,ATM/WDL/5618735077/SBI ATM JAYANAGAR BLR,TXN0275629,7800.00,,6701195.50
03/06/2024,UPI/CR/932873407558/NILESH KULKARNI/KKBK0283526/nilesh789@paytm,TXN0275630,,32000.00,6733195.50
04/06/2024,ATM/WDL/06420682/SBI ATM JAYANAGAR BLR,TXN0275631,310.00,,6732885.50
04/06/2024,IMPS/P2P/04221552/VENKAT RAO/7859675799,TXN0275632,,500.00,6733385.50
04/06/2024,UPI/DR/48865828/KARTHIK MENON/KKBK0283526/karthik480@okhdfc,TXN0275633,120.00,,6733265.50
05/06/2024,UPI/DR/23407017/MOHAMMED IRFAN/KKBK0283526/mohammed206@oksbi,TXN0275634,1250.00,,6732015.50
05/06/2024,UPI/DR/2394126669/RAMESH GOWDA/KKBK0283526/ramesh244@okaxis,TXN0275635,249.00,,6731766.50
05/06/2024,UPI/DR/9098920772/ARUN SHARMA/KKBK0283526/arun982@paytm,TXN0275636,999.00,,6730767.50
05/06/2024,ATM/WDL/1985028083/CANARA ATM MYSURU,TXN0275637,310.00,,6730457.50
05/06/2024,UPI/CR/290406735017/USHA RANI/KKBK0283526/usha493@okaxis,TXN0275638,,1200.00,6731657.50
06/06/2024,UPI/CR/493458254077/SNEHA PATIL/KKBK0283526/sneha722@oksbi,TXN0275639,,2500.00,6734157.50
06/06/2024,ATM/WDL/42928530/CANARA ATM MYSURU,TXN0275640,699.00,,6733458.50
06/06/2024,UPI/DR/9350819006/NADIA HUSSAIN/KKBK0283526/nadia585@okhdfc,TXN0275641,79.00,,6733379.50
06/06/2024,UPI/DR/97745962/VINAY PATIL/KKBK0283526/vinay560@okhdfc,TXN0275642,699.00,,6732680.50
07/06/2024,UPI/DR/6467428639/MEERA PILLAI/KKBK0283526/meera591@oksbi,TXN0275643,7800.00,,6724880.50
07/06/2024,UPI/DR/50910165/KAVERI MENON/KKBK0283526/kaveri23@okaxis,TXN0275644,2380.00,,6722500.50
07/06/2024,UPI/DR/0362444554/CHANDAN SHARMA/KKBK0283526/chandan934@okaxis,TXN0275645,2380.00,,6720120.50
07/06/2024,UPI/CR/192727314244/POOJA SHARMA/KKBK0283526/pooja611@oksbi,TXN0275646,,7600.00,6727720.50
07/06/2024,CASH DEPOSIT/BRANCH COUNTER/PUNE CAMP,TXN0275647,,24000.00,6751720.50
08/06/2024,IMPS/P2P/55681536/SHAHID KHAN/9552921950,TXN0275648,,1200.00,6752920.50
08/06/2024,NEFT/625127394682/VINAY PATIL/KKBK0283526/91223183751599,TXN0275649,120.00,,6752800.50
08/06/2024,CHQ NO 677647 CLEARING,TXN0275650,5200.00,,6747600.50
08/06/2024,NEFT/1917389800/REKHA PILLAI/KKBK0283526/23255414865368,TXN0275651,999.00,,6746601.50
08/06/2024,UPI/DR/20368242/KAVYA REDDY/KKBK0283526/kavya729@okhdfc,TXN0275652,1250.00,,6745351.50
09/06/2024,NEFT/60998295/FARHAN KHAN/KKBK0283526/27960830220669,TXN0275653,,2500.00,6747851.50
09/06/2024,UPI/CR/25852857/KAVYA REDDY/KKBK0283526/kavya661@oksbi,TXN0275654,,18500.00,6766351.50
09/06/2024,CASH DEPOSIT/BRANCH COUNTER/PUNE CAMP,TXN0275655,,2500.00,6768851.50
09/06/2024,UPI/CR/02829851/VENKAT RAO/KKBK0283526/venkat193@okhdfc,TXN0275656,,2500.00,6771351.50
09/06/2024,IMPS/P2P/4412319717/ANAND KUMAR/7372867367,TXN0275657,,18500.00,6789851.50
09/06/2024,CASH DEPOSIT/BRANCH COUNTER/PUNE CAMP,TXN0275658,,32000.00,6821851.50
09/06/2024,UPI/DR/356074829259/VINAY PATIL/KKBK0283526/vinay50@oksbi,TXN0275659,850.00,,6821001.50
10/06/2024,IMPS/P2P/0960204012/SUSHMA RAO/7501640981,TXN0275660,,11200.00,6832201.50
10/06/2024,ATM/WDL/06891141/HDFC ATM KORAMANGALA,TXN0275661,310.00,,6831891.50
11/06/2024,ATM/WDL/078858191102/SBI ATM JAYANAGAR BLR,TXN0275662,120.00,,6831771.50
11/06/2024,UPI/DR/8926001649/SUSHMA RAO/KKBK0283526/sushma770@paytm,TXN0275663,850.00,,6830921.50
11/06/2024,ATM/WDL/223427050610/HDFC ATM KORAMANGALA,TXN0275664,310.00,,6830611.50
11/06/2024,UPI/DR/25820553/DEEPA NAIR/KKBK0283526/deepa704@oksbi,TXN0275665,49.00,,6830562.50
12/06/2024,CASH DEPOSIT/BRANCH COUNTER/PUNE CAMP,TXN0275666,,4800.00,6835362.50
12/06/2024,UPI/CR/94862493/PRAKASH RAO/KKBK0283526/prakash158@oksbi,TXN0275667,,4800.00,6840162.50
12/06/2024,ATM/WDL/538537875264/HDFC ATM KORAMANGALA,TXN0275668,249.00,,6839913.50
12/06/2024,UPI/DR/3126012024/LAKSHMI VENKAT/KKBK0283526/lakshmi821@oksbi,TXN0275669,3499.00,,6836414.50
12/06/2024,NEFT/90710877/PRAKASH RAO/KKBK0283526/25730349063503,TXN0275670,,24000.00,6860414.50
13/06/2024,ATM/WDL/1371641241/CANARA ATM MYSURU,TXN0275671,2380.00,,6858034.50
13/06/2024,IMPS/P2P/7711480741/NAVEEN KUMAR/9758867914,TXN0275672,,4800.00,6862834.50
14/06/2024,UPI/CR/675765261258/LALITHA DEVI/KKBK0283526/lalitha36@okaxis,TXN0275673,,2500.00,6865334.50
14/06/2024,UPI/CR/02045038/VIKRAM NAIR/KKBK0283526/vikram612@ybl,TXN0275674,,2500.00,6867834.50
14/06/2024,UPI/DR/6797886888/ADITYA KUMAR/KKBK0283526/aditya607@okaxis,TXN0275675,49.00,,6867785.50
14/06/2024,NEFT/7831776309/RAJENDRA PRASAD/KKBK0283526/08628239405837,TXN0275676,1250.00,,6866535.50
14/06/2024,CHQ NO 736009 CLEARING,TXN0275677,850.00,,6865685.50
15/06/2024,UPI/DR/50271656/LALITHA DEVI/KKBK0283526/lalitha27@paytm,TXN0275678,120.00,,6865565.50
15/06/2024,IMPS/P2P/191229444499/RAJENDRA PRASAD/7636670363,TXN0275679,,4800.00,6870365.50
15/06/2024,NEFT/631699410535/USHA RANI/KKBK0283526/28942998693203,TXN0275680,2380.00,,6867985.50
16/06/2024,CASH DEPOSIT/BRANCH COUNTER/PUNE CAMP,TXN0275681,,7600.00,6875585.50
16/06/2024,UPI/DR/84037711/PRAKASH RAO/KKBK0283526/prakash140@okaxis,TXN0275682,999.00,,6874586.50
17/06/2024,UPI/CR/1614155183/RAMESH PILLAI/KKBK0283526/ramesh537@okhdfc,TXN0275683,,850.00,6875436.50
17/06/2024,CASH DEPOSIT/BRANCH COUNTER/PUNE CAMP,TXN0275684,,11200.00,6886636.50
17/06/2024,UPI/CR/79186538/VENKAT RAO/KKBK0283526/venkat468@oksbi,TXN0275685,,18500.00,6905136.50
17/06/2024,ATM/WDL/5832588665/HDFC ATM KORAMANGALA,TXN0275686,999.00,,6904137.50
17/06/2024,NEFT/8164911650/LALITHA DEVI/KKBK0283526/25413544135751,TXN0275687,,18500.00,6922637.50
18/06/2024,UPI/DR/45690140/SMITHA PILLAI/KKBK0283526/smitha238@paytm,TXN0275688,999.00,,6921638.50
18/06/2024,NEFT/57915252/PADMA RAO/KKBK0283526/58441882245815,TXN0275689,310.00,,6921328.50
18/06/2024,CHQ NO 192438 CLEARING,TXN0275690,120.00,,6921208.50
18/06/2024,IMPS/P2P/2227380201/SUNIL YADAV/8978698160,TXN0275691,,7600.00,6928808.50
18/06/2024,CASH DEPOSIT/BRANCH COUNTER/PUNE CAMP,TXN0275692,,32000.00,6960808.50
18/06/2024,IMPS/P2P/2672252345/SNEHA PATIL/7829674930,TXN0275693,,4800.00,6965608.50
18/06/2024,UPI/DR/10700535/RAJENDRA PRASAD/KKBK0283526/rajendra316@ybl,TXN0275694,699.00,,6964909.50
19/06/2024,ATM/WDL/7080104396/HDFC ATM KORAMANGALA,TXN0275695,449.00,,6964460.50
19/06/2024,NEFT/17672082/KAVITHA RAO/KKBK0283526/11848167569279,TXN0275696,,850.00,6965310.50
20/06/2024,UPI/DR/22309417/ROHIT SHARMA/KKBK0283526/rohit493@oksbi,TXN0275697,120.00,,6965190.50
20/06/2024,CASH DEPOSIT/BRANCH COUNTER/PUNE CAMP,TXN0275698,,850.00,6966040.50
20/06/2024,CHQ NO 125280 CLEARING,TXN0275699,850.00,,6965190.50
21/06/2024,UPI/DR/770777719150/KIRAN REDDY/KKBK0283526/kiran730@okaxis,TXN0275700,850.00,,6964340.50
21/06/2024,UPI/CR/086667039165/PRIYA NAIR/KKBK0283526/priya902@oksbi,TXN0275701,,18500.00,6982840.50
21/06/2024,CHQ NO 156285 CLEARING,TXN0275702,1680.00,,6981160.50
21/06/2024,UPI/DR/1881703996/FARHAN KHAN/KKBK0283526/farhan697@paytm,TXN0275703,310.00,,6980850.50
21/06/2024,UPI/DR/248581323114/GANESH KUMAR/KKBK0283526/ganesh48@oksbi,TXN0275704,310.00,,6980540.50
21/06/2024,IMPS/P2P/106062572193/PRIYA NAIR/7988293969,TXN0275705,,1200.00,6981740.50
22/06/2024,UPI/DR/4789218269/MOHAMMED IRFAN/KKBK0283526/mohammed252@ybl,TXN0275706,120.00,,6981620.50
22/06/2024,UPI/DR/8564929880/LATHA MURTHY/KKBK0283526/latha477@okhdfc,TXN0275707,310.00,,6981310.50
23/06/2024,UPI/CR/248247710315/GANESH KUMAR/KKBK0283526/ganesh16@oksbi,TXN0275708,,11200.00,6992510.50
23/06/2024,UPI/DR/97320981/SUSHMA RAO/KKBK0283526/sushma122@paytm,TXN0275709,120.00,,6992390.50
23/06/2024,UPI/CR/80410010/SUNIL YADAV/KKBK0283526/sunil575@okhdfc,TXN0275710,,500.00,6992890.50
24/06/2024,IMPS/P2P/2902521037/RESHMA KHAN/7470859668,TXN0275711,,11200.00,7004090.50
24/06/2024,NEFT/584646966671/RAVI KUMAR SHARMA/KKBK0283526/27869687436170,TXN0275712,,7600.00,7011690.50
24/06/2024,ATM/WDL/69269222/SBI ATM JAYANAGAR BLR,TXN0275713,999.00,,7010691.50
25/06/2024,CASH DEPOSIT/BRANCH COUNTER/PUNE CAMP,TXN0275714,,24000.00,7034691.50
25/06/2024,NEFT/76863373/PADMA RAO/KKBK0283526/13125629686337,TXN0275715,1250.00,,7033441.50
25/06/2024,ATM/WDL/80470046/CANARA ATM MYSURU,TXN0275716,449.00,,7032992.50
25/06/2024,CASH DEPOSIT/BRANCH COUNTER/PUNE CAMP,TXN0275717,,32000.00,7064992.50
26/06/2024,UPI/DR/523018757096/MEERA PILLAI/KKBK0283526/meera901@okaxis,TXN0275718,5200.00,,7059792.50
26/06/2024,UPI/CR/722810171358/PRAKASH RAO/KKBK0283526/prakash753@okhdfc,TXN0275719,,4800.00,7064592.50
27/06/2024,ATM/WDL/0520851764/CANARA ATM MYSURU,TXN0275720,49.00,,7064543.50
28/06/2024,UPI/DR/199027171390/LATHA MURTHY/KKBK0283526/latha960@ybl,TXN0275721,699.00,,7063844.50
28/06/2024,UPI/DR/34373910/KAVERI MENON/KKBK0283526/kaveri968@okaxis,TXN0275722,3499.00,,7060345.50
28/06/2024,UPI/DR/904554418765/SNEHA PATIL/KKBK0283526/sneha919@okaxis,TXN0275723,120.00,,7060225.50
28/06/2024,CHQ NO 233740 CLEARING,TXN0275724,3499.00,,7056726.50
28/06/2024,UPI/DR/88847869/TANVI RAO/KKBK0283526/tanvi286@okhdfc,TXN0275725,249.00,,7056477.50
29/06/2024,IMPS/P2P/721651277227/GANESH KUMAR/9001130260,TXN0275726,,24000.00,7080477.50
29/06/2024,UPI/DR/31869417/PRIYA NAIR/KKBK0283526/priya839@oksbi,TXN0275727,850.00,,7079627.50
29/06/2024,CASH DEPOSIT/BRANCH COUNTER/PUNE CAMP,TXN0275728,,4800.00,7084427.50
29/06/2024,CHQ NO 306040 CLEARING,TXN0275729,2380.00,,7082047.50
30/06/2024,UPI/DR/5519806590/SMITHA PILLAI/KKBK0283526/smitha897@okhdfc,TXN0275730,999.00,,7081048.50
